{
  "ELEC": -151.05425430210323,
  "CLS ELEC": -126.86422084130018,
  "PREPARATION": 0.0,
  "FROZEN": -94.43582695984703,
  "POLARIZATION": -29.96288240917782,
  "CHARGE TRANSFER": -7.813814531548756,
  "TOTAL": -132.2125,
  "DISP": -18.201003824091778,
  "ELEC_PAULI": -76.23482313575525,
  "CONF": [
    0.8936236915469635,
    0.5484495552373119,
    0.8359618460235652,
    0.7485748766921461,
    0.0
  ]
}