{
  "ELEC": -248.74804015296365,
  "CLS ELEC": -210.29507648183557,
  "PREPARATION": 0.0,
  "FROZEN": -172.85673996175908,
  "POLARIZATION": -24.550047801147226,
  "CHARGE TRANSFER": -9.137045889101337,
  "TOTAL": -206.54383365200763,
  "DISP": -29.118881453154874,
  "ELEC_PAULI": -143.73785850860418,
  "CONF": [
    0.516515598166734,
    0.5453308332071174,
    0.7538020305801183,
    1.2454619784839451,
    0.0
  ]
}