{
  "PREPARATION": 0.0,
  "FROZEN": -38.35458891013384,
  "POLARIZATION": -5.639483747609943,
  "CHARGE TRANSFER": -2.060420650095602,
  "TOTAL": -46.05449330783939,
  "DISP": -16.061448374760992,
  "ELEC_PAULI": -22.29314053537285,
  "CONF": [
    0.19196769819245674,
    0.21782108856132254,
    0.21152089347015135,
    0.18544159980956465
  ]
}