{
  "charge": [
    0.06723199784755707,
    0.06723294407129288,
    -0.39439916610717773,
    0.8828634023666382,
    -0.5735570788383484,
    -0.39439907670021057,
    0.08625658601522446,
    0.08625687658786774,
    0.08625692129135132,
    0.08625657856464386
  ],
  "alpha": [
    0.001253056456334889,
    0.001253056456334889,
    0.0011159247951582074,
    0.0005331130814738572,
    0.0012876373948529363,
    0.0011159247951582074,
    0.0004030639829579741,
    0.0004030639829579741,
    0.0004030639829579741,
    0.00040306412847712636
  ],
  "pol_damping": [
    0.001253056456334889,
    0.001253056456334889,
    0.0011159247951582074,
    0.0005331130814738572,
    0.0012876373948529363,
    0.0011159247951582074,
    0.0004030639829579741,
    0.0004030639829579741,
    0.0004030639829579741,
    0.00040306412847712636
  ],
  "lamb": [
    4.072422981262207,
    4.072422504425049,
    3.905973434448242,
    3.1881415843963623,
    3.6130971908569336,
    3.905973434448242,
    2.6376447677612305,
    2.6376450061798096,
    2.6376447677612305,
    2.6376447677612305
  ],
  "eps": [
    1566.708740234375,
    1566.708740234375,
    552.5830688476562,
    498.2022705078125,
    391.7987976074219,
    552.5830688476562,
    29.111650466918945,
    29.11165428161621,
    29.111650466918945,
    29.11165428161621
  ],
  "Rvdw": [
    0.09945159405469894,
    0.09945159405469894,
    0.10532613843679428,
    0.08802177757024765,
    0.10750186443328857,
    0.10532613843679428,
    0.08291918784379959,
    0.08291918784379959,
    0.08291918784379959,
    0.08291918784379959
  ],
  "C6": [
    0.001342696021310985,
    0.001342696021310985,
    0.0021681184880435467,
    0.00037260682438500226,
    0.002687330124899745,
    0.0021681184880435467,
    0.0001438627514289692,
    0.0001438627514289692,
    0.0001438627514289692,
    0.00014386280963663012
  ],
  "ct_eps": [
    2.3731606006622314,
    2.3731606006622314,
    0.3469114601612091,
    0.02099740318953991,
    0.19464582204818726,
    0.3469114601612091,
    0.0024156172294169664,
    0.0024156172294169664,
    0.0024156165309250355,
    0.0024156179279088974
  ],
  "ct_lamb": [
    0.8981491923332214,
    0.898149311542511,
    0.8241561651229858,
    0.25263309478759766,
    0.6983308792114258,
    0.8241559863090515,
    0.3175475001335144,
    0.317547470331192,
    0.317547470331192,
    0.317547470331192
  ]
}