{
  "ELEC": -36.87440248565965,
  "CLS ELEC": -17.597442638623328,
  "PREPARATION": 0.0,
  "FROZEN": -11.418546845124283,
  "POLARIZATION": -3.47189292543021,
  "CHARGE TRANSFER": -2.859942638623327,
  "TOTAL": -17.750406309751433,
  "DISP": -18.951314531548757,
  "ELEC_PAULI": 7.5327676864244735,
  "CONF": [
    0.10023208828351926,
    0.1050764613901265,
    0.026876230782363564,
    0.13096122720162384
  ]
}