{
  "charge": [
    1.0
  ],
  "alpha": [
    1.000000082740371e-09
  ],
  "pol_damping": [
    0.00020000000949949026
  ],
  "lamb": [
    5.098494529724121
  ],
  "eps": [
    699.8858032226562
  ],
  "Rvdw": [
    0.09001629054546356
  ],
  "C6": [
    4.183999934709304e-12
  ],
  "ct_eps": [
    0.00021043806076049805
  ],
  "ct_lamb": [
    0.001072465325705707
  ]
}