{
  "ELEC": -22.209942638623325,
  "CLS ELEC": -10.848231357552581,
  "PREPARATION": -0.0,
  "FROZEN": -6.016443594646271,
  "POLARIZATION": -2.038097514340344,
  "CHARGE TRANSFER": -2.0350860420650094,
  "TOTAL": -10.089627151051626,
  "DISP": -10.97182122370937,
  "ELEC_PAULI": 4.955377629063097,
  "CONF": [
    0.07590982102556154,
    0.030603637045715004,
    0.04653610259993002
  ]
}