{
  "ELEC": -32.7463671128107,
  "CLS ELEC": -16.06694550669216,
  "PREPARATION": 0.0,
  "FROZEN": -8.815439770554493,
  "POLARIZATION": -4.1961281070745695,
  "CHARGE TRANSFER": -3.7043738049713193,
  "TOTAL": -16.715917782026768,
  "DISP": -16.11986137667304,
  "ELEC_PAULI": 7.304421606118546,
  "CONF": [
    0.16302068621735089,
    0.15162511414382607,
    0.08331443282077089
  ]
}