time_ps,Mx_eA,My_eA,Mz_eA,M_mag_eA
1.0000,-12.929042,-5.548099,-1.116958,14.113438
2.0000,-17.599828,-7.444100,-4.167691,19.558584
3.0000,-6.980272,-0.149635,-8.955049,11.355153
4.0000,-9.277161,8.082868,-2.476185,12.551094
5.0000,-6.194009,9.404230,-5.400379,12.488770
6.0000,-6.862134,8.528363,-4.569676,11.861863
7.0000,-5.974046,7.182877,-10.101074,13.759166
8.0000,-10.672123,7.084035,-16.523830,20.907288
9.0000,-8.463957,5.140946,-16.314554,19.084878
10.0000,-6.456212,1.162003,-6.655222,9.344779
11.0000,-3.367001,7.764153,-3.745248,9.254493
12.0000,-5.793506,8.222852,8.263214,13.017708
13.0000,-8.487249,8.631550,5.606260,13.340435
14.0000,-6.817976,6.287622,11.269667,14.595354
15.0000,-2.139124,9.932276,6.127864,11.864935
16.0000,-4.219517,0.426140,-0.486629,4.268808
17.0000,-4.026913,-0.080817,-1.742516,4.388498
18.0000,-2.731602,-8.044018,-0.551622,8.513058
19.0000,-7.839193,-4.200001,1.327180,8.991906
20.0000,-8.002505,-12.535237,6.658204,16.294292
21.0000,3.265045,-20.564034,8.673597,22.555959
22.0000,11.380364,-8.875598,1.920440,14.559431
23.0000,0.899376,-11.081492,6.413127,12.834973
24.0000,9.795389,-17.194327,-5.880363,20.643963
25.0000,5.576354,-26.508522,-5.361295,27.614144
26.0000,2.194310,-8.178611,-3.696846,9.239662
27.0000,4.753787,-20.504832,-0.629505,21.058084
28.0000,-11.341045,-3.353969,1.904442,11.978953
29.0000,-0.043090,-3.826750,3.187605,4.980632
30.0000,4.516603,0.250745,3.982330,6.026734
31.0000,-7.423006,7.955468,8.086050,13.556352
32.0000,6.737076,16.867150,5.437138,18.959204
33.0000,-4.865944,10.380521,-2.670526,11.771335
34.0000,-5.247854,9.073689,12.250363,16.122754
35.0000,-0.001929,3.234434,5.599523,6.466546
36.0000,5.372894,11.518777,5.173794,13.722914
37.0000,-1.564610,7.309200,8.552280,11.358428
38.0000,-0.494028,23.382731,-7.025598,24.420385
39.0000,-5.188481,18.328167,6.348606,20.078518
40.0000,-6.623291,22.856537,9.247577,25.530511
41.0000,-2.738971,32.936452,17.136036,37.228424
42.0000,-5.215123,28.424066,-1.926943,28.962703
43.0000,-7.163554,29.029151,0.793732,29.910502
44.0000,-6.350298,18.315568,1.447261,19.439159
45.0000,-1.636086,20.897226,10.089638,23.263096
46.0000,-0.750826,6.745424,10.626999,12.609425
47.0000,-1.161235,13.319555,18.703762,22.991079
48.0000,1.958351,8.997384,8.986934,12.866742
49.0000,-3.656704,1.873137,19.954943,20.373510
50.0000,-5.644191,6.572025,15.931595,18.134611
51.0000,8.987358,13.402432,18.551570,24.587772
52.0000,5.898081,14.611164,24.611346,29.223138
53.0000,-0.152244,18.693269,31.418597,36.559399
54.0000,-5.888536,12.653495,39.156308,41.569247
55.0000,-3.237668,12.068951,32.684809,34.991982
56.0000,-5.028005,3.560244,26.536334,27.242122
57.0000,-4.077403,7.796794,31.942597,33.132230
58.0000,-0.182542,9.767075,26.463391,28.208867
59.0000,-3.984806,-0.177431,28.824537,29.099212
60.0000,-3.702596,7.787392,32.444999,33.571278
61.0000,2.150361,11.352373,31.813510,33.846711
62.0000,2.056282,2.277948,30.625418,30.778785
63.0000,-6.123426,1.419928,31.736668,32.353186
64.0000,0.965986,7.323234,16.209660,17.813365
65.0000,7.325269,0.357191,15.885495,17.496746
66.0000,15.561160,-3.606847,16.857923,23.223881
67.0000,7.398336,3.488947,20.614302,22.177862
68.0000,10.198655,1.614693,22.117705,24.409275
69.0000,13.529837,0.554819,17.096490,21.809500
70.0000,8.013553,-1.146276,23.270760,24.638572
71.0000,10.841674,-2.317324,18.383420,21.467697
72.0000,13.894989,-6.489023,18.728168,24.205835
73.0000,8.224713,-10.627641,13.526484,19.067208
74.0000,14.509906,-18.413793,16.217969,28.506625
75.0000,7.489970,-14.975301,16.334107,23.391501
76.0000,1.929076,-12.328179,13.780783,18.590732
77.0000,7.806315,-15.081244,16.741720,23.846754
78.0000,8.882179,-9.098250,15.772667,20.259524
79.0000,-0.760676,-17.581451,19.004081,25.900601
80.0000,9.081823,-18.698871,26.153666,33.408705
81.0000,6.047494,-12.573027,14.299990,19.978562
82.0000,6.388661,-16.602103,29.285812,34.265195
83.0000,12.697913,-17.374838,20.340995,29.612127
84.0000,11.787063,-23.081212,12.845363,28.925431
85.0000,16.316177,-21.580506,19.378811,33.278734
86.0000,10.974236,-26.126116,13.524659,31.399430
87.0000,11.564076,-26.244340,21.261311,35.700653
88.0000,-4.347011,-26.444019,27.991773,38.752058
89.0000,1.768290,-23.902970,23.524290,33.583791
90.0000,-3.435791,-15.645363,33.684290,37.298974
91.0000,-5.100986,-3.150527,25.402667,26.100601
92.0000,-0.007608,-10.012029,27.312857,29.090083
93.0000,6.473105,-5.525027,22.817045,24.352506
94.0000,7.394623,-3.744369,13.819616,16.114668
95.0000,11.040579,-8.822692,11.588600,18.276486
96.0000,-0.144470,-8.679908,21.095171,22.811574
97.0000,-4.101249,-9.474282,19.023375,21.644192
98.0000,1.446887,1.529387,18.670025,18.788356
99.0000,3.808767,-11.427975,26.930114,29.501464
100.0000,-0.011824,-4.578322,21.178528,21.667746
101.0000,-6.518179,-9.856663,22.861739,25.735182
102.0000,7.229092,-9.872141,14.179318,18.728908
103.0000,6.154296,-5.911242,8.828148,12.278206
104.0000,7.184291,-3.042539,10.849014,13.363090
105.0000,-0.896203,-11.277841,4.060630,12.020049
106.0000,5.185755,-11.387172,4.930262,13.448688
107.0000,4.838276,-10.777476,-2.961036,12.179107
108.0000,-7.505737,-16.353993,-1.514111,18.057732
109.0000,-0.419026,-27.525911,-2.027320,27.603648
110.0000,-5.391182,-24.031060,5.495971,25.234151
111.0000,-0.468681,-15.610670,18.697756,24.362240
112.0000,9.077717,-19.370662,9.691034,23.484966
113.0000,10.111929,-21.624722,11.437542,26.470683
114.0000,7.336517,-14.605666,7.279402,17.892447
115.0000,16.002196,-20.144581,-0.957241,25.744723
116.0000,-0.352051,-15.171461,6.617954,16.555799
117.0000,1.154365,-27.610761,13.291671,30.665211
118.0000,5.281503,-29.825158,14.079512,33.401601
119.0000,-5.663415,-32.665127,10.378158,34.738897
120.0000,-7.440872,-26.137535,17.887533,32.534614
121.0000,-4.361855,-19.762342,7.468497,21.572074
122.0000,-6.163554,-23.016688,10.428176,26.009694
123.0000,-2.413084,-19.733210,6.128236,20.803313
124.0000,5.131334,-18.856007,17.142525,25.995110
125.0000,4.229589,-16.895471,14.715217,22.800964
126.0000,4.648051,-7.718574,18.887421,20.926429
127.0000,10.619077,-11.337707,15.117737,21.676125
128.0000,7.750215,-12.077045,14.133153,20.141173
129.0000,-2.635752,-8.401707,9.849696,13.211827
130.0000,-1.227864,-6.374106,8.415605,10.628231
131.0000,-3.885508,-1.139364,10.733957,11.472277
132.0000,-6.922393,-4.019484,10.167571,12.940452
133.0000,-7.414808,1.835848,5.602460,9.472976
134.0000,-0.651396,0.636671,8.966634,9.012779
135.0000,2.718461,-7.688219,1.803129,8.351648
136.0000,5.403716,-4.968271,-7.604122,10.569131
137.0000,9.068554,-6.261491,-1.323567,11.099404
138.0000,9.818101,-10.185816,0.555885,14.158212
139.0000,9.922983,-22.778126,-14.308216,28.671129
140.0000,5.097522,-12.467552,-6.900947,15.134321
141.0000,10.240738,-8.449916,-5.239869,14.273403
142.0000,13.194333,-6.512658,-2.285613,14.890573
143.0000,8.546354,-18.671153,-2.649402,20.704382
144.0000,8.288814,-20.386392,-3.736312,22.321950
145.0000,17.990056,-27.505261,-5.524421,33.327177
146.0000,22.513243,-24.094696,-12.811357,35.376989
147.0000,24.795894,-20.933404,-17.913937,37.066870
148.0000,15.577453,-20.205955,-11.157458,27.846481
149.0000,7.967464,-14.259426,-6.998682,17.770573
150.0000,23.322573,0.517121,-2.708457,23.485007
151.0000,18.401343,-4.307487,-15.910262,24.704257
152.0000,8.422648,-14.032064,-13.040787,20.926106
153.0000,7.392681,-7.936046,-9.726074,14.568084
154.0000,-7.621908,-13.560942,-13.249966,20.434144
155.0000,2.712755,-0.309270,-2.342712,3.597637
156.0000,-1.512369,-4.299364,3.336516,5.648374
157.0000,4.094296,-2.119521,-3.458205,5.763229
158.0000,1.918675,-4.565559,-5.101408,7.109852
159.0000,1.035075,7.241115,-12.274159,14.288460
160.0000,6.763832,6.741085,-1.554673,9.675157
161.0000,2.161884,-3.582153,-6.535859,7.760349
162.0000,0.205014,-0.172344,-4.739147,4.746709
163.0000,0.033982,5.586112,-4.740423,7.326487
164.0000,3.501049,-2.381590,-0.935572,4.336428
165.0000,3.592784,12.754143,-7.592491,15.271614
166.0000,-0.826726,5.671860,-6.681577,8.803235
167.0000,-0.731776,8.271459,-9.636003,12.720263
168.0000,0.163669,9.288020,-12.046661,15.212368
169.0000,-10.631424,3.812163,-10.932542,15.718787
170.0000,-5.877158,12.572806,-12.738385,18.838335
171.0000,-6.476853,13.407000,-11.829481,19.016674
172.0000,-1.601978,11.116674,-9.759714,14.879475
173.0000,-8.455173,9.349663,-11.316801,16.940370
174.0000,-4.487990,12.085505,-13.987559,19.022442
175.0000,-4.758651,17.212081,-3.787449,18.255006
176.0000,-4.128089,11.080111,-5.501405,13.041297
177.0000,-3.587907,18.944700,-1.859888,19.370955
178.0000,-7.317618,12.613228,0.984034,14.615382
179.0000,-17.512844,8.558987,-3.702578,19.840994
180.0000,-0.124978,5.097074,-5.981525,7.859671
181.0000,-8.831855,-11.027382,-4.016000,14.687854
182.0000,3.260178,-1.215858,-0.823892,3.575733
183.0000,-8.279504,2.363942,-7.995244,11.749993
184.0000,-1.693262,4.593841,-1.071440,5.011836
185.0000,3.130436,2.203466,-0.234258,3.835332
186.0000,2.029361,5.439215,-2.721532,6.411716
187.0000,7.550616,3.325860,-5.664983,10.008255
188.0000,1.788458,5.688327,5.330213,7.997926
189.0000,6.873147,-4.946218,-7.571947,11.359560
190.0000,8.545271,-11.397286,-7.095300,15.914241
191.0000,5.481139,-0.797270,-7.778991,9.549410
192.0000,11.049610,-8.288331,-7.175430,15.565253
193.0000,10.893181,-0.624225,-1.449396,11.006897
194.0000,10.722917,2.169539,-3.101735,11.371394
195.0000,10.237448,1.776216,-6.829323,12.433822
196.0000,18.362863,-6.959096,-13.753730,23.974754
197.0000,20.024764,-1.221609,-8.398335,21.748920
198.0000,30.780691,2.387437,-10.941963,32.754807
199.0000,29.332959,0.322584,-8.866456,30.645401
200.0000,38.922299,-5.595042,-14.367352,41.864909
201.0000,34.106070,-2.485135,-10.453990,35.758717
202.0000,29.201640,-4.039007,-14.128162,32.690279
203.0000,24.121428,-2.550198,-18.801462,30.689441
204.0000,27.912222,-6.899472,-23.758875,37.298512
205.0000,34.406852,-9.605863,-7.517267,36.504977
206.0000,33.871937,-9.116618,-3.756253,35.277901
207.0000,36.995909,-18.855376,0.136018,41.523981
208.0000,32.288220,-18.469352,8.400291,38.134118
209.0000,23.284102,-16.105186,-5.560444,28.852122
210.0000,21.171134,-14.449733,-7.913386,26.825983
211.0000,17.557675,-20.667701,-10.386792,29.039822
212.0000,21.091469,-22.259960,-13.492906,33.502454
213.0000,15.435038,-27.932580,-19.567949,37.434931
214.0000,9.239899,-30.405344,-3.194389,31.938453
215.0000,25.003018,-22.246229,-0.393836,33.469399
216.0000,10.441699,-23.584939,0.022156,25.793001
217.0000,13.272234,-21.945871,1.156676,25.673164
218.0000,10.982750,-12.705559,15.988553,23.188054
219.0000,7.873135,-9.319417,15.079222,19.396410
220.0000,13.198734,-9.339545,8.682721,18.352747
221.0000,8.502672,-15.763444,10.006881,20.516317
222.0000,5.954245,-9.624378,-1.715959,11.446667
223.0000,11.376756,-4.500145,6.975182,14.083147
224.0000,19.262244,-2.158207,1.076262,19.412631
225.0000,20.660761,4.314623,10.295713,23.483712
226.0000,32.624162,3.185624,-2.683667,32.888999
227.0000,29.093980,4.871005,5.361178,29.982138
228.0000,18.153239,11.853943,3.905542,22.029737
229.0000,20.863966,12.278163,7.745013,25.417387
230.0000,16.959717,11.051544,8.068679,21.791563
231.0000,11.723555,12.267634,4.332588,17.513078
232.0000,11.942955,8.620550,-3.317422,15.098124
233.0000,15.380648,-1.684851,-0.827199,15.494752
234.0000,12.774941,-1.569404,-4.016659,13.483163
235.0000,13.664277,-1.898708,-8.120793,16.008274
236.0000,2.565309,-8.169979,-6.821776,10.948333
237.0000,5.633849,-0.303092,-10.940822,12.309903
238.0000,-5.202128,-4.650644,4.872212,8.510527
239.0000,10.709102,4.520332,2.655552,11.923516
240.0000,3.292973,6.485258,18.375651,19.762762
241.0000,-3.095724,5.027116,5.152096,7.835783
242.0000,5.102146,0.706391,6.967129,8.664396
243.0000,3.245995,1.211888,9.359825,9.980555
244.0000,7.094963,4.359175,5.011952,9.719083
245.0000,-0.187685,1.987646,-3.504622,4.033403
246.0000,0.873609,12.626144,-0.794591,12.681249
247.0000,-9.315340,5.827011,6.359143,12.695209
248.0000,9.240702,9.262723,4.101858,13.711814
249.0000,18.195226,9.502113,-4.778285,21.075778
250.0000,12.098670,-5.027217,4.218336,13.763905
251.0000,12.024215,-13.416799,1.835510,18.109703
252.0000,9.367666,-0.632501,-4.199690,10.285456
253.0000,13.215959,-2.410401,-5.007444,14.336879
254.0000,13.910805,-3.464093,-6.300307,15.659001
255.0000,8.116087,-13.145948,5.418025,16.371982
256.0000,0.743637,-8.114764,3.974408,9.066328
257.0000,4.331727,-9.872323,2.652343,11.102321
258.0000,0.261128,-5.491430,-2.818410,6.177980
259.0000,7.469907,-11.429698,-0.575556,13.666337
260.0000,12.592813,-14.027637,8.117726,20.524400
261.0000,5.808523,-12.761808,0.325338,14.025282
262.0000,6.320620,-2.547527,-0.725166,6.853174
263.0000,-3.178934,5.279463,10.558806,12.225659
264.0000,-8.155412,17.224507,4.060612,19.485455
265.0000,-5.409834,2.371159,-1.408504,6.072280
266.0000,-13.976520,-0.970720,-14.541797,20.192803
267.0000,-13.482597,6.862372,-4.568107,15.803169
268.0000,-2.205582,-4.421742,-0.555211,4.972390
269.0000,-6.901778,5.398451,-7.018971,11.226922
270.0000,-4.343790,0.051024,-5.853727,7.289529
271.0000,0.333265,6.712866,-8.852720,11.115048
272.0000,-0.169216,-5.998487,-9.296234,11.064830
273.0000,-12.103052,-7.180017,4.852156,14.885561
274.0000,-15.241394,-7.207391,-6.893767,18.214571
275.0000,-11.043021,-11.707746,-0.825803,16.115259
276.0000,-8.509023,-12.929266,-2.475357,15.674718
277.0000,-15.779105,-12.067850,-1.590172,19.928417
278.0000,-17.686593,-14.263852,0.486669,22.726854
279.0000,-15.638376,-12.107001,-1.673278,19.847875
280.0000,-16.068326,-7.749539,7.115785,19.206272
281.0000,-13.111295,-11.341465,1.914636,17.441351
282.0000,-4.139324,-10.891055,6.112392,13.157143
283.0000,-11.653946,-12.172293,0.680386,16.865411
284.0000,-11.439690,-13.241250,0.056230,17.498581
285.0000,-11.851363,-10.602806,-7.625022,17.635625
286.0000,-7.382633,1.340991,-11.037008,13.346051
287.0000,-3.786256,-6.327634,-3.507802,8.165743
288.0000,-6.241566,-1.474390,-7.777721,10.080869
289.0000,-2.466204,-7.365255,1.496593,7.910053
290.0000,-6.374428,0.039921,7.576685,9.901570
291.0000,-7.275636,18.364800,6.018084,20.649893
292.0000,-11.401894,18.865367,0.613815,22.051803
293.0000,-4.648494,8.156970,-9.938046,13.671482
294.0000,-2.041123,9.432529,-11.300276,14.860519
295.0000,-3.288734,8.388041,0.110803,9.010399
296.0000,3.907057,11.736968,-4.563525,13.185116
297.0000,-3.071006,8.163450,4.373870,9.757241
298.0000,-8.114933,-0.054267,4.402695,9.232486
299.0000,-12.708832,2.525405,-1.828391,13.085683
300.0000,-8.819617,8.793167,1.477121,12.541424
301.0000,-2.171389,2.191109,0.273662,3.096898
302.0000,-4.907704,-0.261735,0.339372,4.926382
303.0000,2.890506,0.360588,2.205849,3.653877
304.0000,7.416512,8.050878,-2.662873,11.265531
305.0000,-1.831467,0.209955,-0.791129,2.006051
306.0000,-0.617379,4.269697,6.142141,7.505822
307.0000,-2.508918,0.793115,1.909871,3.251355
308.0000,-5.849893,8.351651,8.997214,13.598573
309.0000,-1.519361,4.044681,12.916217,13.619712
310.0000,-1.833517,8.011685,12.921364,15.313736
311.0000,-0.842797,-2.585546,12.382693,12.677793
312.0000,6.817774,2.584585,14.940074,16.624318
313.0000,-2.533589,-4.297102,13.337597,14.239932
314.0000,12.798834,-3.399485,13.740430,19.083135
315.0000,8.269775,-11.859917,13.235444,19.601627
316.0000,6.295025,-0.321650,14.735672,16.027190
317.0000,6.685706,1.443643,15.287397,16.747754
318.0000,4.558956,8.553126,11.382087,14.949647
319.0000,4.819455,8.180195,14.935438,17.697741
320.0000,2.442809,-0.512513,8.971162,9.311913
321.0000,-0.432349,-11.181445,6.514469,12.947971
322.0000,9.676870,-18.544861,11.567635,23.903219
323.0000,7.438034,-13.743679,16.202719,22.510912
324.0000,-3.895461,-15.623899,5.472207,17.006643
325.0000,-8.838591,-8.297982,-2.149469,12.312490
326.0000,-6.970888,-14.635866,13.330210,20.988005
327.0000,-10.428251,-17.145450,11.282288,23.021835
328.0000,-14.790649,-3.783076,0.766583,15.286026
329.0000,-9.959217,-7.940653,-0.756766,12.759806
330.0000,-11.287378,-15.175679,-8.072537,20.563852
331.0000,-14.264255,-11.186495,-5.101495,18.831673
332.0000,-9.036863,-8.590702,-0.338336,12.473153
333.0000,-7.310833,-4.975604,-6.049721,10.714665
334.0000,-9.823550,-8.047264,-10.538973,16.502441
335.0000,1.698230,7.578109,-3.236493,8.413477
336.0000,5.705607,-0.460379,-5.705956,8.082316
337.0000,11.389042,-3.520360,-10.684308,16.008049
338.0000,11.497679,-8.623460,-7.375599,16.154261
339.0000,14.615533,-10.803286,3.575125,18.523129
340.0000,2.784421,-2.584890,1.956049,4.273264
341.0000,7.400309,-4.786537,7.119212,11.329549
342.0000,-0.703146,-8.989979,6.433255,11.077044
343.0000,6.828610,-8.704359,-0.097900,11.063696
344.0000,4.205876,-13.057664,5.243998,14.686439
345.0000,-1.730851,-26.133139,13.240280,29.346921
346.0000,5.649017,-27.824894,13.850799,31.590833
347.0000,2.852806,-18.901760,14.821013,24.188374
348.0000,7.659446,-23.712662,16.757767,30.029656
349.0000,11.946730,-29.989581,17.011043,36.489381
350.0000,13.630980,-25.196690,17.964778,33.814346
351.0000,13.789407,-21.308135,17.673233,30.927779
352.0000,3.671743,-26.141154,17.282222,31.551812
353.0000,12.075870,-18.817505,7.043099,23.442064
354.0000,23.988055,-30.488008,7.257021,39.466566
355.0000,16.622738,-29.821613,13.086020,36.563479
356.0000,20.830279,-30.488660,12.694576,39.046270
357.0000,24.967157,-35.339602,24.525862,49.736951
358.0000,32.403341,-27.810220,20.421185,47.332966
359.0000,19.624221,-27.930377,18.189784,38.679249
360.0000,15.792014,-27.611688,22.095053,38.729632
361.0000,17.522192,-19.650654,9.849837,28.110402
362.0000,18.466239,-25.276502,18.414087,36.317793
363.0000,11.150670,-23.025436,20.508092,32.788565
364.0000,9.649762,-17.884977,18.445679,27.445097
365.0000,10.180886,-11.548097,24.318607,28.782002
366.0000,13.060957,-8.010231,13.184704,20.213580
367.0000,2.804143,-4.794508,23.919597,24.556010
368.0000,-1.315791,-6.750566,15.388543,16.855524
369.0000,0.802449,0.721948,15.447464,15.485131
370.0000,-1.774179,8.388591,9.756524,12.988685
371.0000,6.234849,8.287408,19.351087,21.954932
372.0000,9.215298,13.326751,9.166404,18.615772
373.0000,9.373139,9.512082,1.615981,13.451648
374.0000,17.811755,4.810412,7.385318,19.873138
375.0000,15.962235,-0.421947,9.614812,18.639088
376.0000,11.097667,0.961642,5.977353,12.641666
377.0000,12.202266,-1.448792,-0.566023,12.301003
378.0000,12.765678,-6.386599,8.149458,16.436692
379.0000,18.818841,-10.634723,-4.473592,22.073947
380.0000,15.701886,1.754689,-0.970185,15.829385
381.0000,13.919814,3.741126,-5.664067,15.486733
382.0000,14.575763,-6.560315,-3.200244,16.301293
383.0000,7.112240,-2.325095,-10.645536,13.012204
384.0000,12.295285,-4.748460,-3.488165,13.634119
385.0000,1.697178,-3.553933,-3.163735,5.051739
386.0000,12.142625,-16.005250,-8.842466,21.949956
387.0000,22.471412,-14.472289,-10.566148,28.741172
388.0000,23.073281,-14.922490,-12.283346,30.098797
389.0000,19.932303,-18.319490,-11.273131,29.325483
390.0000,19.128084,-10.138384,-8.669679,23.320244
391.0000,24.075259,0.718449,-18.430176,30.328297
392.0000,21.924973,1.849961,-12.352902,25.233330
393.0000,23.874384,-2.311138,-6.103076,24.750254
394.0000,25.130776,-1.175651,2.502537,25.282420
395.0000,25.591170,-1.628066,0.984716,25.661805
396.0000,34.060540,2.903924,0.690270,34.191075
397.0000,39.839366,-11.328068,-0.960462,41.429732
398.0000,29.712749,-12.807643,1.728800,32.401727
399.0000,31.409953,-9.099642,2.081643,32.767695
400.0000,29.458353,-12.842048,-8.812861,33.322354
401.0000,36.589457,-19.274428,-9.430878,42.417372
402.0000,40.255172,-11.636785,-12.155820,43.630925
403.0000,30.552555,-4.376177,-9.550472,32.308220
404.0000,33.592539,-4.217692,-15.193710,37.109250
405.0000,27.969568,-5.885575,-15.421738,32.477173
406.0000,32.463361,-9.730789,-15.614388,37.314436
407.0000,31.333225,-7.976301,-8.952333,33.549018
408.0000,35.510347,-15.410811,-16.834186,42.212174
409.0000,37.199526,-19.997172,-12.959259,44.177302
410.0000,36.708914,-20.863680,-11.532207,43.770188
411.0000,35.267884,-24.679852,-11.854863,44.648141
412.0000,26.505166,-23.389877,-8.187599,36.285630
413.0000,28.116549,-28.237379,-9.672452,41.005441
414.0000,16.264223,-16.478342,-9.473584,25.016185
415.0000,16.003894,-14.779048,-12.171961,24.953988
416.0000,10.294151,-25.065728,-8.629786,28.438240
417.0000,16.639883,-23.827346,-10.664422,30.957358
418.0000,21.314251,-30.676206,-9.145917,38.457440
419.0000,22.357905,-22.319340,-9.860849,33.094791
420.0000,17.521278,-26.757726,-13.708859,34.798044
421.0000,14.996797,-20.359418,-5.414306,25.859709
422.0000,18.412779,-19.904298,-10.517523,29.083153
423.0000,14.782244,-13.443582,-6.934867,21.150343
424.0000,17.393736,-17.878642,-17.168838,30.281296
425.0000,9.839288,-26.847264,-17.440879,33.492856
426.0000,-2.103346,-26.788665,-19.494435,33.197735
427.0000,8.676881,-13.923408,-21.870058,27.339513
428.0000,15.112178,-21.146225,-30.859002,40.346236
429.0000,16.492188,-31.719499,-18.576638,40.289085
430.0000,11.365956,-15.480656,-24.011870,30.747448
431.0000,4.647413,-16.611805,-21.016296,27.188880
432.0000,7.375966,-13.515424,-16.544165,22.600464
433.0000,3.691716,-3.556794,-25.985568,26.486398
434.0000,-6.392386,-10.295387,-25.091875,27.865028
435.0000,-4.921759,-6.769390,-27.227487,28.484810
436.0000,4.854738,-1.312312,-11.912950,12.930933
437.0000,5.236278,-4.986584,-17.068482,18.536928
438.0000,3.249699,0.562811,-16.489240,16.815835
439.0000,-1.477443,-0.895195,-22.967432,23.032307
440.0000,-7.198363,-2.088225,-23.507221,24.673195
441.0000,-8.979086,3.840355,-22.675772,24.689328
442.0000,-12.916792,-9.029597,-31.719877,35.419313
443.0000,-16.066627,-8.127828,-25.098677,30.889184
444.0000,-11.953120,-7.901666,-20.428169,24.952425
445.0000,-15.463372,2.356206,-25.826655,30.194101
446.0000,-9.246686,-6.695625,-22.512512,25.241747
447.0000,-7.808334,-2.339296,-20.551127,22.108623
448.0000,-19.789474,-0.542333,-10.323849,22.327097
449.0000,-2.300892,3.964323,-4.993455,6.778241
450.0000,1.023128,8.458118,-3.624014,9.258511
451.0000,0.403701,-4.079671,3.173861,5.184601
452.0000,0.665700,-10.386412,-1.444934,10.507547
453.0000,15.803059,-11.393200,10.964607,22.355408
454.0000,4.822133,-1.594597,-9.010345,10.343211
455.0000,7.910893,-6.152105,-1.917884,10.203377
456.0000,5.502955,-0.394333,-5.896413,8.075005
457.0000,1.139356,-3.237857,-6.804942,7.621620
458.0000,-2.966822,-3.341520,-15.472536,16.104880
459.0000,5.518262,-5.866500,-9.898093,12.760850
460.0000,2.229374,-3.365605,-17.026994,17.499027
461.0000,-1.270227,-10.120941,-11.994517,15.745328
462.0000,2.925944,-2.764480,-21.109032,21.489410
463.0000,6.753055,-7.700270,-13.681355,17.090271
464.0000,2.779388,-2.308229,-9.630661,10.286036
465.0000,5.889159,1.940250,-11.571783,13.128325
466.0000,8.818867,-8.076094,-12.601942,17.372526
467.0000,13.525492,-5.446734,-13.321254,19.749979
468.0000,12.922660,-4.589030,-14.257600,19.782151
469.0000,3.116778,-9.077699,-13.158893,16.287277
470.0000,8.706438,-4.586519,-25.860160,27.669227
471.0000,4.735324,-3.335552,-17.928419,18.840844
472.0000,-13.090919,5.742193,-23.044094,27.117803
473.0000,-8.483845,-0.483598,-22.192088,23.763380
474.0000,-8.130526,2.894451,-23.033725,24.597475
475.0000,-10.242429,1.188589,-26.163416,28.121957
476.0000,-2.090280,6.114127,-21.363236,22.319043
477.0000,-6.806034,5.510424,-24.388929,25.913447
478.0000,-8.179384,6.548603,-15.588852,18.782940
479.0000,-11.362290,3.692863,-14.436273,18.738859
480.0000,-9.694546,10.897507,-18.855756,23.838611
481.0000,-17.288387,12.629698,-18.945064,28.588688
482.0000,-10.744543,2.976801,-13.657339,17.630357
483.0000,-11.209149,-4.083242,-16.024965,19.977922
484.0000,-14.706754,6.643498,-20.605435,26.172670
485.0000,-9.694373,5.456418,-19.419420,22.380063
486.0000,-14.309032,-0.550428,-12.114134,18.756428
487.0000,-9.445157,2.633516,-19.861023,22.149642
488.0000,-12.706839,-6.612202,-21.199519,25.585242
489.0000,-13.206508,-9.142276,-14.580626,21.693034
490.0000,-12.693666,-4.911747,-16.189946,21.151093
491.0000,-20.147908,-5.066244,-5.703733,21.543853
492.0000,-26.361697,-9.069582,-17.821640,33.087872
493.0000,-16.081081,-10.494161,-0.271190,19.204222
494.0000,-5.295830,-17.006951,-4.687445,18.418858
495.0000,-15.273768,-21.242670,-15.302910,30.310362
496.0000,-12.771798,-13.196589,-14.808267,23.591388
497.0000,-10.880975,-22.295739,-15.364859,29.181750
498.0000,-9.819946,-24.993760,-8.773082,28.250422
499.0000,-18.066587,-22.166053,-8.592855,29.859214
500.0000,-13.235395,-24.446924,-1.721463,27.853029
501.0000,-13.722194,-27.380819,-6.377543,31.283877
502.0000,-14.132145,-20.116136,-3.862383,24.885627
503.0000,-20.018905,-10.040371,-3.301558,22.637710
504.0000,-13.029106,-16.389820,-2.066067,21.039307
505.0000,-23.575228,-12.184825,-9.315739,28.125510
506.0000,-15.553085,-10.738517,-8.852146,20.870426
507.0000,-6.581656,-4.972541,-6.348857,10.409243
508.0000,-6.567406,-7.790451,-7.825862,12.847804
509.0000,-8.281515,-7.489937,2.441656,11.429975
510.0000,-7.681476,-0.824968,5.323080,9.381941
511.0000,-8.182808,-8.216422,7.320615,13.713473
512.0000,-2.352008,-4.481665,2.895864,5.831234
513.0000,-2.795122,-0.945413,12.181394,12.533670
514.0000,-5.431238,2.070206,7.534814,9.516171
515.0000,-5.816938,-9.413733,20.827517,23.584754
516.0000,-7.239657,-8.782262,12.116374,16.623696
517.0000,5.929418,-5.242356,6.524304,10.257038
518.0000,-1.684192,-10.690079,9.166898,14.182606
519.0000,-9.829271,-1.577314,5.878899,11.561312
520.0000,-4.174380,-6.728351,7.690771,11.038302
521.0000,-2.134088,-14.703642,7.309772,16.558508
522.0000,-0.679004,-12.304259,18.082895,21.882571
523.0000,-1.808550,-11.979586,13.019576,17.784564
524.0000,1.727337,-7.432676,13.058013,15.124155
525.0000,2.583395,-15.959226,7.364414,17.765287
526.0000,-1.538125,-12.790149,10.193565,16.427492
527.0000,-0.720521,-15.624894,10.662122,18.929799
528.0000,-0.408382,-11.445834,8.158223,14.061667
529.0000,4.424972,2.315067,11.911832,12.916333
530.0000,7.578501,-6.733235,12.801932,16.329715
531.0000,4.167658,-6.624085,12.829031,15.027705
532.0000,1.456234,-2.927893,9.666215,10.204356
533.0000,9.455153,-6.994252,14.154997,18.403353
534.0000,12.038565,-5.005377,8.364366,15.490109
535.0000,6.865258,-4.900467,15.507820,17.653296
536.0000,2.271128,-11.638768,19.328080,22.675838
537.0000,16.920070,-9.540291,19.574886,27.576839
538.0000,1.373614,-13.124721,14.786170,19.818575
539.0000,5.198700,-13.157311,10.197662,17.439427
540.0000,-0.838287,-3.881020,19.378898,19.781475
541.0000,1.991936,-8.621474,11.503002,14.512639
542.0000,6.879414,0.796516,13.273842,14.971829
543.0000,9.575540,-2.705396,9.637064,13.852189
544.0000,4.054772,0.121193,9.884747,10.684760
545.0000,-5.584545,2.994080,13.948358,15.320194
546.0000,-4.124440,1.430696,20.335536,20.798844
547.0000,-3.494557,1.712175,14.170459,14.695080
548.0000,-10.457662,0.923823,15.905325,19.057689
549.0000,-5.866824,-7.461282,4.728265,10.604096
550.0000,0.806820,-0.823892,6.491192,6.592824
551.0000,-10.342850,0.462824,6.849058,12.413636
552.0000,-8.039679,-3.021678,3.227459,9.175155
553.0000,-11.001949,-2.786634,2.071546,11.536876
554.0000,-5.742453,-4.258842,3.205110,7.834937
555.0000,-10.088695,9.317971,-4.763212,14.535974
556.0000,-14.649658,-0.726969,-10.110990,17.814969
557.0000,-13.765609,-11.769980,-0.700838,18.124999
558.0000,-6.532986,-5.026157,-8.915461,12.141977
559.0000,3.141642,-6.034881,-3.830469,7.807830
560.0000,10.132119,-7.036477,-1.412965,12.416453
561.0000,5.004169,3.213571,-5.862020,8.350570
562.0000,3.281666,-5.556872,-13.670110,15.116880
563.0000,6.864373,-7.968885,-26.321801,28.345369
564.0000,4.842260,-6.493162,-11.317730,13.917602
565.0000,7.673577,-7.673898,-11.646777,15.919168
566.0000,13.138013,-9.194418,-3.157540,16.343646
567.0000,-0.268559,0.032327,3.597553,3.607708
568.0000,7.191884,-5.815716,2.813254,9.667479
569.0000,4.090950,-10.507631,-2.042167,11.459346
570.0000,2.519123,-7.675298,-8.615718,11.810452
571.0000,5.698079,-11.819312,-2.985743,13.456557
572.0000,5.731131,-12.827328,-1.632760,14.143978
573.0000,-1.652211,-13.625796,-5.880170,14.932131
574.0000,2.652205,-16.373006,-10.757133,19.769305
575.0000,5.009175,-12.746924,-0.838485,13.721478
576.0000,-2.187869,-23.685010,-9.946123,25.781619
577.0000,-11.918257,-24.787166,-5.849343,28.118735
578.0000,-11.765332,-20.303672,2.331299,23.581711
579.0000,-2.543639,-4.781544,6.036256,8.109849
580.0000,-3.360206,-27.590463,5.240972,28.284137
581.0000,-5.014469,-18.397775,12.971411,23.062535
582.0000,-2.855435,-25.240659,16.087637,30.067531
583.0000,4.230132,-28.365388,20.510213,35.258447
584.0000,3.631174,-24.082904,8.777346,25.888482
585.0000,2.441412,-20.805079,-1.485209,21.000421
586.0000,-2.964646,-20.139139,12.457597,23.865577
587.0000,-1.915652,-7.632885,1.666079,8.044033
588.0000,-2.685851,-9.807308,-10.506917,14.621641
589.0000,-1.564943,2.747962,-11.908986,12.321699
590.0000,7.413215,-5.148046,-15.770184,18.170218
591.0000,3.602919,-1.819302,-14.534379,15.084398
592.0000,4.017364,-12.008499,-20.776401,24.331093
593.0000,-5.767827,-10.123816,-17.100752,20.692878
594.0000,-3.683013,-1.772137,-13.468168,14.074680
595.0000,-2.778290,-3.972114,-7.314731,8.775071
596.0000,-15.809361,-3.184854,6.871338,17.529817
597.0000,-1.965880,-13.916719,-3.742862,14.544716
598.0000,6.633432,-8.543645,-7.326753,13.064364
599.0000,8.830205,6.108404,-9.146526,14.104753
600.0000,9.328768,8.321749,-7.350053,14.501748
601.0000,-3.413327,13.596615,-15.977994,21.255941
602.0000,3.233070,10.968424,-18.147088,21.449380
603.0000,-0.715762,9.143715,-14.148750,16.861404
604.0000,1.076188,11.978390,-19.343837,22.777709
605.0000,-3.369998,21.179040,-14.538426,25.908965
606.0000,2.851307,13.270787,-22.776106,26.514048
607.0000,9.020269,11.207634,-13.590733,19.791017
608.0000,-11.343213,9.526993,-7.514998,16.610456
609.0000,3.107825,14.508816,-5.258323,15.742118
610.0000,-9.329321,12.636728,-4.287620,16.282100
611.0000,-13.995116,17.574230,-14.153036,26.552312
612.0000,-19.429189,14.347870,-14.041343,27.937682
613.0000,-13.469809,18.359362,-19.556814,30.016177
614.0000,-5.723957,14.941293,-26.880533,31.282088
615.0000,-4.895753,18.778491,-32.373886,37.744783
616.0000,-12.568540,9.579761,-25.230855,29.771397
617.0000,-12.469825,11.997874,-11.633464,20.851450
618.0000,-0.367876,9.241803,-19.325121,21.424438
619.0000,-4.749831,10.232461,-8.214690,13.955117
620.0000,-10.594917,8.791812,-7.230481,15.550822
621.0000,-6.574868,15.428481,-4.744718,17.429265
622.0000,-14.312349,35.272924,-14.117633,40.599632
623.0000,-9.716309,19.826857,-15.470397,26.960046
624.0000,-13.180171,24.512502,-18.668785,33.512731
625.0000,-7.522784,26.900726,-15.620497,32.003769
626.0000,3.281748,34.941210,-24.552000,42.830581
627.0000,0.431236,22.981284,-22.886162,32.436119
628.0000,9.573878,12.069447,-13.608743,20.555500
629.0000,17.550882,13.670936,-11.543235,25.063404
630.0000,15.412037,23.174030,-11.093421,29.960483
631.0000,11.014500,12.166068,-9.700828,19.064063
632.0000,14.729780,18.927082,-8.062113,25.302145
633.0000,11.851801,21.506538,-8.998442,26.152788
634.0000,15.174992,7.985302,-5.425618,17.985627
635.0000,10.321036,17.912820,-5.096622,21.292451
636.0000,11.780688,18.164561,-9.034068,23.459546
637.0000,16.677544,18.510094,0.895054,24.931209
638.0000,15.386714,17.559588,-0.753618,23.359324
639.0000,8.364931,29.023948,-4.452514,30.531729
640.0000,11.336236,23.744037,1.146461,26.336361
641.0000,14.662478,14.690069,-1.693253,20.824348
642.0000,17.983491,10.204210,-0.108954,20.677130
643.0000,11.023934,15.690745,1.624768,19.244908
644.0000,17.890517,17.410437,2.864997,25.127717
645.0000,17.364534,15.601755,11.898444,26.201426
646.0000,19.743765,25.810058,7.049701,33.251671
647.0000,17.649465,33.453967,9.205393,38.928278
648.0000,23.424132,26.416528,10.658244,36.879819
649.0000,13.716767,31.097541,-4.972160,34.350097
650.0000,18.562090,31.808024,-8.995531,37.910699
651.0000,21.971109,24.779454,-11.397454,35.023605
652.0000,18.625880,30.986676,-12.961555,38.407023
653.0000,13.659055,22.255480,-4.260754,26.458084
654.0000,16.637285,26.341396,-0.178877,31.156065
655.0000,18.803675,20.173935,9.425655,29.144619
656.0000,20.863971,24.372713,3.597057,32.284257
657.0000,8.068386,12.116891,1.851759,14.674704
658.0000,8.753383,13.880706,4.968252,17.145823
659.0000,10.313248,15.607147,12.236854,22.353674
660.0000,15.337457,20.986249,10.233377,27.935322
661.0000,16.752461,11.108542,4.885101,20.685958
662.0000,16.792804,16.027124,12.977376,26.594722
663.0000,14.455964,14.141469,2.022882,20.323584
664.0000,11.199034,8.241864,1.958501,14.042165
665.0000,11.541762,17.572832,-1.079445,21.051886
666.0000,16.992943,12.719576,-1.449831,21.275567
667.0000,16.883065,19.222869,8.785081,27.050586
668.0000,14.242826,11.993441,5.689713,19.469811
669.0000,16.019697,15.914529,13.853997,26.492191
670.0000,9.159967,17.597520,9.488398,21.991076
671.0000,16.267062,13.425814,14.622757,25.665051
672.0000,16.990948,20.584606,10.541142,28.697282
673.0000,9.990127,16.728081,0.549669,19.491882
674.0000,17.414167,15.736984,6.358198,24.317331
675.0000,25.728150,14.798135,16.808019,34.109119
676.0000,30.746224,20.705174,10.267245,38.463630
677.0000,28.137273,26.200802,9.907233,39.703167
678.0000,15.241783,29.988976,14.837225,36.766750
679.0000,21.209041,33.158875,7.619589,40.092300
680.0000,25.965613,32.627811,9.486979,42.764353
681.0000,24.067983,22.289691,6.346807,33.412275
682.0000,17.119810,25.842068,2.576108,31.105252
683.0000,19.626656,17.986479,0.017350,26.621784
684.0000,20.785384,23.446443,5.551905,31.821243
685.0000,23.643789,6.206032,-4.096221,24.785533
686.0000,10.227478,1.649507,4.248567,11.196986
687.0000,13.793575,2.062967,-5.387351,14.951324
688.0000,16.834944,-5.068376,-2.899431,17.818823
689.0000,25.023754,1.183052,-1.650294,25.106002
690.0000,29.394613,2.389007,-7.279412,30.376644
691.0000,21.375393,0.074963,-17.331653,27.519071
692.0000,26.773147,5.911068,-15.182018,31.340642
693.0000,32.498974,0.459876,-9.259768,33.795534
694.0000,25.135295,-1.376643,-7.216540,26.186956
695.0000,26.260291,1.867814,-13.969072,29.803131
696.0000,17.965811,9.068016,-15.774119,25.569946
697.0000,28.385157,10.194050,-17.978667,35.112224
698.0000,27.596265,2.982762,-15.473270,31.778496
699.0000,24.328099,10.746994,-14.484617,30.284623
700.0000,25.887792,0.966318,-19.173347,32.229316
701.0000,16.956852,3.417333,-24.319723,29.843960
702.0000,26.566003,13.828029,-25.507472,39.339523
703.0000,14.311547,4.038116,-22.087230,26.626537
704.0000,26.458114,4.084437,-22.646970,35.065648
705.0000,26.222820,5.026985,-26.214945,37.418314
706.0000,19.538051,5.109655,-25.852479,32.805406
707.0000,19.357972,8.982654,-15.438604,26.339507
708.0000,22.343409,7.841182,-18.020949,29.756792
709.0000,22.989579,9.721947,-19.232208,31.510551
710.0000,17.319838,10.740962,-26.200323,33.193402
711.0000,19.909120,13.420245,-20.068259,31.292348
712.0000,17.368102,11.273620,-25.487002,32.837978
713.0000,16.658832,14.093835,-22.249331,31.163851
714.0000,23.187333,19.032801,-19.086443,35.555482
715.0000,25.612214,20.331679,-25.243444,41.310945
716.0000,19.335360,21.801883,-17.205666,33.840999
717.0000,24.702983,19.923575,-21.737439,38.466901
718.0000,22.505867,22.875465,-22.946987,39.450794
719.0000,16.820148,7.821180,-8.901221,20.574742
720.0000,20.203335,14.058282,-16.059137,29.388874
721.0000,7.205214,14.477536,-20.952699,26.467523
722.0000,5.776674,20.325865,-13.911313,25.298921
723.0000,3.435597,18.499972,-2.177890,18.941898
724.0000,2.804484,18.260424,0.406209,18.478994
725.0000,-10.863897,12.693096,-5.310973,17.531268
726.0000,-20.711707,21.699655,-13.127280,32.744089
727.0000,-16.979698,16.730079,-14.042453,27.665794
728.0000,-5.057628,19.482799,-4.713926,20.673175
729.0000,-9.652522,19.589682,-7.113407,22.967964
730.0000,-13.139149,19.656366,5.082841,24.183573
731.0000,-2.944540,22.556688,1.700161,22.811511
732.0000,1.874301,18.245616,4.287554,18.836099
733.0000,-4.770690,9.054992,2.551564,10.548120
734.0000,-5.904368,11.568517,-0.684335,13.006170
735.0000,-1.913065,9.412610,7.587663,12.240493
736.0000,-2.384467,10.905960,0.980818,11.206589
737.0000,-2.486320,6.958577,-1.131239,7.475512
738.0000,-5.113918,1.709101,-5.741508,7.876427
739.0000,3.296899,10.698124,-11.675974,16.175530
740.0000,-3.474414,7.399345,-3.043588,8.722688
741.0000,-9.125039,10.496993,-1.683647,14.010277
742.0000,-14.528984,9.517520,-4.330737,17.900554
743.0000,-16.623238,18.560013,-0.708766,24.926061
744.0000,-6.459492,17.528307,0.796771,18.697632
745.0000,-14.836382,15.786435,-1.601481,21.723133
746.0000,-13.574279,12.157369,-9.870821,20.724281
747.0000,-20.605855,10.443371,-11.467311,25.790783
748.0000,-9.894004,7.407125,-11.079909,16.598831
749.0000,-8.994562,16.347618,-10.282291,21.304279
750.0000,-11.756588,22.231411,-16.029406,29.822724
751.0000,-12.283066,21.409080,-13.092924,27.940062
752.0000,-12.774512,21.296769,-14.998076,29.011771
753.0000,-9.648509,12.698518,-16.150781,22.697882
754.0000,-11.301225,13.883599,-18.701452,25.888537
755.0000,-23.464963,19.172414,-14.600516,33.635710
756.0000,-20.960761,21.593267,-4.674753,30.454490
757.0000,-27.741599,20.270646,-7.728120,35.216747
758.0000,-20.586219,31.991437,-11.154148,39.644161
759.0000,-12.435119,28.649602,-23.269350,38.947331
760.0000,-18.690246,19.473961,-25.958628,37.448776
761.0000,-9.261342,28.866011,-25.191027,39.415820
762.0000,-23.196494,34.528110,-21.134458,46.657615
763.0000,-24.860650,30.044062,-16.181576,42.220149
764.0000,-27.072332,28.916278,-19.327271,44.075000
765.0000,-28.265383,20.907710,-16.559675,38.862411
766.0000,-31.118405,19.433456,-23.242567,43.430764
767.0000,-21.193286,20.883343,-31.640559,43.432642
768.0000,-9.577593,30.219728,-31.263801,44.524010
769.0000,-25.107178,22.602107,-33.755876,47.756516
770.0000,-24.330973,27.302364,-29.809043,47.180445
771.0000,-24.327748,29.476828,-25.581028,45.990344
772.0000,-26.543322,26.921661,-26.161378,45.975444
773.0000,-26.594068,30.528451,-24.835510,47.497719
774.0000,-16.411451,9.919211,-28.812739,34.610698
775.0000,-21.569560,13.186151,-26.416708,36.564504
776.0000,-19.965463,16.816768,-23.712037,35.265905
777.0000,-18.158670,24.328747,-26.938637,40.587133
778.0000,-23.952007,21.938441,-25.043718,41.014408
779.0000,-13.592650,20.442406,-28.443427,37.572338
780.0000,-12.634929,27.760395,-28.099592,41.471291
781.0000,-9.063996,21.467156,-23.860968,33.351771
782.0000,-11.893107,25.140690,-20.685330,34.660975
783.0000,-9.393451,22.465053,-17.853433,30.193718
784.0000,-7.107314,25.740398,-14.344291,30.312385
785.0000,-7.892640,26.713746,-14.615485,31.456802
786.0000,0.675316,24.241086,-9.464034,26.031793
787.0000,6.479839,22.864881,-10.118104,25.829578
788.0000,8.067615,17.171054,-17.048573,25.506575
789.0000,-1.521616,19.037363,-18.833130,26.822067
790.0000,11.173986,17.525069,-21.171681,29.668604
791.0000,11.803918,16.807204,-11.529580,23.553043
792.0000,18.871857,16.936546,-12.287430,28.177554
793.0000,15.935758,20.023917,-12.779244,28.604452
794.0000,15.987807,20.129183,-5.713395,26.333190
795.0000,11.287841,27.579612,-2.612422,29.914463
796.0000,17.281030,19.844326,-3.172923,26.504692
797.0000,13.749764,12.020035,-2.721262,18.464629
798.0000,-3.713775,5.630364,-1.124150,6.837898
799.0000,-3.088066,14.130991,-12.764171,19.291064
800.0000,10.914094,5.412431,-12.038351,17.126989
801.0000,4.645085,1.220447,-14.251413,15.038919
802.0000,5.372760,3.429982,-11.550565,13.192683
803.0000,9.861158,8.232237,-19.888034,23.675854
804.0000,13.229493,14.404958,-20.874051,28.605040
805.0000,15.316225,7.100749,-27.821717,32.543130
806.0000,13.739486,11.990549,-23.817764,29.997210
807.0000,3.309510,7.551064,-21.222660,22.767800
808.0000,8.713676,-2.321487,-22.416164,24.161992
809.0000,-3.095982,-4.463873,-28.474804,28.988372
810.0000,-7.717853,-1.273230,-22.908439,24.207085
811.0000,-3.955951,1.238504,-21.930418,22.318752
812.0000,-12.411960,5.048480,-27.731634,30.799147
813.0000,-9.118919,1.670460,-33.101505,34.375206
814.0000,-0.564091,-5.160749,-39.204746,39.546980
815.0000,5.854409,-10.976185,-39.785880,41.685333
816.0000,-2.530244,-5.770294,-31.100676,31.732483
817.0000,3.517746,-17.329970,-33.413179,37.804007
818.0000,-2.411555,-8.882249,-34.422741,35.631938
819.0000,-6.788613,-14.522506,-38.266493,41.488708
820.0000,-1.622861,-17.317729,-31.027770,35.570493
821.0000,-0.996809,-9.492604,-33.645469,34.973143
822.0000,10.931734,-4.525950,-21.802620,24.806074
823.0000,12.307842,-7.017501,-26.246364,29.826161
824.0000,9.672082,-6.654611,-25.650181,28.209303
825.0000,1.578430,5.720190,-17.754904,18.720273
826.0000,-0.000793,-2.290662,-27.154825,27.251269
827.0000,7.724246,-1.398712,-27.947772,29.029267
828.0000,2.819492,-6.416525,-8.463353,10.988615
829.0000,10.263434,3.130520,-12.722238,16.643124
830.0000,3.126572,-3.445729,-13.391090,14.176381
831.0000,6.972641,-4.174408,-21.452745,22.940438
832.0000,6.457818,-14.033592,-17.319421,23.207918
833.0000,9.712978,-2.510609,-9.900113,14.094585
834.0000,9.917168,-10.527062,-4.868865,15.260246
835.0000,7.184963,1.158151,-9.028333,11.596370
836.0000,11.492731,-9.131495,-19.622905,24.505621
837.0000,-5.445569,-15.671321,-19.036388,25.251309
838.0000,-0.170598,-11.781624,-25.380808,27.982516
839.0000,-4.049657,-10.132892,-13.371934,17.259312
840.0000,-9.012501,-21.058124,-14.307307,27.006829
841.0000,-3.501255,-7.747208,-22.366853,23.928103
842.0000,-10.356974,-7.233076,-8.509501,15.231412
843.0000,-3.973990,-0.702684,-14.820102,15.359745
844.0000,-9.214950,1.516082,-10.761375,14.248544
845.0000,-9.052819,-4.624778,0.608888,10.183950
846.0000,-8.096893,-3.444639,6.824693,11.135603
847.0000,0.071019,8.014769,12.150601,14.556052
848.0000,-6.248619,-8.033247,22.385080,24.590041
849.0000,-2.015225,-10.077586,15.237528,18.379367
850.0000,-3.679847,-9.449473,11.494964,15.328666
851.0000,-2.804596,-8.314839,4.934780,10.067490
852.0000,-0.481333,-7.606470,-2.464863,8.010344
853.0000,-0.053056,-7.360184,-5.795121,9.367953
854.0000,4.192718,-4.304457,-6.289062,8.698249
855.0000,-0.298672,3.022279,-0.259674,3.048082
856.0000,-2.626191,2.506850,8.750503,9.473778
857.0000,7.754821,2.184850,5.145595,9.559705
858.0000,5.745172,-6.872326,2.386372,9.269878
859.0000,-9.452064,-5.382287,7.589859,13.263351
860.0000,-4.351325,-21.656451,3.051087,22.298992
861.0000,1.176096,-13.328810,0.382538,13.386064
862.0000,-11.824698,-14.540062,-8.350043,20.517313
863.0000,-14.459686,-14.507359,-12.512327,24.002173
864.0000,-18.622799,-15.201804,-5.531616,24.667838
865.0000,-21.444985,-24.462012,-3.900451,32.764171
866.0000,-34.981364,-23.108163,-8.850821,42.848805
867.0000,-27.045760,-18.752455,-2.577248,33.011664
868.0000,-31.397379,-22.385859,-7.740807,39.329915
869.0000,-27.454517,-22.862450,-5.932947,36.216599
870.0000,-29.677263,-5.151331,2.928266,30.263029
871.0000,-32.490232,-11.705546,0.860270,34.545260
872.0000,-30.259716,-17.742948,9.933508,36.457334
873.0000,-20.584101,-16.180592,2.888998,26.341281
874.0000,-11.419731,-14.059534,6.517201,19.249796
875.0000,-16.521543,-13.578212,14.870611,26.047348
876.0000,-7.142449,-22.699420,8.950749,25.424283
877.0000,-12.819734,-15.608840,9.109440,22.157693
878.0000,-0.581714,-11.072956,8.615213,14.041747
879.0000,5.179561,-12.726643,11.258489,17.763696
880.0000,7.812471,-23.655027,9.622546,26.705587
881.0000,-1.330967,-22.551733,15.246126,27.254293
882.0000,-4.304303,-22.330337,14.475179,26.957407
883.0000,-15.157882,-29.303480,12.042779,35.120989
884.0000,-5.369173,-22.081617,14.486667,26.949756
885.0000,-14.758552,-20.468869,12.535909,28.176914
886.0000,-15.610829,-23.424441,9.339446,29.658518
887.0000,-22.098685,-24.972250,3.216233,33.500886
888.0000,-14.083272,-23.097490,5.501899,27.606222
889.0000,-12.065687,-13.582827,10.062405,20.768389
890.0000,-8.639174,-5.938309,-2.777067,10.844858
891.0000,-17.138140,-21.385788,-4.892841,27.838960
892.0000,-5.498484,-8.757552,-7.483649,12.764523
893.0000,-4.808923,-16.679878,-8.300232,19.241567
894.0000,-6.977615,-18.599017,7.620954,21.276500
895.0000,-14.925320,-19.152407,13.038654,27.560594
896.0000,-8.154928,-18.229654,13.446903,24.075762
897.0000,-12.496082,-7.914049,8.163388,16.894530
898.0000,-16.013619,-3.765675,5.497540,17.344719
899.0000,-9.127814,-6.180730,7.723805,13.460148
900.0000,4.658751,-5.697529,-0.564572,7.381364
901.0000,4.706250,-6.188684,-2.437452,8.147992
902.0000,0.969167,-14.462141,-11.680997,18.615545
903.0000,-8.237773,-20.577161,-9.141911,23.976133
904.0000,-8.228515,-19.098482,-16.731167,26.690681
905.0000,-3.742708,-22.522006,-9.326601,24.662402
906.0000,-12.831661,-25.262817,-9.689621,29.945788
907.0000,-13.128361,-21.589199,-6.557802,26.104638
908.0000,-20.725280,-27.763953,-11.903320,36.634182
909.0000,-14.881400,-25.246371,-11.652351,31.537479
910.0000,-13.942115,-35.886549,-12.891465,40.600700
911.0000,-12.640671,-28.303423,-7.487664,31.889425
912.0000,-8.873077,-36.785070,-15.648860,40.948256
913.0000,-4.140490,-30.695075,-6.119391,31.571795
914.0000,0.776722,-18.400282,-6.132751,19.410933
915.0000,-2.791892,-24.673474,-13.949130,28.480751
916.0000,11.184881,-17.172894,-13.551534,24.569370
917.0000,11.302735,-27.981945,-23.917455,38.506957
918.0000,18.053564,-30.761059,-4.801762,35.989316
919.0000,17.861721,-34.999244,-8.933812,40.296416
920.0000,11.819525,-34.227400,2.099899,36.271554
921.0000,12.253659,-20.767944,-2.009981,24.197101
922.0000,8.587832,-19.601045,-1.546447,21.455613
923.0000,16.729873,-25.300852,-7.102426,31.152306
924.0000,13.466799,-18.121593,7.481687,23.784921
925.0000,2.988580,-22.508800,21.992802,31.611090
926.0000,15.300550,-22.227552,29.045950,39.646414
927.0000,12.028413,-29.715991,8.045788,33.052346
928.0000,25.514663,-29.126988,25.375350,46.295656
929.0000,27.405266,-29.793474,11.405759,42.056997
930.0000,21.360442,-32.601081,15.703677,42.020286
931.0000,26.632788,-23.648492,9.700826,36.914260
932.0000,25.943581,-18.590736,20.615248,37.995701
933.0000,22.927957,-14.206222,25.698076,37.254517
934.0000,18.395389,-13.941705,17.519398,28.977419
935.0000,20.306381,-23.667353,14.177363,34.256245
936.0000,15.240793,-21.442268,19.563068,32.783628
937.0000,10.878934,-24.669822,5.670066,27.551787
938.0000,13.555212,-24.460861,9.223871,29.447535
939.0000,-2.028609,-26.579162,2.629955,26.785887
940.0000,7.934430,-26.280418,9.568043,29.071688
941.0000,2.929609,-17.671711,14.605963,23.112900
942.0000,12.276623,-15.680750,9.699606,22.151382
943.0000,9.097291,-4.794988,0.212058,10.285795
944.0000,4.935783,-6.244968,7.654256,11.043062
945.0000,18.577632,-6.128128,15.767837,25.125824
946.0000,25.190275,-2.993696,13.255227,28.621901
947.0000,22.083082,-6.233620,16.717339,28.389962
948.0000,23.693768,5.593113,7.729302,25.542507
949.0000,17.458398,6.237234,4.080504,18.982868
950.0000,11.159371,10.475645,6.397204,16.589000
951.0000,20.107029,13.145756,5.069529,24.552060
952.0000,20.941618,7.140781,1.737540,22.193719
953.0000,9.220128,-0.401812,-4.627615,10.324100
954.0000,8.926415,2.300533,-2.908213,9.665973
955.0000,16.134659,9.934714,-4.848877,19.558562
956.0000,15.342510,2.787230,4.416433,16.206978
957.0000,26.648341,9.851594,-1.877043,28.472992
958.0000,30.840952,12.016423,2.769201,33.214865
959.0000,27.886413,11.551138,-3.425756,30.377897
960.0000,31.207964,7.499661,-7.220266,32.898544
961.0000,34.254933,12.643895,3.465580,36.678042
962.0000,31.459235,23.614438,10.319769,40.667220
963.0000,34.380314,11.951852,6.802906,37.028804
964.0000,26.428180,12.757251,-0.784232,29.356620
965.0000,18.891997,13.874265,-1.297802,23.475244
966.0000,17.798077,6.807986,2.423200,19.209168
967.0000,19.710864,7.120371,5.735055,21.728063
968.0000,25.822763,3.431996,9.723126,27.805267
969.0000,26.650951,-1.224834,9.743328,28.402567
970.0000,31.669721,3.369983,12.582664,34.243999
971.0000,25.983239,-0.480917,8.327593,27.289353
972.0000,25.220491,-20.937644,10.540891,34.432085
973.0000,15.611255,-17.890458,4.594264,24.184438
974.0000,24.095953,-20.527762,13.626812,34.462936
975.0000,17.085224,-16.419420,5.454158,24.315634
976.0000,15.529418,-11.066269,17.182179,25.668120
977.0000,8.165023,-14.606417,8.130223,18.604181
978.0000,6.233330,-12.864546,19.255893,23.982084
979.0000,13.073882,-15.935863,15.740987,25.935628
980.0000,4.200197,-6.750826,22.723732,24.074537
981.0000,9.742824,-12.929658,19.285054,25.179594
982.0000,8.024233,-8.497063,24.506788,27.150894
983.0000,10.665773,-5.750946,30.230165,32.568312
984.0000,12.585244,2.856829,21.338305,24.937383
985.0000,-0.433936,-3.598640,19.564021,19.896970
986.0000,7.497895,-9.416958,18.236038,21.850643
987.0000,7.064951,-4.506386,19.923672,21.614202
988.0000,2.559688,-7.145019,28.754136,29.738924
989.0000,1.928484,-10.387074,20.094576,22.702475
990.0000,7.645586,-5.659907,21.933986,23.907933
991.0000,0.549364,2.194187,25.358981,25.459658
992.0000,1.971657,-6.294358,13.088362,14.656452
993.0000,3.937093,2.805776,12.223878,13.145200
994.0000,16.594106,-4.797523,0.347261,17.277186
995.0000,16.575339,-2.995590,11.636493,20.472503
996.0000,6.392362,-4.066037,5.754892,9.513870
997.0000,4.527953,0.969671,11.670515,12.555618
998.0000,0.282233,-5.279938,14.203428,15.155684
999.0000,11.933006,-8.443966,10.745135,18.142632
1000.0000,4.458630,-12.004839,5.532472,13.950046
1001.0000,7.103261,-0.574291,15.405933,16.974360
1002.0000,15.586325,-9.514137,6.354469,19.334725
1003.0000,11.583536,-3.871700,13.662393,18.325647
1004.0000,20.182295,-12.300210,14.456831,27.705959
1005.0000,8.999010,-4.532190,15.267883,18.292928
1006.0000,11.594110,0.525889,10.700653,15.786194
1007.0000,2.794465,-5.952147,11.535657,13.278120
1008.0000,6.213394,-1.360327,6.945032,9.417548
1009.0000,2.156834,-2.403945,-5.232108,6.148645
1010.0000,-10.882933,-3.045313,0.168760,11.302240
1011.0000,-1.340102,0.423090,0.710810,1.574843
1012.0000,-2.308019,7.278356,-2.108116,7.921210
1013.0000,5.881135,5.933877,-18.789676,20.563331
1014.0000,8.137192,2.677482,-7.349492,11.287065
1015.0000,16.394426,-7.386665,-9.112129,20.158644
1016.0000,9.045956,-6.185266,-18.977015,21.913784
1017.0000,9.031799,7.096569,-16.786045,20.339764
1018.0000,11.880409,0.113875,-15.981173,19.913688
1019.0000,3.007175,4.805806,-18.874585,19.707583
1020.0000,2.456904,16.882849,-15.426327,23.000837
1021.0000,6.635777,16.635515,-21.759468,28.182412
1022.0000,17.015370,19.655486,-27.205080,37.629474
1023.0000,12.039647,6.712969,-18.299831,22.910715
1024.0000,24.698570,8.660542,-10.198413,28.089713
1025.0000,26.883111,5.184365,-15.743688,31.582321
1026.0000,9.933638,3.046653,-12.433304,16.203280
1027.0000,13.835368,2.888085,-13.424455,19.492933
1028.0000,16.844164,0.865147,-20.039929,26.192997
1029.0000,15.296416,-0.579469,-17.201931,23.026562
1030.0000,11.782288,-1.227180,-19.882661,23.144081
1031.0000,7.387475,-2.795359,-23.045983,24.361981
1032.0000,11.790321,-8.349816,-23.828061,27.865886
1033.0000,-3.527281,-12.123833,-17.946931,21.943595
1034.0000,4.196979,-12.937898,-24.319930,27.865082
1035.0000,1.835831,-12.664349,-18.419264,22.428226
1036.0000,-8.502901,-10.949082,-15.278779,20.630628
1037.0000,-7.160737,-0.933315,0.343258,7.229458
1038.0000,0.345404,-4.228684,-6.739202,7.963537
1039.0000,-4.773761,-8.083327,-9.983289,13.703833
1040.0000,1.253427,1.100873,-15.190729,15.282056
1041.0000,-1.136523,-2.720693,-21.087210,21.292353
1042.0000,-5.820231,-8.571149,-16.307897,19.320641
1043.0000,0.530450,-5.890344,-17.440762,18.416235
1044.0000,-5.860974,-11.179101,-29.000636,31.628471
1045.0000,-11.618370,-3.742789,-33.595239,35.744022
1046.0000,-9.817516,-8.498137,-33.618127,36.038596
1047.0000,-3.779456,-17.375525,-30.697205,35.475507
1048.0000,-18.501040,-22.248964,-41.560010,50.641280
1049.0000,-16.866947,-10.557833,-37.225032,42.209770
1050.0000,-14.384344,-9.672317,-38.259352,42.002870
1051.0000,-11.663034,-6.807356,-38.083116,40.406561
1052.0000,-17.707239,-16.870012,-24.432929,34.570387
1053.0000,-25.074153,-14.388180,-32.885181,43.785477
1054.0000,-22.208608,-10.474735,-27.087071,36.560249
1055.0000,-28.275033,-17.549246,-17.928668,37.800670
1056.0000,-20.773761,-5.713920,-27.043108,34.576404
1057.0000,-12.941890,-13.361435,-13.976950,23.267479
1058.0000,-2.575776,-5.339403,-24.445267,25.153826
1059.0000,-10.982533,-11.058118,-18.859685,24.466011
1060.0000,-14.715185,-17.911073,-17.382358,28.973946
1061.0000,-4.641190,-17.064053,-11.120597,20.889955
1062.0000,-11.523240,-14.835520,-12.558971,22.596581
1063.0000,5.327108,-4.978960,-11.494502,13.612190
1064.0000,-2.084272,-6.409217,-9.584941,11.717224
1065.0000,-12.807242,-3.840982,-17.703738,22.185602
1066.0000,-5.664410,-7.049795,-16.357242,18.690760
1067.0000,4.583387,-0.177831,-19.379185,19.914614
1068.0000,8.392319,-5.794737,-18.250502,20.906717
1069.0000,7.594688,-8.184438,-22.240467,24.885793
1070.0000,10.737710,1.764559,-26.212750,28.381691
1071.0000,-0.924990,0.142668,-15.017937,15.047072
1072.0000,-7.593812,-0.149706,-14.808129,16.642388
1073.0000,-4.284733,-3.953084,-8.813922,10.567451
1074.0000,-6.118849,-1.082428,-4.576779,7.717439
1075.0000,-13.845919,-5.016616,-9.605797,17.582584
1076.0000,-9.832518,-3.497180,-3.554780,11.024751
1077.0000,-6.596652,-1.942643,-7.911390,10.482355
1078.0000,-10.165573,-13.653816,-8.685399,19.110251
1079.0000,-13.978879,-8.222478,-6.877883,17.616001
1080.0000,-6.132972,-7.648797,-9.235719,13.469073
1081.0000,-4.981229,-11.324056,-1.466177,12.457792
1082.0000,-4.882110,-18.022244,-2.521422,18.841280
1083.0000,-8.151113,-14.485276,-7.021001,18.043235
1084.0000,-13.922558,-12.313920,-3.958885,19.003763
1085.0000,-16.076008,-15.679609,1.020319,22.479529
1086.0000,-17.704581,-20.981026,2.483145,27.564862
1087.0000,-19.304682,-14.366871,-2.713942,24.216590
1088.0000,-28.421428,-12.881097,-3.016396,31.349623
1089.0000,-21.486424,-9.080250,-4.180359,23.697948
1090.0000,-10.814284,-10.983248,-8.099028,17.411913
1091.0000,-9.631396,-16.434400,-6.225994,20.040366
1092.0000,-13.544234,-16.056831,7.991790,22.475249
1093.0000,-16.975861,-7.813211,0.433266,18.692615
1094.0000,-13.726584,-10.664051,4.292402,17.904352
1095.0000,-10.911259,-10.836828,3.622580,15.799224
1096.0000,-13.369356,-13.801258,6.085366,20.155547
1097.0000,-11.885356,-18.768808,9.601568,24.201652
1098.0000,-10.131710,-14.101457,6.431124,18.516533
1099.0000,-7.888842,-4.829107,7.877456,12.149420
1100.0000,-7.108858,-4.682502,6.852970,10.928169
1101.0000,-7.005414,-5.899334,1.448069,9.272263
1102.0000,-12.763051,3.763836,8.491028,15.784787
1103.0000,-3.293727,-1.339449,3.913418,5.287495
1104.0000,-21.254982,6.179380,-5.140185,22.724007
1105.0000,-17.275133,3.916404,-0.763290,17.729948
1106.0000,-20.266341,1.079563,0.822719,20.311743
1107.0000,-26.399986,10.766429,-7.477545,29.475226
1108.0000,-16.856671,10.116231,-9.255573,21.729038
1109.0000,-26.591554,9.990602,-2.847127,28.548713
1110.0000,-22.305015,21.018756,-6.583245,31.347104
1111.0000,-14.047601,13.045549,-13.177856,23.263218
1112.0000,-16.273534,19.190687,-12.897585,28.274690
1113.0000,-14.775161,12.033190,-10.626203,21.817865
1114.0000,-17.237139,4.539861,-6.449422,18.955852
1115.0000,-17.545392,4.876691,-8.078117,19.921819
1116.0000,-23.709919,9.558550,-9.522631,27.280151
1117.0000,-19.215720,6.329765,-20.477478,28.786054
1118.0000,-13.309945,25.764394,-18.117618,34.193665
1119.0000,-19.320140,9.240065,-21.825300,30.577612
1120.0000,-26.652505,8.298951,-7.530242,28.912508
1121.0000,-17.459654,13.340136,-11.617413,24.854839
1122.0000,-8.595477,1.529048,-6.733069,11.025173
1123.0000,-9.526156,6.535546,-4.257358,12.312031
1124.0000,-7.192244,5.556979,-6.187042,10.994902
1125.0000,-13.317950,7.777244,5.084050,16.238869
1126.0000,-11.262278,6.406982,1.639473,13.060482
1127.0000,3.289238,9.061667,-3.974912,10.427503
1128.0000,-2.769506,3.916147,6.310535,7.926489
1129.0000,-9.475290,-0.946278,4.621192,10.584516
1130.0000,-11.677873,-5.044482,1.366663,12.794033
1131.0000,-10.647823,-9.034779,1.864759,14.088318
1132.0000,-15.796579,-1.544949,-12.328528,20.097547
1133.0000,-7.092763,-3.273748,-7.846575,11.072193
1134.0000,-12.896785,-10.682280,1.163774,16.786678
1135.0000,-13.666151,-12.317329,-4.410954,18.919217
1136.0000,-20.128469,-14.374186,-7.804623,25.936165
1137.0000,-24.307977,-13.410325,-7.766126,28.827544
1138.0000,-12.533347,-13.876319,-5.454854,19.477999
1139.0000,-15.002499,-6.559161,1.447612,16.437553
1140.0000,-4.872261,-8.073491,2.599417,9.781470
1141.0000,-12.510467,-7.016134,1.390801,14.410838
1142.0000,-13.208477,-1.934982,-3.871835,13.899609
1143.0000,-19.506408,-8.041950,0.878509,21.117403
1144.0000,-20.254079,-2.943559,-1.820345,20.547650
1145.0000,-14.980166,-0.891153,-10.173512,18.130082
1146.0000,-5.020340,2.218019,-15.718103,16.648789
1147.0000,-10.705413,-6.567278,-13.607382,18.517448
1148.0000,-13.981801,0.687336,-5.732508,15.126957
1149.0000,-15.122978,1.148550,-6.012867,16.314968
1150.0000,-10.458043,6.654285,-8.841027,15.225436
1151.0000,-6.190739,3.155458,-10.779412,12.824893
1152.0000,-6.822284,2.149113,-12.193394,14.136517
1153.0000,-3.443699,0.716684,-10.519420,11.091929
1154.0000,-3.754690,-6.908826,-14.477862,16.475377
1155.0000,-4.018617,-13.242857,-12.810298,18.858056
1156.0000,-0.319780,3.013603,-15.720198,16.009643
1157.0000,3.257288,13.346490,-20.229722,24.453638
1158.0000,5.003949,7.171875,-20.645017,22.420794
1159.0000,5.016048,3.792793,-18.490652,19.530751
1160.0000,0.530774,3.569222,-13.347791,13.826951
1161.0000,2.116995,0.208415,-9.825114,10.052760
1162.0000,-0.089883,-9.583506,-6.796660,11.749308
1163.0000,-10.266498,2.105236,-5.486805,11.829540
1164.0000,-9.437178,6.610200,-12.113528,16.718033
1165.0000,-4.297538,2.302759,-22.273298,22.800688
1166.0000,-7.043746,3.658858,-9.893192,12.683724
1167.0000,-7.590668,-3.987218,-14.034630,16.446488
1168.0000,-17.969686,-1.502198,-11.192138,21.223340
1169.0000,-4.356891,-1.701165,8.680868,9.860726
1170.0000,-11.599221,11.400721,-1.489679,16.332101
1171.0000,-4.261010,8.551808,-9.129880,13.215307
1172.0000,-13.220272,-5.161274,-8.001043,16.292054
1173.0000,-0.225939,3.974282,1.619200,4.297415
1174.0000,0.682480,9.899750,2.016932,10.126146
1175.0000,5.677229,14.679941,7.217361,17.315366
1176.0000,12.735777,14.345583,4.362141,19.672927
1177.0000,8.574084,16.657770,4.940948,19.375479
1178.0000,10.266597,10.892889,5.013656,15.785905
1179.0000,12.120103,15.256874,12.692058,23.254191
1180.0000,10.878241,10.994197,8.833799,17.811359
1181.0000,2.138353,10.106295,-0.390549,10.337422
1182.0000,5.467774,-2.645927,-4.543412,7.585517
1183.0000,12.988332,8.557902,-9.176700,18.059521
1184.0000,9.649101,13.678326,-3.067749,17.018015
1185.0000,12.418586,24.568130,-4.590293,27.908513
1186.0000,11.601244,23.601060,0.207755,26.299088
1187.0000,1.746505,19.292830,-5.065419,20.023038
1188.0000,1.870819,11.114279,0.525150,11.282860
1189.0000,-7.494570,10.228390,2.783514,12.982160
1190.0000,0.488869,8.751504,2.148094,9.024529
1191.0000,7.175814,11.326487,-6.076850,14.721063
1192.0000,1.938241,6.531329,2.936287,7.418680
1193.0000,-1.204464,12.358516,-1.306661,12.485633
1194.0000,-7.979423,16.586178,-3.256342,18.691609
1195.0000,-7.248659,13.116608,-0.588283,14.997818
1196.0000,-8.360545,9.765038,-5.598311,14.021261
1197.0000,-8.742532,6.738996,-3.817046,11.679716
1198.0000,-16.307154,7.860293,-1.340781,18.152277
1199.0000,-0.906647,15.196534,-8.383792,17.379431
1200.0000,5.149359,18.292595,-5.018205,19.654956
1201.0000,0.781254,16.373311,-3.033084,16.670191
1202.0000,-6.084841,7.430797,-4.309582,10.526848
1203.0000,-11.309230,14.535099,-3.650346,18.774792
1204.0000,-10.061830,18.087537,-14.187633,25.093592
1205.0000,-6.761584,8.868866,-9.714291,14.789971
1206.0000,-15.332553,13.163530,-8.682142,21.994210
1207.0000,-10.001833,8.045129,-17.098811,21.380601
1208.0000,-6.384020,0.859555,-9.523377,11.497358
1209.0000,-12.900791,-4.139535,-15.332670,20.461107
1210.0000,-14.425816,-0.887018,-16.574317,21.990883
1211.0000,-11.027998,6.143188,-18.380505,22.297948
1212.0000,-16.644961,-5.674537,-16.170791,23.890366
1213.0000,-7.512559,-2.632236,-9.909104,12.710529
1214.0000,-10.792460,-9.663986,-7.138844,16.150322
1215.0000,-13.722812,-11.366205,-5.781735,18.733250
1216.0000,-20.316840,-5.336439,-14.903289,25.755768
1217.0000,-21.019732,-15.725867,-1.757948,26.310120
1218.0000,-21.324535,-10.755385,-3.645707,24.159993
1219.0000,-18.671467,-13.816026,-3.654391,23.512993
1220.0000,-18.631905,-9.201800,3.848844,21.133732
1221.0000,-15.991498,-10.215195,-1.289517,19.019492
1222.0000,-12.514342,-10.490908,0.239547,16.331726
1223.0000,-9.212968,-13.192418,-4.864357,16.810135
1224.0000,-15.937186,-14.001053,-7.949893,22.654451
1225.0000,-4.483655,-10.981915,4.371719,12.641897
1226.0000,-16.682183,-2.282375,-10.309248,19.742975
1227.0000,-5.673707,-8.417136,-9.199121,13.699013
1228.0000,4.193893,-6.431559,3.548716,8.458550
1229.0000,0.564699,-6.938058,-6.952331,9.838213
1230.0000,4.008725,-13.026952,5.135297,14.565117
1231.0000,-4.651309,-20.326008,11.157084,23.648717
1232.0000,-3.356607,-16.428967,-0.785656,16.786751
1233.0000,-3.239050,-23.946546,-4.386934,24.559595
1234.0000,10.295369,-19.697934,-1.911581,22.308235
1235.0000,3.437252,-20.496760,1.569718,20.842166
1236.0000,6.410291,-25.027114,-4.107390,26.159490
1237.0000,0.034076,-11.040198,4.344970,11.864481
1238.0000,3.831880,-22.156279,3.459915,22.749835
1239.0000,6.284101,-21.447667,-1.614541,22.407568
1240.0000,10.968499,-12.776149,12.369205,20.893424
1241.0000,1.960899,-25.832799,19.298028,32.304682
1242.0000,4.875332,-28.152771,7.534028,29.548417
1243.0000,1.228708,-21.112188,8.056306,22.630472
1244.0000,1.015971,-19.438563,11.807522,22.766368
1245.0000,10.385915,-14.063678,13.984294,22.387826
1246.0000,15.953185,-29.914568,13.992570,36.676662
1247.0000,11.373534,-21.097867,24.150853,34.025593
1248.0000,15.656479,-21.803497,5.985152,27.501634
1249.0000,16.276420,-20.585149,9.082479,27.769797
1250.0000,24.264958,-21.140610,13.237359,34.798582
1251.0000,21.466966,-21.498233,9.019812,31.691665
1252.0000,28.067046,-19.204873,2.354979,34.090059
1253.0000,27.284623,-7.223887,10.516840,30.120411
1254.0000,32.293124,-13.599364,5.457320,35.462246
1255.0000,34.339581,-19.911951,9.872870,40.904354
1256.0000,32.620531,-25.572231,10.283486,42.705832
1257.0000,26.752480,-22.038780,13.786003,37.302237
1258.0000,36.155591,-22.160991,18.595517,46.304747
1259.0000,34.334327,-19.365719,12.709241,41.417411
1260.0000,19.153511,-12.452928,12.294627,25.943983
1261.0000,16.151834,-17.909078,12.744958,27.277294
1262.0000,15.505609,-14.702904,10.033844,23.606722
1263.0000,14.710144,-15.558501,13.673074,25.404887
1264.0000,23.982313,-17.091358,23.273284,37.535472
1265.0000,30.089870,-4.679392,24.924211,39.351154
1266.0000,32.552631,-10.668866,28.478164,44.547776
1267.0000,24.517277,-10.183176,27.424754,38.169504
1268.0000,31.170665,-14.313376,29.388251,45.168046
1269.0000,44.036408,-15.403748,12.964799,48.420726
1270.0000,29.454522,-13.158071,15.364188,35.731806
1271.0000,30.814226,-8.120825,14.051482,34.826835
1272.0000,26.822116,0.058408,7.291271,27.795538
1273.0000,34.426718,-12.360427,13.295762,38.919871
1274.0000,25.065622,-15.982435,-0.148251,29.727859
1275.0000,21.514232,-6.960560,-0.981197,22.633478
1276.0000,22.266122,-12.812753,-7.544951,26.774487
1277.0000,33.517203,-14.401890,-6.198894,37.003292
1278.0000,28.724344,-11.385949,1.240287,30.923552
1279.0000,21.654366,-16.825014,-4.123993,27.730848
1280.0000,21.673973,-11.526155,0.422767,24.551825
1281.0000,27.689159,-19.916939,-8.580540,35.171006
1282.0000,32.131426,-22.690765,3.642427,39.504008
1283.0000,41.198710,-19.637606,3.208459,45.752196
1284.0000,30.191114,-24.280774,-8.924392,39.758070
1285.0000,31.686962,-11.741856,-0.290001,33.793770
1286.0000,27.602955,-16.697193,-3.697211,32.471353
1287.0000,37.734683,-21.246541,-7.000210,43.867126
1288.0000,38.747073,-18.159526,-18.151097,46.481893
1289.0000,42.286988,-16.281665,-11.762786,46.815010
1290.0000,29.153685,-9.998480,-14.366253,34.004356
1291.0000,26.603223,-8.749799,-10.020974,29.744081
1292.0000,28.214886,-2.748022,-11.184206,30.474873
1293.0000,29.112467,6.612793,-5.731806,30.399315
1294.0000,16.358982,8.186461,-13.781037,22.903087
1295.0000,19.998952,-1.538213,-13.099860,23.956847
1296.0000,27.318294,-7.115888,-22.596920,36.160004
1297.0000,24.052992,-6.072219,-19.422991,31.506679
1298.0000,20.275872,3.133069,-23.681565,31.332789
1299.0000,27.262788,-8.756833,-14.116558,31.925209
1300.0000,15.441804,1.115481,-22.478727,27.294446
1301.0000,15.961133,18.107791,-14.546709,28.182558
1302.0000,15.186835,3.448661,-19.524553,24.974815
1303.0000,12.743376,15.168511,-19.352733,27.694867
1304.0000,22.622561,8.214289,-12.374819,27.062722
1305.0000,8.064656,12.422530,-8.878083,17.267839
1306.0000,8.580633,5.462498,-20.584550,22.960615
1307.0000,7.183796,3.705431,-16.417183,18.299209
1308.0000,13.655039,-0.830278,-21.019212,25.079010
1309.0000,7.173261,-14.725567,-20.140220,25.960093
1310.0000,9.547605,-2.662990,-17.814561,20.386438
1311.0000,13.888094,-4.370819,-25.113997,29.029228
1312.0000,13.219545,0.342068,-17.498251,21.933130
1313.0000,10.212932,-7.770973,-6.361766,14.323549
1314.0000,4.148043,-11.554636,-6.024573,13.675209
1315.0000,11.450244,-2.410708,-6.540088,13.404937
1316.0000,12.301136,-1.443513,-2.475330,12.630476
1317.0000,15.316210,4.276244,-11.045847,19.361903
1318.0000,10.247860,-0.833037,-16.536738,19.472449
1319.0000,15.038056,2.240969,-5.503615,16.169565
1320.0000,9.845298,5.310586,-14.545139,18.349204
1321.0000,4.458644,5.135919,-12.278425,14.036271
1322.0000,12.713107,8.542786,-14.973492,21.419798
1323.0000,9.401752,7.176827,-17.853411,21.415977
1324.0000,13.455256,5.851253,-23.596211,27.786008
1325.0000,1.767675,1.606668,-32.062369,32.151230
1326.0000,5.201937,5.175049,-26.368636,27.370536
1327.0000,7.628548,-2.198785,-12.320699,14.657047
1328.0000,1.439267,4.451409,-5.506130,7.225234
1329.0000,6.776633,-12.584501,-1.060566,14.332383
1330.0000,-0.602217,-7.900049,3.514703,8.667559
1331.0000,0.747508,-1.530261,9.746150,9.893832
1332.0000,-1.533710,-6.120430,-6.679110,9.188168
1333.0000,-7.745830,2.208576,2.488179,8.430108
1334.0000,-7.615630,-1.645174,4.234032,8.867437
1335.0000,-8.780573,5.277497,13.023745,16.570105
1336.0000,-12.880803,10.949520,15.544369,22.965942
1337.0000,-6.358477,11.075901,11.847073,17.420073
1338.0000,-0.520593,10.709107,26.845222,28.907126
1339.0000,-12.590310,4.129768,20.419986,24.342283
1340.0000,6.381387,-6.305774,22.624931,24.338702
1341.0000,-3.106602,1.633780,28.994874,29.206557
1342.0000,12.014079,3.677970,20.954574,24.432759
1343.0000,5.457711,-8.272730,26.609873,28.395598
1344.0000,5.244235,-11.028238,21.495784,24.722313
1345.0000,1.097038,-5.928395,18.950490,19.886438
1346.0000,1.701281,-0.658170,17.296540,17.392465
1347.0000,-8.381295,-6.203044,19.106508,21.766546
1348.0000,-3.647367,-3.216962,13.923906,14.748806
1349.0000,-3.961930,1.567965,8.675243,9.665156
1350.0000,10.538183,-1.122607,17.206641,20.208464
1351.0000,10.789906,-5.375888,16.018950,20.048167
1352.0000,0.008769,0.580089,18.259158,18.268373
1353.0000,8.343879,-1.015415,11.690108,14.398264
1354.0000,8.223551,-3.892234,7.130343,11.559328
1355.0000,10.884482,-4.128376,22.245902,25.107680
1356.0000,20.465365,-4.933113,14.634821,25.638736
1357.0000,13.710709,-11.561415,17.599867,25.127777
1358.0000,16.576044,-10.945044,11.033394,22.722126
1359.0000,20.452016,-12.746823,10.326743,26.218468
1360.0000,27.510228,-10.665657,9.731750,31.068889
1361.0000,19.229664,-6.318692,13.506547,24.333776
1362.0000,13.327166,-4.958436,8.354532,16.492351
1363.0000,10.763845,-13.137319,13.990325,22.004061
1364.0000,14.231698,-4.983402,16.728704,22.521657
1365.0000,23.563645,-1.002201,26.932280,35.799406
1366.0000,20.082870,-3.484783,19.506864,28.213173
1367.0000,17.631250,-2.788751,27.474417,32.764031
1368.0000,20.132337,-15.928766,33.903501,42.526274
1369.0000,15.906735,-9.151891,27.755457,33.273814
1370.0000,7.422143,-16.396742,27.710388,33.042503
1371.0000,10.864624,-16.112148,26.745181,33.059735
1372.0000,21.416032,-13.847392,31.683843,40.672627
1373.0000,29.230992,-8.668957,29.589081,42.486650
1374.0000,34.324198,-5.311951,37.453276,51.079499
1375.0000,36.721348,-2.991499,36.661920,51.975983
1376.0000,28.053783,-3.788490,33.123113,43.571871
1377.0000,29.692072,-9.601343,32.846137,45.306442
1378.0000,31.408254,-13.956339,37.164814,50.620956
1379.0000,31.972147,-7.079457,35.192445,48.071250
1380.0000,27.892958,1.652449,31.697582,42.254993
1381.0000,23.363450,-2.128378,33.525715,40.918875
1382.0000,38.486249,-3.291355,34.732648,51.945945
1383.0000,26.264297,-2.836595,21.721514,34.200640
1384.0000,24.645713,-6.024599,19.792457,32.178383
1385.0000,23.372077,-13.445484,23.181228,35.558464
1386.0000,24.712376,-4.591047,22.775728,33.919214
1387.0000,20.216948,-9.451673,19.481273,29.623961
1388.0000,30.608521,-7.237334,21.628826,38.171542
1389.0000,31.810554,-7.852553,25.866616,41.745129
1390.0000,28.385811,-5.753879,22.533693,36.696440
1391.0000,26.344501,-2.989811,14.437512,30.189625
1392.0000,23.900039,3.066098,21.015461,31.972839
1393.0000,24.220897,-4.486645,28.106231,37.373013
1394.0000,25.275202,0.513617,23.765267,34.697083
1395.0000,24.217132,3.572425,13.585921,27.996588
1396.0000,18.903993,2.689860,22.297917,29.356318
1397.0000,26.524833,0.740841,14.852146,30.408910
1398.0000,33.289991,-4.486858,25.445784,42.140756
1399.0000,38.681124,2.350781,24.218667,45.697914
1400.0000,34.261927,0.235167,23.832183,41.736170
1401.0000,25.474789,-1.359647,19.725650,32.247710
1402.0000,36.911870,4.094144,17.121915,40.895087
1403.0000,37.765259,0.915023,22.647290,44.044884
1404.0000,41.889080,6.218832,20.039482,46.850291
1405.0000,30.525785,4.444569,28.231809,41.816417
1406.0000,31.528316,6.366453,17.429893,36.583707
1407.0000,24.727247,3.379011,20.465298,32.275113
1408.0000,13.153636,3.809419,24.929166,28.442805
1409.0000,13.952858,-3.358824,22.644510,26.809286
1410.0000,11.019555,-3.973593,15.713492,19.599333
1411.0000,17.561943,-0.047132,11.274800,20.869719
1412.0000,18.268919,0.522017,12.537549,22.163394
1413.0000,15.997668,-0.750057,12.517636,20.326809
1414.0000,23.518924,-1.935389,11.934188,26.444477
1415.0000,10.128969,-2.460213,17.750794,20.584930
1416.0000,20.948258,-11.648077,20.452658,31.509022
1417.0000,18.533881,-9.447006,21.457241,29.885848
1418.0000,25.086767,-8.653623,14.793414,30.382168
1419.0000,18.542702,-12.527361,18.532460,29.055441
1420.0000,15.371429,-19.848331,15.104218,29.298029
1421.0000,24.870935,-22.166500,23.890050,40.995751
1422.0000,28.797512,-12.744374,21.545377,38.156507
1423.0000,29.230603,-6.097151,21.950859,37.060000
1424.0000,17.921429,-4.884277,12.610938,22.451493
1425.0000,24.898154,-13.927571,11.734190,30.847796
1426.0000,28.169894,-2.389629,18.185337,33.614874
1427.0000,25.818039,-2.632001,27.930969,38.126600
1428.0000,22.916125,-1.691815,6.946719,24.005582
1429.0000,24.776825,-7.451921,5.051127,26.361640
1430.0000,23.589379,-10.524385,4.162929,26.163934
1431.0000,19.231393,-9.414805,11.325829,24.223118
1432.0000,26.950970,-9.932191,-0.329809,28.724763
1433.0000,24.968268,-13.685379,16.829128,33.074515
1434.0000,20.417065,-9.266775,17.804884,28.631164
1435.0000,26.378773,-16.296470,10.596695,32.767431
1436.0000,20.297166,-23.189972,10.886387,32.684296
1437.0000,22.616550,-14.976107,11.343645,29.401877
1438.0000,23.995986,-22.367322,8.718321,33.942799
1439.0000,27.679136,-9.595216,0.722683,29.304010
1440.0000,25.783585,-12.230161,6.474562,29.262435
1441.0000,20.488244,-6.621857,3.417373,21.801275
1442.0000,29.593916,-4.532464,-0.697375,29.947111
1443.0000,22.750059,-11.253606,0.926007,25.398156
1444.0000,20.736078,-16.460660,-4.354414,26.830937
1445.0000,19.521133,-21.017033,-3.396280,28.884685
1446.0000,18.735586,-18.107442,-2.319895,26.158814
1447.0000,18.025373,-5.067717,-4.923239,19.360633
1448.0000,19.995452,-0.480630,-7.990289,21.538195
1449.0000,16.498799,0.967389,-4.219338,17.057228
1450.0000,15.314762,-7.269597,-9.450796,19.408929
1451.0000,18.581647,-5.653153,-9.595416,21.663512
1452.0000,16.184445,-7.038735,-2.171187,17.781847
1453.0000,15.705597,-7.895425,-2.469222,17.751072
1454.0000,4.942851,-1.786450,-2.437820,5.793629
1455.0000,14.758213,-1.997893,-5.513424,15.880626
1456.0000,8.848022,-5.514459,-1.583086,10.545279
1457.0000,8.788505,-15.413797,0.021151,17.743264
1458.0000,4.171694,-8.597475,4.987993,10.779596
1459.0000,1.642519,-4.552603,16.002605,16.718476
1460.0000,12.526819,0.848207,11.109317,16.764772
1461.0000,10.594945,1.812032,11.143675,15.482823
1462.0000,4.896284,-0.579090,11.275653,12.306474
1463.0000,-1.303855,-11.225177,-0.136868,11.301477
1464.0000,-2.946072,-2.727077,8.431823,9.338733
1465.0000,7.393279,1.959782,1.014298,7.715576
1466.0000,2.443474,2.207176,6.662839,7.432067
1467.0000,12.489847,3.157513,5.820438,14.136607
1468.0000,2.981117,8.391074,10.148145,13.501186
1469.0000,15.971841,0.359633,0.897101,16.001057
1470.0000,12.524763,-7.551548,-3.514898,15.041611
1471.0000,17.633018,3.707629,2.883192,18.247812
1472.0000,15.657238,-0.160690,-0.125209,15.658563
1473.0000,16.892520,4.070621,-2.355668,17.535004
1474.0000,11.402866,-5.559411,2.407391,12.912317
1475.0000,9.069918,0.652237,3.419418,9.715002
1476.0000,12.755718,0.335089,-0.914664,12.792859
1477.0000,15.156886,3.841527,-3.763252,16.082617
1478.0000,10.491860,-3.522717,-5.061498,12.169940
1479.0000,19.359745,-6.313130,-0.400340,20.367022
1480.0000,6.744297,-5.701814,-0.962790,8.883873
1481.0000,5.440181,3.461310,-0.371260,6.458643
1482.0000,8.076572,12.814153,4.306599,15.747391
1483.0000,-1.893720,18.284252,-7.044610,19.685694
1484.0000,-1.249792,12.508592,-9.318839,15.648246
1485.0000,-1.467356,14.006989,-9.515044,16.996615
1486.0000,-5.377000,19.644410,-12.106658,23.693589
1487.0000,-2.161711,19.569164,-14.728853,24.587889
1488.0000,5.794814,21.820003,-16.927456,28.217568
1489.0000,7.090134,29.907607,-19.689672,36.502304
1490.0000,-1.322549,17.700190,-16.253472,24.067015
1491.0000,7.506750,18.765002,-19.969988,28.412621
1492.0000,12.983116,9.271651,-15.425651,22.191790
1493.0000,7.807625,14.016891,-18.820408,24.731356
1494.0000,9.210671,17.294237,-14.451705,24.347050
1495.0000,18.106722,8.989773,-21.446055,29.472066
1496.0000,13.636856,2.840636,-23.705492,27.495153
1497.0000,13.782016,2.232498,-23.434860,27.278575
1498.0000,15.170874,-4.123460,-16.797877,23.007107
1499.0000,27.148477,-7.386990,-11.870061,30.536957
1500.0000,18.458434,-6.771805,-6.691663,20.768955
1501.0000,16.745274,-14.672435,-8.784942,23.934489
1502.0000,19.403581,-11.004465,-11.604132,25.144643
1503.0000,10.406378,-10.434834,-11.135426,18.470954
1504.0000,13.304015,-12.079147,-11.437009,21.300417
1505.0000,16.534499,-13.638885,-12.881244,25.006705
1506.0000,18.800497,-22.326452,-14.329981,32.515804
1507.0000,22.640318,-20.218372,-18.286234,35.436605
1508.0000,15.848429,-27.344309,-10.245870,33.224416
1509.0000,11.091060,-15.731363,-14.472489,24.081950
1510.0000,14.798674,-28.096782,-20.038703,37.549694
1511.0000,18.096623,-29.726868,-21.829234,41.081503
1512.0000,17.321129,-38.093541,-25.257170,48.878053
1513.0000,19.498501,-31.800392,-33.835740,50.361828
1514.0000,17.441930,-36.995274,-26.103627,48.520826
1515.0000,23.908307,-23.644289,-18.236610,38.252235
1516.0000,13.628293,-27.351368,-13.061769,33.233078
1517.0000,21.149811,-23.284897,-4.908887,31.837055
1518.0000,12.699352,-26.052387,-3.058658,29.143709
1519.0000,14.477489,-18.824076,5.061380,24.280879
1520.0000,11.724885,-22.334416,8.638424,26.663110
1521.0000,4.186374,-15.745379,1.936756,16.407124
1522.0000,8.959671,-10.418270,8.523196,16.169753
1523.0000,2.603883,-16.606603,10.250029,19.688133
1524.0000,9.405849,-18.546788,8.107678,22.320121
1525.0000,1.054529,-11.918666,7.319857,14.026652
1526.0000,-5.207386,-19.470961,7.292632,21.434031
1527.0000,-2.762598,-11.720482,4.665321,12.913825
1528.0000,-0.290528,-15.786763,11.947970,19.800512
1529.0000,-6.896972,-13.435297,10.680402,18.497200
1530.0000,-5.105324,-29.995042,6.464800,31.105634
1531.0000,-5.266138,-35.060976,2.170374,35.520624
1532.0000,0.003971,-32.640276,-6.857091,33.352771
1533.0000,-8.627271,-31.785553,-3.076797,33.078964
1534.0000,-11.248440,-30.926988,3.861519,33.134836
1535.0000,0.108271,-37.693422,10.678412,39.176961
1536.0000,-1.769932,-32.160119,8.865876,33.406731
1537.0000,3.555412,-29.393825,9.227198,31.012563
1538.0000,3.025125,-20.100750,10.053548,22.677420
1539.0000,-2.869802,-19.153593,15.339659,24.706295
1540.0000,2.963275,-31.863702,16.612781,36.056358
1541.0000,4.519737,-27.307473,14.204608,31.111043
1542.0000,3.456533,-30.648938,13.936515,33.845701
1543.0000,4.771769,-31.263350,12.191793,33.894050
1544.0000,-0.637920,-38.615732,9.205704,39.702980
1545.0000,-3.410739,-29.430469,10.899323,31.568669
1546.0000,0.598976,-18.974648,21.034529,28.334563
1547.0000,4.712188,-20.828594,20.600549,29.671832
1548.0000,6.223087,-23.485350,20.838710,32.008442
1549.0000,8.834397,-16.575867,22.258471,29.124654
1550.0000,2.127845,-24.387784,20.731100,32.079125
1551.0000,5.715486,-28.352702,25.823954,38.773949
1552.0000,8.981720,-33.191560,12.032815,36.429927
1553.0000,5.821768,-36.538005,15.465644,40.101184
1554.0000,0.164729,-37.841329,10.422366,39.250720
1555.0000,0.067247,-41.232129,9.139959,42.233066
1556.0000,-2.599940,-25.854703,-1.676148,26.039102
1557.0000,-2.876613,-29.724306,-4.903676,30.263102
1558.0000,-9.056381,-26.644311,3.670004,28.379681
1559.0000,0.021753,-27.175599,4.373006,27.525204
1560.0000,-1.638474,-28.571236,3.305789,28.808477
1561.0000,-8.155020,-28.120456,9.832285,30.885890
1562.0000,-2.352099,-33.836526,2.141706,33.985729
1563.0000,-7.002272,-38.901499,0.408503,39.528791
1564.0000,-2.332104,-25.172542,7.650462,26.412594
1565.0000,-14.630578,-26.896937,0.666504,30.625859
1566.0000,-16.769975,-20.654480,-0.923532,26.621279
1567.0000,-1.946464,-15.823985,-0.627637,15.955599
1568.0000,-10.332148,-11.192772,-1.900622,15.350694
1569.0000,-5.117574,-10.208585,-1.254529,11.488194
1570.0000,2.339787,-19.473487,-6.619038,20.700313
1571.0000,-4.843147,-16.408402,-5.173957,17.873488
1572.0000,1.518458,-24.338494,-5.522451,25.003309
1573.0000,11.458674,-25.771015,-9.820428,29.864481
1574.0000,8.269285,-21.596985,-14.999363,27.564320
1575.0000,18.187142,-34.641831,-11.984031,40.919990
1576.0000,16.463580,-31.922576,-18.838864,40.558638
1577.0000,12.519341,-22.532365,-27.665593,37.813045
1578.0000,6.653761,-26.670030,-35.572160,44.954884
1579.0000,8.965590,-21.237277,-38.382193,44.772721
1580.0000,0.449876,-18.388256,-31.148381,36.173913
1581.0000,7.890106,-24.550226,-40.120879,47.693314
1582.0000,-0.300231,-11.821552,-40.639942,42.325455
1583.0000,11.695625,-11.385671,-39.777115,42.995814
1584.0000,11.812024,-22.047232,-36.531562,44.273687
1585.0000,4.701621,-16.760429,-45.755473,48.954883
1586.0000,4.522464,-17.756429,-40.559477,44.506344
1587.0000,3.108924,-23.499625,-29.424379,37.784810
1588.0000,2.659236,-19.874633,-37.768986,42.761769
1589.0000,0.863191,-15.433784,-45.758098,48.298554
1590.0000,-2.538507,-16.800437,-34.003141,38.012002
1591.0000,11.122820,-22.026190,-32.052676,40.450515
1592.0000,1.454799,-19.274934,-30.967663,36.505283
1593.0000,-5.832113,-11.665793,-31.335534,33.941420
1594.0000,5.512141,-10.610687,-33.722036,35.779130
1595.0000,9.406032,-2.427791,-23.916193,25.813793
1596.0000,0.314732,5.363542,-21.003559,21.679855
1597.0000,9.654780,6.167102,-24.788372,27.307715
1598.0000,4.621561,10.939025,-22.350275,25.309206
1599.0000,-1.459254,9.085342,-23.149173,24.910983
1600.0000,-3.206425,7.975200,-26.616275,27.969825
1601.0000,-6.360663,14.768953,-26.324587,30.847430
1602.0000,-5.907839,22.820133,-26.525083,35.485787
1603.0000,-7.653756,16.327880,-14.226701,22.969081
1604.0000,-8.995315,14.338649,-13.581279,21.701698
1605.0000,-7.730389,7.484234,-8.060482,13.444108
1606.0000,-8.969332,13.667387,-8.747049,18.540692
1607.0000,-4.098378,10.755666,-14.937562,18.857672
1608.0000,-5.547369,4.002287,-1.587711,7.022281
1609.0000,-8.865867,3.169636,-9.883847,13.650664
1610.0000,-8.369716,9.710471,-2.791832,13.120203
1611.0000,-10.935669,-4.033384,3.842840,12.272916
1612.0000,-11.179660,-7.671147,-1.360287,13.626506
1613.0000,-18.349669,-4.331908,-0.611845,18.863991
1614.0000,-13.231243,0.669871,0.051567,13.248290
1615.0000,-17.256349,-15.393965,1.779160,23.193127
1616.0000,-23.234338,-11.181280,10.040493,27.670688
1617.0000,-14.521535,-17.084051,-0.026499,22.421875
1618.0000,-5.799951,-30.015873,3.370481,30.756336
1619.0000,-14.233546,-25.009500,4.053419,29.060268
1620.0000,-8.889733,-18.743740,6.383406,21.704908
1621.0000,-8.976947,-14.332591,7.785588,18.617844
1622.0000,-14.517373,-11.166822,2.451600,18.478700
1623.0000,-8.168272,-13.973820,0.298280,16.188801
1624.0000,-4.867662,-14.699650,12.608819,19.968880
1625.0000,-19.237816,-11.977547,0.585982,22.669331
1626.0000,-22.475358,-6.679346,1.467489,23.492742
1627.0000,-23.326745,-7.687582,-8.379167,25.950846
1628.0000,-13.544745,-14.431170,-13.518115,23.967859
1629.0000,-14.773621,-8.450691,-11.041083,20.287424
1630.0000,-10.601339,-16.990203,-6.867352,21.171110
1631.0000,-14.923614,-15.532096,-2.350973,21.667657
1632.0000,-24.354153,-14.674229,1.077958,28.453818
1633.0000,-8.853664,-18.170318,-5.963560,21.073962
1634.0000,-5.987726,-9.147165,-5.595352,12.281346
1635.0000,-22.606638,-11.847670,-1.529155,25.568842
1636.0000,-16.014418,-9.415955,-2.718692,18.775332
1637.0000,-17.084356,-16.854294,-12.222584,26.932026
1638.0000,-14.623620,-16.394328,2.419640,22.101559
1639.0000,-7.465477,-15.167982,5.569445,17.799431
1640.0000,-4.673133,-14.475529,8.205418,17.283172
1641.0000,-8.478034,-14.222970,3.311043,16.885880
1642.0000,-0.130274,-15.469793,6.217009,16.672812
1643.0000,-1.879745,-13.912499,-0.760318,14.059486
1644.0000,-7.461086,-12.756754,3.365842,15.156895
1645.0000,-9.549362,-10.254002,-3.874154,14.537673
1646.0000,-8.896914,-11.414014,-3.517811,14.893280
1647.0000,-7.411084,-11.579552,-4.637692,14.509251
1648.0000,-11.530163,-5.340048,3.345635,13.139788
1649.0000,-8.406308,-18.007118,-0.127781,19.873063
1650.0000,-5.933663,-6.721271,-6.358301,10.991443
1651.0000,-6.979468,-16.292290,0.085209,17.724530
1652.0000,-10.088603,-10.516127,1.101900,14.614480
1653.0000,-9.475841,-17.453012,-0.233113,19.860854
1654.0000,-9.587540,-14.729433,-4.200868,18.069987
1655.0000,-10.329051,-15.443787,-9.657972,20.939825
1656.0000,-10.934371,-22.695938,-8.240918,26.506203
1657.0000,-4.846583,-20.068702,-0.125977,20.646017
1658.0000,-18.792623,-19.308736,-6.300596,27.671058
1659.0000,-16.303073,-23.728830,-8.045526,29.892776
1660.0000,-13.782782,-26.526735,-0.821028,29.904963
1661.0000,-8.968871,-24.642484,2.808897,26.373899
1662.0000,-7.717074,-17.831706,-3.577431,19.756543
1663.0000,-14.265605,-15.244587,-1.507650,20.932699
1664.0000,-7.828563,-16.564662,-10.928699,21.333328
1665.0000,-3.051744,-8.085484,3.604211,9.363681
1666.0000,-1.736247,-12.715653,4.504396,13.601175
1667.0000,14.172597,-18.585669,-3.929983,23.700936
1668.0000,8.724216,-17.976103,-2.478355,20.134410
1669.0000,2.892896,-18.900711,-0.370867,19.124415
1670.0000,-9.656600,-8.241032,4.869203,13.596826
1671.0000,-1.844436,-17.070605,-2.423498,17.340151
1672.0000,-9.613052,-14.446674,-4.420909,17.907026
1673.0000,-10.410074,-16.342744,-8.749129,21.260343
1674.0000,-6.787819,-16.104590,-4.280265,17.993137
1675.0000,4.764844,-14.459305,1.799795,15.330183
1676.0000,-2.185038,-14.011708,5.393282,15.172009
1677.0000,3.089662,-19.376126,6.404810,20.639813
1678.0000,0.050262,-12.858986,-4.782910,13.719776
1679.0000,7.608492,-22.648540,-4.485040,24.309692
1680.0000,-0.035237,-30.874055,-2.112949,30.946293
1681.0000,4.913088,-25.175767,-6.986033,26.585002
1682.0000,2.589048,-21.232913,-2.805343,21.573357
1683.0000,14.999772,-16.269130,-0.116214,22.128969
1684.0000,14.009438,-10.668957,-6.145542,18.650970
1685.0000,11.639888,-13.030496,-8.583030,19.466618
1686.0000,1.387818,-18.634940,-5.147463,19.382554
1687.0000,-2.014697,-20.596695,-9.322818,22.697969
1688.0000,1.929785,-13.157492,-19.067231,23.246568
1689.0000,9.214760,-19.782377,-20.056935,29.640089
1690.0000,3.191005,-27.804953,-24.498906,37.195353
1691.0000,7.142742,-17.448744,-23.932928,30.467400
1692.0000,1.922115,-16.807439,-19.059267,25.484116
1693.0000,5.145462,-29.078936,-9.811297,31.117870
1694.0000,8.210762,-25.857923,-15.511728,31.251600
1695.0000,13.847934,-17.110127,-8.029227,23.430540
1696.0000,10.398636,-16.871589,-11.637645,22.982970
1697.0000,8.491653,-11.304859,-19.720439,24.265278
1698.0000,5.947238,-21.882394,-14.799211,27.078136
1699.0000,17.333377,-18.346781,-11.024470,27.542500
1700.0000,17.189016,-23.621863,-13.805559,32.311734
1701.0000,8.781931,-21.070209,-17.006926,28.465972
1702.0000,22.636662,-14.921733,-5.609229,27.686459
1703.0000,16.820664,-13.484829,0.155717,21.559212
1704.0000,13.833616,-13.382865,-1.166716,19.282926
1705.0000,7.735437,-14.144591,-8.772940,18.354044
1706.0000,9.418800,-11.692039,-10.165481,18.131590
1707.0000,4.602314,-14.441845,-1.809585,15.265084
1708.0000,4.481398,-14.999791,-2.780108,15.899864
1709.0000,-14.799519,-8.375646,-9.570326,19.513287
1710.0000,11.350053,-15.966991,-6.026351,20.495985
1711.0000,8.486310,-6.448702,-18.769961,21.585056
1712.0000,4.992602,-2.625579,-14.717981,15.761939
1713.0000,15.078190,-6.346610,-17.039002,23.621153
1714.0000,9.731833,-4.517300,-20.449042,23.092811
1715.0000,8.322130,7.721909,-22.534394,25.232611
1716.0000,4.669723,9.056981,-25.932979,27.863141
1717.0000,4.222054,6.748649,-29.031582,30.103202
1718.0000,-1.094781,0.398622,-17.052637,17.092393
1719.0000,-1.929825,7.459766,-16.809108,18.491036
1720.0000,-0.995433,2.042988,-4.522204,5.061128
1721.0000,6.874640,12.048131,-16.584753,21.621105
1722.0000,-0.991295,15.187874,0.249309,15.222232
1723.0000,-2.155601,16.358196,1.760389,16.593257
1724.0000,-1.453193,7.559152,-1.467404,7.836186
1725.0000,-9.527498,5.873973,-10.919715,15.637038
1726.0000,-2.767730,9.872856,-12.868943,16.454279
1727.0000,1.887490,3.985674,-4.299523,6.159068
1728.0000,2.481628,8.389285,-12.830340,15.529205
1729.0000,-6.928566,7.172294,-10.274042,14.317917
1730.0000,-6.425652,7.423066,-10.689995,14.514369
1731.0000,-0.169524,3.435491,-14.345851,14.752450
1732.0000,0.332980,1.601871,-23.474156,23.531105
1733.0000,-5.948789,2.802343,-29.016869,29.752645
1734.0000,4.339244,-2.948250,-33.281822,33.692742
1735.0000,1.056989,-0.594531,-28.966455,28.991830
1736.0000,5.591522,-6.643864,-29.233333,30.495800
1737.0000,4.424592,-4.503247,-28.617620,29.305706
1738.0000,8.607675,-7.006090,-28.250049,30.351979
1739.0000,4.802126,-6.628345,-30.401010,31.483595
1740.0000,3.980482,-6.573216,-29.120692,30.117538
1741.0000,7.931413,-11.703966,-26.743260,30.250489
1742.0000,16.736379,-8.735284,-18.149660,26.188198
1743.0000,12.463401,-0.623472,-26.547659,29.334336
1744.0000,1.973578,1.455068,-21.134637,21.276398
1745.0000,-9.025926,1.263481,-13.448405,16.245718
1746.0000,3.307286,1.265030,-12.279181,12.779543
1747.0000,-7.959611,12.660400,-12.937606,19.774296
1748.0000,-4.907591,5.095789,-16.799006,18.227948
1749.0000,-6.575363,-0.573022,-14.088834,15.558245
1750.0000,-0.848889,5.745325,-13.161516,14.385926
1751.0000,10.160374,13.552954,-9.669123,19.504043
1752.0000,22.000114,6.381183,-16.810708,28.413454
1753.0000,10.223933,5.117060,-22.344218,25.099346
1754.0000,6.130127,9.383299,-15.754647,19.334779
1755.0000,-4.061197,7.242553,-21.934397,23.453479
1756.0000,-1.976360,8.964222,-26.625093,28.163076
1757.0000,-7.999891,8.521923,-19.729579,22.932024
1758.0000,2.239044,16.216915,-29.080076,33.371432
1759.0000,8.453074,17.015708,-26.772685,32.829338
1760.0000,7.581335,23.446666,-21.172373,32.488339
1761.0000,-3.218693,19.651735,-19.936782,28.178466
1762.0000,-1.484071,14.821751,-16.687397,22.368638
1763.0000,1.545456,18.652368,-14.238700,23.516799
1764.0000,-0.399711,22.941899,-21.134410,31.195413
1765.0000,-6.383554,21.886242,-12.669791,26.082196
1766.0000,-4.647798,24.614680,-7.192988,26.061918
1767.0000,5.501127,36.763785,-7.784897,37.979507
1768.0000,0.293956,24.716063,-11.586812,27.298798
1769.0000,1.000907,19.720371,-5.622463,20.530634
1770.0000,-5.374402,20.729907,-5.696551,22.159963
1771.0000,-8.176892,19.144077,-5.132805,21.440685
1772.0000,-3.085916,18.771356,-8.876073,20.992173
1773.0000,-4.437816,8.524096,-9.045126,13.197300
1774.0000,-4.199105,11.474351,-8.034008,14.623218
1775.0000,-1.825493,22.695461,-2.618295,22.918809
1776.0000,-6.401757,26.990580,-16.948430,32.507279
1777.0000,-6.080842,27.858988,-8.501433,29.755239
1778.0000,-3.644020,33.782827,-12.893504,36.342822
1779.0000,-4.432786,20.625068,-11.797985,24.170964
1780.0000,1.005489,25.532517,-15.307892,29.786775
1781.0000,5.400834,15.699483,-25.802618,30.682533
1782.0000,11.669206,16.254799,-20.499561,28.646481
1783.0000,12.236234,15.863607,-20.064916,28.354546
1784.0000,17.496209,11.829337,-19.663779,28.856798
1785.0000,4.465275,15.034459,0.162863,15.684392
1786.0000,2.853222,20.875580,-6.982434,22.196511
1787.0000,-4.894356,21.509823,-8.675415,23.704219
1788.0000,-2.159655,20.064192,-8.011494,21.712208
1789.0000,-7.311529,5.958037,-13.406703,16.391960
1790.0000,-6.264790,0.887557,-9.196797,11.163173
1791.0000,-15.819540,12.398961,-10.363277,22.613924
1792.0000,-11.497046,10.184276,-12.459427,19.777231
1793.0000,-14.043627,10.489307,-16.074211,23.782962
1794.0000,-18.592796,-0.574025,-17.205152,25.338485
1795.0000,-15.891943,-3.927444,-7.897555,18.175534
1796.0000,-18.058009,-4.627288,-5.068716,19.318265
1797.0000,-19.438907,8.708660,1.027789,21.325295
1798.0000,-14.542207,3.942244,-2.857155,15.335592
1799.0000,-24.367658,19.136097,-10.067255,32.577947
1800.0000,-21.993580,15.730086,-1.084782,27.061595
1801.0000,-10.871661,18.982916,0.585351,21.883481
1802.0000,-20.415876,5.118490,1.064972,21.074655
1803.0000,-8.426054,7.126058,-0.549780,11.049043
1804.0000,-8.338894,7.360374,-7.207913,13.253915
1805.0000,-17.773480,14.581209,-7.259875,24.108381
1806.0000,-9.748481,6.781988,-9.918245,15.472551
1807.0000,-12.232040,5.054030,-16.805523,21.391391
1808.0000,-12.801763,16.507631,-7.918404,22.340280
1809.0000,-12.377852,0.941266,-5.623220,13.627832
1810.0000,-15.542422,11.475126,-8.730984,21.200836
1811.0000,-6.761707,11.065876,-10.081232,16.425758
1812.0000,-11.173954,8.509307,2.422853,14.252571
1813.0000,-2.569596,2.364831,1.757810,3.909622
1814.0000,-3.037051,10.187857,-0.118957,10.631569
1815.0000,-2.738170,10.101732,-6.961206,12.569843
1816.0000,9.943383,9.959539,-3.726799,14.558582
1817.0000,6.358709,10.022509,-4.775729,12.794196
1818.0000,3.606855,14.664726,-2.995804,15.396052
1819.0000,9.907347,5.465516,-8.056444,13.890057
1820.0000,4.852798,5.641302,-3.285832,8.134533
1821.0000,8.184809,1.239693,-3.961940,9.177412
1822.0000,12.573991,-1.771524,-9.519688,15.870351
1823.0000,8.096628,-4.963514,1.422801,9.602928
1824.0000,7.874906,0.038949,-7.736265,11.039269
1825.0000,1.734753,10.542485,-8.738035,13.802413
1826.0000,5.122123,3.263699,-5.637143,8.286450
1827.0000,9.136101,0.072728,1.043988,9.195843
1828.0000,25.327639,14.151289,6.371866,29.704359
1829.0000,19.267277,19.509344,2.915721,27.574334
1830.0000,11.143401,14.464862,-7.963727,19.920556
1831.0000,27.996782,16.871838,-10.591374,34.360674
1832.0000,33.840703,17.474662,-9.951855,39.364913
1833.0000,20.499240,8.819424,-8.868444,24.013546
1834.0000,15.370561,-2.246560,-9.009268,17.957397
1835.0000,14.473321,-2.216418,-1.082420,14.682001
1836.0000,16.560075,8.378939,-2.710848,18.756104
1837.0000,13.855667,-9.653061,1.089738,16.921839
1838.0000,12.923885,-9.120551,-3.598375,16.222194
1839.0000,16.092720,-9.476624,-9.228908,20.831581
1840.0000,16.248651,-10.327932,-5.404601,19.997363
1841.0000,17.653825,-1.087595,-3.649855,18.059952
1842.0000,7.873881,-7.589748,-5.742196,12.352129
1843.0000,2.060929,-7.769414,1.364591,8.153117
1844.0000,7.399402,-5.648233,0.540070,9.324449
1845.0000,13.140232,-13.105332,5.386778,19.324410
1846.0000,14.874173,-9.683969,4.386064,18.282720
1847.0000,17.324149,-14.489008,2.834198,22.761594
1848.0000,9.537268,-14.067878,3.842177,17.424896
1849.0000,6.847114,-14.166921,-7.364525,17.372992
1850.0000,11.710047,-4.472848,-0.296948,12.538730
1851.0000,0.821462,-4.950774,-0.245057,5.024442
1852.0000,4.560978,-9.294185,-4.340170,11.225929
1853.0000,9.403107,-7.328928,-0.186640,11.923357
1854.0000,-2.833844,-2.838067,-1.377748,4.240694
1855.0000,-8.070183,-5.278229,-1.782068,9.806290
1856.0000,3.316376,-1.816026,-1.958435,4.258141
1857.0000,6.204863,12.011533,4.580212,14.274298
1858.0000,4.925675,-2.033482,-0.343730,5.339989
1859.0000,9.980851,7.320839,12.069776,17.288481
1860.0000,16.728367,9.744097,19.436803,27.433101
1861.0000,7.809678,14.074556,20.758655,26.267965
1862.0000,6.176806,12.607823,14.341376,20.069509
1863.0000,9.275547,6.045088,10.832457,15.489383
1864.0000,13.568068,-4.043873,18.171121,23.035517
1865.0000,20.810824,2.470938,8.441791,22.593357
1866.0000,16.372227,1.293014,12.634188,20.720627
1867.0000,24.048601,7.694369,9.725341,27.057730
1868.0000,26.211117,4.102171,-0.611138,26.537219
1869.0000,15.613299,0.430838,9.301380,18.179010
1870.0000,15.374594,8.090447,2.497430,17.551941
1871.0000,16.310822,1.309855,4.676366,17.018432
1872.0000,17.773418,-5.679421,6.467776,19.747970
1873.0000,18.749744,4.748503,0.006068,19.341696
1874.0000,19.416985,12.789175,1.518623,23.299968
1875.0000,21.840809,13.552570,2.088559,25.788663
1876.0000,27.582626,5.923958,6.043845,28.851735
1877.0000,8.432822,9.914562,11.282883,17.225402
1878.0000,17.663770,8.734370,-5.069275,20.346880
1879.0000,22.135988,16.387028,-1.981872,27.612759
1880.0000,23.379439,11.004263,4.988974,26.316949
1881.0000,22.965911,22.040971,-1.688235,31.876129
1882.0000,13.794504,19.704782,1.356461,24.091633
1883.0000,11.729173,20.588080,-1.025832,23.716974
1884.0000,22.899017,15.041830,-2.438355,27.505767
1885.0000,13.393506,14.270917,5.728211,20.392584
1886.0000,-0.176793,21.839345,11.547274,24.704813
1887.0000,11.415411,12.152448,-1.408671,16.732542
1888.0000,10.844118,16.381589,-3.331271,19.926081
1889.0000,9.142090,8.508962,2.605232,12.758036
1890.0000,-0.080958,15.573039,11.376130,19.285809
1891.0000,-6.299969,14.700385,4.725119,16.676860
1892.0000,12.482659,15.549814,11.738338,23.138757
1893.0000,16.903541,7.700114,8.575167,20.458615
1894.0000,14.625880,22.905104,16.297581,31.688662
1895.0000,14.726380,20.637887,16.129774,30.049264
1896.0000,14.693410,15.981746,17.243048,27.724271
1897.0000,10.414121,25.829109,3.507636,28.069561
1898.0000,15.902264,20.313953,0.807491,25.810671
1899.0000,12.656068,27.647229,4.091523,30.680383
1900.0000,25.336883,30.331846,-2.997744,39.635401
1901.0000,13.120868,21.589352,-6.783150,26.158524
1902.0000,9.269757,22.868664,1.735978,24.736972
1903.0000,-2.094847,30.464309,-2.901807,30.673816
1904.0000,-1.709813,18.959996,3.015002,19.274209
1905.0000,8.805150,30.613419,4.863752,32.223721
1906.0000,6.951680,20.646499,2.056389,21.882242
1907.0000,14.709314,13.305135,3.624646,20.162554
1908.0000,13.420204,16.138716,-3.218621,21.234867
1909.0000,18.740154,15.755287,1.086078,24.507183
1910.0000,7.893972,14.605777,-1.264410,16.650593
1911.0000,5.346616,9.939574,2.178663,11.494695
1912.0000,-2.092669,9.612320,2.396224,10.125110
1913.0000,9.416133,10.113987,-5.421016,14.843978
1914.0000,12.562617,15.992130,3.531144,20.640653
1915.0000,25.059534,10.010187,6.358776,27.723963
1916.0000,24.472141,14.044453,2.630918,28.338209
1917.0000,29.651641,15.713281,6.810389,34.241911
1918.0000,31.827455,9.664895,9.340986,34.549256
1919.0000,27.550508,8.735229,6.261353,29.572610
1920.0000,21.907178,2.430715,-1.786078,22.113863
1921.0000,24.324513,13.793774,2.183081,28.048458
1922.0000,23.125794,-2.156192,-7.992151,24.562695
1923.0000,27.020323,-2.012500,-9.767030,28.801786
1924.0000,22.988012,-3.173734,-8.758042,24.803721
1925.0000,17.699838,6.017972,-7.446372,20.123337
1926.0000,7.439494,-3.169519,-16.981796,18.808862
1927.0000,18.853319,1.473124,-17.799672,25.970099
1928.0000,19.343059,-8.174133,-30.001457,36.620456
1929.0000,16.542025,-5.706655,-24.643768,30.224490
1930.0000,17.929467,-9.991349,-29.538598,35.969732
1931.0000,22.202928,1.688777,-22.857935,31.910926
1932.0000,14.641528,-10.474813,-21.665129,28.168668
1933.0000,11.621467,-12.479963,-17.548517,24.469541
1934.0000,3.358566,-14.037328,-14.151292,20.213501
1935.0000,3.817995,-4.528176,-5.661155,8.193298
1936.0000,4.950853,1.309854,-7.132469,8.780591
1937.0000,5.570748,-8.777861,2.710319,10.743831
1938.0000,5.519168,-7.742438,-0.972866,9.557878
1939.0000,8.527857,-7.589555,-0.745925,11.440371
1940.0000,7.461436,-6.954235,1.302818,10.282595
1941.0000,3.078644,-11.477249,-3.594900,12.414854
1942.0000,9.527463,-12.116913,-4.157921,15.964975
1943.0000,10.054063,-6.848859,-12.303957,17.302555
1944.0000,8.222647,-8.570305,-5.519114,13.096667
1945.0000,-5.371770,-9.743863,-5.729296,12.514935
1946.0000,-7.128917,-7.780697,-5.718438,12.002552
1947.0000,-3.619781,2.194914,-7.683510,8.772502
1948.0000,-17.930111,-15.697864,-17.228981,29.406625
1949.0000,-24.933277,-6.645144,-8.836939,27.274855
1950.0000,-15.985707,-9.369632,-14.206400,23.348547
1951.0000,-14.262953,0.902631,-20.315587,24.838874
1952.0000,-24.174765,-1.446670,-13.229372,27.595804
1953.0000,-25.608755,4.477625,-5.749556,26.625455
1954.0000,-17.287211,4.038673,-6.443594,18.885932
1955.0000,-23.262326,5.403620,10.097845,25.928775
1956.0000,-15.812178,5.874128,3.456663,17.218562
1957.0000,-17.659840,7.570228,3.700826,19.567176
1958.0000,-14.703458,5.569038,-3.320635,16.069614
1959.0000,-8.139800,0.313526,2.518399,8.526252
1960.0000,-7.428380,-8.692503,-0.109993,11.434708
1961.0000,-9.703974,-7.547061,3.485827,12.777959
1962.0000,-9.082400,-14.017156,-0.365948,16.706423
1963.0000,-16.355648,-7.564113,-1.487478,18.081361
1964.0000,1.762843,-11.019371,-7.239054,13.301806
1965.0000,5.912420,-9.273897,-0.305477,11.002509
1966.0000,-12.398802,-4.604983,-3.976083,13.811061
1967.0000,-10.365182,-6.789791,0.224753,12.393094
1968.0000,-16.574708,-6.846760,1.211998,17.974093
1969.0000,-1.345245,-7.117763,3.844541,8.200776
1970.0000,-4.886779,-13.896577,11.303431,18.567795
1971.0000,-6.004802,-5.493397,8.854451,12.026486
1972.0000,-16.189760,-7.413123,18.904794,25.970251
1973.0000,-17.316341,-3.687976,11.350266,21.030582
1974.0000,-12.926047,-6.212994,-2.580473,14.571988
1975.0000,-25.799472,-9.927484,2.576146,27.763361
1976.0000,-16.765068,-13.546023,2.184803,21.664155
1977.0000,-20.842700,-16.106666,-3.102585,26.522988
1978.0000,-27.930268,-22.444069,0.262705,35.831622
1979.0000,-26.553328,-16.887055,-0.363318,31.470364
1980.0000,-25.718100,-19.496875,7.020924,33.027900
1981.0000,-29.785860,-12.545283,7.050853,33.080147
1982.0000,-24.320419,-8.590008,13.276449,29.009225
1983.0000,-24.668507,-7.120594,14.020618,29.254330
1984.0000,-24.171453,-6.506070,8.865920,26.555463
1985.0000,-24.094225,-0.357327,9.156980,25.778085
1986.0000,-26.011633,-1.771878,13.335889,29.284647
1987.0000,-20.860303,-12.890218,14.285500,28.379314
1988.0000,-14.000598,-9.856038,7.445852,18.670805
1989.0000,-27.033599,-10.754912,11.348980,31.229521
1990.0000,-27.189362,-4.229763,10.895474,29.594994
1991.0000,-22.544773,-0.586066,16.594076,27.999529
1992.0000,-24.140416,-2.993450,6.954020,25.299779
1993.0000,-23.639392,-8.957143,12.428265,28.169364
1994.0000,-20.893880,-6.170131,6.269662,22.670099
1995.0000,-15.527189,-9.985986,13.095328,22.634070
1996.0000,-11.854070,-3.141427,3.840014,12.850418
1997.0000,-11.513892,0.382848,8.895317,14.554825
1998.0000,-23.224049,-0.441325,9.377298,25.049650
1999.0000,-23.051967,-3.309428,4.796551,23.777140
2000.0000,-13.692594,0.683609,14.619368,20.041965
2001.0000,-15.142085,-6.606335,10.261308,19.447901
2002.0000,-18.169834,-4.057889,10.082653,21.172369
2003.0000,-15.408686,-5.498503,12.254849,20.441195
2004.0000,-26.037863,-8.359852,19.643351,33.670739
2005.0000,-24.869942,-4.820209,19.753458,32.123941
2006.0000,-26.371657,-7.023318,17.112733,32.212372
2007.0000,-19.236880,-5.807956,9.503327,22.228431
2008.0000,-20.062275,-5.802892,14.170209,25.238131
2009.0000,-18.009963,-8.205314,12.335614,23.320663
2010.0000,-6.652498,-12.320802,20.589201,24.899259
2011.0000,-14.760962,-12.254779,17.881844,26.226436
2012.0000,-18.080492,-8.302441,8.112999,21.486169
2013.0000,-13.267725,-9.933592,14.853180,22.255914
2014.0000,-7.295499,-8.483359,9.291348,14.543755
2015.0000,-9.263282,-11.216282,18.537640,23.563901
2016.0000,2.443838,-5.714625,23.959121,24.752146
2017.0000,3.230462,-8.587098,19.126684,21.213302
2018.0000,5.935580,-14.259694,18.829072,24.353725
2019.0000,6.229985,-13.668543,25.500734,29.596101
2020.0000,4.700506,-17.502532,22.356381,28.779179
2021.0000,2.557179,-20.267337,23.549640,31.175145
2022.0000,0.051650,-21.726861,21.529813,30.587449
2023.0000,0.717413,-19.648091,20.824971,28.639860
2024.0000,9.494758,-24.216309,14.938502,29.995648
2025.0000,-0.080665,-17.272668,12.811154,21.505284
2026.0000,4.958096,-13.769204,15.987298,21.674118
2027.0000,3.390754,-19.956940,13.191474,24.161781
2028.0000,-3.357118,-18.383140,19.487139,26.999235
2029.0000,-0.325892,-29.047938,21.235641,35.983904
2030.0000,-9.421362,-13.710366,29.148647,33.561582
2031.0000,-12.949954,-19.226915,24.120455,33.454027
2032.0000,-16.052197,-8.138146,26.022758,31.639949
2033.0000,-9.522926,-4.542767,22.959093,25.267426
2034.0000,-8.566245,-4.443936,24.818139,26.628352
2035.0000,-11.090396,-15.389616,22.805494,29.663576
2036.0000,-13.847955,-9.100132,15.903809,22.967573
2037.0000,-8.584356,1.819441,26.388163,27.808932
2038.0000,-2.381610,-1.808372,13.895866,14.213985
2039.0000,-3.886216,-6.175692,15.749806,17.357944
2040.0000,-9.666085,-6.517526,20.897448,23.929368
2041.0000,1.480522,-11.858171,13.476568,18.011831
2042.0000,3.147575,-17.621112,15.224857,23.499087
2043.0000,5.989628,-16.568004,6.725852,18.857664
2044.0000,5.530444,-25.667924,11.410877,28.629290
2045.0000,-1.975560,-12.366277,15.760137,20.129818
2046.0000,-4.212386,-11.067529,12.463393,17.192165
2047.0000,-1.669955,-12.316759,11.743877,17.099999
2048.0000,-4.169005,-3.468664,14.522397,15.502007
2049.0000,1.048649,-0.163235,12.086067,12.132573
2050.0000,2.564623,-5.337377,7.004183,9.171884
2051.0000,9.053124,-3.836792,3.782606,10.535090
2052.0000,-3.611834,-7.154911,9.640216,12.536820
2053.0000,-0.768491,-17.506835,9.787947,20.071965
2054.0000,-0.178411,-14.490722,10.575385,17.940223
2055.0000,-7.429805,-12.316773,14.170198,20.191568
2056.0000,-2.394752,-8.162063,13.384136,15.858411
2057.0000,7.787994,-8.000681,21.687201,24.392590
2058.0000,-4.226187,-13.470778,19.176822,23.813295
2059.0000,-9.269657,-7.214122,6.969275,13.657997
2060.0000,-6.224667,-2.658928,8.403279,10.790342
2061.0000,1.575877,-6.856292,13.176798,14.937206
2062.0000,-1.414890,-8.169347,24.249388,25.627583
2063.0000,9.169059,-6.023182,8.794726,14.060497
2064.0000,5.926127,-16.099159,11.337645,20.563173
2065.0000,-5.091404,-9.709931,9.481525,14.494980
2066.0000,1.332186,-6.301511,7.932295,10.217879
2067.0000,-4.295711,-5.286284,14.155546,15.709150
2068.0000,-4.284348,-3.107483,26.816475,27.333778
2069.0000,-6.094006,-2.155683,25.078985,25.898637
2070.0000,-2.114052,3.019835,27.466044,27.712311
2071.0000,-14.596275,-1.658070,19.635220,24.522282
2072.0000,-4.357388,8.273623,39.700190,40.786575
2073.0000,-2.798558,3.408264,33.280493,33.571408
2074.0000,-0.496201,-3.771420,31.753672,31.980706
2075.0000,1.826428,3.502466,25.606140,25.909024
2076.0000,12.738962,-2.531310,31.605574,34.170177
2077.0000,13.279340,-9.433042,22.606155,27.863262
2078.0000,22.781712,-6.897721,23.061390,33.142310
2079.0000,20.938258,-7.673319,27.358772,35.295792
2080.0000,21.363100,-5.571978,26.588479,34.559748
2081.0000,26.860598,1.407121,29.779005,40.128056
2082.0000,11.981935,-0.116028,32.738951,34.862862
2083.0000,21.215272,-6.431291,22.626203,31.676400
2084.0000,29.560203,-17.369136,22.900901,41.230374
2085.0000,30.525571,-14.242498,27.384386,43.411563
2086.0000,13.748698,-12.399359,23.828552,30.175664
2087.0000,15.238351,-17.150861,30.765061,38.377706
2088.0000,18.551411,-16.853300,24.973737,35.381861
2089.0000,27.477581,-11.116317,17.408834,34.375246
2090.0000,12.253828,-18.164229,19.740842,29.492310
2091.0000,26.784894,-19.448153,17.793588,37.580221
2092.0000,19.834984,-30.306748,20.416262,41.578232
2093.0000,13.271015,-22.605643,8.908121,27.685548
2094.0000,4.778316,-26.257409,-0.509144,26.693502
2095.0000,17.380880,-18.937820,8.655771,27.123023
2096.0000,14.287663,-8.630410,14.863136,22.350260
2097.0000,4.829584,-14.127689,10.726972,18.384352
2098.0000,16.189740,-11.115810,9.264844,21.714194
2099.0000,22.151021,-11.328115,17.934904,30.670095
2100.0000,12.566875,-10.366793,12.384056,20.463665
2101.0000,13.522320,-13.002437,8.674950,20.668122
2102.0000,3.943331,-10.771404,15.875876,19.586128
2103.0000,14.005606,-11.577153,3.963861,18.598378
2104.0000,-4.498915,-16.692085,5.995407,18.297837
2105.0000,-4.230619,-22.337633,7.324901,23.885606
2106.0000,5.278310,-27.470194,6.013294,28.611742
2107.0000,7.271416,-25.259152,7.301952,27.280337
2108.0000,5.011760,-17.421909,15.556238,23.888014
2109.0000,14.785250,-23.450575,6.843520,28.554629
2110.0000,14.000231,-21.234670,-1.054782,25.456438
2111.0000,7.089983,-27.327830,1.734223,28.285786
2112.0000,5.665190,-34.152483,-3.516540,34.797306
2113.0000,11.364470,-34.145826,-6.816195,36.627164
2114.0000,8.615114,-34.840993,-5.609516,36.326047
2115.0000,2.317064,-36.963183,3.455437,37.196583
2116.0000,10.614096,-32.301683,-5.303275,34.411952
2117.0000,6.017514,-32.654795,-4.026186,33.447815
2118.0000,9.168273,-33.328882,-6.800937,35.229595
2119.0000,11.671539,-22.569546,-2.457836,25.527440
2120.0000,13.393837,-13.992735,-7.277658,20.691926
2121.0000,10.927578,-12.380736,-3.636920,16.909221
2122.0000,13.627541,-20.562788,5.131845,25.196706
2123.0000,24.152673,-13.581451,6.043587,28.360754
2124.0000,21.200848,-24.280488,7.523956,33.100271
2125.0000,20.421020,-16.923994,9.775518,28.266595
2126.0000,21.304228,-16.112610,15.881172,31.075681
2127.0000,21.240803,-14.476727,16.141723,30.352966
2128.0000,18.392663,-11.806588,15.218228,26.632312
2129.0000,16.880404,-6.365577,16.948507,24.753192
2130.0000,19.977050,-11.340136,19.968989,30.437505
2131.0000,14.112179,-13.496430,16.270260,25.417092
2132.0000,14.279006,-6.468385,5.020871,16.460230
2133.0000,6.326214,-6.096321,7.358546,11.460118
2134.0000,2.734789,-4.264659,9.094924,10.410766
2135.0000,2.034603,-9.677926,13.774016,16.956573
2136.0000,3.105514,-13.475565,-4.255758,14.468813
2137.0000,5.215694,-6.002595,3.300174,8.609632
2138.0000,-6.276990,-5.983250,4.298807,9.678824
2139.0000,-2.460697,-6.835039,4.967223,8.800346
2140.0000,0.863764,1.132007,-2.998735,3.319630
2141.0000,-6.621345,-2.014755,-0.910812,6.980761
2142.0000,-6.353468,9.883336,7.783773,14.093758
2143.0000,-12.810867,9.422970,8.242820,17.912420
2144.0000,-12.032169,5.362418,-0.705364,13.191897
2145.0000,-14.424903,-3.419764,5.045966,15.659961
2146.0000,-10.968026,-3.188000,0.856319,11.454005
2147.0000,-6.838210,-1.237255,-0.300895,6.955750
2148.0000,-16.659785,2.868197,3.411907,17.245756
2149.0000,-15.058900,2.782158,1.181379,15.359249
2150.0000,-10.072387,12.993357,13.535547,21.295336
2151.0000,-14.653799,4.767634,7.175603,16.998630
2152.0000,-6.818967,1.477725,4.118394,8.102047
2153.0000,-6.812624,-2.006417,0.992662,7.170979
2154.0000,-2.658761,-4.302012,4.355062,6.674045
2155.0000,-5.166071,-6.039880,14.104215,16.189420
2156.0000,-11.779926,-3.689955,12.629111,17.660036
2157.0000,-11.537627,-8.648083,8.299591,16.636989
2158.0000,-2.386016,-11.404728,6.440815,13.313339
2159.0000,-14.819023,-12.432108,0.672416,19.354919
2160.0000,-2.482719,-14.680647,-0.217361,14.890686
2161.0000,-0.391543,-12.957981,-0.777293,12.987177
2162.0000,-4.764428,-8.154861,8.388434,12.631997
2163.0000,-9.581483,-4.951372,0.832640,10.817310
2164.0000,-2.106646,-4.708184,-0.150483,5.160194
2165.0000,-2.422327,2.434126,7.612705,8.351402
2166.0000,4.647086,1.480969,-3.419785,5.956812
2167.0000,-8.834095,-6.142356,-14.271774,17.873257
2168.0000,-4.886001,-5.736873,-3.438302,8.282913
2169.0000,2.348083,-15.095403,-3.156373,15.599595
2170.0000,2.026841,-5.688956,2.764826,6.642030
2171.0000,1.006048,-8.383310,7.730942,11.448121
2172.0000,11.964992,-2.676856,2.722655,12.559436
2173.0000,13.964024,-10.238844,-0.150274,17.316191
2174.0000,8.738640,-5.799669,-3.125862,10.943994
2175.0000,7.453017,-7.794141,-1.603011,10.902557
2176.0000,2.939132,-3.639106,-2.571971,5.338223
2177.0000,-4.835999,-3.997416,9.784539,11.623400
2178.0000,-6.189696,-0.994107,5.703827,8.475508
2179.0000,-11.545055,-3.370427,14.534911,18.865622
2180.0000,-5.264304,-10.096251,8.728390,14.346845
2181.0000,0.722453,-6.757970,9.128661,11.380885
2182.0000,2.070081,-2.358386,4.310313,5.331606
2183.0000,-3.382754,-4.402153,-0.379181,5.564688
2184.0000,-4.045596,-7.648786,-3.275093,9.251865
2185.0000,-2.886529,-11.082818,-1.889527,11.607377
2186.0000,-7.803534,-9.317189,-13.048735,17.831844
2187.0000,-6.139514,-7.213531,-14.021989,16.921727
2188.0000,-4.644369,-17.510388,-19.509639,26.623483
2189.0000,-5.134987,-8.559062,-18.949841,21.417799
2190.0000,-9.779833,-28.619251,-27.959608,41.187939
2191.0000,-1.381441,-15.777831,-30.693746,34.539171
2192.0000,4.325068,-14.213379,-17.268935,22.780309
2193.0000,3.099245,-20.681789,-20.010698,28.944253
2194.0000,4.366814,-15.282689,-17.213401,23.429273
2195.0000,-1.285142,-17.770130,-17.850246,25.220237
2196.0000,12.199136,-24.171125,-28.819356,39.542603
2197.0000,2.680606,-5.659069,-25.491607,26.249433
2198.0000,0.392975,-11.699252,-27.069347,29.491973
2199.0000,-5.257852,-18.137104,-18.114793,26.167638
2200.0000,-2.223781,-19.337337,-15.058520,24.609690
2201.0000,-1.865877,-19.636204,-20.936776,28.764746
2202.0000,-10.707913,-22.073269,-16.876325,29.777491
2203.0000,-13.717454,-23.622341,-19.489965,33.556553
2204.0000,-6.979372,-18.644421,-14.963829,24.904663
2205.0000,-6.271888,-11.475012,-4.409718,13.800655
2206.0000,1.636524,-4.431285,-8.395613,9.633318
2207.0000,2.894660,1.206571,-3.730848,4.873817
2208.0000,1.859462,-0.694054,-18.077888,18.186515
2209.0000,1.732179,7.910669,-11.442320,14.018053
2210.0000,5.523172,4.135806,-17.777286,19.069406
2211.0000,6.698803,4.197391,-24.186684,25.445781
2212.0000,0.385599,6.594292,-21.147421,22.155062
2213.0000,7.196178,-1.962007,-17.964480,19.451401
2214.0000,5.671472,-5.570718,-14.484341,16.522549
2215.0000,11.271343,4.671947,-18.805803,22.417147
2216.0000,-1.917418,-6.125960,-20.975334,21.935554
2217.0000,-8.195546,-7.206533,-21.088843,23.745323
2218.0000,1.308419,-4.353654,-21.209676,21.691395
2219.0000,9.333535,-11.881944,-15.295869,21.500211
2220.0000,6.601900,-4.080071,-15.276808,17.135137
2221.0000,4.672686,-3.814560,-19.671441,20.575482
2222.0000,11.048904,2.026598,-25.733341,28.078287
2223.0000,11.081895,5.788710,-37.457088,39.488618
2224.0000,11.885293,7.886365,-24.662765,28.490471
2225.0000,12.287043,10.321459,-22.054101,27.274298
2226.0000,23.882020,0.848536,-18.215582,30.047934
2227.0000,13.119915,5.993519,-8.757369,16.874417
2228.0000,8.905693,-0.011349,-9.502484,13.023391
2229.0000,4.301368,-7.030911,-11.307057,13.992320
2230.0000,16.213689,-8.055951,-9.999862,20.682826
2231.0000,7.562472,-6.121359,-14.654166,17.589958
2232.0000,12.448495,-3.066530,-8.128902,15.180503
2233.0000,0.650923,-8.357412,-10.880777,13.735405
2234.0000,7.835215,-3.910990,-14.129684,16.623309
2235.0000,9.511656,-5.867310,-11.372126,15.944347
2236.0000,1.846240,0.679501,-7.754482,8.000144
2237.0000,9.326150,7.070445,-18.108469,21.561190
2238.0000,15.460394,13.930073,-7.483529,22.115015
2239.0000,11.183687,8.042016,-14.056963,19.681135
2240.0000,10.396799,3.559843,-21.458202,24.108512
2241.0000,24.161468,10.537831,-20.812434,33.585412
2242.0000,23.345934,6.712804,-19.384652,31.078274
2243.0000,24.434554,11.193804,-20.348025,33.710396
2244.0000,13.658673,5.551858,-28.960423,32.497517
2245.0000,7.921424,13.788788,-14.490017,21.513722
2246.0000,5.775791,19.370195,-19.935564,28.389979
2247.0000,13.810808,17.761096,-16.597275,27.958263
2248.0000,12.781193,11.592904,-17.997183,24.932968
2249.0000,12.071491,13.667664,-27.313272,32.841144
2250.0000,10.418530,10.176940,-27.499973,31.118554
2251.0000,7.732651,0.749290,-27.286547,28.370953
2252.0000,2.622802,-0.041785,-23.532744,23.678490
2253.0000,7.212307,-2.403185,-30.705566,31.632649
2254.0000,3.545511,-0.494457,-24.703114,24.961150
2255.0000,-1.612602,-4.744166,-18.814754,19.470556
2256.0000,3.871450,-6.138703,-31.548279,32.372298
2257.0000,-7.739123,-12.402637,-22.800272,27.084531
2258.0000,-1.700823,-2.812293,-27.420823,27.617084
2259.0000,-3.742623,-9.222492,-21.866249,24.024871
2260.0000,1.083450,-6.236303,-17.353578,18.471925
2261.0000,6.681624,0.124599,-8.674829,10.950447
2262.0000,12.205355,-1.319570,1.062691,12.322388
2263.0000,14.575469,5.225894,2.930932,15.758954
2264.0000,19.155211,-2.603845,1.919700,19.426460
2265.0000,22.862784,1.742285,-2.503528,23.065344
2266.0000,12.258491,9.438789,-8.935636,17.866363
2267.0000,13.910440,1.960270,-11.581520,18.206444
2268.0000,20.267379,6.166594,-13.394478,25.064029
2269.0000,11.356560,13.967680,-21.437179,27.993217
2270.0000,17.383448,6.336312,-23.964817,30.276155
2271.0000,17.529756,3.096969,-33.794899,38.196580
2272.0000,18.939409,6.741498,-23.456627,30.892756
2273.0000,24.119516,10.212385,-24.760023,36.043066
2274.0000,17.884991,8.307107,-25.654520,32.357925
2275.0000,25.832503,1.859434,-27.131087,37.508287
2276.0000,31.166386,14.437189,-32.903307,47.564731
2277.0000,26.340038,2.811366,-31.846810,41.423673
2278.0000,28.432720,4.368819,-18.711828,34.316740
2279.0000,16.443308,-7.603137,-20.588525,27.424030
2280.0000,18.079170,-11.774724,-21.030774,30.129620
2281.0000,24.115315,-18.210550,-18.819837,35.599983
2282.0000,18.756103,-14.483555,-20.517252,31.345214
2283.0000,25.518657,-14.609229,-19.216136,35.126789
2284.0000,24.787582,-12.109818,-14.521971,31.176266
2285.0000,23.478924,-4.723941,-17.430548,29.620929
2286.0000,21.365585,3.663490,-22.106279,30.961217
2287.0000,11.521583,5.818583,-17.160017,21.472517
2288.0000,17.361948,1.139021,-15.539583,23.328379
2289.0000,15.123049,-1.103295,-3.139617,15.484866
2290.0000,16.055166,-3.713555,-10.781512,19.692635
2291.0000,18.524159,-6.167895,-9.521495,21.722023
2292.0000,13.335316,3.349877,-9.786002,16.876556
2293.0000,2.160487,-1.833240,-13.850705,14.137556
2294.0000,-3.144351,-0.268974,-14.590226,14.927625
2295.0000,-5.831810,2.117408,-10.365675,12.080590
2296.0000,-5.729391,6.135162,-7.129913,11.013709
2297.0000,-8.485806,-8.287850,-2.245785,12.072320
2298.0000,4.759099,-8.560383,-2.098217,10.016571
2299.0000,0.628969,-9.738424,2.255333,10.015939
2300.0000,8.142950,-11.409245,-0.821603,14.041137
2301.0000,6.389873,-10.465228,2.069837,12.435261
2302.0000,1.678003,-10.366873,1.756553,10.647687
2303.0000,-3.622819,-4.515158,0.666936,5.827201
2304.0000,-8.997510,-2.408199,-5.088743,10.613666
2305.0000,-6.163707,-13.029860,-5.784927,15.531706
2306.0000,-19.510594,-6.731801,-4.247550,21.071832
2307.0000,-11.759284,-10.548722,-11.320288,19.434640
2308.0000,-19.095504,-6.103686,-19.737145,28.132688
2309.0000,-18.772642,-7.152742,-19.816443,28.218172
2310.0000,-3.668180,-7.094276,-7.535774,10.980537
2311.0000,-4.065195,-8.173959,-8.503118,12.475673
2312.0000,-9.678027,-15.439216,-16.944890,24.882984
2313.0000,-6.541555,-2.381838,-13.136265,14.866962
2314.0000,-5.015688,-8.203806,-8.500439,12.834214
2315.0000,-2.593867,-3.497319,-0.238037,4.360740
2316.0000,3.409382,-6.841291,0.266858,7.648422
2317.0000,3.263579,-4.795874,0.441310,5.817741
2318.0000,2.706595,-7.279536,-2.753021,8.239928
2319.0000,-2.235176,-0.706942,2.734613,3.601928
2320.0000,0.042254,-5.742512,6.497749,8.671734
2321.0000,9.551553,3.319104,5.299779,11.416491
2322.0000,1.228807,-5.836120,6.750614,9.007832
2323.0000,-4.058326,-9.376680,3.655557,10.851508
2324.0000,-0.736794,-11.550506,7.593285,13.842508
2325.0000,-2.171301,11.168022,13.882910,17.949219
2326.0000,-2.557408,9.046949,9.371025,13.274175
2327.0000,3.059553,9.865204,9.283588,13.887697
2328.0000,5.205224,6.612298,7.308925,11.146175
2329.0000,11.856776,9.553945,9.409441,17.899682
2330.0000,24.495271,11.153386,8.486014,28.221069
2331.0000,10.056193,11.218519,8.136949,17.122854
2332.0000,12.946811,20.599852,9.605662,26.158031
2333.0000,17.361146,14.627626,2.255754,22.813707
2334.0000,9.213861,18.889430,-4.240992,21.440425
2335.0000,4.722649,7.382715,1.074569,8.829643
2336.0000,7.077662,18.370469,-3.971376,20.083308
2337.0000,4.751736,25.025746,-8.586403,26.881095
2338.0000,1.870635,33.398541,0.038138,33.450908
2339.0000,8.279091,32.324073,-4.426505,33.659813
2340.0000,-6.498541,28.526582,-3.655103,29.484855
2341.0000,2.786764,25.643070,4.636669,26.207476
2342.0000,-5.082730,26.256329,-10.877979,28.871428
2343.0000,-4.245900,21.418904,-13.826580,25.845143
2344.0000,7.408107,33.065226,-1.689192,33.927019
2345.0000,-0.387283,32.579552,-12.548718,34.914861
2346.0000,9.890366,24.391383,-9.802329,28.086376
2347.0000,9.727940,26.624960,-6.887643,29.171235
2348.0000,9.890207,27.379092,-16.067074,33.250289
2349.0000,9.541587,22.288936,-6.155472,25.014563
2350.0000,-0.052013,24.913621,3.103711,25.106259
2351.0000,8.435744,12.606332,-5.201267,16.035416
2352.0000,7.477973,23.445067,-8.402647,26.003764
2353.0000,7.562508,22.706835,-1.935903,24.011239
2354.0000,0.379910,16.290743,4.066401,16.794887
2355.0000,8.583673,15.673227,-2.805176,18.088629
2356.0000,10.998071,17.660679,-9.627219,22.924670
2357.0000,19.135137,12.767090,-4.330447,23.407367
2358.0000,16.542875,-1.029641,-6.026507,17.636486
2359.0000,12.232657,10.340396,-5.473114,16.926804
2360.0000,16.880813,9.101234,-2.783288,19.378880
2361.0000,22.630469,0.758927,0.241493,22.644479
2362.0000,18.302190,2.831571,-4.821115,19.137166
2363.0000,18.158725,-3.799476,-6.271902,19.583464
2364.0000,19.709737,-2.104166,-13.283728,23.861238
2365.0000,25.227715,4.794629,-10.846877,27.876169
2366.0000,19.554321,-1.456633,-2.993789,19.835726
2367.0000,14.772888,-8.122944,-1.824849,16.957314
2368.0000,10.031382,-5.634513,-2.492556,11.772391
2369.0000,21.607880,-8.097728,7.494304,24.261869
2370.0000,24.382492,-10.690786,10.915201,28.773954
2371.0000,34.870296,-12.001142,6.680127,37.477847
2372.0000,27.046048,-17.084911,4.216300,32.267012
2373.0000,32.783939,-11.594486,-2.565542,34.868335
2374.0000,35.604878,-7.199498,13.266656,38.672267
2375.0000,26.461692,-6.828339,-0.293027,27.330079
2376.0000,25.300841,-8.478570,-3.676026,26.935699
2377.0000,15.391193,-9.873271,-4.021880,18.722869
2378.0000,24.448606,-5.057545,-16.189466,29.755872
2379.0000,20.024076,-1.348681,-13.839166,24.378373
2380.0000,25.410560,-4.944752,1.162802,25.913303
2381.0000,26.188532,8.772245,-0.188322,27.619322
2382.0000,21.280142,5.660128,-6.435231,22.941092
2383.0000,28.950759,2.744265,0.250789,29.081615
2384.0000,15.359206,8.457634,-0.696505,17.547704
2385.0000,20.899357,0.312069,-15.304953,25.906024
2386.0000,23.276839,1.151217,-1.879180,23.380929
2387.0000,15.157967,4.328370,4.628507,16.429298
2388.0000,23.487372,0.658511,5.826688,24.208275
2389.0000,13.024635,3.611327,6.004764,14.789861
2390.0000,16.437636,1.484240,-1.177108,16.546432
2391.0000,8.366245,4.500288,7.190773,11.914439
2392.0000,15.531292,6.413922,5.384133,17.645065
2393.0000,15.994085,5.161797,9.378929,19.246278
2394.0000,4.183002,-2.021022,13.748231,14.511923
2395.0000,8.542720,-1.833252,-0.664448,8.762441
2396.0000,-3.746893,-3.630702,8.428878,9.912981
2397.0000,-6.231543,-6.585362,-5.222605,10.463018
2398.0000,-2.125526,-7.446927,-2.766828,8.223741
2399.0000,-1.543917,-13.541452,-10.456830,17.178472
2400.0000,2.046379,-10.551197,-9.123556,14.098039
2401.0000,5.637661,-13.067698,-10.328895,17.585051
2402.0000,-0.444242,-16.155436,-17.348837,23.710285
2403.0000,10.095792,-8.965941,-19.603307,23.803419
2404.0000,3.057600,-2.545087,-19.230248,19.637434
2405.0000,0.763025,-5.134736,-8.153871,9.666092
2406.0000,8.598934,-9.000444,-5.823974,13.742937
2407.0000,15.885271,-10.147743,-0.377306,18.853670
2408.0000,15.275272,-13.984404,-4.901191,21.281898
2409.0000,14.299460,-3.542132,3.646298,15.176190
2410.0000,24.808310,-11.666087,-0.977839,27.431843
2411.0000,16.076817,-6.222486,8.987407,19.441113
2412.0000,13.564236,-2.901027,17.193601,22.091273
2413.0000,25.187399,-11.804722,7.698434,28.862128
2414.0000,21.374744,-8.274982,7.527249,24.124976
2415.0000,19.233104,-5.353513,-0.912495,19.985120
2416.0000,17.955941,-5.490761,10.296335,21.414453
2417.0000,18.108999,2.144733,13.585330,22.739765
2418.0000,16.526665,-2.354675,7.283670,18.213374
2419.0000,16.731503,-10.781283,6.355116,20.894180
2420.0000,9.712615,-11.483315,7.716608,16.904066
2421.0000,12.101101,-10.341909,4.396863,16.514362
2422.0000,16.959324,-4.440584,10.326543,20.346374
2423.0000,10.258804,-7.713262,8.605543,15.452923
2424.0000,12.959806,1.883984,9.096043,15.945029
2425.0000,10.717993,2.218701,15.750675,19.180244
2426.0000,16.908683,5.554239,14.954850,23.246519
2427.0000,22.392356,7.024543,17.055560,29.011273
2428.0000,18.889289,8.420381,6.884774,21.796976
2429.0000,22.608878,1.529058,14.854371,27.095235
2430.0000,26.330940,-2.684741,10.303310,28.402191
2431.0000,18.054605,0.928353,-2.906828,18.310659
2432.0000,16.036448,-0.159297,-5.430595,16.931757
2433.0000,17.864781,3.838933,-4.579510,18.837720
2434.0000,16.413686,0.850966,3.149188,16.734713
2435.0000,23.386184,3.226336,11.270599,26.160070
2436.0000,15.304362,0.666690,10.498505,18.571122
2437.0000,10.926079,0.258085,7.838543,13.449483
2438.0000,23.100007,-6.621719,9.308481,25.770241
2439.0000,26.756359,-12.972777,9.303132,31.156764
2440.0000,18.760077,-10.178277,13.338997,25.168763
2441.0000,18.199054,-7.706492,11.257969,22.745054
2442.0000,14.355716,-4.525914,22.537298,27.101666
2443.0000,16.652452,-5.242897,19.166576,25.925851
2444.0000,12.016617,-12.198726,16.706022,23.922774
2445.0000,17.638411,-14.338694,9.412676,24.603052
2446.0000,17.003718,-14.438480,9.372871,24.196009
2447.0000,10.610646,-12.938042,5.464967,17.602404
2448.0000,12.703099,-11.596415,-2.090968,17.326792
2449.0000,21.253228,-11.877045,1.556680,24.396457
2450.0000,17.144200,-6.644684,8.364621,20.200057
2451.0000,16.821854,-3.308101,-3.702398,17.539271
2452.0000,28.618137,-17.174176,5.994440,33.909931
2453.0000,29.516977,-10.243845,8.663485,32.422898
2454.0000,30.551085,-10.882659,18.450700,37.312590
2455.0000,34.553873,-15.026407,16.200932,41.015037
2456.0000,38.697262,-12.659262,17.741063,44.412615
2457.0000,42.790476,-7.571094,16.857490,46.610313
2458.0000,39.625351,-8.609353,14.194130,42.962341
2459.0000,39.667502,-6.884041,17.291625,43.816675
2460.0000,37.719884,-15.536840,13.852065,43.082046
2461.0000,45.313456,-9.318696,10.000983,47.330403
2462.0000,35.593698,-4.506766,0.293859,35.879083
2463.0000,43.019143,-7.110600,-2.278756,43.662341
2464.0000,37.362058,-5.178118,5.977204,38.189832
2465.0000,35.287739,4.845989,9.183423,36.783738
2466.0000,37.577148,3.621703,9.424054,38.909788
2467.0000,47.736066,5.484138,-1.138384,48.063538
2468.0000,52.140294,0.971830,-3.287162,52.252848
2469.0000,53.435428,4.440454,3.610553,53.741034
2470.0000,55.069561,6.271037,2.979942,55.505518
2471.0000,38.691100,6.186813,3.957765,39.381999
2472.0000,37.595602,2.658532,4.729787,37.985102
2473.0000,46.572489,17.562966,2.935970,49.860549
2474.0000,43.119878,25.053498,16.651482,52.576359
2475.0000,40.480631,10.380850,12.340014,43.574298
2476.0000,28.891535,22.650314,4.326420,36.965868
2477.0000,19.988771,13.927478,-8.450313,25.786303
2478.0000,23.041874,10.136790,-16.959302,30.352930
2479.0000,24.986110,21.984120,-12.223575,35.454520
2480.0000,13.898929,14.524889,-14.859203,24.998971
2481.0000,29.622548,17.211354,-2.814252,34.375079
2482.0000,19.823444,13.896075,-14.391039,28.163307
2483.0000,23.204001,15.851136,-13.326889,31.101289
2484.0000,32.105416,16.618135,-14.802776,39.064592
2485.0000,29.899489,10.446702,-11.358625,33.647160
2486.0000,35.218565,11.144777,-11.366240,38.648995
2487.0000,17.459082,10.376723,-6.374319,21.286800
2488.0000,19.418848,3.046519,0.812423,19.673154
2489.0000,27.113901,6.746972,-4.123641,28.243400
2490.0000,29.257639,9.355346,-4.047616,30.982497
2491.0000,25.525931,10.269691,12.936566,30.403856
2492.0000,21.963123,6.116633,10.498257,25.099908
2493.0000,29.181052,12.088729,3.092091,31.736922
2494.0000,22.375432,8.878171,8.993364,25.697519
2495.0000,23.840874,16.611586,2.059508,29.130288
2496.0000,22.864836,20.068542,12.525168,32.900258
2497.0000,18.535001,14.457780,-3.008601,23.698636
2498.0000,16.596984,3.815264,4.646289,17.652312
2499.0000,32.895129,8.212109,10.128065,35.385109
2500.0000,32.310632,16.321535,4.728152,36.506504
2501.0000,36.641684,7.408320,11.670669,39.162492
2502.0000,42.618281,2.500319,5.446089,43.037535
2503.0000,36.903933,3.130756,3.953124,37.246867
2504.0000,35.071313,11.458439,1.202329,36.915287
2505.0000,28.697125,6.221528,-2.232901,29.448570
2506.0000,36.921668,2.920732,-0.879233,37.047447
2507.0000,31.520327,0.878901,7.750064,32.471018
2508.0000,33.977803,2.479551,7.412090,34.865145
2509.0000,24.643671,12.347545,15.626034,31.685097
2510.0000,26.954546,1.815335,20.256268,33.766246
2511.0000,22.105953,-9.557238,9.001387,25.710678
2512.0000,24.685069,-12.735456,14.640037,31.398649
2513.0000,15.675393,-10.277319,9.429576,20.982328
2514.0000,21.656988,-4.769769,0.174545,22.176706
2515.0000,17.475249,-0.752022,-3.752485,17.889410
2516.0000,17.502537,-0.642561,-4.017902,17.969285
2517.0000,17.281713,-2.663435,-9.494313,19.897071
2518.0000,9.886238,3.100415,-10.225472,14.557148
2519.0000,24.653089,-5.663874,-10.575641,27.417120
2520.0000,25.033230,-6.156705,-10.577199,27.864759
2521.0000,28.534298,-14.288906,-15.591571,35.517265
2522.0000,24.492570,-9.707143,-22.532138,34.667158
2523.0000,19.420746,-3.456612,-19.457903,27.707825
2524.0000,20.167999,0.494152,-20.875690,29.030790
2525.0000,23.818928,12.179854,-13.524748,29.976807
2526.0000,18.964537,1.307130,-13.890002,23.543458
2527.0000,22.075255,-4.934896,-10.983667,25.145795
2528.0000,32.243737,-4.298975,-11.654426,34.553805
2529.0000,30.762188,-8.313016,-8.949010,33.098387
2530.0000,30.969990,-1.807750,4.319352,31.321958
2531.0000,34.713007,-3.176590,9.425205,36.109806
2532.0000,37.462144,-10.111683,1.473252,38.830772
2533.0000,38.481029,-11.772060,6.822094,40.815585
2534.0000,40.310654,-6.416257,0.052422,40.818133
2535.0000,33.395855,-6.293363,-0.153978,33.984015
2536.0000,38.123556,-2.692084,13.802644,40.634540
2537.0000,38.524560,0.025824,6.118990,39.007492
2538.0000,41.363369,11.731540,-2.513222,43.068243
2539.0000,38.703048,-3.014977,-6.251360,39.320421
2540.0000,38.234550,-0.786155,-0.094242,38.242747
2541.0000,38.030031,-2.470250,3.575316,38.277517
2542.0000,38.759771,-3.371375,-3.877730,39.098884
2543.0000,26.176672,-15.903130,-8.478360,31.780659
2544.0000,32.700061,-6.903278,-2.925769,33.548612
2545.0000,38.029663,-8.788793,10.409311,40.396186
2546.0000,28.088474,-10.695819,5.881628,30.626075
2547.0000,29.942259,-10.699418,-7.718260,32.719841
2548.0000,31.617769,-8.165884,-6.907204,33.377754
2549.0000,31.067752,0.088176,-9.165354,32.391615
2550.0000,31.739549,7.157782,-2.565762,32.637646
2551.0000,34.541495,2.127584,-7.008985,35.309593
2552.0000,34.617492,-4.294968,-3.616601,35.069891
2553.0000,38.640026,-1.368688,-12.114235,40.517646
2554.0000,55.060618,-9.154208,-3.875525,55.950790
2555.0000,47.612797,-1.625801,-2.729219,47.718658
2556.0000,41.669159,-18.572691,-11.091865,46.949900
2557.0000,37.986015,-13.506804,3.576252,40.474197
2558.0000,41.599108,-18.325668,-0.774585,45.463346
2559.0000,29.422328,-18.122599,-10.822719,36.210954
2560.0000,29.351482,-11.216670,2.921529,31.557226
2561.0000,28.310350,-10.822661,-5.068632,30.729415
2562.0000,35.311747,-4.159227,-0.980509,35.569369
2563.0000,27.423196,1.414003,-5.483898,28.001861
2564.0000,20.204297,2.338533,-5.772159,21.142379
2565.0000,15.345815,2.547392,-15.320060,21.833174
2566.0000,30.461739,7.926385,-10.753313,33.262274
2567.0000,28.664415,4.508589,3.121760,29.184267
2568.0000,36.029136,-1.713433,1.243471,36.091283
2569.0000,34.663182,-1.319300,-0.276083,34.689378
2570.0000,28.523504,2.761678,3.022318,28.815821
2571.0000,15.361888,0.247318,-0.626863,15.376661
2572.0000,22.377181,-0.350127,-8.270601,23.859247
2573.0000,24.741648,-7.195872,-1.727785,25.824697
2574.0000,21.921747,-7.637450,-9.111538,24.938199
2575.0000,32.779360,3.545729,-16.441700,36.842748
2576.0000,22.777137,-12.372996,-10.216566,27.861573
2577.0000,31.645847,3.130487,-9.982136,33.330206
2578.0000,23.767097,2.420656,-12.514711,26.969473
2579.0000,16.230030,-1.730341,-9.597425,18.934586
2580.0000,27.452750,-1.174135,-15.949963,31.771581
2581.0000,20.932192,-3.405781,-11.976432,24.355511
2582.0000,10.734002,-4.114305,-11.915153,16.556485
2583.0000,10.042242,-10.263133,-19.969416,24.595856
2584.0000,15.429325,3.430034,-22.171357,27.228630
2585.0000,21.419050,7.924545,-26.025825,34.625391
2586.0000,13.503856,-0.837589,-23.596448,27.200148
2587.0000,28.690374,10.139807,-17.155318,34.932194
2588.0000,22.915946,1.403133,-24.582123,33.636143
2589.0000,17.640241,9.248427,-25.054904,32.007182
2590.0000,15.185867,-1.977977,-28.960383,32.760139
2591.0000,29.253587,-3.270163,-30.386965,42.306430
2592.0000,27.671639,-3.518750,-30.440320,41.288186
2593.0000,33.038409,-9.857550,-34.590607,48.838692
2594.0000,32.351777,-12.630943,-25.721262,43.217607
2595.0000,27.007562,-12.827675,-20.061225,36.005700
2596.0000,29.748127,-4.230211,-21.551478,36.977181
2597.0000,27.025729,-11.914881,-23.272089,37.602454
2598.0000,27.610031,-14.483191,-13.718654,34.062855
2599.0000,31.196208,-12.466055,-12.635219,35.892264
2600.0000,32.290944,-18.747091,-8.503172,38.294417
2601.0000,35.966189,-10.412519,-13.551043,39.819820
2602.0000,48.728252,-15.716885,-11.757815,52.532935
2603.0000,48.146677,-13.910731,-26.530234,56.705064
2604.0000,38.518946,-5.350489,-21.039147,44.215186
2605.0000,36.992381,-13.241997,-24.562024,46.336592
2606.0000,32.337165,-3.683543,-28.082562,42.987103
2607.0000,45.574552,7.069572,-29.626906,54.815802
2608.0000,36.772405,0.771178,-30.036095,47.486540
2609.0000,35.603438,-5.105965,-27.076390,45.020069
2610.0000,18.593331,-3.355765,-16.976044,25.399984
2611.0000,19.702064,-0.560124,-13.928213,24.134626
2612.0000,17.353836,6.236697,-3.986772,18.866541
2613.0000,22.259308,18.528428,-13.592367,31.992685
2614.0000,26.028673,18.330650,-20.200973,37.703897
2615.0000,24.472139,15.068333,-12.669453,31.407886
2616.0000,19.187233,19.375740,-13.454705,30.407208
2617.0000,16.720425,20.042446,-19.027692,32.300547
2618.0000,19.270048,27.986516,-23.806430,41.488865
2619.0000,17.822069,30.262887,-23.641173,42.336433
2620.0000,27.819186,28.104506,-15.689363,42.543231
2621.0000,23.791771,22.082508,-10.387244,34.081966
2622.0000,23.272769,23.824787,-5.589202,33.771015
2623.0000,24.360090,22.468379,-8.254125,34.152198
2624.0000,26.063253,25.621450,-0.588010,36.552669
2625.0000,17.134926,28.145546,-8.679849,34.075170
2626.0000,16.108674,21.097927,-10.408091,28.512107
2627.0000,8.287204,26.584463,4.413312,28.193772
2628.0000,1.509242,33.054874,1.261463,33.113348
2629.0000,7.173078,36.660336,-8.293182,38.264999
2630.0000,11.753679,34.954563,-9.665201,38.123308
2631.0000,9.979940,27.416057,4.521871,29.524341
2632.0000,12.786239,30.143835,3.298641,32.909265
2633.0000,-0.434540,25.796191,3.272587,26.006579
2634.0000,5.951250,30.262699,7.223208,31.676853
2635.0000,-5.367690,31.965844,3.021761,32.553930
2636.0000,-7.861603,35.038119,5.806485,36.375677
2637.0000,-14.163568,22.100137,4.430380,26.620499
2638.0000,-11.176801,30.472775,13.327154,35.087376
2639.0000,-4.261671,23.171279,14.327879,27.574592
2640.0000,-9.653026,12.133513,10.278632,18.602509
2641.0000,-7.275497,26.266493,0.611307,27.262340
2642.0000,-16.575486,20.590887,-0.895605,26.448694
2643.0000,-15.115857,8.748432,-4.053270,17.929116
2644.0000,-19.498778,21.436748,8.225882,30.123108
2645.0000,-5.235073,16.574018,21.530801,27.670914
2646.0000,-15.245616,10.918662,23.242953,29.864374
2647.0000,-15.423625,13.517847,19.392344,28.225580
2648.0000,-16.015739,8.753399,16.571037,24.652082
2649.0000,-17.730752,8.265420,17.338122,26.140146
2650.0000,-18.850796,13.668165,23.761175,33.268073
2651.0000,-20.294752,15.818651,17.573604,31.159882
2652.0000,-27.041842,2.868792,6.055038,27.859553
2653.0000,-17.246292,8.041039,1.100436,19.060531
2654.0000,-24.308278,14.388081,-2.758626,28.381672
2655.0000,-26.299640,19.233892,-5.480160,33.040064
2656.0000,-19.944300,7.933954,-2.587088,21.619801
2657.0000,-13.021886,6.842108,-9.600082,17.565464
2658.0000,-17.346019,1.594784,-8.861669,19.543717
2659.0000,-23.858322,-3.605603,4.160359,24.485271
2660.0000,-19.697950,1.943782,-4.569269,20.314176
2661.0000,-22.765571,-0.206055,-4.606196,23.227801
2662.0000,-28.929485,-3.244925,-3.500870,29.320654
2663.0000,-21.101795,-7.905489,-0.520763,22.540047
2664.0000,-25.076888,-17.606563,-8.319920,31.749999
2665.0000,-25.608952,-11.272521,-7.596724,28.993074
2666.0000,-29.616780,-16.438671,-4.297983,34.144636
2667.0000,-19.121492,-12.412213,-2.610534,22.945792
2668.0000,-25.976161,-18.648098,-2.296468,32.059105
2669.0000,-31.116528,-13.224807,-0.545804,33.814667
2670.0000,-16.006090,-7.458703,9.723409,20.158667
2671.0000,-21.871379,3.732185,10.890318,24.716097
2672.0000,-27.361887,-2.678435,13.587478,30.667025
2673.0000,-23.315840,6.656119,10.235100,26.318996
2674.0000,-29.752781,-3.486308,13.309742,32.780048
2675.0000,-21.541296,2.979876,13.432032,25.560254
2676.0000,-29.889539,7.428450,8.058034,31.835488
2677.0000,-34.028470,-1.397767,9.375446,35.324064
2678.0000,-30.604582,4.295256,18.983892,36.269517
2679.0000,-32.972078,-2.536023,21.992111,39.714509
2680.0000,-41.323265,-5.474748,16.308630,44.761104
2681.0000,-39.255022,3.318910,23.084323,45.660244
2682.0000,-48.307233,-7.273977,28.148538,56.381200
2683.0000,-46.261524,-6.659761,28.454765,54.718870
2684.0000,-46.005060,-0.703315,21.676790,50.861020
2685.0000,-41.723709,-0.352817,27.390248,49.912103
2686.0000,-34.637923,-8.561499,14.536035,38.527669
2687.0000,-34.013904,1.511472,22.463823,40.790361
2688.0000,-19.890905,4.666192,17.046353,26.608262
2689.0000,-12.101065,0.636763,23.520489,26.458546
2690.0000,-19.090039,-8.180445,12.607739,24.296180
2691.0000,-18.418744,2.142342,4.119199,18.994935
2692.0000,-22.607409,0.012787,9.954134,24.701819
2693.0000,-21.249848,7.223557,9.516711,24.378343
2694.0000,-14.514658,4.647603,9.230809,17.818063
2695.0000,-23.989603,14.421334,17.048429,32.773844
2696.0000,-30.579896,14.910685,8.290753,35.017069
2697.0000,-25.881542,7.243895,-2.241463,26.969472
2698.0000,-22.152247,4.823748,4.759964,23.165661
2699.0000,-26.976140,4.759834,0.574150,27.398865
2700.0000,-27.568231,7.657262,1.389966,28.645646
2701.0000,-24.000198,1.775684,1.406612,24.106869
2702.0000,-27.297687,-10.226925,-0.037217,29.150559
2703.0000,-27.065756,-10.265883,-4.047551,29.228859
2704.0000,-33.700278,-4.513090,-6.043833,34.534109
2705.0000,-34.581984,-3.028738,-1.807288,34.761375
2706.0000,-43.867195,-10.574624,-7.112122,45.680803
2707.0000,-36.826101,-11.486146,-9.467801,39.720682
2708.0000,-20.673242,-7.912604,-5.674115,22.851429
2709.0000,-28.853667,-8.610451,-3.329087,30.294501
2710.0000,-31.201597,-7.017369,-6.443900,32.623718
2711.0000,-29.440974,-9.410377,-5.143769,31.333441
2712.0000,-28.159295,-17.823380,1.276372,33.350381
2713.0000,-28.608277,-3.010786,-8.364850,29.957788
2714.0000,-35.427183,6.257583,-0.768383,35.983788
2715.0000,-44.966116,1.166527,-2.560935,45.054087
2716.0000,-36.028584,-6.327724,1.561474,36.613347
2717.0000,-30.527608,-12.802018,0.967785,33.117414
2718.0000,-36.859332,-18.147125,4.222334,41.300807
2719.0000,-46.862962,-16.936637,5.517294,50.134094
2720.0000,-44.004474,-19.204035,5.786908,48.359870
2721.0000,-41.198756,-11.813781,12.381343,44.611664
2722.0000,-33.104316,-17.671156,10.597517,38.993241
2723.0000,-35.755524,-15.344569,11.828251,40.667196
2724.0000,-31.250463,-14.761378,4.299247,34.827766
2725.0000,-37.114559,-21.901354,7.749380,43.785987
2726.0000,-48.885127,-10.251674,2.558797,50.013997
2727.0000,-32.878531,-19.942445,-9.824282,39.688984
2728.0000,-29.682475,-14.137160,-3.211327,33.033638
2729.0000,-36.322038,-2.307512,-13.111882,38.685094
2730.0000,-28.983439,-1.969969,-14.226535,32.346790
2731.0000,-29.666115,-3.851810,-14.812413,33.381468
2732.0000,-25.021661,2.058706,-10.405840,27.177257
2733.0000,-37.378605,1.309691,-10.725103,38.908910
2734.0000,-35.551297,-4.616158,-13.651940,38.361167
2735.0000,-33.612169,-1.650251,-11.677829,35.621242
2736.0000,-34.769034,-8.935773,-4.652797,36.199203
2737.0000,-28.674532,-13.398808,-12.522157,34.037645
2738.0000,-40.539778,-0.160894,-6.198934,41.011295
2739.0000,-41.315022,-0.713499,-11.707641,42.947747
2740.0000,-31.703903,6.498950,-1.079526,32.381155
2741.0000,-34.253716,9.527476,-3.939494,35.771630
2742.0000,-39.923137,2.927818,-4.156931,40.245610
2743.0000,-37.206222,10.676821,-4.822698,39.007126
2744.0000,-37.477644,10.018796,-12.395714,40.725960
2745.0000,-28.045131,6.600194,-12.534800,31.419948
2746.0000,-29.269166,1.742430,-17.506643,34.149710
2747.0000,-32.721045,-12.723382,-8.660875,36.160227
2748.0000,-25.168725,-10.646513,-3.722787,27.580284
2749.0000,-26.288641,-1.911583,-2.391778,26.466344
2750.0000,-29.916610,-8.715135,7.132206,31.966006
2751.0000,-31.397831,-9.925387,3.268711,33.091110
2752.0000,-30.232857,-12.950657,-1.911097,32.945371
2753.0000,-21.799608,-12.934299,4.574080,25.757352
2754.0000,-25.073922,-24.917162,5.767993,35.816704
2755.0000,-23.080830,-18.200083,3.145082,29.561111
2756.0000,-20.359417,-21.528588,1.666024,29.677628
2757.0000,-13.691816,-25.391984,5.718089,29.409440
2758.0000,-14.757186,-11.844284,-2.371370,19.070527
2759.0000,-13.997205,-21.987287,-2.088846,26.148152
2760.0000,2.984760,-21.610620,4.578780,22.291095
2761.0000,-3.189628,-19.839349,4.548762,20.602541
2762.0000,-0.545829,-23.244982,1.968387,23.334560
2763.0000,4.602240,-11.795256,-10.546139,16.478159
2764.0000,2.442918,-11.479910,-2.343918,11.968714
2765.0000,-4.273875,-8.967821,-14.517722,17.591250
2766.0000,-1.960659,-5.488926,-1.014144,5.916163
2767.0000,-0.886527,-14.555860,-4.815799,15.357438
2768.0000,-2.991388,-21.903882,-14.250751,26.302326
2769.0000,-3.389671,-18.902321,-8.672634,21.071359
2770.0000,-6.793242,-31.197726,-8.001409,32.916087
2771.0000,-10.820495,-25.701031,-0.344579,27.888077
2772.0000,-5.934812,-18.638204,-7.835174,21.071179
2773.0000,-2.319565,-18.727286,-6.951169,20.109957
2774.0000,-13.165509,-27.782633,3.691580,30.965030
2775.0000,-20.441001,-12.221214,2.300597,23.926666
2776.0000,-29.333016,-8.495024,-0.480355,30.542135
2777.0000,-15.078484,-9.524128,-7.889758,19.501743
2778.0000,-11.853815,-5.380867,-9.032061,15.844393
2779.0000,-16.301037,4.326489,-7.802670,18.582895
2780.0000,-19.344465,2.615183,-16.366623,25.473788
2781.0000,-15.883388,9.656764,-14.885722,23.814277
2782.0000,-20.300761,4.195622,-16.155246,26.281479
2783.0000,-18.748726,-1.383397,-13.237488,22.992599
2784.0000,-14.842238,11.356062,-16.737979,25.088087
2785.0000,-19.147444,20.615057,-17.439072,33.101758
2786.0000,-18.186617,28.459527,-33.276730,47.413484
2787.0000,-24.717507,17.145735,-28.133927,41.187974
2788.0000,-18.896517,24.839885,-27.043931,41.297366
2789.0000,-26.652226,15.160563,-27.761937,41.363135
2790.0000,-22.849472,20.676133,-11.957525,33.054247
2791.0000,-23.691627,15.986305,-22.497171,36.372762
2792.0000,-24.724533,16.263739,-16.208385,33.742013
2793.0000,-26.148103,17.609598,-14.906463,34.871533
2794.0000,-26.971258,14.277110,-15.408204,34.186216
2795.0000,-27.740053,6.459777,-18.876098,34.169377
2796.0000,-17.939695,13.573104,-12.360570,25.667986
2797.0000,-29.897602,16.960304,-10.433570,35.921830
2798.0000,-19.657776,23.280867,-10.671869,32.284915
2799.0000,-34.014547,12.957343,-9.145479,37.530280
2800.0000,-28.632912,6.460117,-0.079104,29.352735
2801.0000,-25.265019,4.014592,-5.667786,26.202326
2802.0000,-17.830801,-1.666579,-4.358888,18.431355
2803.0000,-6.988382,-4.944048,-12.850871,15.441049
2804.0000,-17.552337,0.144437,-15.193229,23.215073
2805.0000,-14.629539,-3.476075,-11.803246,19.116043
2806.0000,-8.563789,-1.145188,-15.587567,17.821958
2807.0000,-20.233957,-10.072636,-9.486867,24.512684
2808.0000,-17.034851,-10.518854,-17.634467,26.679709
2809.0000,-12.060537,3.371698,-18.488977,22.330857
2810.0000,-26.287263,0.957389,-20.005108,33.047559
2811.0000,-23.438545,9.799702,-13.277646,28.665231
2812.0000,-25.777227,8.288850,-13.742944,30.365095
2813.0000,-14.972632,12.039201,-12.452554,22.895156
2814.0000,-16.037772,3.979948,-5.391706,17.381617
2815.0000,-18.437745,-6.364464,-11.618135,22.703257
2816.0000,-19.786751,-4.865300,0.457435,20.381264
2817.0000,-13.961055,-17.215996,-4.647691,22.647354
2818.0000,-2.542187,-5.041903,-8.239478,9.988619
2819.0000,7.056772,-6.249109,-2.123867,9.662309
2820.0000,8.578872,-7.794122,2.693192,11.899524
2821.0000,5.838467,-12.398596,4.983376,14.582418
2822.0000,11.601940,-8.439849,-2.634861,14.586931
2823.0000,7.690131,-4.580899,-15.358429,17.776504
2824.0000,16.941687,-5.582875,-10.318477,20.607286
2825.0000,11.743868,-4.478582,-0.312051,12.572729
2826.0000,12.616570,-3.338044,-3.432648,13.494571
2827.0000,25.548268,-2.944424,-8.913679,27.218327
2828.0000,14.380879,-4.099614,-8.043679,16.979909
2829.0000,24.272868,-1.294053,-9.129833,25.965372
2830.0000,14.500246,-1.047412,-7.373274,16.300901
2831.0000,15.054587,-5.291883,-17.010685,23.323979
2832.0000,21.348296,-7.378475,-14.381916,26.777437
2833.0000,19.804709,-13.961776,-6.388967,25.059460
2834.0000,15.159394,-11.357765,4.448274,19.457471
2835.0000,19.406328,-1.388207,7.288707,20.776379
2836.0000,5.440551,-5.526602,-10.009939,12.662614
2837.0000,21.638663,-12.070057,-16.217609,29.612984
2838.0000,20.735790,-11.986751,-7.469636,25.088855
2839.0000,12.295315,-7.876463,-15.339312,21.178006
2840.0000,12.838132,-6.465792,-17.086146,22.328468
2841.0000,6.830288,-11.984695,-9.478531,16.737034
2842.0000,14.182538,-8.575809,-12.688698,20.873235
2843.0000,13.820848,-23.445033,-12.015031,29.749729
2844.0000,8.064907,-22.748119,-11.987891,26.948639
2845.0000,13.940072,-25.018930,-11.563649,30.886735
2846.0000,11.842310,-25.770996,-2.148810,28.442959
2847.0000,16.111616,-22.818769,8.121266,29.090124
2848.0000,28.531133,-20.759056,4.870976,35.618679
2849.0000,21.846906,-9.548481,-11.330906,26.397921
2850.0000,23.277727,-8.008765,-1.121955,24.642477
2851.0000,21.940315,-12.129758,1.930423,25.144283
2852.0000,18.623875,-8.663694,-5.423448,21.244343
2853.0000,16.227018,-3.944459,-9.032113,18.985624
2854.0000,-1.476646,-5.353696,-4.211731,6.970023
2855.0000,12.751805,-7.242458,0.845728,14.689349
2856.0000,11.485907,-17.494141,0.205427,20.928766
2857.0000,15.191284,-16.843600,-16.032866,27.776515
2858.0000,16.258257,-14.735217,-9.853338,24.052979
2859.0000,18.776207,-8.672480,-9.613077,22.807216
2860.0000,17.619545,-9.086828,0.862786,19.843467
2861.0000,16.981635,-18.129242,16.992326,30.096254
2862.0000,18.913810,-22.164337,9.262186,30.574141
2863.0000,20.447371,-26.739584,6.676014,34.317190
2864.0000,17.052900,-15.412179,5.095074,23.543501
2865.0000,11.175985,-11.229812,12.172225,19.979349
2866.0000,27.679833,-8.356214,8.884315,30.247818
2867.0000,29.485868,-3.834445,8.762930,30.998521
2868.0000,22.163109,-4.692131,9.015503,24.382346
2869.0000,17.561673,-7.622407,0.902352,19.165794
2870.0000,21.648727,-24.983478,5.208378,33.465934
2871.0000,18.939236,-18.573907,1.372802,26.562554
2872.0000,22.999295,-20.680044,3.583855,31.136407
2873.0000,22.444770,-15.932195,-4.120709,27.831327
2874.0000,26.440384,-19.599714,-3.460314,33.094055
2875.0000,38.651125,-22.109699,-4.406719,44.745586
2876.0000,36.347673,-15.918831,-8.582227,40.598241
2877.0000,30.555642,-16.962066,-5.097657,35.317773
2878.0000,40.137697,-17.158321,-7.531371,44.296323
2879.0000,38.059667,-10.089695,-11.666685,41.066431
2880.0000,38.204756,-22.270972,-11.635278,45.727227
2881.0000,29.489585,-4.520541,-5.794612,30.391585
2882.0000,26.399702,-13.427861,-11.394328,31.734563
2883.0000,33.083294,-22.587886,-6.895048,40.647985
2884.0000,33.677801,-10.404257,-11.290913,37.012532
2885.0000,35.690742,-5.931033,-10.200546,37.590655
2886.0000,38.491474,-9.400945,-9.060005,40.645480
2887.0000,46.023006,-9.597819,-14.437484,49.180038
2888.0000,42.739318,-19.570130,-8.883385,47.838832
2889.0000,38.639601,-23.638658,-3.041828,45.398873
2890.0000,37.566816,-27.301578,-12.488680,48.089593
2891.0000,31.775678,-23.775404,-9.292149,40.759141
2892.0000,36.927061,-31.189883,-11.587646,49.706038
2893.0000,31.577320,-33.789060,-17.897977,49.589972
2894.0000,33.236010,-33.958845,-17.600606,50.671657
2895.0000,31.053752,-29.081617,-19.385233,46.753216
2896.0000,27.397269,-18.119446,-28.471538,43.468991
2897.0000,26.839728,-19.743142,-18.501194,38.111112
2898.0000,34.470667,-19.305180,-19.771965,44.179718
2899.0000,22.394242,-20.213865,-26.548789,40.186323
2900.0000,16.688244,-23.607652,-16.820017,33.447447
2901.0000,16.943962,-24.232189,-17.773814,34.499352
2902.0000,27.491955,-33.459757,-23.239333,49.147020
2903.0000,20.723884,-22.490979,-17.531405,35.251576
2904.0000,17.314653,-11.623890,-10.716371,23.446804
2905.0000,24.648106,-11.006923,-11.501696,29.342299
2906.0000,26.234526,-20.497218,-18.135219,37.911376
2907.0000,20.917967,-16.031802,-12.459298,29.151572
2908.0000,28.913367,-11.758497,-8.049446,32.234122
2909.0000,28.733100,-12.992486,-11.642582,33.614662
2910.0000,36.268978,-17.506940,-4.229802,40.494728
2911.0000,27.946953,-12.064249,-10.847500,32.314804
2912.0000,28.021954,-10.156118,-5.411424,30.292906
2913.0000,36.693599,-6.889920,-7.287054,38.039353
2914.0000,29.873389,-12.270144,-23.312865,39.830459
2915.0000,35.091557,-8.821101,-23.275794,43.023154
2916.0000,28.299606,-11.075280,-25.937904,39.953778
2917.0000,30.193296,-11.264769,-21.680790,38.840530
2918.0000,22.854986,-23.689578,-17.420243,37.242601
2919.0000,30.344321,-13.784438,-24.954204,41.635331
2920.0000,25.384316,-6.225469,-23.053480,34.850867
2921.0000,35.002021,-4.100108,-27.553430,44.734146
2922.0000,38.493990,-14.843923,-23.631356,47.545455
2923.0000,24.639077,-9.899682,-20.417887,33.495939
2924.0000,18.221566,-15.683273,-21.126268,32.004839
2925.0000,20.307182,-11.991342,-29.457594,37.734914
2926.0000,30.118816,-16.116142,-20.404674,39.789745
2927.0000,29.522776,-3.691505,-16.970198,34.252140
2928.0000,29.431552,-3.857422,-13.569991,32.638024
2929.0000,20.935420,1.628490,-20.745002,29.517773
2930.0000,9.775912,-0.186263,-16.250530,18.965307
2931.0000,14.774323,3.150321,-24.390252,28.689537
2932.0000,19.105095,-1.705002,-19.172497,27.120036
2933.0000,12.283825,4.769930,-14.218059,19.385505
2934.0000,16.421862,2.847482,-20.522643,26.437939
2935.0000,18.303794,-6.205240,-16.840351,25.634572
2936.0000,13.322237,-13.539530,-10.767789,21.834517
2937.0000,14.447448,-10.750064,-2.755761,18.217762
2938.0000,17.539312,-20.188554,-8.402943,28.032386
2939.0000,10.171285,-25.324802,-2.567067,27.411502
2940.0000,11.224195,-14.125210,-12.438883,21.914149
2941.0000,12.799284,-22.808950,-12.983125,29.199853
2942.0000,12.379233,-19.972416,-13.138237,26.921294
2943.0000,3.662818,-11.514688,-13.304862,17.972858
2944.0000,16.205714,-18.446314,-13.498214,28.019519
2945.0000,18.010345,-8.796436,-14.487374,24.731232
2946.0000,27.679071,-6.884734,-14.144327,31.836967
2947.0000,19.925153,-18.182366,-10.260828,28.859916
2948.0000,25.430644,-11.770586,-9.218677,29.499972
2949.0000,18.265711,-13.937964,-15.911264,27.947654
2950.0000,5.728051,-8.069108,-11.276416,15.002621
2951.0000,8.986262,-9.166193,4.567353,13.624709
2952.0000,8.577305,-11.715209,-4.824049,15.299926
2953.0000,8.082181,-20.648217,-0.672053,22.183827
2954.0000,-3.065229,-19.263169,9.470669,21.683147
2955.0000,0.362050,-16.617697,-3.289750,16.944066
2956.0000,-6.339707,-13.795949,4.002762,15.701662
2957.0000,-4.550970,-12.162506,1.705499,13.097580
2958.0000,-8.582713,-21.843965,6.730443,24.415582
2959.0000,2.844872,-30.063167,5.425039,30.680912
2960.0000,-4.644624,-17.006399,6.252968,18.705340
2961.0000,-3.933246,-11.819635,11.573691,17.003662
2962.0000,-0.719770,-18.331224,6.603405,19.497610
2963.0000,2.923418,-4.891477,11.644521,12.964096
2964.0000,-1.060163,-0.631963,24.115594,24.147157
2965.0000,2.340568,-5.326847,22.378388,23.122410
2966.0000,0.111747,-8.252801,23.493872,24.901470
2967.0000,-2.723401,-13.376016,23.880936,27.506978
2968.0000,0.574434,-8.566080,10.004367,13.183136
2969.0000,-3.006678,-18.201732,7.115113,19.772910
2970.0000,-12.944327,-11.536108,17.706611,24.782281
2971.0000,-10.940354,-22.262992,7.657042,25.960787
2972.0000,-9.628920,-25.115617,10.260201,28.788574
2973.0000,-2.474778,-25.205567,4.989994,25.813663
2974.0000,-15.704539,-19.251980,15.814778,29.451290
2975.0000,-9.800147,-12.528549,12.654609,20.326007
2976.0000,-16.822718,-17.788086,4.856115,24.960002
2977.0000,-19.490482,-14.821760,1.262316,24.518501
2978.0000,-16.792878,-14.022325,9.262757,23.757631
2979.0000,-23.767668,-7.238973,4.141743,25.188465
2980.0000,-21.884583,-12.973955,-2.354835,25.550024
2981.0000,-22.020553,-15.011093,-5.084850,27.131041
2982.0000,-14.059771,-16.922497,-6.314360,22.889281
2983.0000,-15.201922,-8.717503,-11.122762,20.755942
2984.0000,-18.778082,-1.182567,-11.272399,21.933577
2985.0000,-17.692756,-5.328936,-11.711882,21.876913
2986.0000,-24.331134,-8.872393,-2.793238,26.048524
2987.0000,-20.755953,0.646524,-1.961916,20.858492
2988.0000,-14.352545,2.945566,5.227702,15.556374
2989.0000,-19.499695,-1.079132,-7.886992,21.061987
2990.0000,-6.622195,5.501727,-11.419945,14.301665
2991.0000,-1.021650,-0.102644,-9.308003,9.364466
2992.0000,-3.072162,2.171176,-13.207385,13.732706
2993.0000,-12.463210,2.708805,-13.359668,18.470245
2994.0000,-12.666001,7.027081,-7.571178,16.344118
2995.0000,-6.764348,5.105765,-14.753531,17.014462
2996.0000,-6.951043,8.400835,-20.015474,22.792767
2997.0000,-0.413674,8.635228,-11.202707,14.150580
2998.0000,4.226057,15.765272,-17.022258,23.583058
2999.0000,-0.900878,17.314125,-14.978917,22.911971
3000.0000,-2.862468,15.338404,-13.651084,20.731918
3001.0000,-1.842353,14.882449,-17.597541,23.120445
3002.0000,-2.405053,12.080623,-17.471624,21.377170
3003.0000,-3.608832,21.097006,-17.165557,27.436539
3004.0000,-3.007548,20.893470,-17.895509,27.673664
3005.0000,-5.862434,26.270741,-14.548375,30.596980
3006.0000,7.240054,11.169518,-10.587764,17.008153
3007.0000,8.545796,8.970152,-15.361685,19.735137
3008.0000,13.643892,10.714558,-18.816142,25.593060
3009.0000,10.214923,12.070997,-23.576890,28.388790
3010.0000,-0.398967,9.808429,-27.023047,28.750818
3011.0000,-2.647250,21.424346,-31.515505,38.199969
3012.0000,-9.791819,24.307335,-27.596730,38.056613
3013.0000,-2.948822,21.344857,-24.568861,32.679159
3014.0000,-2.287352,30.029779,-27.247455,40.613340
3015.0000,-6.662655,22.120133,-24.992576,34.034102
3016.0000,-3.032570,24.484687,-23.734824,34.235045
3017.0000,-0.358973,22.844954,-22.416064,32.007823
3018.0000,7.760725,24.716934,-24.315259,35.530093
3019.0000,3.593908,17.182070,-27.139438,32.321646
3020.0000,-0.991211,16.977590,-15.975636,23.333281
3021.0000,-4.729638,20.874795,-13.790217,25.461670
3022.0000,-5.521286,27.746508,-13.156975,31.200309
3023.0000,-4.574909,21.401104,-17.451772,27.991095
3024.0000,-4.727382,30.353679,-10.387518,32.428298
3025.0000,6.467343,30.512696,-6.049340,31.771775
3026.0000,15.332020,35.096812,-7.224859,38.975065
3027.0000,13.128039,42.050957,-4.635504,44.295781
3028.0000,6.196298,34.508109,-1.474121,35.090978
3029.0000,6.851460,33.452874,10.338640,35.678071
3030.0000,2.834071,23.097726,8.165878,24.662086
3031.0000,-0.227016,27.020376,4.275352,27.357465
3032.0000,2.637528,24.573939,2.137055,24.807298
3033.0000,-1.638279,20.010518,-6.404190,21.074117
3034.0000,-4.940600,22.618005,-9.655725,25.084192
3035.0000,-8.762054,16.552240,-6.211739,19.731597
3036.0000,-9.868863,15.180432,-7.232044,19.497242
3037.0000,-7.359947,20.702730,-0.096377,21.972281
3038.0000,-5.872509,12.989566,6.688176,15.746330
3039.0000,2.577811,8.146052,2.638011,8.942168
3040.0000,5.974610,4.084910,-4.878215,8.728083
3041.0000,0.605811,9.180041,-1.662340,9.348985
3042.0000,-6.294058,3.395114,-5.776261,9.192778
3043.0000,-3.257836,9.654003,-10.631485,14.725547
3044.0000,-3.579080,11.875422,-5.283137,13.481357
3045.0000,-6.464853,11.844057,-6.019144,14.775186
3046.0000,0.258055,10.021959,-2.592310,10.355014
3047.0000,1.191447,11.200882,-3.863241,11.908146
3048.0000,3.567667,16.877691,3.260919,17.556147
3049.0000,-1.739920,10.863299,2.256676,11.230814
3050.0000,-5.658772,3.885129,2.080273,7.172410
3051.0000,-8.976397,9.610837,-1.763650,13.268548
3052.0000,-11.028803,0.798111,-3.641769,11.641905
3053.0000,-10.590375,-5.637003,2.005210,12.163581
3054.0000,-16.094432,-5.020204,4.386303,17.420472
3055.0000,-14.901517,-2.830858,3.435174,15.552151
3056.0000,-20.066354,2.480305,0.037535,20.219097
3057.0000,-15.886876,-7.285654,13.990830,22.387874
3058.0000,-10.638488,-7.351071,14.732308,19.602464
3059.0000,-23.128491,-9.503573,8.639711,26.455427
3060.0000,-21.748379,-8.189142,8.574041,24.770309
3061.0000,-25.203379,-6.581637,5.175229,26.557696
3062.0000,-22.494194,1.771449,-1.441271,22.609822
3063.0000,-14.273378,-5.446497,6.260609,16.510265
3064.0000,-12.827317,-5.132401,-0.978046,13.850566
3065.0000,-15.847919,-0.837198,3.620735,16.277812
3066.0000,-6.421261,-5.637197,2.027925,8.781974
3067.0000,-14.181533,-2.742703,0.099103,14.444657
3068.0000,-12.144430,-6.168654,5.370633,14.641829
3069.0000,-17.227219,-19.202120,5.084323,26.293513
3070.0000,-11.167264,-10.485322,5.928763,16.425590
3071.0000,-9.840508,-7.580522,4.971488,13.379672
3072.0000,-13.070680,-2.892726,9.291808,16.295650
3073.0000,-28.711933,-0.785109,-0.655937,28.730154
3074.0000,-21.973373,-2.157642,11.747117,25.009584
3075.0000,-20.633424,-5.366037,1.357452,21.362940
3076.0000,-20.159621,-9.591474,0.087836,22.325197
3077.0000,-8.152277,-5.776102,14.765394,17.828064
3078.0000,-9.946358,-8.669141,12.006612,17.839360
3079.0000,-17.773781,-2.599100,3.852386,18.371269
3080.0000,-6.195524,-3.278224,14.555807,16.155580
3081.0000,-4.542796,1.850591,7.010730,8.556403
3082.0000,-12.856171,1.320191,-0.219349,12.925640
3083.0000,-2.312063,1.580545,12.753652,13.057542
3084.0000,-4.721520,-8.347856,6.085134,11.358182
3085.0000,-6.960896,-3.169517,4.780979,9.019848
3086.0000,-4.030159,-0.724042,5.215669,6.630960
3087.0000,-0.960778,-5.482809,2.857061,6.256763
3088.0000,-8.902982,-3.832301,2.275615,9.956307
3089.0000,-6.163975,-1.668135,7.769989,10.057335
3090.0000,-12.298574,7.800228,4.368197,15.204592
3091.0000,3.318340,6.620628,3.497781,8.190151
3092.0000,-3.578946,11.428660,-0.053698,11.976059
3093.0000,-7.129760,5.988098,0.349044,9.317330
3094.0000,0.353490,-0.632501,-9.044806,9.073782
3095.0000,-8.536225,-2.498958,2.468351,9.230638
3096.0000,-1.597934,1.614101,-6.287755,6.685400
3097.0000,-7.444930,-0.914319,-13.581203,15.514897
3098.0000,-1.820487,2.330900,-20.490720,20.703065
3099.0000,-0.565599,-3.973149,-25.732014,26.043086
3100.0000,-4.532552,-1.020463,-14.785786,15.498543
3101.0000,-0.447555,-4.459712,-5.993052,7.483716
3102.0000,3.880062,-1.035231,1.278919,4.214525
3103.0000,-0.835694,-4.502538,-5.574467,7.214286
3104.0000,-8.305062,-3.089761,-8.516724,12.290454
3105.0000,-1.399745,5.545870,-7.652024,9.553503
3106.0000,2.344025,-2.367983,-6.503374,7.307234
3107.0000,9.130978,-0.149826,-14.084914,16.786364
3108.0000,12.355588,-1.001345,-5.230988,13.454608
3109.0000,13.933529,-2.516219,-4.809606,14.953491
3110.0000,-3.075539,-3.832648,-11.455679,12.465180
3111.0000,-7.275605,-4.852543,-4.793218,9.972790
3112.0000,-12.251238,-0.737665,-4.789394,13.174797
3113.0000,-14.150917,2.668552,-5.837966,15.538709
3114.0000,-14.575390,8.663647,-9.691263,19.530012
3115.0000,-13.180729,9.464591,-17.151335,23.610980
3116.0000,-11.896465,11.793623,-9.150587,19.087919
3117.0000,-0.904183,14.143132,-6.235893,15.483284
3118.0000,4.302802,12.200426,-0.643873,12.952956
3119.0000,-0.021933,0.997501,-1.677585,1.951866
3120.0000,-9.633149,2.347225,-5.700910,11.437107
3121.0000,-10.104470,0.396661,-6.629127,12.091442
3122.0000,-7.035238,0.653691,-16.747409,18.176842
3123.0000,-10.398387,-6.224850,-6.056833,13.548447
3124.0000,-9.304261,-10.134430,-17.523217,22.278668
3125.0000,-13.679807,-5.330552,-21.403412,25.954922
3126.0000,-1.730960,5.253152,-25.622748,26.212917
3127.0000,4.878744,2.409811,-33.687953,34.124588
3128.0000,4.678530,-4.129294,-23.686625,24.494814
3129.0000,7.537079,-9.937323,-15.657214,20.017650
3130.0000,3.973167,-9.132726,-13.618162,16.871487
3131.0000,8.481909,-6.919948,-10.460886,15.141288
3132.0000,14.490812,-0.876581,-13.373597,19.738417
3133.0000,8.749325,-3.426595,-5.998995,11.148103
3134.0000,8.663261,-1.096864,-5.745036,10.452781
3135.0000,16.117377,0.555621,-8.614643,18.283616
3136.0000,10.962395,-11.089232,-12.417579,19.933425
3137.0000,18.992039,-14.869577,-12.008871,26.944663
3138.0000,9.181953,-15.462887,-3.976881,18.418054
3139.0000,9.513143,-19.513351,-11.526598,24.579122
3140.0000,13.533131,-20.234493,-14.097272,28.130294
3141.0000,20.917306,-12.113345,-6.592989,25.054627
3142.0000,13.328748,-15.644277,-7.977722,22.046383
3143.0000,18.956311,-24.708386,-6.692297,31.853303
3144.0000,14.082859,-18.768127,-14.968360,27.832020
3145.0000,8.290543,-22.013994,-20.356722,31.108603
3146.0000,4.012326,-13.255544,-18.010574,22.719793
3147.0000,17.872426,-5.609961,-12.236157,22.374512
3148.0000,14.592023,-10.161210,-14.632249,23.027811
3149.0000,12.109853,-1.800674,-13.106179,17.934963
3150.0000,12.498214,-4.905212,-18.616932,22.953357
3151.0000,7.248815,-6.708670,-18.521605,20.990508
3152.0000,7.374745,-9.358922,-12.642021,17.372305
3153.0000,13.079130,3.307964,-20.686204,24.696666
3154.0000,12.082977,-4.400780,-18.889602,22.851308
3155.0000,1.065223,-9.960219,-20.307270,22.643451
3156.0000,4.738470,-8.718862,-18.262272,20.784182
3157.0000,4.624761,-3.221259,-10.675218,12.071670
3158.0000,9.023280,-15.343074,-8.926909,19.912790
3159.0000,2.402499,-9.391057,-13.014060,16.227437
3160.0000,13.317706,-9.108086,-18.022644,24.189548
3161.0000,5.699242,-6.151916,-17.157322,19.097150
3162.0000,13.864972,-3.755392,-13.441047,19.672371
3163.0000,8.741626,0.034297,-22.549743,24.184874
3164.0000,12.985392,-4.494128,-14.600748,20.049924
3165.0000,7.896859,-14.708430,-13.366047,21.385731
3166.0000,3.409785,-7.991083,-10.973865,13.996777
3167.0000,3.513600,-5.892523,-2.645264,7.352866
3168.0000,6.329874,-8.796835,-15.409963,18.839283
3169.0000,6.054200,-6.887267,-10.122513,13.658442
3170.0000,3.352755,-16.229341,-5.452719,17.446049
3171.0000,2.583019,-14.255926,-0.857507,14.513398
3172.0000,4.220502,-12.532609,-8.292145,15.608926
3173.0000,14.963674,-14.853124,-18.273347,27.900574
3174.0000,4.862862,-12.611820,-12.217482,18.220107
3175.0000,8.138609,-11.346680,-11.663818,18.194196
3176.0000,3.861233,-8.585063,-14.990399,17.700975
3177.0000,-13.527129,-5.388040,-17.051265,22.422306
3178.0000,-9.313370,-4.385080,-13.368359,16.872487
3179.0000,-2.362026,8.573884,-7.976279,11.946200
3180.0000,-11.581219,-0.506182,-1.673505,11.712450
3181.0000,-10.441717,1.986777,0.373316,10.635605
3182.0000,-13.788929,1.397274,-3.272821,14.240726
3183.0000,-21.352298,-1.693587,-5.549307,22.126538
3184.0000,-11.427445,-6.753061,-3.394534,13.700847
3185.0000,-8.067441,-1.485294,-10.863202,13.612453
3186.0000,-8.592186,0.677933,-11.039159,14.005295
3187.0000,-11.756319,10.866583,-2.998807,16.287618
3188.0000,-5.834954,13.491767,-1.097489,14.740385
3189.0000,-9.324619,10.286814,-2.057258,14.035647
3190.0000,-13.946812,5.710253,-3.684154,15.514302
3191.0000,-19.667854,4.002721,-11.790738,23.278053
3192.0000,-16.925179,7.612227,-4.326308,19.055830
3193.0000,-21.617749,1.720875,-3.533458,21.972114
3194.0000,-15.285645,2.133263,-6.677008,16.816189
3195.0000,-22.961749,1.415325,0.214757,23.006329
3196.0000,-15.150700,4.769510,-6.860051,17.301798
3197.0000,-19.116008,4.793239,-10.343014,22.257018
3198.0000,-24.954374,-0.121027,-12.094034,27.730869
3199.0000,-17.928351,-1.893145,-22.254782,28.640620
3200.0000,-6.006387,4.620668,-11.701768,13.941256
3201.0000,-7.313496,1.358240,-7.219233,10.365779
3202.0000,5.646106,12.618708,-12.902792,18.910112
3203.0000,-9.869829,8.323617,-7.965360,15.170467
3204.0000,-3.879607,8.219630,-5.094355,10.419506
3205.0000,-4.692123,-0.053091,-12.692751,13.532360
3206.0000,-12.638683,1.016199,-24.725047,27.786632
3207.0000,-5.300714,3.809067,-11.843693,13.523300
3208.0000,0.320937,-2.513056,-20.090982,20.250087
3209.0000,-3.875628,-1.948757,-10.514279,11.374014
3210.0000,-4.514222,3.126871,-4.685944,7.218975
3211.0000,-0.370863,0.481995,-5.587429,5.620429
3212.0000,2.617588,-5.411769,-9.083084,10.892265
3213.0000,10.193472,-4.375944,-1.747550,11.229857
3214.0000,6.165850,-14.359551,0.100278,15.627683
3215.0000,-2.533362,-9.918244,-7.547455,12.718237
3216.0000,-5.975700,-17.776746,-9.727020,21.126680
3217.0000,-6.254314,-9.361568,-26.186677,28.504340
3218.0000,-5.202661,-8.111856,-16.605478,19.199265
3219.0000,-6.832554,-14.212323,-12.863668,20.350624
3220.0000,-4.201954,-6.631320,-13.647263,15.744161
3221.0000,5.547930,-7.975322,-6.437840,11.654659
3222.0000,6.445632,-4.009188,-11.352471,13.656440
3223.0000,8.606963,5.803295,-5.141836,11.584322
3224.0000,13.149681,-9.418948,-2.164161,16.319138
3225.0000,10.095812,-24.142879,-11.311796,28.508959
3226.0000,13.905849,-13.443032,-7.402030,20.709364
3227.0000,11.150478,-8.307551,-10.739065,17.569180
3228.0000,12.773137,-11.064691,-6.324509,18.043831
3229.0000,13.902320,0.448819,-15.421493,20.767724
3230.0000,12.586617,-4.631488,-7.939708,15.585652
3231.0000,16.768562,-15.194084,-1.737976,22.695053
3232.0000,8.886033,-8.068883,0.726942,12.024845
3233.0000,8.076229,-7.733240,4.736775,12.143538
3234.0000,2.646874,-13.409190,7.121584,15.411985
3235.0000,-2.010295,-13.605659,1.430351,13.827550
3236.0000,-10.035152,-13.126786,-1.874286,16.629184
3237.0000,-1.804638,-4.664969,-3.739640,6.245283
3238.0000,10.714364,-9.269171,1.748102,14.274838
3239.0000,-13.487038,-14.467257,1.095592,19.809140
3240.0000,-10.676130,-9.937108,-15.212370,21.074678
3241.0000,-11.438817,-1.920463,-5.901084,13.013743
3242.0000,-21.057628,-5.105918,-9.464253,23.644581
3243.0000,-14.377787,-11.989117,-10.634647,21.530337
3244.0000,-18.581615,-5.588946,-15.192528,24.643978
3245.0000,-25.286148,-2.582128,-7.127423,26.398045
3246.0000,-26.876047,0.217356,-13.504994,30.079129
3247.0000,-20.026821,-7.468413,-20.441658,29.575533
3248.0000,-26.033408,-3.799480,-14.716324,30.145391
3249.0000,-18.463712,-1.018934,-23.696976,30.058170
3250.0000,-15.025515,-10.775323,-15.788277,24.313440
3251.0000,-9.594361,-17.307856,-14.434194,24.494073
3252.0000,-20.093301,-25.051991,-11.342464,34.058692
3253.0000,-20.330699,-25.882279,-11.050689,34.718113
3254.0000,-20.243615,-19.652803,-11.409645,30.433808
3255.0000,-20.940807,-13.183417,-1.051278,24.767419
3256.0000,-11.239344,-14.224664,-6.586461,19.288478
3257.0000,-20.114869,-23.934574,-3.514406,31.461450
3258.0000,-11.972321,-17.991136,-6.679717,22.619374
3259.0000,-5.471905,-17.386953,-6.101066,19.221625
3260.0000,-9.010846,-21.376821,1.014423,23.220527
3261.0000,-14.877636,-18.088128,-6.776452,24.381238
3262.0000,-14.863106,-23.675249,-14.272086,31.386650
3263.0000,-18.519598,-15.958637,-6.684984,25.344479
3264.0000,-11.146158,-10.357266,-4.336908,15.821459
3265.0000,-9.624140,-9.010299,-2.139807,13.356210
3266.0000,-7.744575,-3.873284,2.574104,9.033648
3267.0000,-8.098849,3.142157,3.282858,9.286639
3268.0000,-5.958240,9.250857,4.816215,12.011449
3269.0000,-0.872759,-7.568886,3.188668,8.259380
3270.0000,10.541596,-2.814715,-9.255417,14.307712
3271.0000,4.107851,-4.352295,-5.342889,8.022679
3272.0000,6.031872,-3.334669,4.544601,8.255719
3273.0000,-1.239071,-11.036218,7.211610,13.241628
3274.0000,-2.948280,-14.932392,1.418264,15.286601
3275.0000,-13.995425,-7.066643,4.706088,16.369381
3276.0000,-17.616264,-7.369332,6.071879,20.037653
3277.0000,-15.813108,0.683067,4.611395,16.485931
3278.0000,-16.057652,0.988322,-5.256969,16.925150
3279.0000,-17.136475,9.033720,-3.070925,19.613706
3280.0000,-13.444167,11.004290,-9.477109,19.790291
3281.0000,-8.514134,14.392043,-18.473705,24.917848
3282.0000,-1.477846,2.232806,-13.216252,13.484761
3283.0000,-0.542516,1.903261,-11.552758,11.721047
3284.0000,-3.802765,-1.222338,-6.767687,7.858544
3285.0000,2.009006,-2.135849,-12.036569,12.388581
3286.0000,-8.087757,4.424238,-8.448755,12.504685
3287.0000,-0.062425,-2.642241,-12.588463,12.862921
3288.0000,-8.026790,2.266085,-6.586986,10.627929
3289.0000,-1.359734,4.094193,-8.160163,9.230360
3290.0000,-4.651813,10.083262,-12.477192,16.703050
3291.0000,-12.201759,4.609681,-7.706839,15.150163
3292.0000,-15.786970,8.680872,-10.029663,20.619895
3293.0000,-3.977492,1.521245,-13.208475,13.877984
3294.0000,-7.423194,-0.086720,-11.807844,13.947634
3295.0000,-18.696300,-0.407680,-13.457786,23.039745
3296.0000,-27.432138,-2.219804,-15.400195,31.537528
3297.0000,-15.183180,5.509693,0.720585,16.168021
3298.0000,-17.052356,-10.600212,-8.545818,21.821511
3299.0000,-16.756718,-11.011623,-6.919133,21.211267
3300.0000,-7.584095,-4.613653,3.319934,9.477671
3301.0000,-16.660678,3.521724,-15.207066,22.830584
3302.0000,-23.293044,1.995246,-16.835255,28.809248
3303.0000,-15.227899,-0.859660,-12.328077,19.611461
3304.0000,-13.535487,5.288726,-10.528351,17.945089
3305.0000,-19.924868,2.151068,-8.609557,21.811738
3306.0000,-24.909203,6.135105,-15.738996,30.096909
3307.0000,-15.553069,8.865106,-11.527547,21.292543
3308.0000,-7.867459,7.458964,-8.747497,13.930246
3309.0000,-10.909904,1.392229,-4.682828,11.953793
3310.0000,-7.995127,14.221689,-3.608631,16.709300
3311.0000,-6.885152,9.992021,-1.748292,12.259785
3312.0000,2.049502,2.549160,3.401785,4.719196
3313.0000,-1.593589,0.747637,1.746431,2.479618
3314.0000,-5.628429,-7.081117,-1.938832,9.250973
3315.0000,-1.321146,-0.124433,12.711484,12.780561
3316.0000,1.354754,-1.899826,2.640443,3.523724
3317.0000,2.286960,-9.535735,13.736961,16.877930
3318.0000,4.145376,-4.743606,4.516991,7.751719
3319.0000,12.655310,6.119214,6.556408,15.510904
3320.0000,9.409554,2.189984,11.641208,15.127903
3321.0000,11.225021,-1.354927,12.709326,17.010699
3322.0000,19.499258,4.047074,4.153480,20.343334
3323.0000,26.000018,-0.652990,1.826503,26.072274
3324.0000,16.542722,-3.189102,6.108699,17.920608
3325.0000,23.372588,15.099430,17.410000,32.823448
3326.0000,16.873893,8.930270,10.540577,21.807837
3327.0000,13.358478,16.139195,5.114844,21.565810
3328.0000,11.916978,21.218596,9.160667,26.003096
3329.0000,18.979234,17.985239,7.325417,27.154040
3330.0000,25.414511,11.656950,18.089970,33.302085
3331.0000,22.246069,14.556876,12.499683,29.377411
3332.0000,12.537836,9.842155,11.050028,19.395063
3333.0000,15.683922,17.017628,12.560698,26.331658
3334.0000,9.068368,0.997429,16.796230,19.113961
3335.0000,20.159232,-3.826741,12.869903,24.221334
3336.0000,12.987933,-3.984787,15.152348,20.350886
3337.0000,5.110610,3.572938,17.773399,18.835550
3338.0000,3.263459,8.045493,16.603173,18.736207
3339.0000,0.490749,-0.929098,17.329053,17.360879
3340.0000,7.574586,12.816990,31.585169,34.918083
3341.0000,4.713018,-1.375616,22.079555,22.618834
3342.0000,-2.414408,1.323030,17.213505,17.432284
3343.0000,3.381943,10.364464,21.657173,24.246500
3344.0000,9.425406,1.305727,19.151537,21.385149
3345.0000,6.897934,5.215186,30.161482,31.376657
3346.0000,9.594158,-0.301091,31.786036,33.203774
3347.0000,5.689886,-6.908554,22.612802,24.319575
3348.0000,14.690516,-6.985711,15.779499,22.662833
3349.0000,3.383530,-1.814521,12.433184,13.012488
3350.0000,2.843637,-3.414889,20.549007,21.024020
3351.0000,5.621591,4.010037,22.436689,23.475257
3352.0000,16.421796,2.294758,21.804257,27.392826
3353.0000,19.675465,18.160477,18.030679,32.280524
3354.0000,18.916312,9.211059,24.079584,31.976504
3355.0000,9.368426,15.869962,22.186644,28.842161
3356.0000,14.721305,12.247753,16.696727,25.406790
3357.0000,12.260501,10.927895,13.274740,21.117706
3358.0000,9.502412,3.082808,18.091467,20.666415
3359.0000,10.037997,11.927609,19.141901,24.686872
3360.0000,11.831797,-2.207434,19.176460,22.640689
3361.0000,9.521988,-0.369594,25.262348,26.999835
3362.0000,17.559139,5.574758,12.566128,22.300423
3363.0000,10.588829,2.568268,12.866111,16.859897
3364.0000,2.532724,-7.804259,22.593664,24.037362
3365.0000,-8.312869,-4.880178,15.389751,18.159415
3366.0000,-1.426444,7.125191,23.325447,24.431119
3367.0000,-4.241400,-6.456728,26.195332,27.310698
3368.0000,5.350216,-7.187237,15.721894,18.095832
3369.0000,10.699037,-1.695081,8.937093,14.043302
3370.0000,-4.622194,-7.764758,19.785122,21.751028
3371.0000,-0.684338,-3.339508,16.778160,17.120961
3372.0000,-11.549549,2.965226,19.810014,23.121879
3373.0000,-5.504357,0.651927,22.851484,23.514108
3374.0000,-10.930368,-0.851955,18.048269,21.117263
3375.0000,-12.678225,3.197123,19.135141,23.175689
3376.0000,-2.246292,5.409800,12.811931,14.087489
3377.0000,-3.737968,-0.970101,15.758500,16.224790
3378.0000,0.571235,-2.293158,22.240804,22.366006
3379.0000,-10.083164,-3.880912,22.190182,24.680678
3380.0000,-2.967004,-2.491958,23.918908,24.230706
3381.0000,-15.942063,-3.168551,19.390357,25.301681
3382.0000,-10.856336,-0.376796,21.887078,24.434529
3383.0000,-14.884195,6.241988,24.593241,29.416478
3384.0000,-9.621790,-0.981269,18.741024,21.089516
3385.0000,-11.172877,-4.112082,9.777440,15.405866
3386.0000,-5.426160,-3.332537,7.313341,9.697112
3387.0000,-4.570688,-2.228600,10.402080,11.578477
3388.0000,-5.237345,-2.772831,5.022270,7.767983
3389.0000,-3.527388,-9.990213,10.708276,15.063665
3390.0000,-7.580152,-3.404052,8.110586,11.611541
3391.0000,-11.896999,-5.830628,2.515973,13.485731
3392.0000,-8.940854,-12.962686,2.414852,15.931152
3393.0000,-2.302447,-9.406526,12.312537,15.664692
3394.0000,8.557095,-15.901266,14.205838,22.975638
3395.0000,3.404052,-6.927958,19.112864,20.612757
3396.0000,3.483441,-10.901647,23.367619,26.019721
3397.0000,2.801348,-4.669022,20.812305,21.512772
3398.0000,-0.583616,-11.641350,14.386879,18.516045
3399.0000,-4.944824,-16.848329,10.324222,20.369267
3400.0000,-8.802655,-9.412372,13.940150,18.984395
3401.0000,-2.077324,-20.619904,3.004369,20.940916
3402.0000,-3.225972,-13.815218,4.017912,14.744855
3403.0000,-7.106300,-19.452971,0.998774,20.734395
3404.0000,3.095179,-14.034328,-3.355128,14.758028
3405.0000,4.061381,-12.820824,11.354400,17.600873
3406.0000,-6.133138,-16.902983,-4.102535,18.443346
3407.0000,-6.477023,-20.783317,-13.710450,25.726922
3408.0000,-3.703599,-18.608996,-5.733496,19.821311
3409.0000,-0.264538,-12.234672,6.332478,13.778877
3410.0000,-2.775745,-5.849799,2.599776,6.977373
3411.0000,-1.599172,-8.147757,12.393070,14.917489
3412.0000,-0.363273,-1.086727,11.509485,11.566382
3413.0000,-5.643988,-3.696581,17.571172,18.821939
3414.0000,-7.918324,3.461586,8.391653,12.045841
3415.0000,2.550851,7.845379,4.760679,9.524751
3416.0000,-2.469095,16.746490,8.151695,18.788068
3417.0000,-7.900102,2.639863,13.007980,15.446295
3418.0000,-2.653254,2.132644,6.755726,7.564903
3419.0000,-2.599701,6.284090,7.135591,9.857225
3420.0000,1.727450,-7.262057,-0.192073,7.467158
3421.0000,-3.679245,-7.395509,0.807264,8.299522
3422.0000,-2.780142,-2.127083,-2.860892,4.520882
3423.0000,1.334549,2.775622,-2.481939,3.955391
3424.0000,-3.590748,4.405753,-11.031505,12.409602
3425.0000,-4.159276,2.978758,-13.819741,14.736276
3426.0000,-9.266676,-3.884431,-8.169311,12.949816
3427.0000,-0.743708,5.867370,-11.118863,12.593976
3428.0000,-5.626660,7.871014,-12.620386,15.902399
3429.0000,4.439481,-9.419499,-10.863806,15.048529
3430.0000,-9.415643,-8.682998,-12.630152,17.988038
3431.0000,2.643742,-14.593943,-10.691107,18.283115
3432.0000,-3.685337,-1.203570,-10.106604,10.824681
3433.0000,4.839306,3.081075,-12.813099,14.038782
3434.0000,-1.118041,3.760441,-9.319298,10.111392
3435.0000,9.872499,-0.315909,-14.077388,17.197061
3436.0000,10.280519,-2.134254,-6.594842,12.399034
3437.0000,7.343204,-11.378292,-18.805695,23.174174
3438.0000,15.117919,-8.483815,-13.417155,21.921374
3439.0000,9.944447,-2.257527,-17.738694,20.460931
3440.0000,1.118611,-8.539317,-18.884499,20.755615
3441.0000,6.748281,-16.946492,-27.557119,33.047204
3442.0000,5.133453,-14.214220,-25.399822,29.555835
3443.0000,-5.929872,-7.158877,-24.482818,26.188189
3444.0000,3.939257,-4.776644,-31.253987,31.861352
3445.0000,22.894634,-11.463926,-18.335020,31.492203
3446.0000,10.145696,-12.607256,-25.977532,30.605722
3447.0000,12.488347,14.234505,-32.540777,37.649463
3448.0000,19.217696,22.978933,-30.010400,42.402539
3449.0000,21.957041,13.957749,-25.565508,36.476370
3450.0000,12.590645,15.287504,-20.204975,28.292634
3451.0000,10.696190,11.206733,-27.698664,31.736656
3452.0000,15.414236,0.124923,-18.363374,23.975566
3453.0000,6.671326,1.395386,-16.484746,17.838176
3454.0000,6.497838,0.022403,-12.295045,13.906492
3455.0000,17.045865,2.106845,-19.563531,26.033287
3456.0000,13.367670,-6.540425,-15.877278,21.761427
3457.0000,9.923621,-1.592193,-18.385695,20.953451
3458.0000,-0.908075,-4.705432,-19.343932,19.928708
3459.0000,15.768936,-5.511880,-12.523285,20.877567
3460.0000,14.900326,1.138313,-15.030359,21.194980
3461.0000,14.261225,-7.390675,-18.516379,24.512464
3462.0000,9.188318,-3.926681,-16.944660,19.671439
3463.0000,-0.114597,-14.035094,-13.330815,19.357366
3464.0000,-13.348936,-18.783174,-8.928784,24.712849
3465.0000,-11.235051,-22.310063,4.836032,25.443123
3466.0000,-2.589902,-20.205323,3.020782,20.593392
3467.0000,3.051697,-24.063025,-4.336193,24.640304
3468.0000,-3.642973,-18.502217,-4.002639,19.277562
3469.0000,2.259428,-10.854751,-4.503045,11.966957
3470.0000,-3.549379,-15.941434,-1.945557,16.447267
3471.0000,0.342296,2.054863,-6.689719,7.006566
3472.0000,1.076222,-11.687220,2.609005,12.023156
3473.0000,0.571699,-11.697719,0.052153,11.711797
3474.0000,1.009369,7.290779,5.244672,9.037747
3475.0000,1.399443,4.111813,3.766860,5.749320
3476.0000,15.672211,9.745277,4.086086,18.901976
3477.0000,9.134710,3.610991,-1.422245,9.924967
3478.0000,11.910676,-2.307239,5.189120,13.195246
3479.0000,12.771742,3.048371,-0.308281,13.134116
3480.0000,7.172103,-0.729484,-1.588943,7.382137
3481.0000,1.132557,0.740803,8.145702,8.257356
3482.0000,5.112517,-2.259733,2.558183,6.147237
3483.0000,2.264294,7.769138,6.754550,10.540895
3484.0000,4.751281,2.247476,-0.911544,5.334485
3485.0000,-0.604483,4.920344,2.275595,5.454679
3486.0000,-4.206075,9.755026,-6.311234,12.356507
3487.0000,1.179278,17.445934,2.434984,17.654474
3488.0000,-2.098984,22.199218,6.505298,23.227784
3489.0000,-5.697710,25.925059,3.739738,26.805936
3490.0000,-7.354582,13.905564,-3.042505,16.022217
3491.0000,-10.746984,16.312664,7.493757,20.922645
3492.0000,-3.809539,11.821843,15.911652,20.185371
3493.0000,-8.722072,6.126724,5.873698,12.170111
3494.0000,2.054420,9.949875,10.380072,14.524687
3495.0000,-4.405605,24.116198,20.843428,32.178391
3496.0000,-8.320065,22.752986,12.926353,27.459287
3497.0000,-2.777887,14.644102,8.812927,17.315717
3498.0000,-13.776374,8.249250,15.705917,22.461399
3499.0000,-20.857559,13.370269,6.777512,25.685337
3500.0000,-11.144909,16.272429,9.183473,21.756313
3501.0000,-12.973651,23.884009,4.919824,27.621842
3502.0000,-5.671165,20.391151,-1.291737,21.204474
3503.0000,0.139050,11.631534,7.059739,13.607051
3504.0000,-0.641708,11.968791,4.954885,12.969759
3505.0000,-8.602597,16.353195,10.341772,21.175077
3506.0000,-1.221916,11.541216,9.736512,15.149007
3507.0000,-5.976093,18.220756,-1.112116,19.207978
3508.0000,-3.344122,11.532972,10.036152,15.649822
3509.0000,0.661310,19.698150,2.153438,19.826542
3510.0000,-3.127256,13.394467,-1.794090,13.871202
3511.0000,3.129382,16.548415,13.338058,21.483642
3512.0000,-0.672059,11.232253,5.921567,12.715350
3513.0000,6.548368,8.464270,4.910079,11.774288
3514.0000,9.753948,-1.157498,5.198477,11.113212
3515.0000,-1.674279,12.014295,10.003780,15.723298
3516.0000,6.449502,6.249666,2.773878,9.399404
3517.0000,8.552678,18.482049,9.801264,22.600868
3518.0000,10.840390,14.264047,6.721106,19.135055
3519.0000,12.169185,14.528444,2.627394,19.132903
3520.0000,9.040422,14.786240,14.037467,22.302748
3521.0000,3.574448,19.934221,18.064573,27.138139
3522.0000,7.792625,16.042319,23.130236,29.207684
3523.0000,4.545954,16.924637,19.319881,26.083843
3524.0000,3.710587,8.394157,19.964817,21.973262
3525.0000,3.645849,12.970252,19.265835,23.509403
3526.0000,12.298275,6.769910,25.851556,29.417380
3527.0000,2.902844,7.085836,13.182275,15.244932
3528.0000,0.381518,16.847547,10.644365,19.932082
3529.0000,-10.990695,9.548126,15.915119,21.569727
3530.0000,0.331167,7.842968,12.010398,14.348222
3531.0000,7.769751,2.574947,5.769838,10.014510
3532.0000,10.324200,0.765794,7.231790,12.628315
3533.0000,-1.005047,5.146787,19.077558,19.785165
3534.0000,0.841781,8.484741,5.496644,10.144581
3535.0000,8.099412,-1.799722,12.857421,15.302050
3536.0000,-3.837231,20.265001,15.734935,25.941912
3537.0000,-0.056072,29.182648,18.174000,34.379127
3538.0000,-0.715350,13.244143,16.521410,21.186695
3539.0000,-7.472945,17.795323,8.474456,21.079251
3540.0000,-10.432388,20.951113,9.975516,25.441989
3541.0000,-5.201264,17.738638,13.784458,23.059135
3542.0000,-3.541372,20.494545,12.823167,24.433610
3543.0000,-1.022062,16.238460,10.826242,19.543278
3544.0000,-3.080683,20.999495,12.375217,24.568586
3545.0000,-1.077601,26.680799,4.428704,27.067318
3546.0000,-1.787627,32.834761,2.235887,32.959313
3547.0000,10.235220,24.072019,5.415179,26.712282
3548.0000,10.919724,27.990178,1.909763,30.105442
3549.0000,5.819776,25.497037,6.032589,26.839538
3550.0000,11.545895,24.311083,1.797093,26.973431
3551.0000,8.956747,22.320367,-0.193653,24.051187
3552.0000,9.732195,18.008477,-0.222873,20.471212
3553.0000,-3.232240,24.174478,-0.317318,24.391668
3554.0000,1.910106,21.714773,2.790040,21.976446
3555.0000,-1.142091,11.363076,-13.452879,17.646638
3556.0000,1.220743,9.900505,-6.462560,11.885912
3557.0000,-4.395429,6.232650,-12.724316,14.834889
3558.0000,-2.244174,3.509178,-19.065420,19.515145
3559.0000,7.327051,2.530520,-10.045751,12.688827
3560.0000,3.756875,3.025472,-10.372739,11.439463
3561.0000,7.924792,4.806478,3.567226,9.931247
3562.0000,5.785883,6.090495,7.465780,11.238703
3563.0000,6.692064,-1.497573,4.489567,8.196503
3564.0000,-1.832787,-2.955093,1.982611,4.002803
3565.0000,6.024678,10.519687,-2.040612,12.293277
3566.0000,7.360940,1.531270,2.670387,7.978671
3567.0000,3.961269,-1.943895,4.488110,6.293926
3568.0000,4.985514,13.476413,3.649318,14.825201
3569.0000,4.013949,1.976965,15.486052,16.119491
3570.0000,-1.594152,-3.033878,12.425691,12.889668
3571.0000,1.155732,-12.482422,8.776790,15.302896
3572.0000,3.967454,-15.304191,9.918320,18.663655
3573.0000,5.112514,-12.335934,11.623892,17.703896
3574.0000,-1.192781,-7.612437,12.710940,14.864048
3575.0000,9.952053,-1.088640,6.048194,11.696544
3576.0000,5.898457,-0.522938,8.797103,10.604446
3577.0000,11.446295,-5.635944,9.908059,16.153983
3578.0000,12.561957,-5.294850,16.762262,21.605824
3579.0000,11.102475,-13.641006,19.274012,26.092711
3580.0000,7.585430,-3.345705,19.028162,20.755805
3581.0000,4.410889,-0.909958,23.861291,24.282610
3582.0000,9.816346,1.743578,12.430458,15.934773
3583.0000,3.784556,-11.443465,13.621560,18.188531
3584.0000,3.259717,-13.421770,10.345658,17.256950
3585.0000,-5.986923,-14.820040,3.346357,16.330185
3586.0000,-0.327198,-10.804638,4.862772,11.853008
3587.0000,0.958351,-14.502276,2.693797,14.781441
3588.0000,-2.593208,-18.759600,0.865773,18.957766
3589.0000,5.101630,-11.836535,2.383338,13.107649
3590.0000,-1.881858,-5.111875,4.410464,7.008912
3591.0000,5.442737,-7.923337,-3.689773,10.296460
3592.0000,-1.426880,-9.647863,8.022871,12.628685
3593.0000,-0.855636,-10.114976,13.227248,16.673480
3594.0000,-0.088092,-9.999755,15.682934,18.599927
3595.0000,-3.091491,-17.725318,18.207443,25.597953
3596.0000,-7.354520,-6.205686,16.477857,19.081910
3597.0000,-16.028641,-9.864992,19.072402,26.795371
3598.0000,-7.670643,-2.758122,17.352396,19.171637
3599.0000,-9.081349,0.152003,13.409735,16.196142
3600.0000,-4.595666,-7.297327,-2.691843,9.034221
3601.0000,-9.394923,-8.656925,10.312059,16.417840
3602.0000,-5.510570,0.360394,9.412356,10.912778
3603.0000,-2.106460,0.683657,12.558616,12.752388
3604.0000,-3.826010,-2.530399,12.919418,13.709582
3605.0000,-0.812940,-3.316057,13.812788,14.228500
3606.0000,5.570037,8.553938,21.081243,23.422510
3607.0000,1.210298,-2.434546,16.794439,17.013084
3608.0000,10.574705,-2.320268,12.512589,16.546085
3609.0000,-8.604825,1.451825,18.422818,20.385069
3610.0000,0.715016,-0.606682,22.439026,22.458611
3611.0000,2.098962,-8.711665,23.356027,25.016050
3612.0000,4.958427,-11.733431,19.548289,23.332274
3613.0000,15.783265,-11.764589,22.889363,30.190064
3614.0000,12.716346,-6.126721,20.470212,24.865071
3615.0000,17.864856,-11.347936,25.111674,32.840903
3616.0000,15.689874,-16.128734,13.968006,26.484210
3617.0000,21.153628,-13.790244,21.630754,33.249607
3618.0000,31.929461,-5.464531,22.825262,39.627568
3619.0000,18.888093,-2.449214,25.664555,31.959789
3620.0000,32.603130,-9.603073,22.791451,40.922284
3621.0000,27.052307,-17.605762,17.317785,36.629166
3622.0000,20.019477,-7.779502,12.593608,24.897772
3623.0000,12.601165,-4.432631,18.357610,22.703291
3624.0000,16.502929,-9.793593,20.722742,28.243463
3625.0000,15.537873,-1.352006,28.245765,32.265720
3626.0000,23.123630,-0.150848,20.127673,30.656944
3627.0000,28.034750,-0.262323,25.157291,37.668359
3628.0000,22.694247,-2.598468,22.116765,31.795159
3629.0000,26.251513,-3.368593,16.866196,31.384040
3630.0000,28.404821,-9.293944,25.755107,39.452969
3631.0000,25.926638,-17.100820,19.701650,36.780207
3632.0000,27.830451,-0.445562,13.643005,30.997808
3633.0000,32.577313,-3.565238,22.980890,40.026411
3634.0000,30.622918,-2.295233,19.658288,36.462028
3635.0000,26.077611,5.839465,11.601617,29.133120
3636.0000,35.980303,-3.586132,16.295331,39.660816
3637.0000,41.017369,2.258458,11.011248,42.529669
3638.0000,33.822299,-0.197057,9.193498,35.050066
3639.0000,39.471887,9.309600,15.825297,43.533189
3640.0000,34.645947,10.057404,10.777544,37.651673
3641.0000,34.019548,7.469277,7.830463,35.699243
3642.0000,35.093935,11.210814,-1.694831,36.880064
3643.0000,32.670295,12.606175,-1.118334,35.035903
3644.0000,22.257209,17.875471,0.520375,28.551472
3645.0000,21.716145,10.662438,2.019228,24.276651
3646.0000,26.727074,11.686025,-4.073761,29.453271
3647.0000,21.280418,14.902284,-3.229857,26.179501
3648.0000,28.053473,9.671069,-0.261110,29.674823
3649.0000,12.997687,16.396054,9.936614,23.162615
3650.0000,26.240573,9.920569,2.288214,28.146426
3651.0000,15.664843,9.405702,-3.286297,18.564867
3652.0000,29.814358,9.435731,1.625995,31.314100
3653.0000,34.665335,8.069832,6.187844,36.126127
3654.0000,34.386706,-6.269656,5.502520,35.384062
3655.0000,45.649980,-10.493745,6.342221,47.267993
3656.0000,35.899293,-3.235936,0.365973,36.046699
3657.0000,38.308649,0.607649,6.594558,38.876857
3658.0000,47.985809,-1.107597,9.142731,48.861582
3659.0000,56.951300,-8.586762,-0.434682,57.596632
3660.0000,45.995873,-5.738475,-4.761513,46.596378
3661.0000,52.907423,-11.619792,-6.273876,54.530510
3662.0000,51.295859,-13.889231,4.420019,53.326470
3663.0000,49.196626,-14.875589,-0.364782,51.397706
3664.0000,39.447237,-0.663408,7.877702,40.231615
3665.0000,28.871356,1.332233,6.707704,29.670244
3666.0000,37.189056,-2.422750,10.080656,38.607192
3667.0000,27.495884,2.169842,5.865220,28.198097
3668.0000,18.465328,3.077707,-1.029338,18.748337
3669.0000,10.587473,-4.670228,-7.014565,13.531804
3670.0000,26.978458,-5.917914,-7.894349,28.725940
3671.0000,11.668916,5.387338,-8.317815,15.309247
3672.0000,13.833467,1.175792,-6.194473,15.202592
3673.0000,15.037226,-0.927822,-14.134620,20.658327
3674.0000,12.245555,-2.980112,-25.568887,28.506187
3675.0000,6.075469,9.316548,-19.413448,22.373899
3676.0000,18.615095,0.647362,-24.568507,30.831030
3677.0000,18.438023,5.553960,-14.818825,24.298245
3678.0000,17.548093,4.229538,-12.304539,21.845509
3679.0000,27.412069,18.737478,-17.299479,37.440441
3680.0000,27.019554,17.565475,-23.936455,40.144192
3681.0000,9.740366,17.608089,-16.024516,25.723621
3682.0000,17.057022,10.010963,-16.831096,25.970120
3683.0000,15.616502,23.044395,-15.974922,32.095442
3684.0000,13.760469,20.845404,-14.741412,29.003286
3685.0000,8.413399,14.576994,-15.433385,22.835573
3686.0000,-2.860580,14.191293,-31.703289,34.852177
3687.0000,7.291770,13.593033,-29.271575,33.087242
3688.0000,-10.601681,14.830303,-25.905977,31.677329
3689.0000,-6.659670,13.656923,-23.025052,27.586514
3690.0000,-4.426970,12.818309,-22.134375,25.958383
3691.0000,-6.926093,13.734974,-25.121879,29.457242
3692.0000,-4.267064,21.022159,-31.233395,37.890156
3693.0000,-8.596667,22.146040,-24.582552,34.185547
3694.0000,-14.067772,26.163995,-28.549579,41.201157
3695.0000,-19.149086,21.347090,-31.598020,42.671075
3696.0000,-28.931359,35.159555,-27.610766,53.250091
3697.0000,-27.909132,26.693237,-22.398734,44.644729
3698.0000,-18.076498,28.794432,-28.814941,44.566579
3699.0000,-21.434463,24.748027,-20.628866,38.696914
3700.0000,-23.758365,29.855232,-24.887448,45.554142
3701.0000,-17.439407,21.746840,-19.788727,34.185548
3702.0000,-16.461236,33.493693,-27.153765,46.153296
3703.0000,-10.624121,29.319201,-26.736760,41.077267
3704.0000,-23.329569,23.242988,-32.484583,46.257469
3705.0000,-24.957345,14.766869,-32.018686,43.198677
3706.0000,-23.658092,6.765771,-31.456775,39.937572
3707.0000,-21.423046,14.447044,-35.381570,43.812321
3708.0000,-20.332523,4.292393,-34.054518,39.894189
3709.0000,-20.367972,0.634510,-24.462188,31.837957
3710.0000,-15.029659,11.292235,-22.226867,29.110803
3711.0000,-18.186258,3.992587,-22.826985,29.457630
3712.0000,-14.684534,1.859586,-25.571473,29.546469
3713.0000,-10.193655,-0.119802,-17.639311,20.373273
3714.0000,-4.192232,-0.037619,-12.636384,13.313693
3715.0000,-4.863392,-2.734615,-9.490855,11.009406
3716.0000,-16.132073,3.931049,-7.867744,18.373848
3717.0000,-10.440767,1.409934,-3.643892,11.147891
3718.0000,-12.570349,-2.343455,6.575173,14.378399
3719.0000,-14.979054,5.760248,9.022399,18.410763
3720.0000,-10.998871,4.270328,0.553664,11.811749
3721.0000,-13.724483,1.569316,0.024105,13.813933
3722.0000,0.689207,2.609012,-1.964169,3.337650
3723.0000,6.468128,2.501361,-4.837252,8.455323
3724.0000,2.914844,-8.778368,5.513932,10.768449
3725.0000,4.051582,-13.403891,-9.766816,17.072502
3726.0000,1.327935,-7.545308,-2.481841,8.053237
3727.0000,1.086728,1.743003,-5.360656,5.740703
3728.0000,3.027890,-11.214077,-15.951614,19.732654
3729.0000,3.937427,-6.464049,-16.719074,18.352512
3730.0000,12.105486,-7.884406,-17.949047,23.040724
3731.0000,15.618417,-6.174228,-3.280200,17.111860
3732.0000,12.139879,-1.108843,-15.005776,19.333378
3733.0000,15.234581,-13.584934,-16.139207,26.021470
3734.0000,13.828456,-12.300578,-11.798164,21.948282
3735.0000,12.102051,-17.760516,-4.244896,21.906956
3736.0000,7.825932,-12.089155,-1.692986,14.500314
3737.0000,11.974951,-24.694239,-5.019841,27.899887
3738.0000,5.824798,-23.066003,-0.810739,23.803909
3739.0000,-1.101299,-20.348110,5.861620,21.204175
3740.0000,-8.585765,-17.834933,-5.151999,20.453442
3741.0000,-7.581716,-26.000442,1.025166,27.102700
3742.0000,-17.297771,-20.944272,-1.487612,27.204566
3743.0000,-23.158255,-14.674075,-4.294484,27.750241
3744.0000,-12.985359,-17.497306,2.340196,21.914648
3745.0000,-24.293762,-2.523741,2.651581,24.568008
3746.0000,-12.761221,-3.529036,-3.348530,13.657068
3747.0000,-17.285916,-9.406325,-4.535708,20.195408
3748.0000,-16.113625,-12.900681,-4.041668,21.033582
3749.0000,-25.202279,-3.207314,-4.687514,25.834367
3750.0000,-22.361959,-8.105680,-19.160321,30.543037
3751.0000,-22.506625,-13.966023,-18.253151,32.167926
3752.0000,-23.904612,-15.317793,-3.843021,28.650201
3753.0000,-21.251811,-10.140508,-5.837010,24.259845
3754.0000,-25.333361,-0.107123,-11.955179,28.012800
3755.0000,-15.031675,-9.964692,-8.854145,20.090849
3756.0000,-16.339547,-13.282564,-8.658788,22.768002
3757.0000,-18.469916,-6.794909,3.668533,20.019159
3758.0000,-18.342862,1.877176,-1.231946,18.479774
3759.0000,-21.735537,0.393673,-5.505133,22.425321
3760.0000,-14.697652,-1.977404,1.925529,14.954557
3761.0000,-24.069870,-1.057625,0.940556,24.111447
3762.0000,-21.573868,3.310512,-7.221601,22.990059
3763.0000,-25.018766,-2.252577,0.361869,25.122574
3764.0000,-26.133503,-12.294107,-10.461743,30.717309
3765.0000,-26.220795,-2.769304,-14.531578,30.105911
3766.0000,-10.805807,-9.081819,-1.485727,14.193389
3767.0000,-19.048506,-10.650831,-7.719815,23.149111
3768.0000,1.037526,-6.664679,-7.750760,10.274662
3769.0000,-10.232825,-4.547657,-14.169129,18.059792
3770.0000,-4.649588,-10.652101,-18.439144,21.796512
3771.0000,-14.396139,-18.496825,-17.028723,28.971689
3772.0000,-1.975213,-22.704871,-11.673156,25.606155
3773.0000,-2.003302,-18.581781,-4.257181,19.168187
3774.0000,-4.268929,-14.831923,-15.699762,22.015727
3775.0000,-1.467691,-9.268331,-16.687426,19.144876
3776.0000,-0.963911,-19.582663,-22.354433,29.734332
3777.0000,0.093326,-29.664604,-15.950522,33.681101
3778.0000,-12.507784,-20.075163,-17.711909,29.549426
3779.0000,-7.865214,-27.702575,-13.930972,31.990095
3780.0000,-11.662686,-29.585892,-15.793595,35.507477
3781.0000,-5.199189,-29.708701,-12.376810,32.600980
3782.0000,-12.869238,-25.329420,-7.671976,29.428830
3783.0000,-8.286170,-30.399138,6.585633,32.189110
3784.0000,-7.653016,-25.786792,9.064558,28.384741
3785.0000,-5.627004,-24.059939,-0.880272,24.724860
3786.0000,-10.433168,-14.300184,6.633243,18.903601
3787.0000,-6.526368,-16.181473,5.478682,18.287961
3788.0000,-4.150802,-8.994259,9.951046,14.040981
3789.0000,0.882808,-13.077482,7.487843,15.095287
3790.0000,-5.083159,-10.068503,8.113519,13.893972
3791.0000,-7.975857,-9.933238,7.491881,14.778762
3792.0000,-9.790184,-6.919439,4.224505,12.711128
3793.0000,1.877471,-5.311896,3.022685,6.393571
3794.0000,-6.150602,-3.000916,0.635423,6.873075
3795.0000,0.119561,-6.966929,-3.912544,7.991270
3796.0000,-1.908563,-16.649768,0.831362,16.779408
3797.0000,-8.032842,-9.366234,-0.707255,12.359332
3798.0000,-3.674086,-10.273208,2.639708,11.225229
3799.0000,-10.767678,-4.527122,-0.069316,11.680862
3800.0000,-4.811855,-0.065690,-0.919203,4.899306
3801.0000,-19.566537,3.709870,5.436641,20.643874
3802.0000,-6.465894,1.850704,7.642055,10.180074
3803.0000,0.594862,2.378328,5.400817,5.931200
3804.0000,3.009783,2.010705,10.964050,11.546087
3805.0000,-9.373004,-3.519156,8.798264,13.328433
3806.0000,-11.528035,8.216671,11.707940,18.370768
3807.0000,-10.599258,14.289374,3.380665,18.109649
3808.0000,0.596757,8.920929,12.855303,15.658797
3809.0000,11.530275,12.256696,12.080691,20.715137
3810.0000,12.401921,11.750641,17.606421,24.533065
3811.0000,10.848897,12.667770,10.262086,19.582681
3812.0000,7.950208,21.831825,6.521328,24.132180
3813.0000,3.638802,19.745878,15.990197,25.667625
3814.0000,9.169188,18.151622,12.303611,23.768345
3815.0000,6.699897,11.235655,13.138953,18.540784
3816.0000,9.441022,10.111326,5.157669,14.763921
3817.0000,8.630293,4.755364,6.177897,11.630213
3818.0000,12.467025,11.395046,5.185366,17.668101
3819.0000,14.044887,2.297519,14.585802,20.378495
3820.0000,8.834458,-3.541901,4.952113,10.729219
3821.0000,6.540262,2.701787,11.866029,13.815836
3822.0000,-4.164722,-3.111931,1.756364,5.487608
3823.0000,1.842531,-12.730662,10.045202,16.320868
3824.0000,3.691760,-6.462085,9.081922,11.741761
3825.0000,0.790716,0.273736,14.279057,14.303553
3826.0000,7.861889,-1.729650,9.280890,12.285598
3827.0000,-4.860256,4.067056,3.084278,7.048106
3828.0000,0.985321,-10.039917,-3.924521,10.824632
3829.0000,4.514215,-1.797755,3.353190,5.903723
3830.0000,1.277773,2.769188,1.457508,3.380153
3831.0000,-3.433231,4.353888,-1.832824,5.839748
3832.0000,1.984658,7.152251,-4.185954,8.521488
3833.0000,-6.506074,11.271286,3.200676,13.402060
3834.0000,6.855187,11.923702,-3.782432,14.264468
3835.0000,5.060998,16.039923,5.357419,17.652047
3836.0000,-2.306415,16.921646,13.627280,21.848670
3837.0000,-10.224454,4.670268,5.964068,12.724817
3838.0000,-3.889325,1.224175,7.482668,8.521489
3839.0000,-4.295250,-1.119656,10.285157,11.202109
3840.0000,3.027060,-4.653200,11.120110,12.428685
3841.0000,9.013026,-3.950994,11.442761,15.092441
3842.0000,2.204242,-8.453251,14.843140,17.223093
3843.0000,4.620197,-1.098155,13.183803,14.013024
3844.0000,7.000395,-1.676005,22.084783,23.228262
3845.0000,10.934070,-2.357298,2.402217,11.440340
3846.0000,17.058583,-5.331869,3.061204,18.132706
3847.0000,12.754047,-7.911365,17.384983,22.967217
3848.0000,13.770534,-14.381507,12.453919,23.485218
3849.0000,13.280408,-5.115219,6.430024,15.616655
3850.0000,13.238264,-9.112478,4.966965,16.821403
3851.0000,24.146277,2.517235,5.731462,24.944515
3852.0000,11.742128,-10.950539,4.355331,16.636129
3853.0000,1.572187,-9.281509,2.505403,9.741418
3854.0000,3.881969,-3.704761,-1.900023,5.692541
3855.0000,4.633988,0.148586,-3.047541,5.548281
3856.0000,-2.083426,-11.058792,1.183247,11.315371
3857.0000,-1.575937,-10.239130,-1.656743,10.491337
3858.0000,-6.607275,-14.174028,-1.138171,15.679751
3859.0000,-2.176106,-10.909491,5.466821,12.395102
3860.0000,-4.087679,-12.119231,-0.287109,12.793253
3861.0000,4.725971,-11.844866,-6.208447,14.183810
3862.0000,-0.574829,-14.332284,-6.021369,15.556403
3863.0000,-10.376390,-18.053408,-9.876924,23.046662
3864.0000,-9.404478,-17.513656,-4.233328,20.324699
3865.0000,-8.144801,-11.271271,-10.287609,17.297810
3866.0000,-9.130717,-8.474435,-7.353909,14.466030
3867.0000,-5.239474,-15.919805,-3.090601,17.042420
3868.0000,6.343006,-17.280183,-7.763309,19.977673
3869.0000,-5.011482,-15.815429,-1.858248,16.694186
3870.0000,-5.649606,-18.806078,-6.204304,20.593202
3871.0000,-4.997483,-28.849944,2.676553,29.401668
3872.0000,-13.373880,-21.945381,-6.267954,26.452744
3873.0000,-17.085976,-21.975760,1.752471,27.891500
3874.0000,-9.032739,-25.336062,-2.432945,27.007881
3875.0000,-9.893679,-23.662608,0.535353,25.653275
3876.0000,-11.711824,-20.164454,-11.467850,25.986219
3877.0000,-3.213011,-18.719886,1.719047,19.071253
3878.0000,-5.479786,-17.262178,-0.495804,18.117855
3879.0000,-7.216153,-14.436740,-8.164886,18.087501
3880.0000,-4.705991,-15.252156,-6.769997,17.338035
3881.0000,-3.095727,-10.898623,-7.466942,13.569036
3882.0000,-1.947821,-10.380108,6.492895,12.397514
3883.0000,7.787713,-9.158758,8.384152,14.656921
3884.0000,10.748199,-19.608416,6.718711,23.348551
3885.0000,6.013300,-4.253954,7.011153,10.169178
3886.0000,3.411704,-12.742855,14.320110,19.470121
3887.0000,1.393262,-26.851023,18.729860,32.767763
3888.0000,-7.040422,-24.920568,19.349378,32.326470
3889.0000,-11.162985,-24.727902,24.008849,36.228527
3890.0000,-3.757824,-16.020042,13.311679,21.165155
3891.0000,-15.033167,-19.136087,9.332556,26.063049
3892.0000,-0.104073,-9.208370,11.125363,14.442251
3893.0000,-9.899861,-11.337575,1.993462,15.182943
3894.0000,-1.430368,-16.698402,10.830995,19.954775
3895.0000,-14.338441,-16.852826,7.809931,23.464945
3896.0000,-11.530816,-13.853056,10.230163,20.724939
3897.0000,-7.029520,-7.481957,1.489619,10.373658
3898.0000,-11.254339,-2.772472,10.286675,15.497175
3899.0000,-4.438527,-10.718359,17.549442,21.037268
3900.0000,-0.581966,-14.907929,3.236901,15.266386
3901.0000,5.871190,-6.549655,4.791105,10.016164
3902.0000,3.287409,0.122322,-3.042685,4.481066
3903.0000,0.406410,10.000312,-4.128839,10.826760
3904.0000,4.865619,4.673577,-8.401522,10.775070
3905.0000,14.309368,1.270890,1.304038,14.424760
3906.0000,11.960938,13.497180,3.516465,18.373987
3907.0000,17.618717,-1.221828,1.810255,17.753566
3908.0000,9.575890,9.205002,-1.372239,13.353380
3909.0000,19.972987,2.129726,5.408321,20.801583
3910.0000,16.003545,-11.056472,5.981671,20.350416
3911.0000,25.506524,-2.838764,7.426952,26.717053
3912.0000,32.933635,-12.280142,10.021524,36.549379
3913.0000,32.141981,-20.257565,8.022073,38.830781
3914.0000,32.813196,-13.142893,18.144294,39.732315
3915.0000,26.731078,-11.023370,16.131337,33.110198
3916.0000,21.360085,-16.443785,11.740924,29.402391
3917.0000,28.846462,-16.343672,4.111997,33.408719
3918.0000,22.618717,-21.865078,9.268700,32.796293
3919.0000,19.592633,-16.431835,3.756635,25.845479
3920.0000,24.911683,-12.821992,3.585723,28.246289
3921.0000,23.138340,-9.734923,8.808036,26.603252
3922.0000,18.550431,-7.884681,7.067939,21.359832
3923.0000,15.921901,-1.178227,-1.256025,16.014767
3924.0000,12.182872,10.380751,5.077667,16.791816
3925.0000,21.552553,11.990557,-0.146343,24.663889
3926.0000,15.419626,15.041141,-5.643671,22.267730
3927.0000,10.400127,11.877622,-4.987315,16.556384
3928.0000,15.223144,10.657535,-2.164484,18.708611
3929.0000,7.892913,13.751695,8.036536,17.776195
3930.0000,11.133102,9.518067,0.181697,14.648296
3931.0000,-3.096692,11.478935,-0.417105,11.896614
3932.0000,-0.205733,6.631983,-11.878109,13.605697
3933.0000,1.623800,1.741359,-11.682240,11.922407
3934.0000,4.636880,-1.106609,-2.934151,5.597721
3935.0000,11.453775,9.680892,-6.084686,16.184314
3936.0000,6.462408,17.279326,-10.063639,21.014629
3937.0000,-0.775941,7.943860,0.155933,7.983189
3938.0000,-1.418615,2.062744,-9.898657,10.210328
3939.0000,4.809137,2.808720,0.141331,5.571057
3940.0000,11.633757,-4.158747,-4.612926,13.187818
3941.0000,4.771802,-7.252695,-5.029594,10.033369
3942.0000,8.037585,-1.179550,-9.723812,12.670699
3943.0000,1.221344,-6.211260,0.608050,6.359336
3944.0000,-2.466661,-4.801656,2.986583,6.169279
3945.0000,-10.183966,-10.055074,1.011192,14.347131
3946.0000,-4.391146,-6.506169,2.987518,8.398670
3947.0000,-3.396410,-14.395437,4.111909,15.351612
3948.0000,3.606522,-11.427358,-0.672259,12.001810
3949.0000,-0.721601,-19.985621,-4.308638,20.457519
3950.0000,10.029154,-17.550113,4.384480,20.683667
3951.0000,3.934818,-27.856151,1.874879,28.195090
3952.0000,8.250522,-17.401385,-3.647941,19.600683
3953.0000,9.296467,-23.265167,-1.913143,25.126727
3954.0000,12.839717,-24.680201,-7.690639,28.863759
3955.0000,22.607074,-15.115798,-13.042917,30.160982
3956.0000,14.318012,-17.106995,-3.203663,22.537041
3957.0000,4.974446,-22.383138,-10.129108,25.066887
3958.0000,6.744492,-18.987677,-5.717928,20.945519
3959.0000,-1.934999,-16.410781,-19.582265,25.622706
3960.0000,2.972590,-8.722022,-23.327548,25.081556
3961.0000,4.187460,-9.639819,-25.181173,27.286488
3962.0000,2.548748,-16.269441,-23.609727,28.785588
3963.0000,11.744348,-3.367839,-6.436930,13.809639
3964.0000,13.028334,-3.137508,-3.875491,13.949942
3965.0000,13.373543,-6.350791,-4.880773,15.588654
3966.0000,9.830627,-9.139075,-0.233896,13.424553
3967.0000,13.254611,-11.491482,1.957950,17.651415
3968.0000,7.615965,-8.795957,0.727742,11.657675
3969.0000,5.481793,-16.828177,-6.222930,18.760662
3970.0000,0.739728,-8.282863,-17.438034,19.319370
3971.0000,1.075081,-4.250404,-17.487032,18.028256
3972.0000,-5.243862,-8.274971,-16.507308,19.195428
3973.0000,-2.047577,3.046053,-10.308890,10.942770
3974.0000,0.830695,2.570940,-18.851894,19.044518
3975.0000,-4.030524,9.706489,-19.406409,22.069657
3976.0000,-2.902055,-4.401986,-11.253315,12.427248
3977.0000,7.140136,6.004584,-14.588552,17.316536
3978.0000,6.378376,-2.908276,-9.914792,12.142687
3979.0000,5.659471,1.632985,-14.563195,15.709326
3980.0000,2.418628,1.718927,-13.599773,13.919709
3981.0000,13.272665,8.317478,-13.435097,20.636035
3982.0000,7.732738,4.822868,-12.302836,15.310620
3983.0000,3.708570,6.371962,-14.759023,16.498005
3984.0000,5.257713,7.477097,-16.523705,18.883415
3985.0000,1.484005,10.076609,-16.075776,19.030788
3986.0000,5.448940,9.901162,-18.468234,21.651781
3987.0000,0.100151,4.060933,-14.729853,15.279718
3988.0000,-0.767988,11.610935,-9.274497,14.880185
3989.0000,3.238274,6.672940,-9.817728,12.304566
3990.0000,12.501422,10.787240,-8.003540,18.349571
3991.0000,21.190108,11.368393,-15.188335,28.441986
3992.0000,23.199345,14.676008,-11.027542,29.583804
3993.0000,5.220228,27.688592,-8.111483,29.320727
3994.0000,0.472781,16.261525,-9.324485,18.751180
3995.0000,11.572223,13.085862,-3.856703,17.889390
3996.0000,5.495050,21.505636,-9.305444,24.068220
3997.0000,2.913769,16.392387,-15.103391,22.479164
3998.0000,-5.126420,14.163148,-6.953499,16.589939
3999.0000,-6.378437,6.310322,-5.629998,10.592520
4000.0000,-17.808347,13.286628,-5.681555,22.933639
4001.0000,-9.086275,8.455473,0.355422,12.416994
4002.0000,-4.196183,13.439187,-7.716307,16.054940
4003.0000,1.050354,8.387127,-16.873712,18.872448
4004.0000,-3.876673,3.886404,-18.665953,19.456375
4005.0000,-0.730285,-11.339248,-20.199205,23.175845
4006.0000,8.234016,-2.045663,-19.327192,21.107443
4007.0000,12.698529,-7.322755,-14.626138,20.707470
4008.0000,7.964246,-2.335788,-22.021095,23.533248
4009.0000,11.582943,6.988350,-9.432925,16.491867
4010.0000,11.465566,14.912925,-11.448184,22.020796
4011.0000,20.156126,3.565664,-12.675748,24.076087
4012.0000,16.402394,1.188566,-7.653640,18.139169
4013.0000,10.628206,3.396286,-6.475427,12.900569
4014.0000,2.894773,3.074970,-6.249529,7.542663
4015.0000,10.393974,-4.244445,-9.219855,14.527758
4016.0000,11.769875,-8.121191,-11.334838,18.247253
4017.0000,7.393626,0.677645,-8.693562,11.432539
4018.0000,16.017414,-3.968350,-9.438591,19.010322
4019.0000,16.438856,-5.855819,-2.403172,17.615387
4020.0000,14.620213,-9.509010,-0.527724,17.448507
4021.0000,16.834218,-7.388694,-0.637672,18.395389
4022.0000,11.795073,-11.939579,-5.972036,17.814110
4023.0000,0.652012,-19.006584,1.233702,19.057738
4024.0000,0.525188,-14.328967,4.205961,14.942731
4025.0000,6.803820,-18.798091,4.997883,20.606771
4026.0000,7.059383,-26.971338,8.614080,29.180308
4027.0000,9.105976,-28.080730,6.745896,30.281237
4028.0000,9.928626,-19.325785,9.756748,23.817172
4029.0000,7.464230,-31.390967,3.492212,32.454631
4030.0000,12.171516,-23.157188,4.933788,26.622235
4031.0000,9.388894,-20.575874,3.710552,22.919121
4032.0000,4.305790,-18.891752,-0.021777,19.376238
4033.0000,21.489869,-17.435688,1.900974,27.738627
4034.0000,18.696737,-13.645987,5.265230,23.738231
4035.0000,18.872025,-22.172386,5.297565,29.594463
4036.0000,24.006316,-20.807802,17.145945,36.100571
4037.0000,21.575549,-19.657077,3.465763,29.392456
4038.0000,14.342559,-20.888242,7.075919,26.307722
4039.0000,12.673037,-11.770709,9.826735,19.892717
4040.0000,11.417166,-14.267834,9.836672,20.752900
4041.0000,10.493372,-16.746457,22.314624,29.807669
4042.0000,1.204727,-3.568386,19.675407,20.032633
4043.0000,0.732277,-12.556553,12.336769,17.618148
4044.0000,-1.500332,-4.713136,6.756304,8.373309
4045.0000,6.811913,-5.949424,8.778827,12.604190
4046.0000,5.524625,-11.288555,9.838260,15.960711
4047.0000,9.926677,-13.801222,11.003955,20.250918
4048.0000,20.477886,-8.765652,13.468098,26.030177
4049.0000,5.573637,-0.213978,15.438734,16.415411
4050.0000,1.111387,-10.828836,4.870872,11.925781
4051.0000,4.481411,3.566044,9.605195,11.182999
4052.0000,10.231815,1.629904,11.663503,15.600767
4053.0000,11.341542,2.433394,13.123415,17.515022
4054.0000,4.288383,0.621931,9.420864,10.369653
4055.0000,7.638517,4.321094,15.614979,17.912185
4056.0000,13.388382,7.182615,22.745446,27.353135
4057.0000,7.211370,-0.785301,16.080415,17.640870
4058.0000,9.625225,-8.945029,22.245582,25.836494
4059.0000,8.059122,-5.975776,15.351313,18.339088
4060.0000,17.065252,-6.602239,13.673758,22.842593
4061.0000,17.735117,7.462982,17.724420,26.160763
4062.0000,17.175563,-1.548366,28.752689,33.527817
4063.0000,16.145526,6.157946,21.457674,27.550500
4064.0000,22.701895,8.794903,17.966239,30.257430
4065.0000,22.363931,8.298432,24.761267,34.382114
4066.0000,18.195646,2.684231,14.405104,23.362227
4067.0000,16.523295,11.873465,12.659469,23.963735
4068.0000,24.894823,1.782170,6.980417,25.916299
4069.0000,28.808006,9.441820,8.594661,31.510592
4070.0000,37.891997,0.684222,12.871943,40.024473
4071.0000,30.349719,-9.233488,8.145585,32.752302
4072.0000,33.039121,-0.890669,6.377876,33.660870
4073.0000,29.205420,-8.496047,15.570629,34.169926
4074.0000,24.945791,-8.207527,20.967244,33.604781
4075.0000,22.799189,2.777985,9.038183,24.682159
4076.0000,11.704032,-5.957320,6.214504,14.529077
4077.0000,14.711418,0.773499,14.673395,20.792610
4078.0000,2.006097,-6.832668,1.556628,7.289230
4079.0000,16.435081,-6.926382,-1.911873,17.937165
4080.0000,7.157069,-20.360246,6.873638,22.649728
4081.0000,4.081575,-13.572459,3.200366,14.529737
4082.0000,13.805792,-16.903272,2.799060,22.003528
4083.0000,11.019767,-14.708928,6.132337,19.375071
4084.0000,11.000432,-22.030963,2.097878,24.713841
4085.0000,18.943769,-22.383081,10.341847,31.093769
4086.0000,18.429544,-21.229541,2.087679,28.190422
4087.0000,25.167521,-10.724371,3.250129,27.549584
4088.0000,26.097121,-17.972559,2.245732,31.766585
4089.0000,15.679224,-8.628304,-1.712966,17.978319
4090.0000,13.609118,-14.213749,11.588508,22.837081
4091.0000,8.982600,-6.194673,-3.718622,11.527760
4092.0000,-3.645039,-5.081714,3.302410,7.072202
4093.0000,-7.093401,-4.133817,12.001590,14.541078
4094.0000,-9.968717,-11.648267,1.725070,15.428328
4095.0000,-3.601045,-10.877113,1.620366,11.571719
4096.0000,-2.557703,-3.058767,2.050011,4.483352
4097.0000,-7.204925,-8.419427,-4.205589,11.852623
4098.0000,6.990061,-10.777569,-4.581716,13.638514
4099.0000,1.438257,-14.898510,2.530210,15.180123
4100.0000,-0.818957,-13.154971,10.047425,16.573313
4101.0000,-1.350770,-10.468256,-3.562697,11.140098
4102.0000,-1.421994,-3.316563,6.964109,7.843498
4103.0000,9.107774,-8.035848,3.206469,12.562159
4104.0000,13.581522,-4.193493,3.958250,14.755029
4105.0000,-0.740525,-7.586541,11.773603,14.025752
4106.0000,6.084623,0.406741,16.756795,17.831945
4107.0000,-2.181848,-9.711965,24.464169,26.411708
4108.0000,-6.768695,-8.904532,20.393784,23.259672
4109.0000,-4.651008,-10.430888,11.650331,16.314579
4110.0000,1.434472,1.973366,8.415402,8.761899
4111.0000,-3.146038,-24.510029,21.167831,32.537919
4112.0000,2.263750,-11.243846,12.261908,16.789968
4113.0000,5.242318,-4.994211,11.747151,13.799261
4114.0000,6.627059,-7.881827,4.017872,11.053706
4115.0000,7.035919,-8.816674,6.164755,12.854653
4116.0000,2.560324,-2.088603,15.413705,15.763877
4117.0000,10.056462,3.588404,10.012410,14.637535
4118.0000,11.714495,2.205566,12.927652,17.584598
4119.0000,-6.769863,14.442270,12.462864,20.241867
4120.0000,-1.491864,10.537986,13.439655,17.143487
4121.0000,3.984497,-1.507821,11.227376,12.008485
4122.0000,-2.435751,3.601840,12.868679,13.583410
4123.0000,3.533493,4.336955,13.745208,14.839997
4124.0000,4.520154,11.881015,23.384698,26.616432
4125.0000,6.423872,7.370652,19.176997,21.525563
4126.0000,5.655757,-5.122847,16.596936,18.267168
4127.0000,1.689378,-2.273795,16.750638,16.988468
4128.0000,-2.737280,13.378349,16.529505,21.440556
4129.0000,-5.379306,15.757861,15.436424,22.705293
4130.0000,-10.385629,25.037505,19.119062,33.170416
4131.0000,-17.458570,17.159685,5.588986,25.109624
4132.0000,-14.567077,15.012506,19.396679,28.527289
4133.0000,-19.460751,16.071968,28.123287,37.788203
4134.0000,-32.589528,21.441810,31.900869,50.393392
4135.0000,-35.258075,7.686889,31.275184,47.753086
4136.0000,-36.710699,6.421719,22.503446,43.535261
4137.0000,-28.690420,7.759233,18.410915,34.961518
4138.0000,-27.647378,11.833916,24.057560,38.512144
4139.0000,-23.538967,4.925037,20.205541,31.410235
4140.0000,-31.772933,-2.187597,13.454612,34.573566
4141.0000,-31.270080,-3.525130,15.678776,35.157765
4142.0000,-31.155442,-4.300484,15.398098,35.017955
4143.0000,-19.313813,9.232782,9.826646,23.554842
4144.0000,-19.239114,20.923949,4.858720,28.836822
4145.0000,-20.364202,15.502102,8.609764,27.002665
4146.0000,-15.428103,20.455428,-1.093624,25.644627
4147.0000,-17.948918,18.076017,11.643687,28.008597
4148.0000,-24.822814,15.832508,9.372509,30.897967
4149.0000,-23.610813,16.133997,9.019779,29.985542
4150.0000,-22.407523,10.198549,4.749379,25.073175
4151.0000,-27.042208,11.205235,0.685488,29.279826
4152.0000,-25.078069,3.018042,-5.059409,25.760740
4153.0000,-25.532289,7.590480,1.504307,26.679133
4154.0000,-21.576092,0.585465,0.048622,21.584088
4155.0000,-23.883179,1.266604,-1.418879,23.958792
4156.0000,-27.786137,-4.086516,5.131639,28.550004
4157.0000,-20.264574,-8.416406,4.139883,22.329969
4158.0000,-27.270103,-10.990264,3.373336,29.594321
4159.0000,-26.685915,-16.276933,-3.894469,31.499897
4160.0000,-33.353334,-8.597713,0.631358,34.449444
4161.0000,-27.726691,-12.300419,1.978881,30.397132
4162.0000,-12.235326,-14.262113,-3.502910,19.114953
4163.0000,-23.033525,-15.630039,-15.824019,32.019384
4164.0000,-23.841316,-13.009814,-1.633413,27.209037
4165.0000,-11.282729,-19.556642,-0.692497,22.588532
4166.0000,-24.026597,-21.469211,4.083042,32.478849
4167.0000,-16.380350,-16.345027,-4.248000,23.527033
4168.0000,-14.149624,-7.506613,1.464707,16.084355
4169.0000,-33.172954,-6.714040,-6.999733,34.561821
4170.0000,-36.258238,-14.621242,-11.243875,40.680035
4171.0000,-31.532515,-8.225864,-9.747012,34.014241
4172.0000,-36.267229,0.450414,-23.218118,43.065018
4173.0000,-41.900064,1.853897,-12.806083,43.852572
4174.0000,-37.670772,-2.992558,-8.164277,38.661323
4175.0000,-35.658399,-6.325213,-13.177302,38.537917
4176.0000,-32.267719,-4.696201,-12.534931,34.934002
4177.0000,-27.695830,-2.947875,-7.571577,28.863086
4178.0000,-30.614667,-4.541154,-6.700087,31.666561
4179.0000,-29.260458,-1.055784,-8.312577,30.436623
4180.0000,-31.551192,3.420106,-0.320543,31.737636
4181.0000,-18.262138,0.552406,-9.437379,20.563924
4182.0000,-26.331449,9.223803,1.791875,27.957728
4183.0000,-26.151455,14.481425,2.126163,29.968831
4184.0000,-17.570231,14.349824,-0.677243,22.695574
4185.0000,-28.488063,12.513591,-1.088137,31.134286
4186.0000,-24.362653,16.290895,1.209855,29.332505
4187.0000,-29.900892,25.932325,0.120195,39.579834
4188.0000,-25.744241,20.458681,5.749716,33.382373
4189.0000,-32.789866,12.513496,1.523283,35.129521
4190.0000,-41.202191,29.027603,0.187254,50.400966
4191.0000,-38.985845,17.007434,0.179529,42.534470
4192.0000,-39.491235,27.605287,0.931303,48.192082
4193.0000,-40.979926,25.374600,0.781560,48.206177
4194.0000,-41.064021,18.017469,5.873630,45.225906
4195.0000,-33.131533,13.055397,-0.189484,35.611484
4196.0000,-28.140151,6.659197,12.754108,31.605067
4197.0000,-18.165676,10.209909,14.446057,25.355918
4198.0000,-15.680256,-3.212298,3.038543,16.291778
4199.0000,-15.236696,-1.475531,7.588594,17.085691
4200.0000,-15.684543,-12.756249,10.012675,22.560595
4201.0000,-14.177264,-17.008428,10.188405,24.373859
4202.0000,-11.509357,-6.014102,7.598150,15.045484
4203.0000,-11.554825,-6.693759,18.221907,22.591111
4204.0000,-24.377172,-4.716646,14.501847,28.754075
4205.0000,-18.395259,0.002819,8.473223,20.252927
4206.0000,-25.009920,4.867808,12.673802,28.457282
4207.0000,-20.387605,2.536459,-1.392077,20.591890
4208.0000,-19.180958,2.799400,5.891564,20.259722
4209.0000,-14.752618,1.532171,-0.581435,14.843361
4210.0000,-20.727789,5.436100,-2.884767,21.622079
4211.0000,-21.953955,-1.184197,-13.325392,25.708842
4212.0000,-17.909570,0.990408,-4.244737,18.432346
4213.0000,-24.801774,6.839345,1.949961,25.801298
4214.0000,-23.523970,14.180125,1.769791,27.524267
4215.0000,-23.121161,0.724192,6.578990,24.049857
4216.0000,-23.486523,10.515434,7.241317,26.732523
4217.0000,-16.284916,0.102114,2.864337,16.535215
4218.0000,-24.955520,0.284012,2.769333,25.110314
4219.0000,-18.461908,2.830049,2.372859,18.827684
4220.0000,-12.848241,-4.646610,1.639504,13.760678
4221.0000,-21.027992,-11.291159,9.263582,25.602357
4222.0000,-13.719691,0.868743,13.668620,19.385969
4223.0000,-20.322536,0.713354,5.259788,21.004278
4224.0000,-27.259216,2.316420,10.777043,29.403661
4225.0000,-28.175682,1.103910,6.958493,29.043214
4226.0000,-20.135307,0.515812,24.544098,31.750739
4227.0000,-12.361050,7.864811,24.219207,28.305844
4228.0000,-15.171664,1.593473,18.928866,24.310913
4229.0000,-16.535348,3.827247,27.478540,32.297612
4230.0000,-22.640518,3.160319,16.662211,28.287982
4231.0000,-9.982544,-1.244324,25.956592,27.837819
4232.0000,-6.109904,3.044539,26.695796,27.554776
4233.0000,-11.982792,2.167440,25.097703,27.895874
4234.0000,-14.818048,-4.385197,27.733644,31.748378
4235.0000,-12.099104,0.715387,37.466421,39.378075
4236.0000,-14.106466,-0.921498,38.522596,41.034521
4237.0000,-14.200693,0.386481,31.312009,34.383877
4238.0000,-7.109703,-2.247791,32.904195,33.738502
4239.0000,-7.514845,-0.456292,34.666819,35.474913
4240.0000,-17.976502,-12.546478,33.767058,40.258948
4241.0000,-14.122199,-11.081549,42.084703,45.753245
4242.0000,-0.745066,-11.452252,23.813014,26.434236
4243.0000,2.493129,-14.657389,24.501565,28.659752
4244.0000,2.988027,-6.063992,25.108530,26.002665
4245.0000,-3.325337,-5.998285,28.933474,29.735219
4246.0000,2.660834,-6.318944,29.866405,30.643291
4247.0000,0.853719,0.381375,25.750353,25.767324
4248.0000,5.740950,-2.377350,31.220426,31.832771
4249.0000,3.098572,-7.280836,37.544243,38.369023
4250.0000,-3.260453,8.143976,34.617854,35.712053
4251.0000,-7.836310,-1.793212,43.710966,44.444031
4252.0000,-6.502750,-4.295175,35.131674,35.985675
4253.0000,-12.873464,-5.183874,30.260779,33.291340
4254.0000,-10.540092,-6.449796,31.550596,33.884119
4255.0000,-16.475339,1.820551,18.167877,24.593149
4256.0000,-1.553583,1.129593,22.007185,22.090853
4257.0000,-0.925379,6.560786,21.552327,22.547795
4258.0000,4.656148,-4.117745,13.529206,14.888752
4259.0000,8.080352,9.390103,19.648964,23.228170
4260.0000,1.486381,11.360460,14.726008,18.658100
4261.0000,8.574422,7.434991,18.537412,21.735581
4262.0000,3.584234,5.775324,12.275906,14.032069
4263.0000,1.440838,-1.578110,16.504942,16.642703
4264.0000,6.383820,-0.141495,23.243267,24.104411
4265.0000,9.110360,-10.599276,14.654247,20.250686
4266.0000,9.545052,-9.615578,3.231800,13.928815
4267.0000,-6.815771,-7.425498,14.117290,17.346199
4268.0000,-12.326830,6.278524,12.958528,18.955053
4269.0000,-7.126364,5.968280,11.843397,15.055613
4270.0000,-9.959162,5.738120,9.273166,14.768295
4271.0000,-11.575794,10.257680,10.945091,18.947666
4272.0000,-11.656992,-1.825768,-2.455612,12.051926
4273.0000,-14.618871,-12.853538,16.989400,25.837270
4274.0000,-14.501586,-10.203914,15.777633,23.734986
4275.0000,-9.794162,0.236057,18.862198,21.254737
4276.0000,-7.884943,-7.069259,11.668903,15.757857
4277.0000,-8.356560,7.684226,10.734366,15.623893
4278.0000,-11.707170,-2.743071,5.979328,13.428873
4279.0000,-7.649676,-9.422473,9.545284,15.440628
4280.0000,-8.529239,-3.324567,4.972433,10.417569
4281.0000,-4.456122,-2.101408,7.619489,9.073564
4282.0000,-10.994832,-12.628107,0.044240,16.743875
4283.0000,-5.467206,-1.053520,-2.798826,6.231667
4284.0000,-14.536680,-3.051211,-5.807434,15.948393
4285.0000,-12.596001,1.248142,-8.464859,15.227309
4286.0000,-16.456886,7.579044,-12.442752,21.979378
4287.0000,-11.039939,17.293515,-9.830084,22.750307
4288.0000,-8.871640,9.501774,-2.731159,13.283408
4289.0000,-4.399677,4.863866,-9.322987,11.398791
4290.0000,11.084950,10.021793,-3.111006,15.264037
4291.0000,12.857005,14.031555,-3.836456,19.414055
4292.0000,17.635777,20.479426,-9.760521,28.734914
4293.0000,23.673133,11.089660,-5.984829,26.818202
4294.0000,28.573607,6.977688,-11.712970,31.659640
4295.0000,21.987627,2.271076,-5.530711,22.786010
4296.0000,17.894327,8.147567,2.009453,19.764304
4297.0000,13.564307,16.310690,8.462073,22.839346
4298.0000,12.056293,13.456429,6.534697,19.212807
4299.0000,6.331373,9.231562,5.804841,12.609687
4300.0000,13.080758,8.147897,0.852188,15.434399
4301.0000,14.164727,14.223413,-1.370472,20.120218
4302.0000,16.722478,9.911161,5.327609,20.155789
4303.0000,19.652075,9.026264,-0.213249,21.626904
4304.0000,12.466641,17.819530,4.211448,22.151503
4305.0000,20.631268,11.773411,7.900662,25.033635
4306.0000,20.397999,12.467328,11.088076,26.352572
4307.0000,16.507335,1.770666,11.092650,19.966829
4308.0000,30.740970,8.802057,19.041246,37.216293
4309.0000,23.847258,-3.446944,12.059636,26.944535
4310.0000,28.475676,2.289319,6.033714,29.197788
4311.0000,18.914420,5.716515,6.658932,20.851264
4312.0000,33.426424,1.128921,10.698104,35.114808
4313.0000,21.639160,3.699724,13.505082,25.774570
4314.0000,31.456227,4.008014,15.717068,35.391873
4315.0000,24.812235,-0.041132,8.313136,26.167861
4316.0000,20.635439,1.541853,4.319052,21.138895
4317.0000,2.522989,7.079570,9.770998,12.327132
4318.0000,15.385705,11.805345,12.192708,22.907383
4319.0000,13.358889,2.866301,5.712560,14.809083
4320.0000,5.397130,3.671465,12.821296,14.387296
4321.0000,-1.184997,3.389441,9.905412,10.536114
4322.0000,3.281731,-1.913288,9.554123,10.281620
4323.0000,-2.542873,5.192030,21.425560,22.191845
4324.0000,-6.692975,7.459955,16.333732,19.163446
4325.0000,-1.618352,6.219326,6.698752,9.282907
4326.0000,5.580605,11.839666,13.818229,19.033242
4327.0000,18.487130,13.111407,20.594339,30.623680
4328.0000,4.039363,1.326564,16.042436,16.596264
4329.0000,-5.239723,-9.550463,18.244668,21.249328
4330.0000,-0.267264,-6.119837,19.500559,20.440050
4331.0000,4.252420,4.950955,10.014653,11.953590
4332.0000,-6.059300,1.350362,15.950174,17.115684
4333.0000,5.783610,0.371562,9.121408,10.806863
4334.0000,-6.933001,-10.314268,10.735230,16.422417
4335.0000,-14.497297,-9.577697,7.297455,18.845603
4336.0000,-21.254431,-15.612482,10.076031,28.231663
4337.0000,-21.711690,-22.544675,13.520142,34.094781
4338.0000,-19.377406,-19.207595,13.173344,30.297732
4339.0000,-18.798881,-17.398689,7.681235,26.741609
4340.0000,-12.874927,-20.547823,11.388746,26.789556
4341.0000,-10.651160,-20.326987,1.884070,23.025710
4342.0000,-25.706941,-12.397022,15.918991,32.679462
4343.0000,-18.712959,-13.083705,14.791552,27.205665
4344.0000,-4.563133,-7.619592,19.438477,21.371353
4345.0000,-9.761740,-10.430044,18.798710,23.610779
4346.0000,1.791043,-7.275664,13.149429,15.134418
4347.0000,-1.612151,-5.484992,23.129286,23.825365
4348.0000,-2.006596,-7.539529,13.618263,15.694841
4349.0000,-4.495805,-16.965227,14.040975,22.476214
4350.0000,0.744770,-12.316789,19.514577,23.088453
4351.0000,0.987205,-14.963098,12.726206,19.667872
4352.0000,0.524066,-13.457027,10.695598,17.197733
4353.0000,-8.290037,-18.056997,12.559424,23.505722
4354.0000,-10.882907,-21.095616,5.345810,24.331879
4355.0000,-8.408624,-16.948418,6.467031,19.994407
4356.0000,-14.065827,-12.850280,5.253757,19.763076
4357.0000,-7.668035,-13.710653,6.532317,17.013286
4358.0000,2.905805,-22.035331,8.289505,23.721623
4359.0000,-14.753179,-14.948799,7.350394,22.251993
4360.0000,-32.300354,-7.777770,-1.187121,33.244787
4361.0000,-22.211040,-10.883897,-7.921892,25.972021
4362.0000,-20.980284,-5.534755,-1.331872,21.738899
4363.0000,-22.532890,-5.011758,3.779324,23.390856
4364.0000,-26.408046,-4.738232,-10.127152,28.677429
4365.0000,-17.109190,-11.851626,-5.012720,21.408241
4366.0000,-10.535355,-9.152226,-5.750748,15.093974
4367.0000,-1.107809,-3.756249,-14.853545,15.361134
4368.0000,-6.207342,-0.574176,-16.360909,17.508287
4369.0000,-5.218287,-9.735321,-14.170034,17.966548
4370.0000,-3.659614,-5.296840,-4.267210,7.723883
4371.0000,-3.517407,0.511337,-15.962286,16.353232
4372.0000,-1.619712,-0.440034,-9.388083,9.536939
4373.0000,-4.353839,-10.870924,-11.475161,16.395494
4374.0000,-6.211675,0.454411,-12.031984,13.548433
4375.0000,5.807444,-7.532648,-12.023817,15.330994
4376.0000,-0.197707,0.084055,-10.905976,10.908092
4377.0000,3.680011,-2.042816,-11.188184,11.953704
4378.0000,7.111004,3.388717,-15.244426,17.159321
4379.0000,8.883839,2.207698,-3.484794,9.794912
4380.0000,1.748122,-2.218862,-7.051859,7.596578
4381.0000,7.578113,0.299075,-1.730643,7.778970
4382.0000,16.221385,2.968280,-6.347317,17.670100
4383.0000,19.677721,10.099601,-11.457658,24.909688
4384.0000,9.217141,11.384575,-10.722754,18.153284
4385.0000,15.138888,1.413085,-9.360231,17.854878
4386.0000,3.001986,7.200166,-9.703423,12.450330
4387.0000,11.735262,4.951392,-5.500948,13.874188
4388.0000,3.869279,10.550891,-7.335732,13.420342
4389.0000,3.422219,-0.822571,1.711864,3.913909
4390.0000,6.175727,13.261240,-6.813100,16.137485
4391.0000,5.658187,11.035365,-3.943231,13.013202
4392.0000,13.193637,12.084620,-8.269021,19.710069
4393.0000,4.969541,8.803788,-10.321795,14.447923
4394.0000,5.287569,10.796302,-10.414452,15.905324
4395.0000,6.487688,10.938711,-13.651181,18.657445
4396.0000,3.172667,9.648587,-20.367913,22.759897
4397.0000,8.901983,4.146094,-14.075291,17.162436
4398.0000,1.296891,0.010427,-11.034467,11.110423
4399.0000,-2.266756,0.381099,-6.367096,6.769293
4400.0000,-1.233432,6.989561,-13.137646,14.932282
4401.0000,-14.049717,0.608528,-19.188299,23.789823
4402.0000,-1.892666,2.673968,-26.741404,26.941325
4403.0000,-2.432534,2.432765,-17.756211,18.086421
4404.0000,4.712813,-0.114311,-16.867450,17.513838
4405.0000,2.289466,1.698333,-23.779452,23.949704
4406.0000,-9.326005,-3.028259,-18.021620,20.516420
4407.0000,0.140595,0.186306,-19.251428,19.252843
4408.0000,1.904798,-8.400473,-14.368531,16.752639
4409.0000,12.224833,-12.810816,-20.205068,26.866490
4410.0000,6.090145,-7.214815,-17.610288,19.981632
4411.0000,8.247399,-1.942736,-21.615261,23.216660
4412.0000,0.018032,0.391251,-14.686075,14.691297
4413.0000,4.212776,0.744852,-3.461622,5.503191
4414.0000,0.565623,0.152453,-13.039114,13.052266
4415.0000,6.560997,1.042106,-1.652224,6.845620
4416.0000,14.756028,-0.105637,-6.860244,16.273121
4417.0000,18.221127,2.114928,-22.394573,28.948217
4418.0000,20.229986,0.304018,-9.367490,22.295619
4419.0000,10.668871,-5.817013,-13.177824,17.925331
4420.0000,5.675619,-6.600521,-7.521016,11.504139
4421.0000,13.207285,-4.631216,-10.544762,17.523486
4422.0000,7.161414,5.757111,-1.982001,9.399921
4423.0000,6.216169,7.457549,-11.397800,14.972162
4424.0000,14.476138,3.544472,-15.178632,21.272347
4425.0000,9.725221,7.193233,-10.183400,15.812152
4426.0000,12.530906,5.739961,-10.295526,17.203738
4427.0000,5.935988,-3.237807,-15.071969,16.519189
4428.0000,11.035123,5.839075,-11.043887,16.668418
4429.0000,-0.618643,14.189194,-7.980667,16.291316
4430.0000,6.795068,18.384152,-10.249227,22.117791
4431.0000,16.247075,18.516901,-13.557813,28.118630
4432.0000,13.491768,23.197910,-13.867473,30.207245
4433.0000,8.049432,8.734270,-5.219762,12.974079
4434.0000,10.148938,15.161205,-12.412882,22.066778
4435.0000,9.637725,13.705726,-5.189523,17.540349
4436.0000,17.975074,14.504482,11.463246,25.785447
4437.0000,13.566808,21.428649,4.328171,25.728939
4438.0000,12.285994,24.350225,1.902687,27.340434
4439.0000,5.350134,27.755586,6.659721,29.040461
4440.0000,18.798508,22.720992,2.672069,29.610257
4441.0000,11.062914,24.886553,3.368153,27.442177
4442.0000,5.564435,17.956370,9.840162,21.218458
4443.0000,8.472221,14.710718,-4.407597,17.538833
4444.0000,-1.902413,21.730857,-4.623100,22.298484
4445.0000,2.955404,24.605117,-6.173926,25.539451
4446.0000,5.524605,17.087576,-6.246774,19.013908
4447.0000,0.434029,30.015079,-5.261345,30.475811
4448.0000,-0.687630,23.807617,-2.034169,23.904253
4449.0000,-0.177761,28.762862,-5.282184,29.244406
4450.0000,-0.304833,33.778879,-1.645721,33.820319
4451.0000,-4.922323,29.692333,-8.025956,31.149316
4452.0000,-4.671827,18.589999,-5.386120,19.910407
4453.0000,1.064319,15.545210,0.537678,15.590876
4454.0000,-1.430429,16.949376,4.041824,17.483243
4455.0000,-4.751265,-2.096604,-9.116580,10.492011
4456.0000,-4.778874,-8.664697,8.020377,12.737388
4457.0000,-0.780620,-5.165659,13.290744,14.280662
4458.0000,-7.082726,-2.960083,5.124681,9.229813
4459.0000,-0.830928,-1.193632,8.450344,8.574585
4460.0000,6.051964,-1.114188,12.600014,14.022412
4461.0000,-1.031894,0.237775,12.617484,12.661842
4462.0000,-0.589902,-2.216746,7.918975,8.244520
4463.0000,-3.851772,-17.494842,9.472238,20.263981
4464.0000,3.140354,1.831920,11.566208,12.124146
4465.0000,3.804072,-5.244208,13.383648,14.869254
4466.0000,-7.664899,-4.384479,17.945843,20.000690
4467.0000,-1.718158,6.217653,15.879112,17.139354
4468.0000,-13.045183,-6.876499,18.399349,23.579633
4469.0000,-6.616982,-6.617583,12.943957,15.972566
4470.0000,-2.488133,-15.356251,13.866003,20.839176
4471.0000,-13.671092,-0.918510,23.362795,27.084361
4472.0000,-18.757305,-7.630106,18.217677,27.238553
4473.0000,-16.628569,-3.220689,17.827951,24.591015
4474.0000,-21.044180,-7.663943,15.819734,27.420021
4475.0000,-16.935555,1.272636,17.708624,24.536259
4476.0000,-8.179495,-6.294105,13.625874,17.093400
4477.0000,-19.681996,4.760128,10.563606,22.839211
4478.0000,-24.232371,7.342316,24.355866,35.132970
4479.0000,-21.087316,8.116185,21.882490,31.454582
4480.0000,-27.105370,8.202786,21.284578,35.426262
4481.0000,-30.669511,-1.703491,15.180915,34.263406
4482.0000,-24.201626,-2.443856,4.824743,24.798574
4483.0000,-27.583610,3.863078,12.264884,30.433638
4484.0000,-24.947198,-5.476143,4.575349,25.947729
4485.0000,-17.868399,-1.305042,0.231122,17.917484
4486.0000,-25.270877,3.511512,8.651884,26.940732
4487.0000,-28.565840,-1.209793,21.145450,35.561227
4488.0000,-21.630619,-2.862788,10.249787,24.106791
4489.0000,-25.885081,-4.528814,5.826671,26.916494
4490.0000,-13.401142,-6.415419,9.852395,17.827447
4491.0000,-19.761151,-2.252753,8.680686,21.700975
4492.0000,-14.921449,5.887131,4.076061,16.550595
4493.0000,-12.106498,2.031072,20.715540,24.079580
4494.0000,-9.307201,5.222923,9.298301,14.154904
4495.0000,-24.883379,-2.904243,-4.770995,25.502541
4496.0000,-11.361626,6.637248,1.377364,13.230145
4497.0000,-8.274552,5.755388,5.729235,11.593828
4498.0000,2.869184,12.290846,6.940367,14.403673
4499.0000,0.516761,6.320475,7.001907,9.446806
4500.0000,5.572926,4.382572,1.261934,7.201175
4501.0000,0.737276,5.833318,-2.250259,6.295620
4502.0000,1.901000,9.292218,3.674922,10.171733
4503.0000,-13.611644,14.443680,-5.454715,20.582775
4504.0000,-6.514995,14.261459,-3.552645,16.076556
4505.0000,-6.749015,10.591923,-4.387944,13.303837
4506.0000,-12.218584,10.170517,-3.570385,16.293584
4507.0000,-15.664481,17.359582,5.297253,23.974819
4508.0000,-7.219773,13.727757,-1.955317,15.633288
4509.0000,-12.576609,20.592446,-3.037702,24.319695
4510.0000,-16.076345,11.229775,-6.733086,20.733817
4511.0000,-13.979901,10.318904,-4.455418,17.937898
4512.0000,-8.199135,7.254039,-1.104551,11.003041
4513.0000,-9.733233,16.706696,-4.722723,19.903608
4514.0000,-9.121855,16.381042,2.283041,18.888066
4515.0000,-11.936977,18.021907,0.692776,21.627772
4516.0000,-11.554298,18.076342,-0.066058,21.453678
4517.0000,-6.315100,12.323179,4.040822,14.424614
4518.0000,-7.972297,4.076886,-2.977032,9.436167
4519.0000,-2.488840,3.281804,-0.378715,4.136180
4520.0000,-7.718713,14.134337,0.130639,16.105126
4521.0000,-15.409597,13.271699,10.488782,22.882487
4522.0000,-12.726647,20.808757,11.133277,26.812716
4523.0000,-10.950172,17.753444,7.724746,22.243262
4524.0000,-20.488726,8.174426,17.346989,28.062915
4525.0000,-29.540875,13.836482,10.321515,34.214693
4526.0000,-20.119133,24.603470,-1.075399,31.800420
4527.0000,-22.421587,19.784946,8.143959,30.991866
4528.0000,-14.548153,25.105074,11.017475,31.037046
4529.0000,-18.250455,29.635198,21.735090,41.033378
4530.0000,-17.357418,28.285858,17.048821,37.309945
4531.0000,-20.929752,23.887654,4.564103,32.085909
4532.0000,-12.293028,19.691532,0.883038,23.230470
4533.0000,-16.674979,22.979745,-2.921805,28.542260
4534.0000,-13.697590,24.560675,6.999036,28.979946
4535.0000,-16.782906,11.714269,12.128808,23.790713
4536.0000,-13.040297,20.113361,7.796718,25.206853
4537.0000,-14.901447,12.364808,2.403772,19.512040
4538.0000,-17.590275,14.158114,16.145746,27.758874
4539.0000,-16.239116,8.973725,7.107728,19.868479
4540.0000,-21.848942,15.249152,9.134394,28.166471
4541.0000,-11.884909,2.780086,14.856171,19.227214
4542.0000,-9.621438,7.401313,16.977601,20.870804
4543.0000,-9.710962,7.121145,18.628805,22.182106
4544.0000,-0.196395,0.594546,13.887547,13.901655
4545.0000,-5.263965,4.603322,16.306295,17.742468
4546.0000,5.710755,-11.405416,24.795043,27.883515
4547.0000,10.030280,-6.789257,21.593815,24.758703
4548.0000,3.648509,-6.726265,22.758348,24.010345
4549.0000,10.452874,-2.626720,12.797642,16.731464
4550.0000,3.620179,-1.350166,12.243446,12.838638
4551.0000,4.820523,8.418393,15.050323,17.905837
4552.0000,8.070795,11.607584,21.924150,26.087202
4553.0000,11.254449,9.098933,22.537166,26.783896
4554.0000,9.211039,2.350368,21.617002,23.614874
4555.0000,4.188450,-0.951812,24.461451,24.835693
4556.0000,1.218299,8.154664,27.384386,28.598731
4557.0000,-0.144075,0.686629,26.145409,26.154820
4558.0000,6.037613,-3.036068,26.376400,27.228385
4559.0000,9.134598,-0.243915,30.641602,31.975118
4560.0000,3.553835,14.481170,21.723095,26.348185
4561.0000,1.889753,8.037488,15.428876,17.499217
4562.0000,-1.865683,13.777920,18.360519,23.030860
4563.0000,16.626811,9.175549,11.981199,22.454191
4564.0000,18.632667,5.290135,22.817674,29.930052
4565.0000,9.938168,6.351229,17.110417,20.781522
4566.0000,18.050074,-6.235310,12.026143,22.567950
4567.0000,17.262403,-13.463989,24.663315,32.978003
4568.0000,-5.774498,-12.352273,27.712197,30.885099
4569.0000,5.789707,-10.811444,35.329970,37.398059
4570.0000,13.902793,-16.991978,25.111196,33.355466
4571.0000,11.351822,-13.487421,17.110758,24.567304
4572.0000,0.622889,-12.372354,18.846051,22.552977
4573.0000,5.772050,-4.697964,22.069996,23.291031
4574.0000,-1.719678,0.332130,16.951177,17.041421
4575.0000,8.661027,-5.643989,29.647395,31.398026
4576.0000,7.760244,-7.292058,23.831057,26.102007
4577.0000,5.638415,-3.610150,19.601459,20.713331
4578.0000,9.574355,3.993804,20.087903,22.608462
4579.0000,1.228699,8.753488,19.686978,21.580323
4580.0000,5.972797,9.342111,21.401017,24.102964
4581.0000,0.912814,12.867354,6.556038,14.470096
4582.0000,-0.789688,6.553467,13.164015,14.726263
4583.0000,6.584101,5.821704,11.624649,14.573095
4584.0000,-2.676194,10.763782,16.087182,19.540175
4585.0000,9.764138,8.845569,14.984180,19.952647
4586.0000,-2.215787,23.715262,12.515938,26.906729
4587.0000,5.587717,8.231728,16.636361,19.384335
4588.0000,0.969556,19.231852,13.533601,23.536409
4589.0000,11.650921,17.252913,22.153698,30.400548
4590.0000,7.275785,14.272769,24.141782,28.973689
4591.0000,4.907163,8.766161,30.386641,32.004277
4592.0000,4.339051,-10.382051,28.888092,31.002197
4593.0000,-2.633240,-3.264912,24.557059,24.912703
4594.0000,6.266271,15.429448,24.618019,29.721724
4595.0000,15.325186,1.332406,25.845787,30.077256
4596.0000,5.870345,15.918289,22.519803,28.195645
4597.0000,11.841207,18.764343,25.122728,33.518147
4598.0000,11.352647,9.757360,24.480994,28.695082
4599.0000,9.957527,13.316634,21.713936,27.349225
4600.0000,11.489352,15.584735,25.335432,31.886882
4601.0000,6.392477,4.978943,24.385473,25.696399
4602.0000,10.451372,1.356561,24.818958,26.963904
4603.0000,13.325580,10.905859,24.096525,29.616741
4604.0000,12.776354,11.233862,18.415305,25.071065
4605.0000,16.198211,15.630334,29.473298,37.085909
4606.0000,9.160534,16.939263,15.725083,24.862266
4607.0000,10.285478,9.705232,29.834272,33.016153
4608.0000,6.089118,10.145362,32.094829,34.206487
4609.0000,-3.008475,14.522502,31.179409,34.526939
4610.0000,2.529736,15.741088,25.725056,30.264829
4611.0000,9.771095,18.950663,34.184964,40.289126
4612.0000,7.531657,16.157293,32.133511,36.747061
4613.0000,3.859484,11.969352,45.817533,47.512181
4614.0000,8.665964,18.039469,31.784722,37.560483
4615.0000,4.290331,13.136076,44.472402,46.569926
4616.0000,9.278403,7.576210,41.591022,43.281645
4617.0000,4.652138,15.287382,34.271366,37.813661
4618.0000,13.316491,16.630218,33.808999,39.961751
4619.0000,12.937761,15.540380,32.688713,38.437495
4620.0000,15.745495,14.674671,34.482339,40.648472
4621.0000,13.899274,18.454676,37.723733,44.236240
4622.0000,4.583371,17.746736,26.088687,31.883750
4623.0000,4.649282,9.775827,20.697294,23.357238
4624.0000,11.807281,16.564913,21.582563,29.658308
4625.0000,4.863261,19.643010,25.497914,32.552154
4626.0000,22.419535,27.023693,23.903411,42.476918
4627.0000,26.467707,28.818819,19.457365,43.699575
4628.0000,25.747745,19.175718,18.950021,37.279455
4629.0000,24.650071,18.474636,23.503268,38.747152
4630.0000,14.305420,20.220059,19.769901,31.691400
4631.0000,13.388101,8.112935,19.724801,25.181913
4632.0000,15.738972,12.195267,24.320729,31.431475
4633.0000,17.322961,7.061890,15.993451,24.611902
4634.0000,19.092997,12.520905,25.486938,34.218410
4635.0000,17.005410,7.679447,21.525579,28.486987
4636.0000,14.663830,3.842124,24.489921,28.801841
4637.0000,17.821039,14.734537,22.220290,32.069258
4638.0000,14.043277,3.866599,33.268105,36.317090
4639.0000,14.529482,8.322095,27.408396,32.118270
4640.0000,14.252546,7.977764,20.600542,26.289963
4641.0000,25.223086,6.385493,18.154410,31.726348
4642.0000,24.569420,10.121808,16.706194,31.387965
4643.0000,24.094457,16.480052,6.214218,29.845460
4644.0000,17.357187,1.306412,3.175645,17.693597
4645.0000,11.594001,7.453104,-3.032732,14.112656
4646.0000,18.632700,5.555404,-0.642138,19.453852
4647.0000,11.016695,11.744584,3.396978,16.457287
4648.0000,18.300729,9.932520,-1.425397,20.871114
4649.0000,19.050046,15.982718,1.816205,24.932912
4650.0000,16.386091,-1.973641,4.754417,17.175673
4651.0000,22.866033,1.441744,1.527246,22.962286
4652.0000,14.732012,1.196337,5.573858,15.796560
4653.0000,14.036065,13.116402,9.403711,21.388803
4654.0000,9.955134,11.745869,6.924774,16.882613
4655.0000,9.827982,1.157969,3.825088,10.609497
4656.0000,13.310797,12.577846,-3.353597,18.617899
4657.0000,5.372166,3.802031,0.120712,6.582566
4658.0000,6.687096,11.642717,-3.357321,13.839860
4659.0000,17.348109,4.407116,4.913889,18.561408
4660.0000,18.778788,11.099266,11.352791,24.591105
4661.0000,18.852146,12.900973,7.745701,24.121244
4662.0000,31.555939,21.008527,4.382829,38.162085
4663.0000,36.195535,16.663458,6.239213,40.332560
4664.0000,31.681256,18.629865,9.809055,38.039341
4665.0000,11.681404,12.617103,9.328134,19.561711
4666.0000,30.269613,4.501344,5.822977,31.151543
4667.0000,38.605322,-0.165935,4.763557,38.898457
4668.0000,31.769556,10.838955,-1.249665,33.590911
4669.0000,28.997959,6.193596,0.497176,29.656187
4670.0000,27.673210,7.288701,2.233183,28.703986
4671.0000,32.762037,-1.484415,7.762812,33.701866
4672.0000,21.401931,-13.307096,14.014535,28.836238
4673.0000,25.827863,-12.720035,16.230713,33.050172
4674.0000,18.898846,-9.815197,10.357230,23.680724
4675.0000,10.579862,-8.610766,11.441675,17.804233
4676.0000,5.189094,-1.395095,29.064059,29.556599
4677.0000,5.723612,5.789050,21.904272,23.368140
4678.0000,8.551880,-6.795441,17.370148,20.519130
4679.0000,10.773608,-6.955105,21.071193,24.666563
4680.0000,4.832862,-5.009366,16.734618,18.124507
4681.0000,-9.295580,-13.695788,5.113054,17.324138
4682.0000,-0.841564,-7.943502,7.114642,10.696990
4683.0000,0.161965,-22.530573,11.862001,25.462914
4684.0000,-5.447217,-27.303612,11.429049,30.096222
4685.0000,3.663548,-22.153637,9.363610,24.328633
4686.0000,5.964907,-21.642746,2.036894,22.541905
4687.0000,-6.679166,-18.300255,3.636393,19.817516
4688.0000,-10.297497,-10.525092,3.094544,15.046336
4689.0000,-3.017991,-25.430641,11.501878,28.073457
4690.0000,-11.101147,-19.300301,9.395485,24.166345
4691.0000,-20.420898,-18.327794,8.869532,28.837297
4692.0000,-9.224053,-5.426356,6.296675,12.416788
4693.0000,9.598575,-9.834450,5.965795,14.981314
4694.0000,2.728433,-10.666355,2.626246,11.318686
4695.0000,9.870590,-7.089775,5.830405,13.479135
4696.0000,2.088313,-3.898440,3.950411,5.929978
4697.0000,2.286805,-6.320171,16.956453,18.239938
4698.0000,16.030315,-0.096848,5.204756,16.854372
4699.0000,3.051660,1.229457,9.857683,10.392214
4700.0000,3.917121,-0.538180,4.463592,5.962980
4701.0000,-4.390767,8.410817,8.257185,12.577829
4702.0000,-2.094576,2.667450,0.042958,3.391811
4703.0000,-7.451056,5.350672,1.891168,9.366132
4704.0000,-3.299293,1.696907,3.401837,5.033619
4705.0000,-10.472446,4.178960,-1.927764,11.439061
4706.0000,-8.932054,4.846012,0.472945,10.172959
4707.0000,-5.026402,2.757278,3.817850,6.887908
4708.0000,-14.334579,-1.074393,-1.912121,14.501403
4709.0000,-13.896386,-5.579008,1.991522,15.106324
4710.0000,-10.249167,-3.358736,-7.431380,13.097783
4711.0000,-11.212005,-3.299035,14.913916,18.947759
4712.0000,0.135931,-9.755839,12.111754,15.552796
4713.0000,-8.626751,-15.165611,10.252392,20.236801
4714.0000,-7.088111,-10.649467,11.670600,17.316332
4715.0000,-5.963195,-4.453269,8.634745,11.399567
4716.0000,-4.972041,-16.011053,-1.672225,16.848482
4717.0000,-3.399815,-13.020535,1.606580,13.552644
4718.0000,-9.708183,-6.450606,6.835423,13.512296
4719.0000,-13.129801,-12.528097,6.679326,19.338000
4720.0000,-19.936031,-5.431760,-3.782767,21.006158
4721.0000,-13.956109,2.793470,-2.827032,14.510980
4722.0000,-12.669364,-8.492925,-12.299944,19.594162
4723.0000,-14.117480,-11.241650,-3.802118,18.442723
4724.0000,-18.379433,-13.193702,4.284434,23.026804
4725.0000,-24.765562,-5.617007,12.457688,28.285646
4726.0000,-26.056357,-4.059068,4.723380,26.790299
4727.0000,-27.826429,-16.613740,5.356481,32.848416
4728.0000,-31.230916,-1.171836,8.526308,32.395081
4729.0000,-38.391817,-5.206606,7.927601,39.546014
4730.0000,-36.093147,1.931531,12.430633,38.222594
4731.0000,-29.242271,-5.392937,13.517372,32.663643
4732.0000,-25.358171,-5.586905,12.294162,28.729719
4733.0000,-26.453234,7.167749,5.165942,27.889732
4734.0000,-21.751383,3.306867,1.793228,22.074277
4735.0000,-25.960358,-2.161714,-6.668994,26.890308
4736.0000,-24.437543,-7.423155,-7.079186,26.503050
4737.0000,-32.234898,-0.897186,-13.427498,34.931236
4738.0000,-23.852661,-1.627964,-13.844109,27.627144
4739.0000,-13.049264,0.686980,-22.504499,26.023214
4740.0000,-15.307001,5.666994,-23.021352,28.220591
4741.0000,-13.793355,12.042862,-11.365872,21.551571
4742.0000,-9.676992,13.333780,-13.072168,21.031297
4743.0000,-25.206401,7.371344,-12.370404,29.029748
4744.0000,-24.804291,5.520999,-16.447170,30.269518
4745.0000,-17.501273,11.865237,-16.342106,26.723451
4746.0000,-18.056015,6.089707,-30.190497,35.701125
4747.0000,-19.103903,6.991636,-28.187918,34.762060
4748.0000,-13.891618,18.108411,-28.347568,36.393353
4749.0000,-12.476056,12.470794,-33.128723,37.532452
4750.0000,-12.249014,23.676325,-29.215366,39.549265
4751.0000,-13.339341,7.311291,-34.050690,37.294000
4752.0000,-9.052228,12.123035,-31.062348,34.551126
4753.0000,-14.803827,2.634208,-29.561050,33.165465
4754.0000,-18.265565,6.464503,-31.227841,36.750492
4755.0000,-21.363869,10.130241,-30.543362,38.625557
4756.0000,-18.528943,12.384106,-24.696474,33.265653
4757.0000,-17.072951,8.216963,-19.732259,27.356283
4758.0000,-10.646603,4.911480,-28.805270,31.100102
4759.0000,-5.493368,11.512422,-21.567863,25.057647
4760.0000,-9.304878,5.984074,-20.636939,23.415234
4761.0000,-14.754539,1.921850,-20.119080,25.023335
4762.0000,-15.366477,-1.432149,-23.103055,27.783644
4763.0000,-16.664485,4.698256,-31.132533,35.623213
4764.0000,-12.506818,6.682128,-29.398989,32.640035
4765.0000,-5.222593,-2.157134,-32.157532,32.650200
4766.0000,-10.603546,3.523795,-36.123525,37.812185
4767.0000,-13.088196,0.397465,-38.380240,40.552456
4768.0000,-16.994627,-6.225796,-33.845794,38.381189
4769.0000,-17.649929,1.907201,-30.395638,35.200173
4770.0000,-12.164528,-2.961145,-15.833240,20.185034
4771.0000,-14.549238,0.009806,-9.342381,17.290475
4772.0000,-16.016063,-6.133088,-9.151120,19.438931
4773.0000,-3.172705,-9.831284,-20.527113,22.980047
4774.0000,-6.575689,-8.099480,-13.258188,16.870709
4775.0000,-7.867024,-8.127035,-4.131181,12.041819
4776.0000,-11.984948,-8.402608,-14.952181,20.923922
4777.0000,-18.891664,-10.747440,-8.819781,23.456150
4778.0000,-18.067500,-19.050078,-18.974256,32.393864
4779.0000,-19.540717,-25.399296,-12.489378,34.394017
4780.0000,-22.735397,-20.957474,-6.760778,31.651574
4781.0000,-22.394644,-31.182969,-14.985913,41.212562
4782.0000,-23.993374,-25.126301,-11.957623,36.742316
4783.0000,-23.875747,-19.749403,-12.181921,33.293984
4784.0000,-28.389942,-14.491798,-3.494193,32.065720
4785.0000,-21.082239,-13.696305,4.156120,25.481816
4786.0000,-30.875191,-14.034146,1.126382,33.933809
4787.0000,-20.776215,-11.264766,-6.037255,24.392510
4788.0000,-25.277435,-8.283373,-10.567465,28.622269
4789.0000,-21.064580,-10.868834,0.763543,23.715630
4790.0000,-14.397267,-18.490198,-2.481311,23.565347
4791.0000,-16.672388,-7.690151,-1.721028,18.440957
4792.0000,-17.085784,-12.782098,3.220167,21.579516
4793.0000,-12.890631,-18.116651,12.327600,25.423437
4794.0000,-5.519838,-11.267332,3.577584,13.046858
4795.0000,-3.728342,-8.963045,2.585640,10.046007
4796.0000,-2.595049,4.316054,-0.724270,5.087944
4797.0000,-8.360966,-0.180513,-9.274255,12.488000
4798.0000,-1.245923,3.269145,0.372026,3.518243
4799.0000,0.787814,4.651539,-3.040396,5.612617
4800.0000,-11.121457,-2.287509,-4.911335,12.370963
4801.0000,-14.796719,-0.762198,-8.633122,17.148021
4802.0000,-13.927865,8.877690,-14.095285,21.713495
4803.0000,-25.684653,8.513404,-9.675985,28.736808
4804.0000,-25.736478,2.296004,-6.898637,26.743768
4805.0000,-31.806317,1.018629,-9.286679,33.149990
4806.0000,-31.566549,10.896208,-12.085123,35.513723
4807.0000,-39.398574,10.983980,-1.935140,40.946797
4808.0000,-34.074025,11.309776,-0.258662,35.902884
4809.0000,-26.109570,7.242884,7.670921,28.160470
4810.0000,-37.644259,6.927251,7.450774,38.994758
4811.0000,-32.859427,12.371059,9.903835,36.481105
4812.0000,-29.733287,15.269215,4.397455,33.712830
4813.0000,-29.133336,14.603095,-1.233905,32.611719
4814.0000,-28.602992,13.945269,2.848711,31.948660
4815.0000,-18.656070,12.191541,4.647362,22.765777
4816.0000,-20.768569,1.117676,6.783177,21.876795
4817.0000,-14.735389,1.214228,-3.790977,15.263602
4818.0000,-18.070393,0.876178,-7.304887,19.510719
4819.0000,-14.269903,8.365625,3.504425,16.908424
4820.0000,-17.479682,6.176169,-6.963392,19.803362
4821.0000,-14.954822,19.282640,-1.735459,24.463825
4822.0000,-21.359032,15.536651,0.327128,26.414064
4823.0000,-17.192096,19.110374,-2.870852,25.865351
4824.0000,-12.694491,17.641795,-4.033100,22.105405
4825.0000,-16.050360,14.926619,3.155838,22.144465
4826.0000,-18.980211,14.267231,2.926867,23.924231
4827.0000,-16.206745,-0.369817,13.732184,21.245428
4828.0000,-22.500197,7.169461,8.254587,25.015960
4829.0000,-19.569003,4.663555,4.475574,20.608866
4830.0000,-15.361580,2.561782,7.546390,17.305747
4831.0000,-18.340153,1.360916,-4.443143,18.919694
4832.0000,-22.447234,-3.825357,-9.176316,24.550284
4833.0000,-14.600254,-1.229042,-11.484598,18.616496
4834.0000,-14.701401,0.956596,-19.980822,24.824977
4835.0000,-6.975953,-5.527706,-7.192310,11.443286
4836.0000,-7.185175,-6.507334,-16.007120,18.713632
4837.0000,-7.125304,-7.559221,-14.002924,17.435414
4838.0000,-7.148855,-23.343362,-7.912220,25.663630
4839.0000,-7.894637,-29.232735,-2.256195,30.363934
4840.0000,0.201147,-22.963617,-4.134225,23.333666
4841.0000,2.983777,-22.325775,-8.579967,24.103090
4842.0000,-1.402515,-22.454988,-8.800036,24.158522
4843.0000,-5.361973,-17.301222,-20.115820,27.068972
4844.0000,3.691705,-13.843978,-30.836128,34.002223
4845.0000,5.243568,-18.410471,-27.075281,33.158880
4846.0000,-4.849897,-15.432345,-14.550013,21.757335
4847.0000,-5.317720,-12.663862,-15.983785,21.074462
4848.0000,0.616292,-12.459391,-11.919062,17.253413
4849.0000,-0.434669,-10.878925,-10.324511,15.004515
4850.0000,0.220047,-3.988920,-1.997957,4.466736
4851.0000,1.973258,5.471472,4.227136,7.190232
4852.0000,-6.950168,5.017469,-0.952932,8.624843
4853.0000,-7.314243,2.632521,-18.582394,20.142832
4854.0000,-9.811789,-8.149400,-17.494795,21.650676
4855.0000,-7.286685,-8.028940,-7.209162,13.020433
4856.0000,-6.392370,-15.167130,-14.908831,22.207600
4857.0000,-7.211756,-23.662095,-1.723527,24.796667
4858.0000,-16.730677,-14.964598,3.430466,22.707330
4859.0000,-9.795380,-13.827271,-0.343332,16.948769
4860.0000,-9.407642,-17.716853,-4.980683,20.668764
4861.0000,-5.203303,-9.769929,-5.784104,12.489265
4862.0000,-7.529356,-18.219753,-2.353887,19.854254
4863.0000,-21.358035,-6.308477,-20.188882,30.059167
4864.0000,-20.013407,-6.232123,-6.485081,21.941561
4865.0000,-18.794192,-9.886029,1.348228,21.278462
4866.0000,-3.200158,-14.382784,-5.465891,15.715644
4867.0000,-4.882718,-6.263113,-11.200289,13.730039
4868.0000,-8.745666,-6.777902,0.066007,11.064853
4869.0000,-7.678200,-8.814480,-3.606673,12.233475
4870.0000,-7.457747,-1.990683,-10.863599,13.326612
4871.0000,-12.055488,-0.064378,-9.566762,15.390318
4872.0000,-13.380239,-5.400566,-5.410369,15.410029
4873.0000,-10.115138,-12.077548,-5.410373,16.656990
4874.0000,-7.170921,-2.302960,3.204414,8.184986
4875.0000,-3.090621,-1.345757,-6.735779,7.532179
4876.0000,3.997793,8.458689,5.015961,10.615632
4877.0000,-0.072044,-1.137868,0.756274,1.368169
4878.0000,-1.150625,2.568464,-1.865532,3.376559
4879.0000,-1.622087,-1.147259,5.681490,6.018861
4880.0000,-9.390596,-5.454171,0.374847,10.866084
4881.0000,-9.805456,4.465234,6.889963,12.788936
4882.0000,0.016907,5.772128,8.746249,10.479247
4883.0000,3.740831,3.837230,7.510376,9.226262
4884.0000,7.000063,8.580762,1.741711,11.209992
4885.0000,10.490630,6.872226,3.530424,13.028611
4886.0000,14.309140,-1.408470,11.546822,18.440834
4887.0000,11.679742,0.617680,5.506723,12.927564
4888.0000,8.970967,9.076929,3.909058,13.347270
4889.0000,9.293070,1.593437,-5.375936,10.853611
4890.0000,2.917358,4.503603,4.562648,7.043520
4891.0000,13.576689,6.105233,4.235279,15.477014
4892.0000,8.592957,3.549334,13.317046,16.241318
4893.0000,7.405442,4.247088,14.365775,16.710889
4894.0000,-5.614801,-0.967641,11.098311,12.475368
4895.0000,-2.085109,1.669712,14.210629,14.459516
4896.0000,5.853077,1.331655,21.709008,22.523606
4897.0000,-3.294508,6.666369,10.849582,13.153239
4898.0000,7.971318,6.353864,10.752737,14.816709
4899.0000,9.838189,-5.845191,4.182564,12.184008
4900.0000,6.866138,-4.460998,11.314176,13.966206
4901.0000,5.291459,3.036583,8.990709,10.865230
4902.0000,3.337560,-0.931192,20.090888,20.387502
4903.0000,-5.268143,-0.060109,22.566260,23.173110
4904.0000,2.345579,8.828921,20.454268,22.401533
4905.0000,3.316888,-1.583740,24.319035,24.595232
4906.0000,12.562369,-5.184748,14.803274,20.095563
4907.0000,6.325037,-8.650818,16.397035,19.588402
4908.0000,16.483768,-7.217659,19.032181,26.192234
4909.0000,14.150848,-5.794385,20.654285,25.698655
4910.0000,8.395222,0.709636,21.205979,22.818345
4911.0000,9.247264,-9.855478,9.084054,16.283807
4912.0000,6.102667,-11.022408,4.712703,13.451602
4913.0000,1.214413,-10.640670,1.918087,10.880152
4914.0000,6.103135,-2.516937,2.145812,6.941739
4915.0000,0.697673,-11.116616,3.730483,11.746591
4916.0000,-2.723372,-16.883760,-2.343200,17.261770
4917.0000,-4.669743,-17.975655,10.270159,21.222791
4918.0000,1.460016,-17.236984,7.860662,19.000928
4919.0000,-1.328303,-14.502972,15.845251,21.521444
4920.0000,-2.379150,-19.292080,16.349051,25.399531
4921.0000,5.852685,-11.084481,7.173928,14.442468
4922.0000,10.496888,-17.561632,5.156135,21.099320
4923.0000,-2.359344,-14.760076,2.398706,15.138696
4924.0000,3.464164,-15.229406,4.113172,16.150957
4925.0000,11.751562,-21.478939,2.665175,24.628178
4926.0000,8.501169,-18.661896,-0.269508,20.508751
4927.0000,7.476804,-11.310985,1.414734,13.632404
4928.0000,10.715196,-22.837392,8.345604,26.570867
4929.0000,6.712883,-29.876857,10.110686,32.247719
4930.0000,14.787850,-27.947064,-6.566803,32.293061
4931.0000,19.920921,-40.896797,-4.694395,45.732138
4932.0000,13.520932,-42.189031,-4.605437,44.541441
4933.0000,8.628929,-38.834094,-4.709718,40.059040
4934.0000,13.298518,-29.607144,-10.869943,34.228485
4935.0000,20.384434,-31.665023,-7.100032,38.322438
4936.0000,5.368423,-28.905154,2.457443,29.501982
4937.0000,-0.525359,-30.588554,4.404581,30.908510
4938.0000,-8.474165,-28.250028,0.924927,29.508152
4939.0000,-5.903359,-21.999637,-0.000665,22.777921
4940.0000,-6.635083,-35.209915,-0.858765,35.839921
4941.0000,-10.797207,-35.664306,6.520845,37.829139
4942.0000,-2.132246,-32.830232,3.968549,33.137893
4943.0000,0.155257,-41.175917,7.974484,41.941300
4944.0000,-0.978678,-40.157694,-1.090251,40.184410
4945.0000,-7.958933,-29.314201,5.398816,30.851486
4946.0000,-1.504142,-35.150470,7.967942,36.073620
4947.0000,-8.190151,-40.651035,8.780790,42.387351
4948.0000,-16.366411,-33.660873,15.279564,40.427452
4949.0000,-5.036340,-28.808437,27.930765,40.440306
4950.0000,-7.829866,-27.282270,27.291793,39.376021
4951.0000,-6.428522,-23.965025,26.249095,36.120123
4952.0000,3.146128,-21.656017,24.387943,32.766644
4953.0000,-5.817979,-23.602780,21.373019,32.368906
4954.0000,3.033998,-21.077879,26.773368,34.209580
4955.0000,-0.202250,-14.168440,14.978543,20.618980
4956.0000,5.566165,-17.084537,22.785539,29.018001
4957.0000,14.030987,-17.157827,9.782063,24.227018
4958.0000,8.876088,-15.212343,5.622123,18.488067
4959.0000,-1.801373,-3.750840,9.659374,10.517473
4960.0000,1.342226,-8.644954,6.546508,10.926736
4961.0000,6.012598,-4.838581,7.017276,10.430981
4962.0000,6.013210,0.017483,9.984288,11.655257
4963.0000,13.313201,-5.106983,12.629040,19.047710
4964.0000,20.164260,-0.891810,1.483643,20.238426
4965.0000,18.142198,3.859511,3.972259,18.968764
4966.0000,20.674727,0.399721,1.980440,20.773210
4967.0000,8.267753,3.008069,4.578311,9.917921
4968.0000,16.187177,10.335752,-2.021920,19.311671
4969.0000,23.937120,1.242539,-7.438067,25.096901
4970.0000,29.353086,3.478372,-12.442452,32.070506
4971.0000,17.874804,12.011961,-7.589759,22.834191
4972.0000,25.807532,16.121882,-6.153975,31.045373
4973.0000,18.996168,12.767258,-13.970135,26.814584
4974.0000,14.388105,8.822098,-13.946486,21.894097
4975.0000,11.435193,6.915761,-22.569765,26.229481
4976.0000,18.609835,7.682128,-20.189847,28.512646
4977.0000,13.920306,4.467494,-37.042182,39.822816
4978.0000,23.049874,5.873825,-49.343619,54.777653
4979.0000,13.351421,4.106359,-38.546991,40.999916
4980.0000,18.862661,1.197943,-45.191171,48.984457
4981.0000,16.062528,4.382304,-37.056912,40.625412
4982.0000,13.335823,7.903250,-34.952434,38.235823
4983.0000,20.793549,-3.969432,-26.196893,33.680934
4984.0000,26.673865,5.263574,-30.171993,40.614646
4985.0000,15.083627,6.255974,-23.259624,28.419415
4986.0000,27.888481,11.873796,-29.360324,42.199325
4987.0000,24.187871,5.518437,-32.597698,40.964816
4988.0000,31.710670,5.110584,-23.491881,39.793883
4989.0000,23.035062,-1.163628,-17.431812,28.910832
4990.0000,14.198029,3.356769,-31.328166,34.558731
4991.0000,14.358628,3.466235,-26.612998,30.437421
4992.0000,23.072768,-7.231506,-18.708241,30.571974
4993.0000,12.547972,-2.816056,-10.667451,16.708569
4994.0000,9.439298,9.493443,-7.475887,15.333450
4995.0000,8.562569,1.180830,-11.444410,14.341774
4996.0000,0.447829,-4.882286,-19.108643,19.727583
4997.0000,5.148891,3.878727,-20.908422,21.879618
4998.0000,0.400746,6.002525,-22.019117,22.826135
4999.0000,3.116708,-0.130592,-17.451888,17.728489
5000.0000,-0.567034,11.882036,-18.982167,22.401494
5001.0000,-6.948778,9.910745,-11.861323,16.946957
5002.0000,2.019825,1.242899,-20.946395,21.080227
5003.0000,-4.146576,-3.367404,-19.950896,20.653614
5004.0000,-2.558798,14.261532,-12.025138,18.829304
5005.0000,-7.306844,12.996380,-21.142582,25.870923
5006.0000,-3.613285,15.821114,-15.221465,22.249865
5007.0000,-16.017061,20.337929,-16.153400,30.514094
5008.0000,-13.216728,18.126873,-12.571217,25.715772
5009.0000,-12.480941,15.074948,-15.929384,25.234366
5010.0000,-20.291886,3.003252,-7.586565,21.870897
5011.0000,-9.374685,9.600387,-10.529301,17.056328
5012.0000,-13.698761,7.485873,-15.269015,21.836601
5013.0000,-13.179926,-1.344106,-12.833707,18.445084
5014.0000,-19.686519,-4.149609,-5.038284,20.740362
5015.0000,-16.501551,-7.050499,-8.765462,19.971080
5016.0000,-16.495924,-0.271864,-1.223985,16.543505
5017.0000,-25.937497,-0.038286,-4.343698,26.298725
5018.0000,-16.200031,4.057051,-18.704815,25.075302
5019.0000,-24.954387,7.451548,-14.843670,29.976349
5020.0000,-21.080410,5.066483,-12.214023,24.884439
5021.0000,-17.355010,-0.348878,-6.841408,18.658053
5022.0000,-25.070427,5.041657,-13.032939,28.701954
5023.0000,-17.357131,12.685947,-7.003770,22.610972
5024.0000,-35.408177,15.029125,-3.686770,38.642022
5025.0000,-28.100676,6.324507,-4.537098,29.158749
5026.0000,-18.443420,0.948748,-7.699473,20.008542
5027.0000,-14.786061,6.290729,3.813064,16.514852
5028.0000,-15.495684,-3.938516,-5.097830,16.781419
5029.0000,-9.595027,-8.073498,-4.532480,13.333765
5030.0000,-14.921303,-14.632486,1.507410,20.952976
5031.0000,-7.413531,-15.967211,-9.307560,19.913386
5032.0000,-3.762703,-16.965858,6.135236,18.429308
5033.0000,1.423633,-9.307504,4.826114,10.580535
5034.0000,-7.219243,-11.775737,6.668654,15.338070
5035.0000,-5.342612,-15.330125,5.442705,17.122478
5036.0000,-5.391461,-16.997228,6.111019,18.849885
5037.0000,7.535041,-12.962982,8.421087,17.196815
5038.0000,4.673171,-21.480527,5.299891,22.612838
5039.0000,1.016469,-21.197894,11.935209,24.348165
5040.0000,3.418360,-22.027311,6.203922,23.138199
5041.0000,5.618884,-19.255760,15.915356,25.605755
5042.0000,3.701214,-12.161487,7.101326,14.561236
5043.0000,1.394636,-14.177901,4.726991,15.010074
5044.0000,-6.029559,-5.955673,8.076316,11.706942
5045.0000,2.154385,-17.671016,11.494767,21.190466
5046.0000,-9.935404,-14.335775,6.633741,18.661007
5047.0000,-0.852379,-5.973814,4.283390,7.400029
5048.0000,4.365387,-10.949917,12.149116,16.928033
5049.0000,-5.594276,-10.407697,15.632966,19.596064
5050.0000,0.851810,-3.347572,10.986928,11.517136
5051.0000,2.623441,-15.804327,7.653508,17.754869
5052.0000,5.712319,-7.750365,9.053089,13.215792
5053.0000,0.352995,-0.976964,6.832695,6.911207
5054.0000,-6.328533,-6.696649,6.390670,11.213211
5055.0000,-7.560899,-1.134963,16.446599,18.136868
5056.0000,-1.696901,-5.445665,3.985693,6.958483
5057.0000,2.243885,9.952051,7.364568,12.582337
5058.0000,1.453248,12.036437,8.367106,14.730791
5059.0000,-5.471065,13.854854,16.115349,21.945250
5060.0000,-5.820610,13.984562,0.912460,15.174981
5061.0000,-10.469727,15.912240,-1.830588,19.135455
5062.0000,-2.639610,16.813271,10.442912,19.967675
5063.0000,-8.367870,26.208699,3.891795,27.786026
5064.0000,-11.845903,20.056516,3.473684,23.551130
5065.0000,-11.148876,29.276244,5.700664,31.841694
5066.0000,-16.810797,26.853013,-4.175757,31.955034
5067.0000,-5.557731,23.767262,0.588336,24.415512
5068.0000,-17.110447,22.118994,7.503977,28.953876
5069.0000,-13.110065,8.412577,8.285340,17.643472
5070.0000,-15.010119,5.469776,19.483892,25.196114
5071.0000,-21.871584,9.863280,18.511453,30.303867
5072.0000,-17.923021,2.818822,21.894487,28.434996
5073.0000,-8.901955,-2.396633,15.680563,18.189797
5074.0000,-14.165110,2.743920,17.108126,22.380068
5075.0000,-9.901453,0.536008,15.065062,18.035580
5076.0000,-0.886665,1.667141,8.753544,8.954891
5077.0000,-10.140597,0.240138,5.282842,11.436686
5078.0000,1.747889,9.618316,9.670486,13.750834
5079.0000,3.584377,6.890183,14.476549,16.428416
5080.0000,-1.945783,3.189115,11.897847,12.470577
5081.0000,-3.210103,4.959998,20.597247,21.427854
5082.0000,3.998909,1.900436,20.284416,20.761996
5083.0000,-2.411455,-2.613298,22.733468,23.009890
5084.0000,-4.102399,-8.318917,19.662315,21.740301
5085.0000,-7.965012,-1.692785,19.340414,20.984722
5086.0000,-7.714371,4.899505,29.741457,31.113839
5087.0000,-15.004398,-1.237425,25.373669,29.504005
5088.0000,-6.966825,-2.191217,28.919898,29.827816
5089.0000,-13.269197,-13.172859,21.681651,28.630225
5090.0000,-11.527751,-12.043725,29.368409,33.770457
5091.0000,-4.370505,-10.707741,29.209433,31.415729
5092.0000,-7.561444,0.218254,25.240230,26.349426
5093.0000,-16.413860,5.709618,28.205294,33.129339
5094.0000,-6.275474,7.539694,15.805123,18.601894
5095.0000,-19.488866,12.713277,26.136414,34.993649
5096.0000,-10.695950,12.276876,14.859600,22.043882
5097.0000,-9.928122,3.734330,15.200058,18.535226
5098.0000,-7.222473,5.909204,17.831662,20.125878
5099.0000,-11.717020,9.087132,12.882478,19.642371
5100.0000,-4.558462,4.642063,11.463302,13.180881
5101.0000,-8.500906,-3.758858,10.272160,13.853219
5102.0000,-4.351636,-4.775192,3.728523,7.459295
5103.0000,-10.272192,-1.078414,10.642177,14.830268
5104.0000,4.096220,-6.092390,14.935883,16.642621
5105.0000,1.287226,-3.770665,11.848847,12.500801
5106.0000,-4.280139,2.791741,12.050930,13.089626
5107.0000,-0.833578,0.773752,11.013541,11.072111
5108.0000,-0.250806,-1.372295,8.118669,8.237651
5109.0000,9.012364,4.706172,20.854032,23.200461
5110.0000,0.964774,5.105204,3.782687,6.426711
5111.0000,9.554865,16.955794,7.429520,20.832479
5112.0000,10.467696,13.050258,13.407553,21.439318
5113.0000,-3.816109,10.945592,15.093048,19.030733
5114.0000,-6.180513,6.982061,7.727400,12.110352
5115.0000,-1.839161,13.630231,2.771328,14.030180
5116.0000,-3.193881,-6.123956,14.059916,15.664768
5117.0000,-1.192934,-0.287680,11.736738,11.800715
5118.0000,-0.639232,-1.330133,5.959996,6.139985
5119.0000,-0.790787,-3.828641,7.405990,8.374516
5120.0000,-3.645069,0.865506,5.068585,6.302871
5121.0000,-4.359601,11.132000,4.913015,12.925373
5122.0000,-5.247415,12.482708,-5.398388,14.577241
5123.0000,-1.354408,7.417314,15.156734,16.928602
5124.0000,2.948683,-4.085275,6.878609,8.526398
5125.0000,0.025319,-12.632461,8.930936,15.470660
5126.0000,1.635830,-12.588028,10.296158,16.344579
5127.0000,7.453042,-21.100313,14.628287,26.734955
5128.0000,6.826266,-25.108538,14.656490,29.863846
5129.0000,3.072615,-9.716199,9.024459,13.611993
5130.0000,2.633361,-8.436563,17.846285,19.914820
5131.0000,9.292433,-11.460590,13.286410,19.855053
5132.0000,9.977445,-8.756551,11.460761,17.537834
5133.0000,11.508276,-14.654718,11.593133,21.945430
5134.0000,6.187722,-16.933461,13.340929,22.427893
5135.0000,-0.851395,-10.633416,7.253613,12.899973
5136.0000,-1.015324,-7.602169,9.490543,12.202223
5137.0000,0.263136,-7.365672,5.719225,9.329089
5138.0000,-0.216677,-4.671798,0.340650,4.689210
5139.0000,5.400713,-4.710528,8.292068,10.959707
5140.0000,17.573199,1.418724,-3.601614,17.994492
5141.0000,9.748357,-0.429435,-11.058215,14.747847
5142.0000,15.443445,5.265740,-9.887800,19.078694
5143.0000,6.755428,0.458071,4.323098,8.033356
5144.0000,1.209338,-3.574708,-1.670032,4.126747
5145.0000,-10.786949,-0.348557,-9.289892,14.240149
5146.0000,-5.702397,-0.961377,-9.429820,11.061785
5147.0000,1.891981,-3.229664,-9.492214,10.203551
5148.0000,-2.205492,-0.734587,4.013064,4.637725
5149.0000,-6.044524,-9.550050,-2.771083,11.636951
5150.0000,-12.959586,-12.032788,0.337434,17.687643
5151.0000,-14.012483,2.731221,-0.458923,14.283552
5152.0000,-13.450376,-3.156159,7.521124,15.730266
5153.0000,-10.909211,-6.443567,4.876842,13.576230
5154.0000,-13.004282,-1.535722,2.239579,13.284785
5155.0000,-11.691409,-3.578285,12.576742,17.540456
5156.0000,-11.366211,12.209559,1.483803,16.747112
5157.0000,4.506218,9.890653,0.633986,10.887284
5158.0000,6.508153,19.052100,-10.898689,22.893666
5159.0000,4.962874,19.446769,-1.021593,20.096034
5160.0000,4.321476,18.717889,-0.717872,19.223680
5161.0000,0.773855,18.146282,0.844727,18.182408
5162.0000,3.384982,17.883629,8.715435,20.180215
5163.0000,6.721119,29.061624,-1.100810,29.849007
5164.0000,1.799734,23.529301,2.257058,23.705724
5165.0000,1.700306,29.242722,3.597536,29.512203
5166.0000,-4.237216,24.350490,2.186617,24.812934
5167.0000,1.494633,13.455299,-2.514778,13.769644
5168.0000,8.751245,16.025610,0.435591,18.264562
5169.0000,-8.381461,14.542941,5.534109,17.674059
5170.0000,-4.710400,9.963196,4.338702,11.843879
5171.0000,-0.878823,3.605801,-6.231719,7.253169
5172.0000,1.264802,3.786771,-6.482134,7.612977
5173.0000,-7.183887,8.257731,-9.845469,14.721807
5174.0000,-13.060261,7.446711,-7.965537,17.013927
5175.0000,-11.283291,3.139222,-4.766376,12.644592
5176.0000,-14.591402,-9.675720,0.517428,17.515602
5177.0000,-20.108046,-6.336571,-4.214086,21.499864
5178.0000,-17.539360,-5.670948,-6.899956,19.682434
5179.0000,-20.352030,-5.911728,-4.548634,21.675879
5180.0000,-20.715873,-3.197955,1.776233,21.036381
5181.0000,-24.515110,-5.385846,6.282811,25.874150
5182.0000,-33.386074,-11.343105,8.431209,36.254396
5183.0000,-31.263643,1.632359,12.881272,33.852728
5184.0000,-26.448365,-5.492347,2.375307,27.116858
5185.0000,-21.885101,-0.796056,6.243909,22.772303
5186.0000,-26.776505,1.867006,13.989934,30.268551
5187.0000,-17.018086,-1.155792,9.645180,19.595423
5188.0000,-19.454221,12.677395,18.056394,29.414562
5189.0000,-12.013738,4.305017,16.310347,20.709671
5190.0000,-22.519707,1.093580,9.043990,24.292527
5191.0000,-35.770327,-5.419007,10.921037,37.790885
5192.0000,-32.086656,2.699599,6.788864,32.907902
5193.0000,-34.289815,11.109473,11.571871,37.856572
5194.0000,-42.502231,2.652926,13.490174,44.670600
5195.0000,-41.942933,9.459708,13.763474,45.145641
5196.0000,-37.050143,4.180693,11.913849,39.142446
5197.0000,-39.640252,2.030483,8.839474,40.664589
5198.0000,-36.346878,3.340890,12.373282,38.540306
5199.0000,-31.852622,3.062503,4.573330,32.324662
5200.0000,-36.607666,10.298033,12.163314,39.926394
5201.0000,-27.499868,1.227277,10.575298,29.488742
5202.0000,-27.021295,-1.810359,10.455671,29.030137
5203.0000,-33.962301,-6.769461,8.729125,35.713599
5204.0000,-34.020256,-15.135796,8.198995,38.127334
5205.0000,-31.529567,-15.616099,7.265324,35.927163
5206.0000,-35.919384,-12.542521,7.565273,38.791112
5207.0000,-31.329487,-19.514821,6.404283,37.461712
5208.0000,-18.657926,-22.296954,2.709891,29.199587
5209.0000,-15.737557,-10.934569,10.323332,21.767101
5210.0000,-18.600616,-17.411695,-6.741288,26.355171
5211.0000,-17.168102,-20.394351,8.501631,27.981262
5212.0000,-15.800534,-12.597455,2.762245,20.395655
5213.0000,-16.754001,-23.821093,0.517862,29.127465
5214.0000,-9.162806,-21.505501,3.151597,23.587627
5215.0000,-23.186343,-21.411953,16.076304,35.419286
5216.0000,-21.052661,-21.143729,15.311841,33.536909
5217.0000,-35.515986,-39.419501,10.788058,54.144847
5218.0000,-38.161671,-27.972530,15.029505,49.645358
5219.0000,-31.625901,-26.311157,15.731472,44.044907
5220.0000,-31.705486,-25.450973,21.674434,46.073539
5221.0000,-22.831525,-22.957776,17.934324,37.013213
5222.0000,-32.699198,-23.013942,12.573784,41.916334
5223.0000,-33.919989,-22.607691,14.278640,43.192047
5224.0000,-37.496888,-26.559231,34.180587,57.268856
5225.0000,-28.853628,-19.442596,18.384365,39.351382
5226.0000,-28.083607,-23.193108,29.350486,46.776707
5227.0000,-25.652178,-20.096076,40.814968,52.227848
5228.0000,-22.959962,-24.924764,26.972626,43.311964
5229.0000,-18.489814,-26.377460,38.261214,50.015639
5230.0000,-14.958811,-19.495041,31.601853,40.031234
5231.0000,-14.512184,-14.090864,35.679021,41.014003
5232.0000,-7.144836,-16.066406,20.011625,26.639130
5233.0000,-11.865812,-7.155123,24.629973,28.260022
5234.0000,-8.504159,-6.989879,32.880444,34.674237
5235.0000,-4.772368,-10.144788,25.521634,27.875546
5236.0000,-3.486360,-21.903116,21.508186,30.895036
5237.0000,-3.720337,-17.707185,30.509967,35.471726
5238.0000,2.208958,-24.297949,24.988355,34.924027
5239.0000,-1.325112,-16.795845,26.675523,31.550592
5240.0000,7.130461,-22.822415,28.981822,37.571959
5241.0000,4.164281,-21.331910,33.919302,40.285365
5242.0000,-0.576106,-12.187233,31.053414,33.364278
5243.0000,1.822630,-22.725268,33.055146,40.154731
5244.0000,7.748643,-20.923209,33.381654,40.151675
5245.0000,10.139981,-26.794362,37.425104,47.131682
5246.0000,13.027980,-24.121732,26.871597,38.388396
5247.0000,12.761432,-24.324971,25.262191,37.319387
5248.0000,12.435271,-27.686270,23.324516,38.277912
5249.0000,13.655625,-13.825789,17.819082,26.365663
5250.0000,12.358081,-2.178560,14.703924,19.330641
5251.0000,20.904552,-14.357270,10.329670,27.383089
5252.0000,14.189071,-25.719677,19.761871,35.402868
5253.0000,7.532610,-19.611233,10.179891,23.344611
5254.0000,9.341678,-15.596583,3.394583,18.494419
5255.0000,7.979615,-11.985412,16.582494,21.961408
5256.0000,15.087908,-20.246344,18.959685,31.575768
5257.0000,17.233238,-19.184742,16.125793,30.415128
5258.0000,12.253692,-7.714426,14.019663,20.154808
5259.0000,19.226612,-11.594506,17.135663,28.244046
5260.0000,7.647980,-6.854725,14.653209,17.894004
5261.0000,5.414539,-9.641704,8.312745,13.834068
5262.0000,7.809626,-4.402461,10.438845,13.760138
5263.0000,12.455759,-5.025045,26.855271,30.026698
5264.0000,17.651713,-19.072806,24.521442,35.730324
5265.0000,13.609093,-20.189145,26.974897,36.338052
5266.0000,22.839706,-20.047084,10.869677,32.275186
5267.0000,21.276463,-19.432837,23.431112,37.139467
5268.0000,7.212964,-19.795070,22.219299,30.619747
5269.0000,6.358697,-11.124624,20.490828,24.167423
5270.0000,6.499016,-16.860744,24.630786,30.548282
5271.0000,14.352947,-8.561198,30.331339,34.630786
5272.0000,11.690995,-16.626237,22.841261,30.575060
5273.0000,13.123732,-18.497712,18.998275,29.586013
5274.0000,8.295892,-19.041049,27.104292,34.147123
5275.0000,5.465027,-14.809118,21.742911,26.868767
5276.0000,-0.476705,-10.968831,17.926350,21.021336
5277.0000,-4.729422,-23.801053,24.246207,34.303588
5278.0000,6.137585,-19.325233,22.284479,30.128600
5279.0000,11.045601,-14.965270,19.403254,26.878446
5280.0000,2.580701,-21.094523,20.506130,29.532022
5281.0000,7.787241,-17.890005,21.625687,29.126684
5282.0000,8.478006,-14.477322,25.038322,30.139459
5283.0000,4.984854,-10.097554,14.582714,18.424573
5284.0000,9.286226,-8.687852,19.257624,23.077454
5285.0000,8.620384,0.742083,26.346315,27.730669
5286.0000,8.748750,0.200078,16.864793,19.000050
5287.0000,11.626257,4.493527,16.153336,20.403233
5288.0000,8.780617,9.098706,11.826668,17.313456
5289.0000,2.634336,9.386838,2.977318,10.193963
5290.0000,9.891088,7.501685,14.533212,19.113428
5291.0000,2.554596,12.608120,6.910419,14.602895
5292.0000,-3.117828,4.074593,8.563660,9.982957
5293.0000,5.383358,9.705149,8.456460,13.952856
5294.0000,1.778077,7.873988,11.232689,13.832373
5295.0000,-12.968383,10.407520,9.303941,19.054101
5296.0000,-14.056337,14.613467,19.083298,27.844323
5297.0000,-5.687537,11.145108,3.449107,12.979131
5298.0000,-13.263029,6.115312,8.853380,17.078856
5299.0000,-15.188143,17.214579,-1.343911,22.996250
5300.0000,-17.284050,11.830317,6.319894,21.877748
5301.0000,-21.844548,12.845433,6.440975,26.147191
5302.0000,-21.887527,8.985711,5.830670,24.368085
5303.0000,-15.567894,16.849950,7.705730,24.200381
5304.0000,-19.231717,7.300555,19.889584,28.613853
5305.0000,-29.876749,14.679612,9.871803,34.721227
5306.0000,-21.217466,5.000025,21.310610,30.484803
5307.0000,-23.419236,7.245890,28.263507,37.413759
5308.0000,-16.855882,13.404444,23.557487,31.917943
5309.0000,-11.760739,6.608581,21.155617,25.090804
5310.0000,-18.693688,4.489732,21.429029,28.789147
5311.0000,-12.444740,0.569083,20.841189,24.280663
5312.0000,-10.192345,6.520591,12.839051,17.642087
5313.0000,-17.482048,12.605534,6.665600,22.559958
5314.0000,-9.862657,6.932289,17.944386,21.617808
5315.0000,-13.218138,6.957021,21.670128,26.319456
5316.0000,-10.440016,9.544896,17.230070,22.292920
5317.0000,-9.518033,12.252494,21.036405,26.138992
5318.0000,-12.910089,6.360961,23.030465,27.157587
5319.0000,-14.535297,10.044834,21.338448,27.703842
5320.0000,-6.625450,12.558816,18.051259,22.966680
5321.0000,-5.276913,14.576995,5.755448,16.536619
5322.0000,7.538407,4.620137,8.017856,11.935630
5323.0000,-6.941338,6.551262,3.687291,10.232171
5324.0000,-9.351636,-3.057487,-2.340726,10.113373
5325.0000,-5.246464,0.787946,2.083536,5.699769
5326.0000,-9.072061,-8.335169,-1.103141,12.369085
5327.0000,-15.933459,-9.615002,5.079228,19.290462
5328.0000,-24.148144,-16.091015,2.747514,29.147941
5329.0000,-22.325936,-11.347330,1.949063,25.119875
5330.0000,-21.791320,-9.368921,-4.593254,24.160635
5331.0000,-34.816326,-13.331952,-6.180471,37.790418
5332.0000,-24.036874,-17.118673,-7.321859,30.404439
5333.0000,-19.013789,-6.638236,-16.604321,26.101606
5334.0000,-22.505732,-13.137191,-22.923438,34.707027
5335.0000,-19.906127,-15.336540,-15.689706,29.624825
5336.0000,-4.165206,-10.394678,-11.861701,16.312517
5337.0000,-7.895355,-8.760644,-11.570003,16.521213
5338.0000,-7.520618,-17.730219,-12.168435,22.781378
5339.0000,-7.202367,-14.993285,-12.042745,20.535345
5340.0000,-11.322749,-17.432602,-16.285633,26.406857
5341.0000,-6.121903,-10.805357,-23.676211,26.735677
5342.0000,-15.039943,-6.634123,-18.622860,24.839936
5343.0000,0.403018,-13.280030,-16.179821,20.935813
5344.0000,-4.539375,-10.356030,-16.115166,19.686337
5345.0000,-14.558389,-11.282585,-18.089334,25.816031
5346.0000,-12.608314,-9.366649,-26.280818,30.616745
5347.0000,-4.279373,-11.481001,-13.801796,18.455785
5348.0000,-13.232314,-19.535601,-21.150281,31.687035
5349.0000,-14.435897,-19.492495,-21.141635,32.176408
5350.0000,-7.395389,-12.790655,-30.151905,33.577224
5351.0000,-4.626360,-23.752256,-26.557194,35.928504
5352.0000,-9.187913,-35.072881,-29.553919,46.775623
5353.0000,-2.780092,-32.351270,-26.248299,41.752926
5354.0000,-14.061586,-22.467816,-32.575255,41.996169
5355.0000,-13.068272,-34.171824,-29.981422,47.300940
5356.0000,-14.139355,-28.629818,-36.160751,48.240934
5357.0000,-16.712414,-20.351296,-32.640120,41.938735
5358.0000,-18.284188,-19.709387,-31.378161,41.320218
5359.0000,-13.596616,-18.260634,-32.041979,39.306579
5360.0000,-14.413898,-16.305869,-28.017392,35.476979
5361.0000,-16.478429,-21.326740,-21.843067,34.691325
5362.0000,-14.031777,-13.374570,-22.246051,29.506892
5363.0000,-8.237312,-7.884715,-32.197377,34.156890
5364.0000,-17.284366,-12.137271,-29.270040,36.094292
5365.0000,-9.102608,-14.914495,-39.605432,43.288450
5366.0000,-12.684522,-12.847156,-41.265372,45.041952
5367.0000,-6.676608,-11.763849,-40.167819,42.384182
5368.0000,-9.387190,-14.918704,-41.877169,45.435497
5369.0000,-13.832109,-12.351047,-44.941176,48.616714
5370.0000,-24.496639,-16.420202,-50.647525,58.607850
5371.0000,-25.070607,-9.026753,-54.704218,60.848739
5372.0000,-16.429754,-7.269119,-54.263946,57.160763
5373.0000,-8.344285,-4.944099,-46.003642,47.014958
5374.0000,-12.656821,-18.391546,-45.877491,51.021449
5375.0000,-11.398229,-22.666106,-53.646895,59.343588
5376.0000,-14.450859,-17.589411,-40.971970,46.871282
5377.0000,-22.367056,-22.625205,-37.619577,49.268830
5378.0000,-16.021315,-23.374663,-34.073833,44.317982
5379.0000,-19.778100,-18.870076,-33.549311,43.275967
5380.0000,-14.264250,-5.899378,-39.367483,42.285579
5381.0000,-14.858422,-11.931862,-33.484841,38.527608
5382.0000,-21.158420,-15.004156,-37.057335,45.233278
5383.0000,-14.491261,-24.039734,-30.075417,41.139230
5384.0000,-21.925103,-16.164839,-32.277685,42.235780
5385.0000,-27.207550,-12.003856,-35.125852,46.023568
5386.0000,-25.477083,-11.790150,-35.186529,45.013123
5387.0000,-14.428020,-2.277450,-30.919059,34.195654
5388.0000,-13.021747,-6.792242,-16.353833,21.980635
5389.0000,-22.401610,-8.464066,-12.322532,26.931717
5390.0000,-20.577084,-2.669575,-19.414996,28.416282
5391.0000,-25.188404,-11.625977,-19.941132,34.165300
5392.0000,-14.058300,-13.658340,-14.749301,24.530144
5393.0000,-23.433620,-4.477776,-12.351289,26.865207
5394.0000,-33.141951,-1.500026,-11.290672,35.044518
5395.0000,-32.714788,-1.510558,-15.603131,36.276671
5396.0000,-24.637244,-4.031879,-13.312185,28.292474
5397.0000,-30.685829,-9.520526,-10.531470,33.810832
5398.0000,-27.090281,-8.801585,-12.708479,31.190650
5399.0000,-39.681998,-7.967822,-15.634689,43.388831
5400.0000,-31.954799,-15.879630,-15.421690,38.872874
5401.0000,-26.119984,-14.325272,-19.007722,35.337805
5402.0000,-24.197703,-4.429420,-3.838969,24.897515
5403.0000,-23.824673,-2.735725,-4.984711,24.493807
5404.0000,-34.418396,9.593146,-6.895122,36.389519
5405.0000,-35.808019,9.427519,-15.350108,40.083889
5406.0000,-30.355450,13.112124,-11.067243,34.869256
5407.0000,-36.688791,3.239949,-14.568727,39.608238
5408.0000,-35.111247,1.977683,-18.318693,39.652054
5409.0000,-34.077148,-1.577253,-20.704910,39.905301
5410.0000,-35.201317,3.754075,-10.653791,36.969299
5411.0000,-44.358032,11.932532,-6.602018,46.406971
5412.0000,-43.775599,8.638818,-7.095230,45.180466
5413.0000,-35.298664,5.903071,-13.836344,38.370383
5414.0000,-26.101681,10.944605,-4.439357,28.649433
5415.0000,-30.759500,13.935055,11.697335,35.737379
5416.0000,-32.156513,12.487471,-2.647894,34.597538
5417.0000,-30.294968,19.874840,7.589597,37.018864
5418.0000,-31.321992,7.642263,4.537953,32.558630
5419.0000,-26.613602,1.707579,8.884866,28.109438
5420.0000,-33.558806,-5.383332,-2.602382,34.087331
5421.0000,-40.973831,3.805634,-2.517089,41.227096
5422.0000,-37.379171,-1.149582,-3.790101,37.588414
5423.0000,-40.226126,-5.065858,3.078637,40.660572
5424.0000,-44.174888,-5.585743,4.951655,44.801118
5425.0000,-39.458567,-12.724135,2.898116,41.560572
5426.0000,-32.449699,-2.698114,0.970903,32.576149
5427.0000,-47.828370,-3.863534,-10.510810,49.121859
5428.0000,-33.079369,3.624289,-2.290779,33.356075
5429.0000,-33.930641,4.127516,-2.840711,34.298607
5430.0000,-27.061353,7.254359,-4.871084,28.437124
5431.0000,-26.656345,-0.678399,-1.812707,26.726520
5432.0000,-30.285358,-5.784965,-0.378134,30.835235
5433.0000,-16.340095,-1.286490,-0.052810,16.390746
5434.0000,-26.365336,-11.390130,2.225170,28.806551
5435.0000,-10.249397,-14.372893,6.352455,18.761234
5436.0000,-13.559885,-10.151755,1.030409,16.970278
5437.0000,-15.629065,-11.975045,6.657850,20.784522
5438.0000,-6.539943,-11.564694,4.949121,14.177687
5439.0000,5.668713,-2.061756,11.239648,12.755973
5440.0000,11.154434,-5.561656,7.235285,14.411897
5441.0000,6.788796,-17.555061,5.314151,19.557815
5442.0000,6.841517,-9.267278,10.553387,15.622509
5443.0000,1.866612,-9.204202,-0.862690,9.431108
5444.0000,5.406631,-2.099854,7.290908,9.316565
5445.0000,0.258267,-12.210313,-1.892962,12.358874
5446.0000,-2.631012,-12.160877,-4.538521,13.244143
5447.0000,2.300047,-11.719904,-13.360039,17.920296
5448.0000,5.003833,-18.778304,-13.178841,23.480734
5449.0000,9.510783,-12.995480,-20.069038,25.731377
5450.0000,9.207514,-15.518711,-11.816830,21.569566
5451.0000,16.278491,-20.984812,-4.070628,26.868599
5452.0000,8.558045,-30.456387,-16.355327,35.613598
5453.0000,7.660057,-22.261530,-18.850874,30.159702
5454.0000,12.812207,-22.035012,-14.830462,29.489608
5455.0000,1.223160,-22.913269,-12.845502,26.296786
5456.0000,6.287473,-27.025152,-13.255793,30.750727
5457.0000,-10.371081,-19.644248,-13.208363,25.844083
5458.0000,5.529638,-35.103409,-13.738810,38.099621
5459.0000,1.905084,-35.660492,-3.761909,35.908940
5460.0000,-0.584487,-29.044266,-2.959272,29.200485
5461.0000,9.653116,-21.171686,-0.428934,23.272449
5462.0000,4.566393,-26.734142,-6.151345,27.810166
5463.0000,-1.490610,-30.728571,6.471320,31.437954
5464.0000,-3.059756,-22.448698,-0.417965,22.660116
5465.0000,-3.617232,-21.123826,1.806681,21.507312
5466.0000,9.611567,-18.441369,13.618919,24.858425
5467.0000,0.688368,-27.098253,6.317528,27.833439
5468.0000,-0.233873,-22.709909,10.692427,25.102245
5469.0000,-1.098873,-26.209444,4.586383,26.630385
5470.0000,13.725545,-31.767248,4.913419,34.952687
5471.0000,11.873364,-26.164085,10.488589,30.586706
5472.0000,7.532876,-39.003644,3.356887,39.865990
5473.0000,12.948478,-34.448147,2.603877,36.893334
5474.0000,14.128281,-21.694901,-5.115542,26.390260
5475.0000,13.780657,-21.662583,1.513498,25.718956
5476.0000,5.411950,-15.215089,-4.295671,16.710504
5477.0000,14.810798,-13.540726,-3.439081,20.360213
5478.0000,21.275038,-6.386654,-8.090745,23.640574
5479.0000,11.733585,-5.666961,-10.159801,16.523105
5480.0000,8.918448,-4.259917,-14.916318,17.893635
5481.0000,8.967701,3.433369,-11.562754,15.030135
5482.0000,8.225779,3.140220,6.437170,10.906951
5483.0000,6.045853,-8.782634,-1.486706,10.765561
5484.0000,8.775451,-6.768127,-3.250604,11.549135
5485.0000,-1.308852,6.942359,-6.901650,9.876346
5486.0000,8.577966,-3.767208,9.535011,13.367490
5487.0000,5.619451,-8.874330,13.853224,17.385160
5488.0000,-2.560149,-1.795358,6.045524,6.806323
5489.0000,-7.895173,0.627333,14.720389,16.715775
5490.0000,-12.495097,1.379278,-1.403579,12.649107
5491.0000,-14.069602,-0.342636,-1.662713,14.171651
5492.0000,-22.838058,0.286280,5.112644,23.405084
5493.0000,-22.367159,-5.134881,6.411351,23.827762
5494.0000,-28.577229,-8.803632,8.384859,31.055882
5495.0000,-25.240005,-4.535427,8.348443,26.968953
5496.0000,-23.679768,-6.067559,4.803501,24.912252
5497.0000,-22.779845,-4.045497,-9.159307,24.883333
5498.0000,-22.298543,6.370058,-7.486609,24.369078
5499.0000,-29.959712,-6.387837,-7.582846,31.557699
5500.0000,-15.317190,-4.649432,1.236899,16.055013
5501.0000,-7.173069,-2.396766,-12.903406,14.956446
5502.0000,-14.939237,2.669563,4.512375,15.832526
5503.0000,-6.461186,-5.933823,0.516988,8.787745
5504.0000,1.706075,3.944773,-3.464325,5.520278
5505.0000,-7.594555,11.891107,-2.711241,14.367551
5506.0000,-9.679068,10.083545,-5.873904,15.161299
5507.0000,3.427633,13.126355,-0.381121,13.571850
5508.0000,9.363642,3.454287,-5.730191,11.508474
5509.0000,11.628108,9.652316,-4.595232,15.795451
5510.0000,6.303381,22.312513,-13.144863,26.652735
5511.0000,9.534336,17.603746,-6.451830,21.033819
5512.0000,14.313611,1.516681,11.339822,18.324065
5513.0000,13.283330,0.556545,-0.290222,13.298152
5514.0000,9.610759,6.415060,-1.631794,11.669723
5515.0000,0.981019,8.685356,-7.762020,11.689601
5516.0000,5.178136,11.264983,-8.630018,15.105964
5517.0000,2.153411,14.301036,-18.223379,23.264745
5518.0000,-1.381597,23.066494,-19.012143,29.923795
5519.0000,-4.994142,14.982299,-12.976417,20.440111
5520.0000,-4.246454,5.983816,1.053005,7.412641
5521.0000,-12.088670,9.770561,-12.802615,20.137198
5522.0000,-3.598254,7.975508,-18.419571,20.392076
5523.0000,-4.599794,2.491997,-18.152454,18.891261
5524.0000,-1.285477,5.703102,-11.203642,12.637224
5525.0000,1.185255,8.823610,-10.032563,13.413174
5526.0000,1.754795,24.487397,-20.102296,31.730336
5527.0000,5.169921,16.010904,-24.457037,29.685414
5528.0000,4.239240,12.882953,-24.083042,27.639365
5529.0000,4.891503,7.244818,-26.985922,28.366427
5530.0000,4.692298,15.168576,-17.861329,23.898335
5531.0000,0.258374,3.363049,-27.952477,28.155245
5532.0000,5.664342,9.677721,-17.788273,21.027737
5533.0000,3.534421,13.270109,-19.774903,24.075604
5534.0000,-7.165432,4.766079,-18.444118,20.352995
5535.0000,-13.837329,8.358122,-14.899133,21.984404
5536.0000,-5.869226,1.835175,-15.491184,16.667108
5537.0000,-15.799702,8.952004,-10.142450,20.799958
5538.0000,1.177205,3.855826,-7.993337,8.952466
5539.0000,-5.452031,6.539272,0.723768,8.544621
5540.0000,-22.538074,4.144511,-2.370090,23.038209
5541.0000,-22.355406,12.074294,-7.418699,26.468658
5542.0000,-22.204022,12.678059,-3.206359,25.768828
5543.0000,-13.641095,4.662629,-1.473234,14.491032
5544.0000,-18.563037,10.827292,-10.632184,23.976237
5545.0000,-23.323876,18.185707,-1.295350,29.604071
5546.0000,-23.044304,10.156318,6.851970,26.098664
5547.0000,-21.088532,9.495419,15.687755,27.946285
5548.0000,-17.308001,6.961548,13.312325,22.918290
5549.0000,-14.855111,18.580088,4.205525,24.157410
5550.0000,-10.277853,21.898121,12.627566,27.287678
5551.0000,-10.344734,22.597687,10.337681,26.917218
5552.0000,0.278088,10.463129,9.005290,13.807594
5553.0000,1.101448,8.489664,5.987356,10.446819
5554.0000,-2.606681,9.671788,10.238313,14.323453
5555.0000,-0.319992,10.102759,13.413414,16.795470
5556.0000,-9.103566,8.236283,-0.815593,12.303514
5557.0000,4.507397,8.281762,3.968778,10.230123
5558.0000,0.607537,4.072104,5.225940,6.652938
5559.0000,2.116228,6.277843,4.635841,8.085837
5560.0000,2.567239,2.783598,14.165466,14.662864
5561.0000,-4.318274,-1.423950,14.171573,14.883165
5562.0000,-5.747959,2.356188,6.575881,9.046152
5563.0000,-0.698660,9.858322,8.858669,13.272176
5564.0000,-5.406315,17.266106,11.282937,21.322555
5565.0000,-4.113682,23.223795,8.340152,25.016498
5566.0000,-4.964426,10.017764,9.371268,14.588413
5567.0000,-8.099406,7.589264,11.357326,15.880371
5568.0000,-7.289565,5.930476,3.983732,10.206783
5569.0000,-8.007488,12.923401,14.224731,20.820114
5570.0000,-12.659455,3.160079,14.454685,19.472695
5571.0000,-13.770885,3.376478,13.038930,19.262699
5572.0000,-15.249081,8.863597,2.158156,17.769509
5573.0000,-9.010300,11.723866,15.344455,21.309313
5574.0000,-15.359221,-0.749404,14.571661,21.184914
5575.0000,-12.470883,-8.412338,21.616676,26.335737
5576.0000,-12.523925,1.309129,13.025164,18.116771
5577.0000,-9.468742,0.977698,16.604613,19.139648
5578.0000,3.510735,0.614160,9.362712,10.018125
5579.0000,2.368892,5.893240,17.551105,18.665026
5580.0000,2.205526,6.936440,8.352512,11.078944
5581.0000,2.316802,-0.706844,21.679405,21.814302
5582.0000,-0.922208,-11.461682,15.380233,19.203442
5583.0000,-3.479273,-7.340332,13.142760,15.450500
5584.0000,0.517830,1.429637,8.427570,8.563641
5585.0000,2.827692,-3.527685,19.251062,19.774827
5586.0000,-5.835207,7.232182,18.892737,21.054444
5587.0000,-8.721471,10.246672,22.560009,26.268086
5588.0000,-5.841131,13.413280,14.403479,20.530346
5589.0000,-15.750753,6.770286,20.300136,26.571009
5590.0000,-20.047955,5.275637,34.260155,40.043864
5591.0000,-16.356975,17.970503,23.708414,33.949647
5592.0000,-22.656992,5.730698,36.277775,43.153878
5593.0000,-13.816392,5.367697,28.873921,32.456250
5594.0000,-6.223262,8.448317,31.123126,32.844360
5595.0000,-7.475486,1.464590,17.187984,18.800391
5596.0000,-12.593519,3.035433,18.024298,22.196529
5597.0000,-14.625899,5.509411,30.055366,33.876180
5598.0000,-17.591972,1.252241,35.254469,39.419832
5599.0000,-16.345120,10.980666,29.407343,35.391098
5600.0000,-14.992167,7.168355,33.608735,37.492632
5601.0000,-13.822085,11.416251,36.636499,40.787423
5602.0000,-6.135237,4.499734,34.711041,35.535125
5603.0000,-5.536705,13.325303,34.542466,37.435287
5604.0000,-14.617955,4.600621,25.335410,29.609683
5605.0000,-8.180525,8.361295,19.741789,22.947123
5606.0000,-12.656487,10.102391,14.556591,21.774740
5607.0000,-8.162586,7.269261,16.304465,19.629201
5608.0000,4.085233,-0.191253,18.495247,18.942013
5609.0000,12.114638,4.522978,26.257713,29.269255
5610.0000,7.095068,3.400886,26.619981,27.758411
5611.0000,3.782502,-3.488359,24.222533,24.763019
5612.0000,8.587689,-0.380790,22.354846,23.950627
5613.0000,15.628637,0.450916,23.048936,27.851590
5614.0000,18.587146,-2.675126,17.893965,25.939010
5615.0000,9.543100,-3.933961,15.009118,18.215939
5616.0000,12.087289,-7.270426,11.833285,18.411634
5617.0000,4.966512,6.378962,11.540342,14.090312
5618.0000,7.079102,6.057177,14.919118,17.589291
5619.0000,13.910316,7.381510,18.115743,24.003411
5620.0000,18.997638,12.768774,18.795087,29.617683
5621.0000,19.558414,19.750912,14.933783,31.553890
5622.0000,18.785370,21.499916,19.074360,34.336099
5623.0000,19.213559,12.870695,23.772111,33.165176
5624.0000,20.274609,20.468420,18.428656,34.199873
5625.0000,21.491257,4.799349,12.659134,25.400031
5626.0000,18.445699,14.064351,13.851509,27.016922
5627.0000,12.521011,5.084395,25.388167,28.760838
5628.0000,14.764236,9.378783,8.869255,19.611423
5629.0000,17.376792,8.785985,19.284696,27.405217
5630.0000,16.999985,10.796410,14.545224,24.842010
5631.0000,23.953084,5.401602,16.122186,29.374350
5632.0000,18.173165,12.702157,22.745423,31.764178
5633.0000,22.063909,12.616604,13.567079,28.810769
5634.0000,16.591445,14.574414,18.019952,28.502776
5635.0000,24.686644,12.470731,17.296915,32.621048
5636.0000,17.959236,16.036308,8.719351,25.607117
5637.0000,16.683802,9.585803,5.631407,20.048681
5638.0000,13.350427,4.541874,11.327831,18.088180
5639.0000,14.276060,18.336681,15.795193,28.098539
5640.0000,10.252617,13.355771,13.176496,21.380197
5641.0000,7.222749,25.749957,20.062502,33.432505
5642.0000,2.529630,22.323811,11.259330,25.130143
5643.0000,10.334186,9.335057,12.743882,18.877108
5644.0000,-1.261480,4.236152,15.233648,15.861915
5645.0000,6.142617,-0.902969,15.467499,16.667052
5646.0000,5.646985,0.605560,17.647823,18.539169
5647.0000,7.866997,1.956599,19.612668,21.222033
5648.0000,10.210332,10.694541,16.433291,22.106043
5649.0000,21.265100,22.197817,26.286987,40.446919
5650.0000,22.460493,5.200616,20.711774,30.991898
5651.0000,17.143095,5.311776,19.115073,26.219967
5652.0000,17.335432,5.182228,6.932158,19.375951
5653.0000,13.987064,7.720947,17.889773,23.985307
5654.0000,25.759210,8.863768,17.639967,32.454148
5655.0000,19.153713,4.007751,15.703840,25.090584
5656.0000,7.869504,6.665828,18.262090,20.972989
5657.0000,4.161600,-5.349398,16.547566,17.881748
5658.0000,8.178315,0.173261,3.729555,8.990241
5659.0000,5.838623,12.014156,14.245200,19.528318
5660.0000,4.276909,14.363235,17.449767,23.001931
5661.0000,9.474207,8.019429,17.759467,21.667268
5662.0000,17.664499,6.378564,17.325928,25.552072
5663.0000,13.585778,2.506512,17.808479,22.538809
5664.0000,12.327927,11.626175,17.196252,24.142428
5665.0000,15.209777,4.162141,4.160716,16.308657
5666.0000,15.480614,6.612345,8.876880,19.030804
5667.0000,24.966944,-1.867383,7.830699,26.232713
5668.0000,13.856140,3.870592,8.755788,16.841553
5669.0000,14.126912,0.143398,0.940240,14.158893
5670.0000,6.175259,12.924987,-3.224262,14.682813
5671.0000,12.348637,18.013240,-1.325395,21.879724
5672.0000,16.316100,21.266742,1.644338,26.855042
5673.0000,17.460326,19.188426,1.199762,25.971102
5674.0000,21.673773,19.951861,-12.965807,32.186043
5675.0000,10.971206,7.961783,-6.510140,15.037927
5676.0000,14.474630,11.611061,-5.550796,19.368609
5677.0000,31.173229,15.750940,-4.095589,35.165838
5678.0000,31.449946,8.728651,-3.240193,32.799197
5679.0000,31.067671,4.597891,-13.878328,34.335823
5680.0000,29.042552,-3.750725,-8.835931,30.587766
5681.0000,20.394618,-7.116386,-0.353243,21.603430
5682.0000,9.856590,1.072183,-6.605688,11.913734
5683.0000,12.016625,-2.141370,-3.697909,12.753794
5684.0000,12.721972,-8.439647,-4.089525,15.805076
5685.0000,7.896895,-2.535434,-10.605050,13.463152
5686.0000,14.454208,-10.125249,0.472466,17.654122
5687.0000,-2.073318,-10.233892,-12.337599,16.163153
5688.0000,9.985954,-3.568220,-7.450450,12.959964
5689.0000,6.279357,2.185610,-10.676299,12.577384
5690.0000,8.921794,10.223986,-4.536198,14.307529
5691.0000,12.099847,11.117511,-10.078241,19.276314
5692.0000,3.659246,-1.347767,-19.263082,19.653826
5693.0000,9.745848,-2.578774,-5.830534,11.645890
5694.0000,14.437999,-12.401055,-8.076444,20.675370
5695.0000,12.799656,-2.839109,-12.620362,18.197946
5696.0000,11.908008,1.217145,-1.847733,12.111821
5697.0000,22.526939,-0.600676,-2.522118,22.675645
5698.0000,20.338780,1.602438,7.785089,21.836698
5699.0000,23.977666,-1.317555,12.535519,27.088810
5700.0000,25.848086,0.829383,2.895628,26.022991
5701.0000,18.473874,-8.588217,14.748836,25.150937
5702.0000,9.318783,-6.310684,2.670391,11.566998
5703.0000,23.502877,6.566338,7.161180,25.431959
5704.0000,25.583906,-6.896524,3.712734,26.755984
5705.0000,26.396319,-13.467877,11.913045,31.938535
5706.0000,21.720470,-1.378435,2.249714,21.880131
5707.0000,22.911897,4.441907,14.649124,27.555080
5708.0000,8.386111,8.123086,9.699139,15.178428
5709.0000,7.038937,4.023783,10.528283,13.288424
5710.0000,6.787978,3.633968,6.936744,10.363436
5711.0000,12.754833,-1.079735,10.468176,16.535849
5712.0000,0.996348,3.640870,-3.153335,4.918553
5713.0000,7.047856,8.223411,-1.671463,10.958583
5714.0000,8.085277,5.341006,8.145657,12.658980
5715.0000,6.588023,6.275781,6.290847,11.061746
5716.0000,17.687922,14.800668,7.513422,24.256419
5717.0000,18.267004,14.165279,11.692060,25.904494
5718.0000,12.539929,25.429629,8.160785,29.504478
5719.0000,17.865766,21.890226,11.689354,30.577910
5720.0000,17.619196,19.039710,20.251197,32.909840
5721.0000,16.655765,9.126605,17.123027,25.571615
5722.0000,8.446290,9.076520,18.446485,22.226018
5723.0000,14.545885,9.664961,17.501747,24.724591
5724.0000,12.326411,10.414863,12.643316,20.500323
5725.0000,19.313436,19.855829,-2.705453,27.831317
5726.0000,11.710569,26.980097,-3.586213,29.629782
5727.0000,-4.863572,13.669780,1.331903,14.570215
5728.0000,3.138893,11.509309,0.128800,11.930358
5729.0000,8.924204,17.377750,-1.901275,19.627594
5730.0000,13.466506,17.254503,-4.204734,22.287764
5731.0000,-5.174692,9.863161,-5.302667,12.336031
5732.0000,7.730930,3.884746,-8.593423,12.194484
5733.0000,15.893440,4.678117,-1.986373,16.686279
5734.0000,16.043711,6.051476,4.938209,17.843960
5735.0000,11.603149,-0.748292,-1.901851,11.781768
5736.0000,8.938819,-1.144460,-6.441888,11.077464
5737.0000,7.006375,-2.211279,-11.793771,13.895038
5738.0000,5.842952,-7.848099,2.247794,10.039189
5739.0000,2.074923,-0.340929,-1.388179,2.519639
5740.0000,8.446613,1.966584,-2.909754,9.147644
5741.0000,-3.147190,-4.804590,-0.636658,5.778774
5742.0000,4.446069,-9.476266,-10.507340,14.831431
5743.0000,-1.998039,-5.393090,-19.240047,20.081259
5744.0000,-4.229143,-16.732240,-18.241968,25.112207
5745.0000,-3.918353,-9.863337,-19.367701,22.084989
5746.0000,-4.602143,-8.696266,-18.717626,21.146023
5747.0000,-1.364421,-10.567028,-19.426800,22.156811
5748.0000,3.480058,-2.240431,-27.418541,27.729167
5749.0000,8.718621,-7.792775,-29.158164,31.415605
5750.0000,-2.500560,-0.364406,-26.640920,26.760497
5751.0000,-3.440123,-5.191371,-26.894274,27.605918
5752.0000,-7.352335,2.572982,-21.581156,22.943918
5753.0000,-3.993541,6.445335,-31.129017,32.039138
5754.0000,-8.695487,-1.648541,-24.910938,26.436415
5755.0000,-4.757599,15.037896,-28.995746,33.007974
5756.0000,1.813807,13.665148,-26.140574,29.552593
5757.0000,-7.822955,12.823637,-17.447334,23.022896
5758.0000,0.528189,8.798476,-15.924566,18.201208
5759.0000,-11.363527,-0.539732,-18.847812,22.015019
5760.0000,-7.927056,-4.334022,-12.709974,15.593761
5761.0000,-3.279935,-5.768081,-8.993195,11.176148
5762.0000,6.734161,5.109833,-16.913741,18.908569
5763.0000,-2.712533,-3.892849,-12.106183,13.002760
5764.0000,-5.613687,-3.736403,-22.009511,23.019399
5765.0000,-6.313071,-4.109571,-22.369404,23.603679
5766.0000,5.418594,-5.174630,-21.070249,22.362767
5767.0000,1.221824,-1.656178,-25.095892,25.180143
5768.0000,1.699381,1.309183,-26.292093,26.379462
5769.0000,-5.381432,-6.523627,-14.847208,17.086752
5770.0000,-8.917794,-3.643998,-10.041029,13.915029
5771.0000,-13.163845,-18.605218,-16.248574,27.990304
5772.0000,-9.301721,-7.262795,-10.210544,15.605300
5773.0000,-8.519258,-14.989598,-9.977781,19.920389
5774.0000,-13.189137,-25.000755,-12.469287,30.894566
5775.0000,-14.627770,-15.565998,-8.647006,23.044363
5776.0000,-12.712937,-18.408550,-9.786512,24.418626
5777.0000,-13.754721,-15.001630,-17.977536,27.155718
5778.0000,-21.808466,-17.509682,-15.236037,31.848626
5779.0000,-14.294558,-14.826746,-14.680644,25.292056
5780.0000,-11.766413,-27.945256,-5.888212,30.887811
5781.0000,-19.058725,-18.721870,-16.214013,31.251203
5782.0000,-16.577948,-14.541565,-16.039457,27.268107
5783.0000,-17.546557,-15.807665,-22.179200,32.398778
5784.0000,-17.964935,-20.297379,-27.254126,38.438390
5785.0000,-8.029933,-9.229256,-30.833911,33.172113
5786.0000,-5.922719,-5.378110,-26.798309,27.966981
5787.0000,-8.577245,-7.250844,-31.308288,33.261881
5788.0000,-18.027359,-8.437784,-20.997518,28.932294
5789.0000,-6.965451,-9.733441,-28.595316,30.999185
5790.0000,-12.682156,-2.130898,-31.250703,33.793257
5791.0000,-12.590756,-1.080271,-22.418856,25.735175
5792.0000,-12.027375,-2.753117,-23.328630,26.390574
5793.0000,-9.345636,0.513654,-20.265650,22.322664
5794.0000,-4.596348,1.773213,-11.180415,12.217707
5795.0000,-8.600834,2.464119,-9.630643,13.145171
5796.0000,-8.600078,5.356297,-13.992770,17.275673
5797.0000,4.314967,6.834283,-12.708177,15.060681
5798.0000,-4.897013,6.658477,-11.388696,14.071903
5799.0000,-6.501596,12.107525,-11.928746,18.197744
5800.0000,-1.318426,8.528709,-8.341854,12.002651
5801.0000,-3.643993,11.906419,-2.273781,12.657471
5802.0000,-4.612213,16.469958,-2.328634,17.261361
5803.0000,-10.153209,12.041349,-12.778700,20.282429
5804.0000,2.616329,7.692083,-8.429493,11.707676
5805.0000,-8.821377,5.466959,2.104335,10.589266
5806.0000,-6.095795,5.849125,-0.842743,8.490065
5807.0000,-7.035144,13.071460,-6.495046,16.203146
5808.0000,-12.201128,4.991081,-7.005278,14.928239
5809.0000,-6.048636,4.169406,-2.941593,7.913464
5810.0000,-11.461856,4.250368,-8.628433,14.962942
5811.0000,-0.105308,10.324983,-17.059726,19.941179
5812.0000,2.940784,7.660127,-8.284359,11.660033
5813.0000,-5.849207,14.631982,-6.773327,17.151853
5814.0000,-1.925092,12.043896,-2.015407,12.362171
5815.0000,-6.410029,17.193986,-9.213908,20.533332
5816.0000,0.053927,18.482652,-7.429144,19.919927
5817.0000,2.330428,9.565476,-12.341295,15.787235
5818.0000,2.224190,9.080760,-16.737864,19.171941
5819.0000,5.775536,5.436115,-17.355184,19.081682
5820.0000,7.970808,7.103139,-26.325768,28.408351
5821.0000,11.680169,15.218599,-21.530590,28.837448
5822.0000,-0.215126,13.275614,-25.270403,28.546129
5823.0000,-0.041062,10.244593,-17.193732,20.014439
5824.0000,-0.755715,12.398746,-9.636694,15.721510
5825.0000,-3.531301,10.819058,-10.110308,15.223023
5826.0000,4.559791,12.243502,-11.101780,17.144811
5827.0000,-3.559754,10.173857,-3.913794,11.467214
5828.0000,-0.798417,4.995396,-21.378781,21.969154
5829.0000,3.927818,6.489111,-18.868717,20.336293
5830.0000,-4.205452,1.226082,-13.861935,14.537619
5831.0000,-5.553743,-5.134438,-5.063606,9.102012
5832.0000,3.170576,2.532404,0.090530,4.058795
5833.0000,-5.225315,-1.681079,-7.344291,9.168891
5834.0000,0.697413,-2.889144,-4.377530,5.291154
5835.0000,6.878211,-9.908928,13.170814,17.859646
5836.0000,-3.412145,-1.778282,2.487200,4.581614
5837.0000,3.796509,-2.336082,5.540694,7.111262
5838.0000,11.024478,3.075616,2.090741,11.634849
5839.0000,6.978235,-0.525851,0.964888,7.064226
5840.0000,4.194443,4.410183,5.220432,8.018477
5841.0000,5.100765,-3.630134,0.583355,6.287764
5842.0000,13.290215,-8.701826,1.635195,15.969517
5843.0000,4.872829,-3.024723,5.504764,7.949581
5844.0000,16.330320,13.781340,4.457775,21.828341
5845.0000,13.179910,6.973722,8.959074,17.395626
5846.0000,8.508897,3.151055,6.585646,11.211655
5847.0000,3.813246,6.501528,9.624194,12.224394
5848.0000,7.526369,5.489375,-1.964244,9.520385
5849.0000,3.401337,11.458837,5.865099,13.314407
5850.0000,13.291829,4.430331,10.710223,17.635459
5851.0000,8.803959,-1.806159,3.953361,9.818400
5852.0000,2.410073,4.478008,1.411206,5.277547
5853.0000,8.212391,13.493025,8.540662,17.956837
5854.0000,4.677854,14.075857,0.838088,14.856462
5855.0000,-6.866514,10.591950,0.503338,12.632964
5856.0000,-8.174639,9.948942,1.546978,12.969167
5857.0000,-2.941127,15.318060,0.211484,15.599292
5858.0000,-10.236620,21.233672,-0.533091,23.578410
5859.0000,-7.247519,10.925249,-2.884221,13.424095
5860.0000,-5.761783,17.600731,9.571805,20.847142
5861.0000,-6.963462,11.619676,7.034583,15.264077
5862.0000,-12.115146,10.990781,5.628676,17.299018
5863.0000,-10.522957,17.526250,5.994808,21.303516
5864.0000,-5.256706,3.561326,7.697650,9.978468
5865.0000,-3.588064,8.405008,7.493134,11.818012
5866.0000,4.624923,3.484947,8.505970,10.290107
5867.0000,-3.769050,-3.010803,6.018251,7.712978
5868.0000,5.790731,11.033570,1.065397,12.506290
5869.0000,4.260714,18.169215,8.416410,20.472177
5870.0000,5.113518,15.434294,8.053223,18.144418
5871.0000,15.354539,10.742791,3.960248,19.153407
5872.0000,15.546245,9.417637,11.303652,21.404443
5873.0000,14.898800,18.497700,10.819512,26.099827
5874.0000,12.748400,4.625012,8.225980,15.861247
5875.0000,12.728535,7.756100,0.977129,14.937452
5876.0000,17.687392,0.170090,1.887359,17.788617
5877.0000,22.190657,-0.921171,1.157327,22.239901
5878.0000,13.643232,2.500758,6.264470,15.219565
5879.0000,25.039719,-5.426671,10.758331,27.788091
5880.0000,16.546271,5.708391,13.727957,22.244586
5881.0000,13.371073,9.125234,11.332264,19.760458
5882.0000,9.715286,13.445974,10.182850,19.464620
5883.0000,8.952573,11.972570,2.339742,15.131602
5884.0000,13.639003,13.833192,5.810642,20.276666
5885.0000,4.902205,4.246045,3.766137,7.499620
5886.0000,14.634094,3.921760,1.388123,15.213934
5887.0000,10.807200,8.522000,-0.485229,13.771547
5888.0000,6.670311,-6.013721,6.551199,11.116479
5889.0000,-0.651309,-6.309840,2.960277,7.000109
5890.0000,-0.158839,0.248898,9.534814,9.539385
5891.0000,0.686379,1.058121,8.753116,8.843516
5892.0000,10.866733,1.877348,11.286724,15.779748
5893.0000,5.870893,-6.485340,-0.233471,8.751087
5894.0000,-0.322757,3.985748,14.112057,14.667669
5895.0000,-2.493221,3.392680,10.235626,11.067722
5896.0000,-3.073785,-1.371228,12.737251,13.174444
5897.0000,-0.250981,0.137423,17.737831,17.740139
5898.0000,-6.849426,0.330477,22.611259,23.628222
5899.0000,-7.398036,5.917017,16.883153,19.359310
5900.0000,-7.542587,8.131504,20.482779,23.292836
5901.0000,-5.741026,8.010806,14.823663,17.800938
5902.0000,1.342693,3.376120,9.785472,10.438222
5903.0000,-1.584543,9.333500,4.362877,10.423996
5904.0000,-5.881604,3.318931,7.487691,10.083357
5905.0000,-11.879668,2.815985,4.111669,12.882628
5906.0000,-2.505883,4.997247,4.846539,7.398707
5907.0000,-0.131944,2.406682,7.674999,8.044572
5908.0000,-0.484054,-1.873532,4.608160,4.997957
5909.0000,10.312133,-7.908126,9.327532,15.996293
5910.0000,10.413885,-6.195953,12.637109,17.508151
5911.0000,11.616655,0.815188,18.122177,21.541228
5912.0000,3.140774,-5.237320,8.057384,10.110165
5913.0000,-0.811869,-2.740638,2.066751,3.527278
5914.0000,-5.584693,-1.743138,-5.945980,8.341583
5915.0000,-2.693374,0.443918,1.640514,3.184747
5916.0000,-2.571617,7.190939,0.961719,7.697254
5917.0000,-5.667543,9.539239,5.456638,12.364992
5918.0000,-2.203813,1.546370,-0.721575,2.787243
5919.0000,0.882338,8.054384,-1.565734,8.252463
5920.0000,2.399585,5.125425,-3.215526,6.509040
5921.0000,2.620251,16.709240,-7.160005,18.366548
5922.0000,13.830925,19.737895,-5.683713,24.762544
5923.0000,9.174985,2.249436,0.789258,9.479622
5924.0000,8.781258,10.385613,-4.836165,14.434678
5925.0000,9.149393,10.991012,2.671846,14.548281
5926.0000,14.642160,19.700721,-7.370370,25.628765
5927.0000,5.747589,19.124178,-18.148313,26.983889
5928.0000,11.311074,25.657959,-6.185800,28.714724
5929.0000,-1.782694,19.541232,-12.292149,23.154582
5930.0000,5.820738,28.339636,-21.479196,36.032927
5931.0000,-12.716475,23.906104,-12.310335,29.744830
5932.0000,0.943951,20.036999,-10.495500,22.639079
5933.0000,-0.529387,18.878572,-10.890274,21.800890
5934.0000,-7.598301,17.441386,-5.575249,19.824720
5935.0000,-12.131363,8.977858,-11.438264,18.936889
5936.0000,-14.648732,16.930964,-13.816951,26.308764
5937.0000,-10.609711,15.094947,-11.711653,21.853746
5938.0000,-16.870980,24.472594,-3.291339,29.906032
5939.0000,-5.054092,25.781775,6.327973,27.023823
5940.0000,-16.845349,28.039092,-5.879191,33.234340
5941.0000,-21.703433,20.413536,-8.806698,31.069428
5942.0000,-14.998044,23.992878,-2.653631,28.419031
5943.0000,-16.960300,32.539475,-16.888225,40.394076
5944.0000,-4.524982,17.857041,-10.932362,21.421156
5945.0000,-20.753413,23.120165,-29.427375,42.792717
5946.0000,-17.124937,14.426141,-21.468926,31.020828
5947.0000,-16.417253,29.672487,-30.192024,45.404196
5948.0000,-13.812655,24.646330,-36.879280,46.457640
5949.0000,1.978778,19.920928,-35.078038,40.388460
5950.0000,-11.371168,18.849316,-32.583256,39.322624
5951.0000,-9.162680,13.534055,-27.602622,32.078498
5952.0000,-4.118150,17.778867,-11.961875,21.820489
5953.0000,-6.083570,16.049941,-14.417852,22.416174
5954.0000,-14.287798,14.205475,-10.936191,22.924593
5955.0000,-4.807465,10.462046,-13.206698,17.520931
5956.0000,-11.653422,17.425437,-3.291695,21.219881
5957.0000,-6.650224,17.609315,-3.917509,19.226553
5958.0000,-13.490374,18.676783,0.308098,23.041427
5959.0000,-7.799238,9.790259,-0.933131,12.551813
5960.0000,-15.720968,4.901835,4.294408,17.018189
5961.0000,-14.216098,6.743149,0.776189,15.753411
5962.0000,-11.791858,1.061129,2.247242,12.050893
5963.0000,-3.993759,3.536090,6.869712,8.697527
5964.0000,-5.385748,4.627400,10.384864,12.580323
5965.0000,-1.686020,6.268886,-2.073257,6.814689
5966.0000,-2.589940,-4.902848,-3.126706,6.365689
5967.0000,0.145161,-4.979148,-8.369171,9.739404
5968.0000,-0.157389,-7.254580,-14.272612,16.011282
5969.0000,-7.740197,-12.082115,-14.361248,20.301074
5970.0000,-0.711097,-1.315725,-7.742987,7.886104
5971.0000,-1.356170,-6.458244,-14.645114,16.063234
5972.0000,-0.619404,-4.215101,-10.681476,11.499768
5973.0000,-4.041388,-2.815289,-6.344214,8.031670
5974.0000,16.046019,-6.161025,-4.501865,17.767941
5975.0000,10.654061,-5.204905,-0.340801,11.862385
5976.0000,16.007307,-13.761983,0.057522,21.109935
5977.0000,12.672324,-15.647090,1.122377,20.166282
5978.0000,7.437039,-7.050217,1.279980,10.327316
5979.0000,10.941272,0.352820,-4.741477,11.929691
5980.0000,6.091441,-4.114168,-5.294006,9.058616
5981.0000,20.282285,0.403630,-6.690245,21.361025
5982.0000,14.493389,3.061194,-2.995650,15.113013
5983.0000,14.371405,10.625664,-7.756882,19.483614
5984.0000,17.314609,10.365248,-17.613191,26.785417
5985.0000,17.734303,22.317242,-3.418824,28.709809
5986.0000,20.110534,18.462115,-8.169171,28.495940
5987.0000,24.111198,9.301416,-2.219006,25.938199
5988.0000,19.718788,6.931203,-0.536051,20.908361
5989.0000,15.672213,13.660838,12.188634,24.099783
5990.0000,4.638643,9.302054,-3.321536,10.912279
5991.0000,0.501743,11.302566,-0.391370,11.320465
5992.0000,10.048392,10.812101,-4.636008,15.471402
5993.0000,9.570479,15.868963,5.645484,19.372392
5994.0000,13.502802,21.280122,-1.537314,25.249408
5995.0000,8.573151,9.066124,2.061278,12.646833
5996.0000,0.998278,10.301270,5.161553,11.565221
5997.0000,2.848336,6.292175,2.710783,7.419759
5998.0000,1.626955,18.505410,-11.341320,21.765172
5999.0000,-0.808783,-0.269744,-8.134988,8.179543
6000.0000,-3.238269,-0.684725,-15.484538,15.834334
6001.0000,-6.711584,-4.749572,3.037724,8.765362
6002.0000,-11.508474,-5.277283,1.505794,12.749985
6003.0000,-6.221644,3.643261,0.942862,7.271258
6004.0000,-3.578753,-6.792347,-6.321651,9.945186
6005.0000,-11.514853,-6.068231,-3.571612,13.497099
6006.0000,-25.694093,6.596900,-5.556619,27.103164
6007.0000,-12.904093,5.345185,7.193191,15.710780
6008.0000,-16.977612,7.758452,0.135916,18.666852
6009.0000,-22.606338,2.385807,9.746493,24.733231
6010.0000,-15.485285,2.578992,-4.662717,16.376391
6011.0000,-13.104195,1.191681,0.152373,13.159151
6012.0000,-25.195095,-3.908592,9.351237,27.157237
6013.0000,-18.329015,-10.195740,11.799344,24.065129
6014.0000,-6.203939,-2.378323,8.702561,10.948966
6015.0000,-6.181095,1.562126,-0.153195,6.377275
6016.0000,-9.934238,-7.044645,3.309707,12.620233
6017.0000,-8.314259,-1.448182,3.825831,9.266127
6018.0000,-11.755752,10.422489,8.180289,17.712795
6019.0000,-8.644355,12.586057,15.835001,21.997295
6020.0000,-9.515379,2.713255,18.541774,21.016698
6021.0000,-6.235360,-1.544804,15.607736,16.878020
6022.0000,-8.944551,-2.107461,14.871576,17.481709
6023.0000,3.243997,-3.193318,15.794070,16.436954
6024.0000,3.553610,-16.895373,8.620398,19.297488
6025.0000,0.049838,-15.159856,6.105058,16.343055
6026.0000,1.491679,-25.427456,11.562046,27.972513
6027.0000,-3.018080,-16.203005,8.142668,18.383395
6028.0000,5.071100,-17.107760,10.689127,20.800215
6029.0000,4.604478,-11.177979,12.993548,17.747697
6030.0000,-1.759603,-19.706585,14.056696,24.270072
6031.0000,3.739922,-24.864703,22.024866,33.426564
6032.0000,13.244828,-23.960885,15.204300,31.316453
6033.0000,11.964860,-18.611440,15.981168,27.293613
6034.0000,15.045156,-17.774074,11.395482,25.925497
6035.0000,26.754153,-16.143063,15.557347,34.905790
6036.0000,22.485135,-2.775854,10.690073,25.051233
6037.0000,14.441338,5.749065,5.197953,16.389714
6038.0000,9.357030,-5.362076,11.402556,15.694717
6039.0000,9.895173,-0.488300,10.417783,14.376477
6040.0000,15.071304,2.494288,11.526664,19.137128
6041.0000,4.934622,14.874202,13.444299,20.648040
6042.0000,15.866708,12.468042,20.534100,28.789820
6043.0000,13.048533,0.431352,24.139168,27.443573
6044.0000,13.413564,-6.548834,31.451968,34.814325
6045.0000,11.245185,-6.060529,31.247478,33.757800
6046.0000,8.619930,-12.599210,33.594854,36.900644
6047.0000,5.105482,-10.133101,34.821555,36.623577
6048.0000,0.808660,-12.375009,44.555924,46.249596
6049.0000,3.347756,-4.594179,42.105889,42.487878
6050.0000,14.407219,-8.276798,46.310621,49.201087
6051.0000,4.961202,-18.880411,40.517495,44.975003
6052.0000,6.416138,-21.291443,46.273795,51.339619
6053.0000,15.422706,-14.807270,40.312861,45.631589
6054.0000,2.768385,-15.582529,28.089097,32.240914
6055.0000,8.524071,-12.482580,16.572370,22.430293
6056.0000,11.703489,-18.935373,30.556219,37.804795
6057.0000,5.390238,-18.951087,30.602142,36.396284
6058.0000,5.574166,-11.930637,26.751302,29.816834
6059.0000,4.176217,-13.233110,22.038128,26.042947
6060.0000,10.360089,-23.756680,18.531312,31.860961
6061.0000,10.175057,-23.996430,23.906335,35.367687
6062.0000,1.379824,-20.636900,22.281870,30.401764
6063.0000,-2.474165,-18.428754,21.605072,28.504729
6064.0000,5.498852,-14.130759,8.449331,17.358195
6065.0000,3.404541,-19.437456,5.305556,20.434151
6066.0000,0.399910,-14.362996,14.124727,20.148536
6067.0000,5.048925,-17.475939,2.880728,18.417348
6068.0000,18.702949,-5.302167,17.591008,26.217491
6069.0000,5.986336,-7.500071,14.995746,17.803361
6070.0000,6.164223,-8.771056,5.271464,11.946439
6071.0000,9.836763,-9.438214,12.770045,18.679289
6072.0000,17.056550,-0.207638,9.150488,19.357181
6073.0000,10.837391,-7.833481,8.208010,15.690248
6074.0000,18.179985,-13.159173,7.849587,23.775864
6075.0000,6.659356,-16.803543,9.675995,20.501974
6076.0000,5.612763,-15.127820,17.410674,23.737852
6077.0000,-2.022519,-29.614840,16.635407,34.027432
6078.0000,3.196636,-24.231973,23.305071,33.771783
6079.0000,5.629581,-26.087095,22.430109,34.861706
6080.0000,2.423771,-21.409964,30.278197,37.162218
6081.0000,7.490976,-21.780851,26.873123,35.393289
6082.0000,2.312432,-25.066588,26.879376,36.826377
6083.0000,8.944340,-19.590150,24.494718,32.615432
6084.0000,11.156115,-21.614194,21.137429,32.224574
6085.0000,12.217832,-19.862428,12.903993,26.651539
6086.0000,12.953605,-22.765793,12.131684,28.866156
6087.0000,5.863470,-17.599969,11.091887,21.614096
6088.0000,11.601921,-10.568990,8.811935,17.998842
6089.0000,10.068997,-8.386739,15.609268,20.380660
6090.0000,12.351812,-13.216953,14.761161,23.348383
6091.0000,4.854506,-17.944307,17.851995,25.773205
6092.0000,11.897423,-18.663286,9.156355,23.952155
6093.0000,-2.393595,-15.132451,9.100199,17.819483
6094.0000,9.545996,-7.396747,12.647696,17.487199
6095.0000,-0.948113,-14.601416,1.632140,14.722912
6096.0000,-0.672448,-11.503303,12.975678,17.353570
6097.0000,1.969151,-22.788557,10.318810,25.093300
6098.0000,-12.286858,-32.823240,20.910343,40.811450
6099.0000,-8.031179,-36.939177,6.729155,38.396408
6100.0000,-4.190550,-33.205334,-2.679554,33.575808
6101.0000,-9.335640,-35.034208,4.231557,36.502821
6102.0000,-12.694742,-33.467532,9.144678,36.943975
6103.0000,-4.554710,-31.585056,-4.478942,32.224557
6104.0000,4.484219,-32.661966,-3.691442,33.174372
6105.0000,-2.320306,-31.027571,-0.991106,31.129990
6106.0000,5.233314,-27.859133,-0.992565,28.363781
6107.0000,1.370816,-29.136939,-5.879527,29.755826
6108.0000,1.700551,-29.816938,-2.984766,30.014171
6109.0000,10.750307,-31.594819,3.536967,33.560570
6110.0000,-2.112863,-21.088314,3.745040,21.522232
6111.0000,1.057679,-21.581311,9.646899,23.662932
6112.0000,-1.351444,-27.601805,6.772912,28.452740
6113.0000,-1.312539,-27.500758,8.316156,28.760614
6114.0000,-3.849962,-18.770256,9.239924,21.272539
6115.0000,-2.230641,-8.338510,17.014903,19.079136
6116.0000,-10.207449,-11.036072,14.893436,21.161317
6117.0000,-14.204429,-11.435405,13.168984,22.493476
6118.0000,0.399325,-19.828941,18.642826,27.219503
6119.0000,-8.573481,-9.846081,16.208017,20.812249
6120.0000,-6.199545,-11.188014,10.727943,16.694153
6121.0000,-11.739187,-7.565033,10.426112,17.428197
6122.0000,0.650263,-3.884116,4.606906,6.060757
6123.0000,-3.624318,-14.261944,1.141367,14.759453
6124.0000,-7.824340,-12.301034,21.008752,25.571535
6125.0000,-3.107987,-13.215090,15.731951,20.779617
6126.0000,6.934800,-11.892914,9.006099,16.451221
6127.0000,11.950538,-8.031378,15.559528,21.199465
6128.0000,17.010188,-18.512419,19.437162,31.778285
6129.0000,13.384042,-18.103002,15.672418,27.431295
6130.0000,13.451215,-12.583824,8.239332,20.178563
6131.0000,-0.392057,-6.925794,14.754165,16.303550
6132.0000,2.734689,-10.732483,10.158688,15.028761
6133.0000,-7.499025,-11.376054,3.157505,13.986415
6134.0000,0.232135,-1.815633,9.578823,9.752142
6135.0000,-5.493138,0.766992,1.420612,5.725467
6136.0000,11.687884,-10.147535,6.541018,16.803691
6137.0000,10.999162,-6.210989,21.278143,24.745047
6138.0000,12.163484,-16.946891,10.172181,23.208204
6139.0000,16.882960,-16.368823,10.474783,25.742840
6140.0000,14.160293,-13.221822,10.017896,21.810289
6141.0000,17.944304,-12.449743,13.870189,25.872307
6142.0000,22.300438,-9.630549,11.782076,26.997673
6143.0000,23.228896,-7.814881,9.704352,26.359599
6144.0000,22.564319,-3.479731,-0.314648,22.833222
6145.0000,19.502822,-9.053533,-0.549033,21.508788
6146.0000,13.125382,3.493755,-4.202232,14.217620
6147.0000,11.739214,3.119788,0.325565,12.151059
6148.0000,6.580808,-3.058180,3.977213,8.275127
6149.0000,17.717638,1.173198,8.536937,19.702040
6150.0000,14.246495,4.253226,7.848145,16.812077
6151.0000,11.375764,-3.327592,6.314696,13.429678
6152.0000,17.435787,-13.033046,5.749329,22.514923
6153.0000,12.491528,0.308395,14.571820,19.195607
6154.0000,2.899744,-5.052106,10.082675,11.644425
6155.0000,17.159447,-2.792212,6.785240,18.662330
6156.0000,12.046191,-6.765146,12.038629,18.325024
6157.0000,17.356706,-11.483338,6.857640,21.912315
6158.0000,19.511994,-24.413101,11.173525,33.189834
6159.0000,16.174764,-14.558765,-1.526369,21.815371
6160.0000,13.563221,-15.441745,8.991645,22.433416
6161.0000,4.882443,-18.944320,19.091686,27.335288
6162.0000,7.293667,-25.368933,14.335833,30.038250
6163.0000,10.768102,-29.275934,8.347575,32.291087
6164.0000,7.337988,-20.417044,5.489935,22.379480
6165.0000,4.704345,-26.184305,11.475013,28.972825
6166.0000,6.683455,-21.481501,-1.482590,22.545987
6167.0000,6.488800,-23.336417,5.919497,24.934581
6168.0000,0.185986,-29.100697,15.280227,32.868990
6169.0000,3.367894,-30.201184,8.802305,31.637553
6170.0000,6.787586,-32.223536,17.166448,37.136432
6171.0000,-2.079866,-31.360909,22.274860,38.522745
6172.0000,8.950730,-33.346656,23.405009,41.712222
6173.0000,14.540842,-23.806819,16.980415,32.657850
6174.0000,7.468493,-31.412982,16.603260,36.307328
6175.0000,-2.508212,-25.693731,20.351749,32.873282
6176.0000,-2.721766,-32.029626,22.039936,38.975168
6177.0000,-8.391275,-25.166054,9.372988,28.135328
6178.0000,-9.175741,-18.808205,6.846477,22.018562
6179.0000,-12.787589,-28.760972,13.240896,34.147287
6180.0000,-9.499620,-29.289575,5.172334,31.222989
6181.0000,-3.063423,-32.341932,8.273503,33.523663
6182.0000,-12.291831,-27.726687,8.427615,31.478294
6183.0000,-8.799317,-31.330792,6.998228,33.286960
6184.0000,-4.641546,-32.859435,12.424600,35.435253
6185.0000,-7.174441,-28.669989,9.651096,31.089943
6186.0000,1.244748,-18.185853,-2.909713,18.459173
6187.0000,-0.174926,-17.473130,6.375587,18.600779
6188.0000,-2.235648,-24.550307,17.712055,30.355108
6189.0000,-2.382294,-30.764140,3.560322,31.060965
6190.0000,0.372001,-27.223076,4.171667,27.543366
6191.0000,1.680009,-33.526332,13.431332,36.155747
6192.0000,3.932044,-27.590278,3.492250,28.087012
6193.0000,-3.844856,-27.261586,2.659088,27.659497
6194.0000,1.295530,-34.842853,6.681203,35.501286
6195.0000,-5.353107,-19.393170,1.783905,20.197354
6196.0000,-9.089399,-30.332322,1.872276,31.720220
6197.0000,-6.772618,-22.584579,-8.557162,25.082994
6198.0000,-0.589404,-24.981144,-18.279051,30.960114
6199.0000,-6.041914,-20.658779,-19.600847,29.111563
6200.0000,-3.191206,-16.008386,-23.169518,28.342173
6201.0000,-4.355133,-20.065215,-28.507350,35.131881
6202.0000,-3.127839,-26.474090,-18.041602,32.189443
6203.0000,0.128237,-26.227116,-22.677668,34.672102
6204.0000,-16.319605,-27.938806,-21.474930,38.833993
6205.0000,-8.825133,-16.605976,-29.443018,34.936123
6206.0000,-12.830314,-9.836108,-24.702444,29.522478
6207.0000,-12.317723,-25.078033,-24.687527,37.284153
6208.0000,-16.744657,-29.402419,-19.274735,38.940996
6209.0000,-18.044314,-27.086322,-17.181651,36.803196
6210.0000,-9.925059,-30.808767,-17.053847,36.585798
6211.0000,-13.803562,-22.292533,-15.194863,30.304772
6212.0000,-14.058839,-23.175399,-15.090928,31.023961
6213.0000,-14.437128,-26.692206,-17.755721,35.159211
6214.0000,-13.576320,-17.918760,-11.086058,25.065896
6215.0000,-9.916667,-13.346130,-21.235178,26.970211
6216.0000,-0.137732,-24.471538,-10.749104,26.728606
6217.0000,-6.324531,-11.030208,-18.641520,22.564828
6218.0000,-8.485353,-10.133422,-9.800783,16.454264
6219.0000,-13.045720,-20.415652,-23.980092,34.088627
6220.0000,-10.896880,-22.706953,-21.528829,33.133641
6221.0000,-7.514430,-18.540933,-29.651667,35.769459
6222.0000,-5.556675,-12.641687,-28.132782,31.339150
6223.0000,4.771505,-14.548602,-27.815544,31.751119
6224.0000,-8.298837,-16.603680,-19.908635,27.219600
6225.0000,-9.505012,-10.898350,-22.113342,26.421945
6226.0000,-19.316872,-9.108270,-11.852939,24.425279
6227.0000,-6.150797,-2.253687,-21.402679,22.382718
6228.0000,-18.493915,-0.275987,-29.747669,35.028915
6229.0000,-10.487955,-11.663948,-28.942510,32.919808
6230.0000,-3.574045,-5.507408,-26.490521,27.291996
6231.0000,-8.180866,-9.795979,-21.226009,24.767544
6232.0000,-7.196917,-19.606164,-28.190410,35.084135
6233.0000,-14.337069,-15.547326,-17.121737,27.210748
6234.0000,-3.000050,-16.654381,-23.584501,29.027529
6235.0000,0.018835,-21.868612,-15.658624,26.896637
6236.0000,3.310204,-15.638413,-22.666741,27.736232
6237.0000,3.191244,-3.069801,-21.520744,21.971575
6238.0000,-0.029990,-12.482606,-26.374704,29.179468
6239.0000,-4.389791,-18.098857,-13.656562,23.094168
6240.0000,1.170273,-4.308121,-20.033538,20.524914
6241.0000,-2.756878,-3.626325,-15.022888,15.698336
6242.0000,9.038596,-2.624791,-13.407591,16.381369
6243.0000,-5.455229,-11.235680,-16.953552,21.057610
6244.0000,-1.889111,-13.097311,-13.766947,19.095474
6245.0000,-12.669737,-0.630362,-12.844774,18.052918
6246.0000,-2.978687,-0.773671,-17.078354,17.353424
6247.0000,-8.878304,-8.964417,-19.180741,22.958351
6248.0000,-10.712721,-0.606454,-29.251878,31.157704
6249.0000,-4.443960,-2.727025,-25.841108,26.361872
6250.0000,-4.075799,-0.833243,-25.503087,25.840160
6251.0000,2.345202,-6.997695,-22.869149,24.030516
6252.0000,4.262226,7.373795,-26.306295,27.650689
6253.0000,6.535236,2.194933,-32.321336,33.048386
6254.0000,4.861527,-1.164529,-32.605140,32.986145
6255.0000,15.863460,-3.432730,-22.808351,27.993818
6256.0000,10.089048,1.762129,-17.247104,20.058828
6257.0000,2.518932,2.441448,-18.430672,18.761539
6258.0000,16.763956,0.919007,-22.340146,27.945606
6259.0000,18.814238,5.160409,-12.344041,23.086375
6260.0000,4.104550,-5.326196,-10.764523,12.692149
6261.0000,8.238712,1.270365,-6.713763,10.703495
6262.0000,3.995050,5.506794,-2.049222,7.105246
6263.0000,4.767759,15.100437,-5.688792,16.826084
6264.0000,9.288773,7.314116,-11.446816,16.456221
6265.0000,7.019141,14.559445,-6.487341,17.416411
6266.0000,4.626634,10.693357,-8.991985,14.717656
6267.0000,4.492219,8.348635,-19.293284,21.496756
6268.0000,0.665327,8.197281,-15.400309,17.458740
6269.0000,8.830752,-0.838546,-16.804108,19.001668
6270.0000,23.035321,1.420326,-15.747390,27.939643
6271.0000,26.723861,10.364666,-18.327621,34.021945
6272.0000,9.171833,7.561724,-14.473714,18.729405
6273.0000,28.137246,-5.605905,-15.729028,32.719003
6274.0000,35.388412,-13.009939,-19.888687,42.628138
6275.0000,25.619490,-13.925441,-11.735571,31.432464
6276.0000,33.669975,-11.815671,-14.117657,38.374282
6277.0000,32.149533,-4.344306,-5.295799,32.871127
6278.0000,30.716371,-11.585291,-9.865299,34.278836
6279.0000,32.850534,-24.497533,2.146362,41.035273
6280.0000,30.147586,-11.906255,-1.442881,32.445612
6281.0000,34.348534,-11.107584,-3.851025,36.304691
6282.0000,23.801376,-13.532982,-12.313239,30.021042
6283.0000,16.000130,-17.910848,0.734039,24.027930
6284.0000,19.186537,-18.250693,1.281538,26.511381
6285.0000,25.677547,-22.247528,-3.243641,34.129314
6286.0000,29.484047,-13.557587,-8.338363,33.505903
6287.0000,22.180271,-4.134287,3.623720,22.851435
6288.0000,18.209400,-0.537230,-2.037907,18.330955
6289.0000,8.411692,7.306453,4.121226,11.879618
6290.0000,17.324852,7.619157,-0.569602,18.934796
6291.0000,12.818411,14.536148,-8.524366,21.172532
6292.0000,5.236065,13.456901,-0.431252,14.446125
6293.0000,14.421825,6.381277,-5.917393,16.844146
6294.0000,14.270782,8.270551,-8.567860,18.586701
6295.0000,11.379526,15.898356,-1.766880,19.630925
6296.0000,5.258897,11.799293,1.722461,13.032505
6297.0000,7.846194,7.964757,-5.744553,12.569806
6298.0000,3.179099,10.117276,-0.388038,10.612093
6299.0000,-1.381196,-0.522872,4.605230,4.836243
6300.0000,-0.182121,-1.805698,3.730412,4.148456
6301.0000,-2.035552,-3.156486,-7.163447,8.088377
6302.0000,-9.720651,0.329771,0.298002,9.730807
6303.0000,-11.667565,13.976957,-1.624404,18.279116
6304.0000,-15.792066,5.054575,2.756975,16.808896
6305.0000,-8.823730,17.969382,-5.757121,20.830298
6306.0000,-11.793974,24.664019,-6.478618,28.095981
6307.0000,-4.135001,30.905920,-10.951116,33.048466
6308.0000,-6.842381,28.533650,-10.895527,31.300158
6309.0000,-7.203743,20.762542,-6.654409,22.962104
6310.0000,-7.209102,28.213200,-9.711601,30.696433
6311.0000,-13.707122,19.159211,-2.401370,23.679678
6312.0000,-12.295935,10.799745,-5.406525,17.235284
6313.0000,-11.451373,8.553110,-7.990402,16.374864
6314.0000,-16.120832,7.102133,-12.432944,21.561531
6315.0000,-17.526480,3.890561,-3.884735,18.368591
6316.0000,-10.872470,12.568334,-6.224789,17.746031
6317.0000,-15.730322,9.184077,3.618769,18.571101
6318.0000,-5.458083,11.428661,8.701727,15.366360
6319.0000,-10.180767,9.422537,3.859073,14.398773
6320.0000,-10.444514,7.813990,1.010046,13.083062
6321.0000,-3.382836,8.825629,5.628184,11.000535
6322.0000,-15.561829,14.946380,0.321230,21.579341
6323.0000,-8.137579,14.156179,4.251586,16.872866
6324.0000,-3.354607,16.261958,7.186693,18.092905
6325.0000,-5.781364,5.309886,14.486581,16.476653
6326.0000,-11.750997,12.648717,10.038669,19.971251
6327.0000,-9.096649,8.948947,4.954168,13.688552
6328.0000,-15.832078,7.212980,12.421125,21.376765
6329.0000,-25.041518,10.198467,7.460406,28.048957
6330.0000,-17.119280,17.385990,-5.224011,24.952609
6331.0000,-15.679069,6.498928,-4.051719,17.449519
6332.0000,-17.350220,-0.052659,-4.237769,17.860336
6333.0000,-8.865991,1.371300,0.603375,8.991681
6334.0000,-11.157616,-4.184744,-3.932150,12.548557
6335.0000,-11.590839,-2.715697,-4.274290,12.648799
6336.0000,-12.580637,-4.818475,-5.462288,14.537081
6337.0000,-26.184233,-4.140911,6.558172,27.308805
6338.0000,-31.255768,-3.787881,-2.318652,31.569720
6339.0000,-31.778551,-13.425091,0.516456,34.501828
6340.0000,-28.016599,-9.580264,-2.786832,29.740170
6341.0000,-19.119266,-14.198782,2.520231,23.947929
6342.0000,-10.924796,-2.257972,9.627965,14.735920
6343.0000,-13.360794,-5.022642,2.294891,14.456981
6344.0000,-6.447785,-7.833590,0.125991,10.146671
6345.0000,-7.393487,-12.545882,4.104078,15.129648
6346.0000,-5.632251,-16.949954,5.460396,18.677235
6347.0000,-11.172336,-21.757359,-0.002973,24.458205
6348.0000,-11.834899,-24.086809,-3.167182,27.023513
6349.0000,-10.803727,-18.356326,2.460107,21.441253
6350.0000,-4.413779,-15.258775,-6.086074,17.010349
6351.0000,3.914719,-10.629174,-7.307335,13.479670
6352.0000,1.556615,-18.782553,-6.878455,20.062913
6353.0000,1.652127,-7.228903,-0.260218,7.419856
6354.0000,-2.519712,-9.464778,2.074696,10.011759
6355.0000,0.724755,-6.720108,-1.059355,6.841590
6356.0000,6.310040,-15.915714,3.200649,17.417540
6357.0000,-4.794575,-6.780601,4.946681,9.666135
6358.0000,-5.142949,-9.681665,-2.834756,11.323444
6359.0000,-2.520695,-6.857491,0.172618,7.308138
6360.0000,9.470092,-13.704773,-4.448100,17.242071
6361.0000,2.644254,-21.904580,0.661119,22.073509
6362.0000,5.201428,-8.508203,1.056730,10.028013
6363.0000,1.623364,-5.813445,-7.463970,9.599078
6364.0000,-9.684758,-1.769185,-8.596873,13.070225
6365.0000,-8.324086,-10.879955,-8.034198,15.881189
6366.0000,-7.383924,-2.528304,-0.302863,7.810658
6367.0000,-15.263167,3.741939,-2.790885,15.961059
6368.0000,-16.890002,3.157168,0.550991,17.191378
6369.0000,-3.951233,-5.345660,-4.385486,7.963719
6370.0000,3.292344,-6.263570,2.874568,7.637735
6371.0000,-3.626952,-7.428542,-16.819992,18.741669
6372.0000,-0.340174,2.406505,-8.781335,9.111467
6373.0000,-3.825559,-8.675915,9.641532,13.522778
6374.0000,-2.710341,-5.194504,-8.982954,10.724844
6375.0000,-4.759903,-10.654613,-0.083662,11.669810
6376.0000,-5.225934,-16.460087,-2.456878,17.443655
6377.0000,-6.948730,-12.183585,-1.974236,14.164117
6378.0000,-4.512864,-5.009168,-7.251228,9.901415
6379.0000,1.216908,9.308318,-3.361582,9.971253
6380.0000,2.659863,8.030190,-1.622534,8.613446
6381.0000,0.676524,4.379474,-8.371512,9.472048
6382.0000,-8.487877,2.448205,-4.448995,9.890972
6383.0000,-4.624536,2.010384,-1.492556,5.258869
6384.0000,0.965828,1.889725,-0.650325,2.219641
6385.0000,0.732599,-8.440665,-4.891749,9.783186
6386.0000,-5.734739,-9.784455,-9.319016,14.678789
6387.0000,-1.353942,-14.915130,-4.507429,15.640051
6388.0000,-1.874310,-7.188586,-13.125465,15.081997
6389.0000,5.101767,-6.417812,-9.532112,12.572887
6390.0000,0.916369,-7.839267,-5.498376,9.619042
6391.0000,-5.244079,-5.103109,-0.860141,7.367627
6392.0000,-7.235129,-9.987909,-3.630769,12.856434
6393.0000,-3.164049,-6.341519,-0.496131,7.104380
6394.0000,-5.579297,-8.234368,2.515416,10.259664
6395.0000,-11.186022,-6.255091,3.758369,13.355845
6396.0000,-3.458875,-0.500955,0.680420,3.560582
6397.0000,-13.784953,-5.069004,6.429885,16.033189
6398.0000,-15.643871,0.485232,5.619968,16.629798
6399.0000,-15.265270,0.318046,-3.711612,15.713233
6400.0000,-8.004155,-5.767539,-2.662542,10.218617
6401.0000,-2.392981,-3.585023,-0.225565,4.316205
6402.0000,-0.290142,-9.661151,0.931835,9.710321
6403.0000,-2.873135,-16.076020,-1.800200,16.429670
6404.0000,-5.752653,-9.311369,-5.734814,12.356485
6405.0000,4.573029,-6.047686,-1.778902,7.787913
6406.0000,12.139843,-13.139584,-7.167657,19.271735
6407.0000,5.889633,-6.478275,-7.056306,11.244878
6408.0000,2.408829,-7.105760,-10.601209,12.987684
6409.0000,3.060256,-18.393003,-12.540692,22.470797
6410.0000,9.668710,-21.812949,-8.366112,25.283997
6411.0000,-0.333672,-15.916958,-20.924616,26.292593
6412.0000,-2.070956,-20.005548,-19.200097,27.805657
6413.0000,-3.659364,-18.594120,-14.666954,23.963552
6414.0000,-4.537333,-22.693195,-12.152144,26.138919
6415.0000,1.273073,-26.120455,-16.072007,30.695412
6416.0000,2.399136,-22.760885,-19.467331,30.046476
6417.0000,-5.534655,-27.646790,-20.489376,34.853866
6418.0000,-2.286588,-31.295077,-9.594648,32.812614
6419.0000,-13.264554,-22.566764,-17.883906,31.702387
6420.0000,-5.140968,-22.572504,-11.066255,25.659492
6421.0000,-9.494990,-24.165954,0.517686,25.969524
6422.0000,-5.180532,-25.112284,-6.602092,26.477393
6423.0000,-11.353116,-28.365498,-8.676172,31.761150
6424.0000,0.048337,-17.289811,-10.519975,20.238819
6425.0000,-5.772668,-38.981715,-6.954327,40.015752
6426.0000,-6.772147,-32.253664,-6.317050,33.556906
6427.0000,-7.132736,-33.610973,-5.687422,34.827004
6428.0000,-0.864267,-41.936267,-8.196204,42.738452
6429.0000,5.285275,-35.134858,-6.405129,36.102882
6430.0000,3.375848,-33.101533,-4.780053,33.614829
6431.0000,2.884197,-37.700206,-1.110844,37.826685
6432.0000,-3.091140,-48.493330,2.390545,48.650518
6433.0000,-3.243177,-46.213097,-0.304029,46.327756
6434.0000,0.006150,-41.135571,-6.115715,41.587705
6435.0000,-3.508982,-38.641653,-3.252307,38.936715
6436.0000,0.849556,-29.529022,4.568210,29.892364
6437.0000,-4.971561,-24.991339,4.377919,25.854393
6438.0000,-16.746978,-24.248851,-2.715031,29.594585
6439.0000,-14.861003,-15.634431,5.875873,22.356447
6440.0000,-14.306154,-17.841219,-4.296655,23.268786
6441.0000,-8.853632,-11.564499,-0.885373,14.591378
6442.0000,-4.975470,-16.834441,-1.916321,17.658595
6443.0000,-9.688749,-14.637460,-2.800587,17.775556
6444.0000,1.893921,-10.903649,3.454118,11.593422
6445.0000,4.789068,-11.485940,8.106289,14.851731
6446.0000,2.817503,-6.062200,10.012340,12.038918
6447.0000,-7.894285,2.237583,3.989213,9.123614
6448.0000,-12.824863,4.017993,3.657218,13.928267
6449.0000,-3.496699,10.634318,4.100273,11.921739
6450.0000,-11.991935,5.042037,5.814311,14.249030
6451.0000,-2.707465,8.888801,9.509962,13.295884
6452.0000,-6.645082,6.121260,20.708766,22.593803
6453.0000,0.297211,2.065210,13.948481,14.103672
6454.0000,-7.830532,-5.907511,8.986301,13.302989
6455.0000,-13.895887,-3.214593,14.326077,20.215484
6456.0000,-1.985911,-1.154858,13.462407,13.657011
6457.0000,0.718418,-9.748837,14.319197,17.337686
6458.0000,2.151113,-6.199190,8.708137,10.903618
6459.0000,2.039944,-14.006223,2.542621,14.380563
6460.0000,0.638643,-17.437352,7.710311,19.076634
6461.0000,1.906716,-19.651746,8.930343,21.669742
6462.0000,10.632973,-15.452725,19.564257,27.103634
6463.0000,13.147759,-14.426363,7.871706,21.046312
6464.0000,9.922496,-16.161061,19.649759,27.308402
6465.0000,9.411991,-11.336914,12.512617,19.330721
6466.0000,6.516606,2.152755,18.423370,19.660139
6467.0000,4.013756,14.009171,11.453904,18.535345
6468.0000,8.265375,4.940918,12.014727,15.397492
6469.0000,9.217023,-4.218220,9.308842,13.762319
6470.0000,1.863785,-9.126654,17.717282,20.016783
6471.0000,-2.588235,-2.433783,22.925832,23.199483
6472.0000,-1.197684,-7.250885,19.628009,20.958734
6473.0000,7.805277,-11.775733,15.981426,21.330640
6474.0000,7.010382,-12.255988,1.809389,14.234767
6475.0000,2.002480,-27.262747,5.568761,27.897641
6476.0000,-7.660679,-32.167216,6.091377,33.623216
6477.0000,1.688782,-32.879522,-9.252251,34.198232
6478.0000,-3.424246,-31.107247,-5.203228,31.724752
6479.0000,-4.755220,-28.750843,-11.651896,31.384547
6480.0000,3.545109,-21.860560,0.708838,22.157490
6481.0000,1.225802,-34.536504,-7.025188,35.265081
6482.0000,2.238240,-31.047602,-6.675346,31.835885
6483.0000,8.970861,-40.627240,-8.955054,42.558688
6484.0000,3.157281,-41.689715,-6.197391,42.265925
6485.0000,-1.841714,-33.906880,-14.409734,36.887787
6486.0000,-3.049661,-43.849879,-10.123565,45.106528
6487.0000,0.030002,-21.329009,-18.655763,28.336637
6488.0000,2.475861,-21.203220,-17.300121,27.477274
6489.0000,3.022543,-20.113780,-15.631653,25.652456
6490.0000,3.983082,-24.860070,-14.330778,28.969971
6491.0000,3.621886,-15.474275,-11.468336,19.598315
6492.0000,9.195270,-23.528071,-16.557290,30.203758
6493.0000,7.668510,-26.736973,-13.996252,31.137868
6494.0000,4.228071,-19.764533,-9.976207,22.539700
6495.0000,7.485938,-18.805238,-7.212771,21.487213
6496.0000,8.823076,-18.570312,-2.711291,20.737750
6497.0000,2.115498,-23.724124,-3.409015,24.060980
6498.0000,18.261696,-24.331021,2.987453,30.568170
6499.0000,33.582122,-21.083238,-11.270484,41.222393
6500.0000,19.209899,-19.588415,-0.518459,27.440755
6501.0000,17.125517,-25.113292,-6.794950,31.146944
6502.0000,7.369663,-11.043552,-4.786755,14.113291
6503.0000,12.840960,-16.178628,0.246233,20.656691
6504.0000,13.152300,-18.393698,-3.433141,22.871326
6505.0000,20.753377,-16.179847,-4.834166,26.755546
6506.0000,17.172849,-4.700456,2.876441,18.035380
6507.0000,14.756963,-6.319273,16.108573,22.741752
6508.0000,10.194493,-7.311056,7.900956,14.825800
6509.0000,10.669275,-8.418011,5.876787,14.806518
6510.0000,10.770108,-9.871498,-0.240941,14.611631
6511.0000,2.093490,-12.343799,-2.340453,12.736947
6512.0000,0.894687,-18.924935,0.122528,18.946468
6513.0000,7.038317,-13.134130,-5.200905,15.782670
6514.0000,12.981154,-16.494499,-3.250403,21.240150
6515.0000,18.560011,-16.385561,5.058001,25.269428
6516.0000,17.722857,-18.841832,-3.441485,26.095174
6517.0000,7.100385,-23.592647,-10.550286,26.801810
6518.0000,16.796435,-21.298876,-12.455399,29.847937
6519.0000,12.433414,-20.053423,-7.438702,24.739924
6520.0000,8.570191,-34.946009,9.075033,37.108327
6521.0000,0.075076,-36.643027,2.452951,36.725114
6522.0000,3.206477,-25.460847,1.220684,25.690977
6523.0000,5.491662,-23.242198,-3.147766,24.088722
6524.0000,-0.095731,-24.369122,4.240831,24.735560
6525.0000,-2.756118,-14.795014,8.965366,17.517603
6526.0000,-3.742432,-17.938142,6.607995,19.479434
6527.0000,2.248933,-18.929531,7.156909,20.361880
6528.0000,-6.084116,-19.305418,3.086566,20.475412
6529.0000,-3.206235,-22.363003,0.054624,22.591743
6530.0000,-1.852113,-29.717436,-1.294859,29.803238
6531.0000,-3.032589,-17.616899,4.561581,18.448841
6532.0000,1.446648,-21.095267,8.030226,22.618303
6533.0000,-6.882457,-18.443822,-1.292389,19.728483
6534.0000,-0.742279,-14.980274,-0.617316,15.011352
6535.0000,4.259252,-21.989151,6.727719,23.386453
6536.0000,0.250161,-17.036094,3.363068,17.366672
6537.0000,8.262161,-17.059907,4.828758,19.560691
6538.0000,3.701108,-11.491939,3.559808,12.587100
6539.0000,16.186122,-21.790270,3.181417,27.329980
6540.0000,15.687325,-24.292155,7.804947,29.951931
6541.0000,17.015427,-6.211004,7.473583,19.594789
6542.0000,13.983302,-8.305803,13.881276,21.382444
6543.0000,4.630036,-7.556129,11.090692,14.196329
6544.0000,4.752837,1.072763,16.291018,17.004045
6545.0000,7.180195,3.045479,13.841161,15.887350
6546.0000,9.354887,-6.625853,19.815359,22.892450
6547.0000,13.120764,-6.009568,11.370195,18.372553
6548.0000,16.431927,-0.669583,5.441029,17.322280
6549.0000,14.349758,12.002079,2.404425,18.861249
6550.0000,2.699854,-6.505031,-1.203587,7.145156
6551.0000,0.691303,4.729571,4.660133,6.675596
6552.0000,0.478714,6.447264,-5.417667,8.434898
6553.0000,-5.639456,7.297122,-0.289903,9.226890
6554.0000,-0.033851,6.907834,6.043687,9.178533
6555.0000,-0.551522,3.444052,-8.431260,9.124244
6556.0000,-7.349604,0.946387,-2.333891,7.769130
6557.0000,-2.345731,0.319802,-7.376869,7.747446
6558.0000,-6.972912,5.737284,-5.026484,10.334576
6559.0000,-1.505973,-7.300833,3.283823,8.145772
6560.0000,-8.763997,-9.525736,-1.691714,13.054087
6561.0000,-3.012624,-8.538434,2.748701,9.462353
6562.0000,5.024892,-8.543204,-2.015469,10.114247
6563.0000,-0.734562,-2.097679,5.850517,6.258465
6564.0000,-4.229235,-6.668572,12.085792,14.436850
6565.0000,-3.382580,0.286874,8.500623,9.153400
6566.0000,-10.187755,-3.314236,8.137123,13.453151
6567.0000,-2.570554,-16.984269,4.850437,17.849366
6568.0000,5.357209,-14.680438,11.332367,19.303821
6569.0000,5.300992,-14.962072,15.398972,22.115435
6570.0000,-0.741354,-18.515467,20.407964,27.565506
6571.0000,-4.329377,-3.185098,6.311863,8.290233
6572.0000,-4.056060,3.740072,23.929833,24.557619
6573.0000,0.422439,-3.169344,23.807093,24.020842
6574.0000,13.250248,1.610916,28.604966,31.565934
6575.0000,7.167113,6.417642,35.260303,36.549180
6576.0000,1.204344,16.757052,30.300515,34.646363
6577.0000,5.010393,16.488845,33.816550,37.954513
6578.0000,-0.879479,16.645351,34.880997,38.659089
6579.0000,-0.727415,13.532021,32.129202,34.870193
6580.0000,-2.164324,8.843873,32.038560,33.307172
6581.0000,-2.001335,15.226349,30.684428,34.312988
6582.0000,-9.415150,9.930899,29.028826,32.092687
6583.0000,-1.915747,11.046237,30.568797,32.559803
6584.0000,4.590754,10.861354,25.308953,27.921088
6585.0000,8.715735,13.972384,35.772214,39.380742
6586.0000,8.847013,15.459544,36.496761,40.611338
6587.0000,-1.537001,12.386689,29.255630,31.806985
6588.0000,2.860839,4.063540,17.304275,18.003741
6589.0000,6.567644,7.701487,13.021729,16.492795
6590.0000,-1.113087,7.871551,17.562271,19.277802
6591.0000,-7.387805,6.058355,10.689690,14.337112
6592.0000,-4.315011,11.610110,11.931537,17.198126
6593.0000,7.100165,15.411834,12.070311,20.823770
6594.0000,7.821584,12.326002,16.794803,22.252481
6595.0000,-4.238896,6.846408,15.510043,17.475782
6596.0000,7.962929,13.635084,13.802025,20.971878
6597.0000,4.597243,11.271653,15.271754,19.529754
6598.0000,2.651054,4.755570,4.382455,6.989238
6599.0000,-8.848160,10.948523,10.506815,17.565684
6600.0000,-5.494909,10.498372,11.691268,16.646188
6601.0000,0.459563,16.686868,12.953735,21.129648
6602.0000,-1.599641,10.116066,20.011464,22.480043
6603.0000,9.144299,3.426222,19.809890,22.085944
6604.0000,5.631468,13.494452,23.413057,27.604074
6605.0000,8.054440,4.505039,20.794613,22.750501
6606.0000,17.708450,-3.645073,1.206785,18.119936
6607.0000,17.707255,-8.295939,9.820218,21.881640
6608.0000,16.166834,-16.364430,17.759811,29.061521
6609.0000,21.761244,-16.630255,9.649204,29.038325
6610.0000,19.913848,-12.320948,9.771247,25.374089
6611.0000,8.978809,-15.000965,12.585181,21.541466
6612.0000,9.387648,-18.215511,17.995172,27.271945
6613.0000,18.349626,-8.778390,15.926567,25.834559
6614.0000,12.617530,-12.646168,14.738225,23.159079
6615.0000,9.855438,-5.023770,20.541211,23.330437
6616.0000,14.180133,-9.777902,24.607544,30.036890
6617.0000,9.075490,-18.208603,8.320230,21.980536
6618.0000,18.009721,-4.560478,13.400336,22.906703
6619.0000,5.474472,4.517524,13.776874,15.497746
6620.0000,8.378451,2.620444,3.695244,9.524704
6621.0000,15.626398,4.592512,16.978943,23.527855
6622.0000,23.699935,-4.985294,18.699066,30.597306
6623.0000,9.858419,2.213813,18.499895,21.079268
6624.0000,12.139282,6.129368,15.654605,20.736393
6625.0000,13.969909,1.344581,15.463897,20.882968
6626.0000,7.588484,-5.697001,10.783540,14.364040
6627.0000,15.748020,-15.806932,12.119942,25.391972
6628.0000,23.227115,-13.240963,14.700180,30.510937
6629.0000,15.710016,-13.271980,11.049877,23.346302
6630.0000,13.747642,-11.863677,17.192386,25.006452
6631.0000,9.345732,-22.406462,16.754175,29.497366
6632.0000,19.574896,-20.195596,18.494392,33.661271
6633.0000,19.600464,-26.386171,14.320521,35.853668
6634.0000,8.276903,-21.558207,16.774512,28.542033
6635.0000,8.581542,-13.648157,14.773786,21.867323
6636.0000,3.175096,-14.343689,12.703920,19.421953
6637.0000,-1.433652,-22.039264,10.601921,24.498678
6638.0000,0.347131,-14.197520,6.246340,15.514729
6639.0000,-0.451770,-10.157090,4.504296,11.120218
6640.0000,-5.123097,-17.057365,14.212049,22.785569
6641.0000,6.947131,-16.873746,8.155404,19.987410
6642.0000,5.549270,-12.394195,16.021950,21.002699
6643.0000,6.625882,-23.273091,17.638006,29.943920
6644.0000,1.727847,-24.448698,13.516631,27.989706
6645.0000,2.337754,-22.021700,9.149862,23.961226
6646.0000,4.071681,-33.000278,8.518357,34.324326
6647.0000,5.517312,-22.364559,15.057443,27.519826
6648.0000,2.645436,-19.217270,9.162558,21.453537
6649.0000,9.294242,-11.171037,17.076556,22.422841
6650.0000,7.210144,-5.929743,19.898808,21.979777
6651.0000,7.701665,-24.715687,18.171644,31.628934
6652.0000,7.247040,-20.759021,15.838964,27.098511
6653.0000,13.387753,-21.918886,10.353831,27.692441
6654.0000,1.307090,-19.535821,19.204293,27.425566
6655.0000,0.099930,-23.698563,8.616740,25.216663
6656.0000,7.777033,-22.105590,3.882947,23.753245
6657.0000,8.717040,-20.313140,6.851261,23.141958
6658.0000,17.238105,-15.825680,5.385335,24.012627
6659.0000,2.918351,-16.267801,0.309961,16.530402
6660.0000,0.918860,-18.168940,13.379817,22.582608
6661.0000,-0.197107,-11.114986,4.626818,12.041147
6662.0000,0.593205,-2.878974,9.828290,10.258443
6663.0000,2.703416,-5.554246,10.898176,12.527105
6664.0000,-2.106513,-7.476842,15.476059,17.316148
6665.0000,-1.310550,-21.712221,7.572902,23.032302
6666.0000,0.665679,-13.967824,6.019108,15.224090
6667.0000,-2.290916,-12.911047,15.935125,20.636658
6668.0000,-0.834588,-3.590071,-4.844604,6.087310
6669.0000,1.191933,-1.762739,1.972834,2.901728
6670.0000,-7.766983,0.060286,-3.492065,8.516112
6671.0000,-2.453139,0.747224,-13.972801,14.206175
6672.0000,3.887346,1.063011,-8.871760,9.744207
6673.0000,6.043535,2.351840,-4.669007,7.990938
6674.0000,6.547780,3.575820,-10.423472,12.818295
6675.0000,5.010291,-1.925114,-4.260284,6.852670
6676.0000,11.787579,7.441730,-0.990616,13.975252
6677.0000,13.828155,2.767400,-5.532655,15.148817
6678.0000,12.667320,-0.121861,-4.988917,13.614887
6679.0000,14.709868,-7.551116,-9.250052,18.946320
6680.0000,8.864957,0.002574,-11.581333,14.584743
6681.0000,8.134343,-7.603821,-7.319279,13.325070
6682.0000,-15.455833,-0.036936,-9.295859,18.035995
6683.0000,-2.959946,-16.557657,-9.426600,19.281548
6684.0000,-5.449761,-13.518777,-1.136412,14.620146
6685.0000,2.144467,-6.632740,-0.343373,6.979247
6686.0000,4.066502,-5.224957,3.104481,7.312620
6687.0000,3.964219,-11.172878,-1.829741,11.995673
6688.0000,3.074122,-9.307357,9.373911,13.562719
6689.0000,-5.487866,-9.263914,1.134988,10.827048
6690.0000,4.262613,-7.828475,-0.299279,8.918770
6691.0000,0.390345,-17.572986,2.331745,17.731307
6692.0000,-1.410498,-6.855603,2.099210,7.307221
6693.0000,-12.316159,4.701339,2.814617,13.480075
6694.0000,-11.271179,7.232412,-4.494023,14.125987
6695.0000,-17.775995,-3.104105,-0.607188,18.055197
6696.0000,-5.475711,-9.204824,10.598137,15.067604
6697.0000,-7.566395,-10.369527,3.959112,13.433242
6698.0000,-14.299656,-11.497919,-0.111157,18.349241
6699.0000,-11.260426,-8.670055,3.919809,14.742183
6700.0000,5.930968,-16.013284,-1.571384,17.148495
6701.0000,-2.812744,-10.270185,-1.378499,10.737248
6702.0000,-8.000517,-12.358816,-3.526483,15.138847
6703.0000,-2.924787,-18.750477,4.386232,19.477520
6704.0000,3.812836,-25.300201,2.724479,25.730540
6705.0000,5.142539,-15.232910,-1.031140,16.110572
6706.0000,-2.519207,-17.519429,13.076618,22.006243
6707.0000,-2.352252,-20.473003,11.782985,23.738485
6708.0000,-2.897401,-16.904228,23.219561,28.866864
6709.0000,-5.882334,-33.382722,11.857445,35.911099
6710.0000,6.093115,-25.872217,15.329625,30.683792
6711.0000,3.288721,-32.926489,27.102000,42.772512
6712.0000,1.648555,-29.460309,30.247369,42.255543
6713.0000,-0.808449,-24.753520,22.610065,33.535136
6714.0000,-1.203286,-25.368614,24.627973,35.377274
6715.0000,5.690519,-30.159424,10.988497,32.599386
6716.0000,4.108680,-33.499317,21.858638,40.210516
6717.0000,3.073114,-30.578084,22.590689,38.141874
6718.0000,0.546742,-34.934001,22.597505,41.609261
6719.0000,1.386507,-30.065614,22.753309,37.730314
6720.0000,11.775114,-31.651650,21.403242,39.982233
6721.0000,7.589472,-23.250527,24.155529,34.375524
6722.0000,8.293115,-32.572453,27.651082,43.523819
6723.0000,-0.693263,-30.181572,18.060114,35.179193
6724.0000,7.821906,-26.341909,17.583031,32.622712
6725.0000,5.476062,-21.178108,2.057477,21.971180
6726.0000,1.165177,-19.333886,11.105595,22.326912
6727.0000,-4.807201,-20.624492,13.570053,25.152041
6728.0000,1.956434,-18.328953,12.972975,22.540546
6729.0000,-2.914933,-30.566570,23.868486,38.891087
6730.0000,-9.467339,-29.817654,19.217944,36.715833
6731.0000,-0.322598,-38.591742,18.177333,42.659607
6732.0000,-6.179910,-38.915919,22.521827,45.385821
6733.0000,7.774631,-45.605914,14.671692,48.534553
6734.0000,0.984665,-46.706786,21.750697,51.532381
6735.0000,4.273023,-42.503095,15.249800,45.357780
6736.0000,6.976912,-53.856920,16.827192,56.854195
6737.0000,12.760838,-47.855914,7.074647,50.030772
6738.0000,4.189577,-41.703217,5.506026,42.273244
6739.0000,4.268846,-35.803356,3.140389,36.193444
6740.0000,6.177575,-27.226837,4.507577,28.280405
6741.0000,6.893226,-33.724857,6.148171,34.966878
6742.0000,3.735407,-31.404950,15.694511,35.306400
6743.0000,0.210883,-28.664008,7.293101,29.578018
6744.0000,5.250375,-41.495240,8.667514,42.714718
6745.0000,0.881075,-40.697546,4.505389,40.955647
6746.0000,-3.951121,-41.905859,8.837405,43.009442
6747.0000,-3.500480,-36.269568,-2.426824,36.518823
6748.0000,2.289297,-35.964884,-5.547891,36.462211
6749.0000,-5.461842,-20.569539,1.321948,21.323349
6750.0000,-1.475732,-14.242579,11.334104,18.261729
6751.0000,-1.244435,-15.286330,-5.212665,16.198530
6752.0000,-7.997919,-25.470002,1.651142,26.747224
6753.0000,-7.345724,-25.097286,9.619311,27.863319
6754.0000,-3.579034,-24.724510,2.058405,25.066869
6755.0000,-6.277566,-34.093649,1.332165,34.692354
6756.0000,-13.123885,-26.756645,12.755373,32.416877
6757.0000,-1.200575,-28.158071,10.218245,29.978841
6758.0000,-5.112754,-28.394810,5.202101,29.316673
6759.0000,-13.962117,-27.120634,-0.171120,30.504078
6760.0000,-10.227640,-19.365116,-4.235301,22.305831
6761.0000,-9.504017,-15.730559,5.812662,19.275992
6762.0000,-12.640085,-10.185723,9.687073,18.903970
6763.0000,-2.594126,-10.546654,12.078558,16.243551
6764.0000,-6.718205,-15.095471,21.402881,27.038692
6765.0000,-5.634320,-22.505226,17.758706,29.216475
6766.0000,-11.204234,-8.118916,15.524824,20.795957
6767.0000,-7.265710,-6.028511,11.089435,14.563964
6768.0000,-12.169733,-12.823334,9.602456,20.118336
6769.0000,-10.297133,-15.062668,2.573236,18.426515
6770.0000,-7.383174,-9.183869,5.657086,13.071241
6771.0000,-7.632634,-4.943596,1.859695,9.281956
6772.0000,-15.710491,-4.523475,7.311396,17.909156
6773.0000,-11.340701,-6.064169,1.425424,12.938990
6774.0000,-11.684129,-2.790273,13.017803,17.713489
6775.0000,-15.226812,-0.092510,14.123273,20.768515
6776.0000,-12.962073,7.555235,3.269539,15.355351
6777.0000,-14.304746,-7.401979,7.540855,17.784250
6778.0000,-3.645317,-1.434505,4.126904,5.690121
6779.0000,-8.305009,1.686883,-0.444863,8.486262
6780.0000,1.606938,-0.937965,0.652706,1.971815
6781.0000,0.896784,-5.709485,11.992313,13.312326
6782.0000,-1.855865,-1.604824,11.081921,11.350271
6783.0000,-8.736795,1.411878,10.601318,13.809885
6784.0000,12.368459,4.981077,13.228731,18.782684
6785.0000,6.662009,2.081243,2.648547,7.465168
6786.0000,-3.005570,6.619499,7.299793,10.302339
6787.0000,-6.729855,5.577553,15.156624,17.496379
6788.0000,-0.840796,3.065079,2.369850,3.964573
6789.0000,2.124749,-8.341144,-1.565942,8.748795
6790.0000,-0.097147,-14.958469,-2.879669,15.233441
6791.0000,11.798763,3.387075,-11.150884,16.583887
6792.0000,8.680321,1.003465,-9.363070,12.807108
6793.0000,-0.585582,-0.313997,-9.627523,9.650425
6794.0000,-5.637657,-6.106886,-8.381955,11.803999
6795.0000,-15.590582,-5.508276,-1.476620,16.600836
6796.0000,-12.019834,-13.173328,-1.392824,17.887228
6797.0000,-9.155517,-19.195391,14.975819,26.010799
6798.0000,-7.581018,-11.872781,11.475317,18.169140
6799.0000,-7.509553,-10.366071,9.920482,16.194591
6800.0000,-7.491344,1.906357,12.000132,14.274369
6801.0000,4.046718,0.078739,2.218033,4.615386
6802.0000,-6.022310,-8.741094,5.394987,11.907176
6803.0000,-6.947868,-6.189127,-0.121943,9.305538
6804.0000,-11.245197,-2.597339,4.324889,12.324986
6805.0000,-14.159131,-13.610912,3.563116,19.960805
6806.0000,-20.347070,-6.463206,-4.836016,21.889800
6807.0000,-14.006372,-19.751003,-6.518540,25.075325
6808.0000,-12.553949,-20.825868,-15.087100,28.617110
6809.0000,-5.547762,-11.722332,0.544988,12.980283
6810.0000,-8.035029,-21.666721,-9.759027,25.084799
6811.0000,3.205858,-19.332522,-13.802576,23.969460
6812.0000,2.559777,-14.704577,-8.335445,17.095517
6813.0000,-0.113509,-15.890677,-0.643027,15.904087
6814.0000,8.468390,-22.544098,-3.642953,24.356131
6815.0000,17.478318,-22.929434,-1.383638,28.864597
6816.0000,4.199171,-15.804057,0.345859,16.356066
6817.0000,6.628914,-6.933855,-6.863016,11.794992
6818.0000,15.627994,-15.549351,-5.203992,22.651667
6819.0000,10.873397,-4.899281,-5.507580,13.136482
6820.0000,6.185596,-5.484912,6.966818,10.811217
6821.0000,12.310005,-6.015439,-5.426959,14.736812
6822.0000,4.289872,-12.252842,-5.165345,13.971970
6823.0000,4.048852,-6.326388,9.677587,12.250391
6824.0000,3.746335,-3.167941,9.245545,10.466661
6825.0000,12.904036,1.207161,-2.626602,13.223858
6826.0000,7.924020,4.329940,-0.724065,9.058849
6827.0000,3.572406,6.986930,7.955443,11.174450
6828.0000,-1.638269,9.760204,13.180007,16.482054
6829.0000,0.823068,0.503017,10.520930,10.565058
6830.0000,8.431719,-2.250584,-0.142849,8.728082
6831.0000,13.387442,-7.043215,2.006147,15.259591
6832.0000,11.393339,-3.261706,17.542571,21.170467
6833.0000,19.024498,-10.185131,2.714978,21.749472
6834.0000,24.926873,-4.591564,2.605877,25.479837
6835.0000,8.496893,-3.559177,-1.790399,9.384586
6836.0000,14.161080,-1.878815,6.544837,15.713084
6837.0000,14.129145,-0.040004,6.040771,15.366368
6838.0000,12.319479,-1.540371,4.592817,13.237684
6839.0000,8.029522,-10.841695,11.068733,17.450858
6840.0000,18.353358,-1.264912,6.197034,19.412598
6841.0000,8.389821,-0.836920,7.894977,11.550765
6842.0000,5.058044,-6.413110,4.005703,9.097112
6843.0000,11.349124,4.833936,8.956663,15.244388
6844.0000,8.168026,-0.389775,5.452270,9.828317
6845.0000,0.070359,1.811907,6.021880,6.288958
6846.0000,5.079259,8.009444,5.405365,10.916411
6847.0000,12.180548,12.051835,7.885688,18.862570
6848.0000,9.044335,-0.348317,6.016075,10.868048
6849.0000,9.026271,-4.188200,0.762282,9.979763
6850.0000,11.674564,2.666736,8.079326,14.445845
6851.0000,11.912366,0.703396,5.930786,13.325669
6852.0000,11.857762,-5.250125,1.931865,13.111157
6853.0000,6.915430,-4.877180,-9.178193,12.483961
6854.0000,3.967445,-11.407348,1.444134,12.163623
6855.0000,0.792435,0.946551,-7.758467,7.856063
6856.0000,-7.776771,-11.612402,3.650567,14.444815
6857.0000,-6.506844,-9.051387,-1.447546,11.241086
6858.0000,0.054757,-12.656695,4.661232,13.487846
6859.0000,-7.178950,-20.275945,9.938536,23.694424
6860.0000,-10.136239,-22.680745,2.564636,24.974725
6861.0000,-5.769247,-20.917216,15.278754,26.537794
6862.0000,-2.190939,-23.976867,10.627890,26.318101
6863.0000,9.411446,-35.171467,7.940475,37.264709
6864.0000,-11.289530,-22.548022,16.715187,30.253335
6865.0000,-8.058522,-34.373528,11.439177,37.112450
6866.0000,-17.167569,-36.862137,7.688828,41.384304
6867.0000,-12.292217,-26.786478,9.874413,31.082439
6868.0000,-7.092838,-30.637306,2.479537,31.545221
6869.0000,-15.346199,-29.452361,-1.684002,33.253320
6870.0000,-21.414756,-36.547029,-0.045111,42.358932
6871.0000,-12.965306,-32.816913,-1.139570,35.303647
6872.0000,-3.313395,-27.680493,2.793959,28.017753
6873.0000,-2.693998,-15.465763,2.910755,15.966213
6874.0000,-3.739953,-20.695564,15.606104,26.188626
6875.0000,10.154668,-23.393716,14.571406,29.371911
6876.0000,-0.503610,-19.896590,10.119677,22.327915
6877.0000,0.771520,-11.400142,7.652717,13.752184
6878.0000,10.974664,-16.895658,-4.084984,20.557082
6879.0000,-1.419978,-11.970736,-3.721797,12.616126
6880.0000,2.581759,-22.146710,7.231930,23.440201
6881.0000,-3.401785,-28.668080,3.468834,29.076860
6882.0000,-1.744161,-23.302265,3.132227,23.576440
6883.0000,3.547608,-18.796973,3.479707,19.442738
6884.0000,-2.923428,-18.021984,7.542003,19.753990
6885.0000,-0.516632,-19.705302,6.213109,20.668057
6886.0000,-3.976272,-13.091816,6.445112,15.124346
6887.0000,-0.491907,-17.130993,5.390318,17.965757
6888.0000,-6.906959,-26.029698,2.810359,27.076731
6889.0000,1.375172,-34.409429,18.390211,39.039720
6890.0000,-6.775498,-21.574378,15.263440,27.282481
6891.0000,4.801864,-19.931700,16.693683,26.438790
6892.0000,-8.571373,-21.286759,24.155766,33.318097
6893.0000,4.407104,-15.725131,10.456496,19.391767
6894.0000,1.144313,-13.344921,16.005333,20.870243
6895.0000,10.898954,-27.445121,14.610160,32.946603
6896.0000,9.043412,-21.323891,23.707122,33.143917
6897.0000,6.837237,-17.514964,31.174318,36.405492
6898.0000,5.418725,-18.109047,41.556730,45.653718
6899.0000,-0.027816,-20.393240,30.130813,36.383388
6900.0000,-1.925194,-11.445913,29.059318,31.291520
6901.0000,-1.886503,-7.272915,26.859018,27.890160
6902.0000,3.876252,-10.865529,20.296714,23.346127
6903.0000,-4.525428,-8.906270,16.576283,19.353922
6904.0000,-5.807497,-6.587965,14.002953,16.529096
6905.0000,-4.717703,-4.518307,16.789785,18.015790
6906.0000,-8.136030,1.834465,9.364248,12.539912
6907.0000,0.235646,-3.992583,12.270188,12.905571
6908.0000,4.507591,-13.253578,10.477711,17.485941
6909.0000,9.261049,-8.715391,2.654127,12.991130
6910.0000,8.218370,-0.304612,3.437171,8.913391
6911.0000,0.521989,-2.533053,6.325801,6.834076
6912.0000,-12.363137,4.210493,11.088315,17.132605
6913.0000,-25.119600,0.677972,3.524213,25.374673
6914.0000,-16.092771,8.341090,-1.418440,18.181393
6915.0000,-18.729845,4.240883,-4.187806,19.655277
6916.0000,-23.739665,-1.538756,-7.821280,25.042202
6917.0000,-15.263800,2.753626,-8.512497,17.692616
6918.0000,-26.591992,-2.228485,0.239217,26.686277
6919.0000,-15.454623,1.418836,1.627482,15.604716
6920.0000,-15.754125,-3.082947,0.249307,16.054880
6921.0000,-14.380151,-1.427365,-1.703046,14.550824
6922.0000,-7.008755,-8.372304,-14.623876,18.250366
6923.0000,-15.753080,-9.847631,4.138023,19.033092
6924.0000,-9.124782,-9.203326,-8.622531,15.566339
6925.0000,-8.510911,-6.126093,-6.552053,12.365032
6926.0000,-10.347405,-10.361087,-14.887352,20.881910
6927.0000,-11.730891,-5.459635,-18.198626,22.329609
6928.0000,-18.869858,-7.647469,-10.777342,23.037067
6929.0000,-7.920878,0.494291,-12.789357,15.051654
6930.0000,-1.924922,6.749042,-3.834903,7.997586
6931.0000,-5.856853,-3.845942,-6.081388,9.277784
6932.0000,-5.742474,-0.673162,-12.289876,13.581981
6933.0000,2.668815,7.355497,-14.333798,16.330452
6934.0000,2.446058,-5.087515,-23.843144,24.502275
6935.0000,4.819483,1.412203,-18.701611,19.364193
6936.0000,-1.882594,-3.075187,-21.452331,21.753240
6937.0000,10.656566,-2.041685,-21.922718,24.460916
6938.0000,4.426426,7.257791,-22.156547,23.731443
6939.0000,3.639405,4.932566,-12.153804,13.612143
6940.0000,7.326517,9.277515,-11.924133,16.790923
6941.0000,8.465713,2.806945,-21.933837,23.677847
6942.0000,9.488916,4.589614,-15.428792,18.685601
6943.0000,16.731534,5.125976,-15.243013,23.207096
6944.0000,3.499740,-0.603409,-26.790429,27.024792
6945.0000,5.171195,-0.220817,-21.315530,21.934945
6946.0000,6.549186,-0.237566,-16.993820,18.213681
6947.0000,10.830153,-0.375901,-22.361267,24.848738
6948.0000,2.799261,-0.830152,-23.746175,23.925005
6949.0000,-1.830346,7.761369,-18.307123,19.968470
6950.0000,-1.012985,8.380862,-27.714605,28.971785
6951.0000,5.274537,22.299440,-30.256543,37.954501
6952.0000,4.400052,22.588880,-30.460089,38.176367
6953.0000,8.379333,14.593367,-27.235351,32.014745
6954.0000,6.038169,19.125211,-30.516409,36.516905
6955.0000,3.677165,17.298419,-33.394677,37.788375
6956.0000,6.036705,14.891230,-27.294143,31.672713
6957.0000,4.495620,23.075057,-17.172792,29.113118
6958.0000,7.724609,20.267602,-24.736058,32.898600
6959.0000,9.573097,20.955935,-22.042735,31.885382
6960.0000,9.514249,20.208494,-16.319864,27.663010
6961.0000,-2.940276,25.360249,-14.015901,29.124438
6962.0000,-3.216072,15.373679,-13.954582,21.010080
6963.0000,1.879548,15.227821,-15.780897,22.010360
6964.0000,3.489378,19.164865,-11.743838,22.746111
6965.0000,2.581973,0.706798,-3.942264,4.765248
6966.0000,-12.929538,7.037596,-8.687814,17.093239
6967.0000,-22.767305,4.672570,-24.665682,33.890691
6968.0000,-12.990026,6.300856,-4.760033,15.201956
6969.0000,-22.006033,2.493203,-6.709416,23.140825
6970.0000,-7.494061,-3.348119,1.785095,8.399846
6971.0000,-8.607907,-2.877545,7.415693,11.720445
6972.0000,-3.907602,-8.189154,0.311714,9.079028
6973.0000,-17.034580,-16.193320,10.114430,25.587149
6974.0000,-19.051256,-16.374590,5.804291,25.783082
6975.0000,-22.129444,-11.956325,2.586034,25.285442
6976.0000,-17.021991,-13.596383,-4.295723,22.205024
6977.0000,-19.265724,-2.411210,-4.342382,19.895686
6978.0000,-19.535448,-0.404672,-0.980437,19.564221
6979.0000,-23.697675,3.871959,-5.025714,24.532217
6980.0000,-12.863678,-1.598366,-13.229735,18.521741
6981.0000,-2.949732,1.450256,-7.689716,8.362768
6982.0000,1.256431,8.437486,-9.011653,12.408854
6983.0000,-7.690753,6.736947,2.233020,10.465205
6984.0000,2.820773,-0.345225,12.856462,13.166798
6985.0000,-1.067781,-2.112435,1.565444,2.837808
6986.0000,0.634632,-7.013946,10.076425,12.293598
6987.0000,-4.171696,-4.560686,10.573966,12.247925
6988.0000,2.127401,-13.916095,8.660020,16.528142
6989.0000,-6.488434,-26.292355,9.463853,28.687144
6990.0000,-15.716361,-19.435104,6.890506,25.926943
6991.0000,-11.232196,-14.969586,5.118497,19.402313
6992.0000,-15.503452,-25.372760,7.169606,30.586553
6993.0000,-17.678685,-26.013968,18.922162,36.705731
6994.0000,-13.253239,-27.863313,10.436349,32.571920
6995.0000,-22.304904,-12.302842,13.075709,28.632898
6996.0000,-12.066486,-12.415627,12.469266,21.336131
6997.0000,-17.139010,-22.254373,10.383844,29.947070
6998.0000,-10.440259,-21.539158,5.783212,24.624782
6999.0000,-7.769613,-12.254458,7.520006,16.342862
7000.0000,-22.717455,-18.605267,-8.799206,30.653952
7001.0000,-1.450988,-22.109492,-6.009641,22.957587
7002.0000,2.711266,-24.091611,3.611171,24.511166
7003.0000,-6.756365,-22.131707,-13.957160,27.023383
7004.0000,-0.212116,-28.808682,-2.952832,28.960393
7005.0000,-5.572250,-29.233816,-7.541226,30.700750
7006.0000,-3.137012,-26.879505,-3.854471,27.335061
7007.0000,-7.675898,-14.746288,-9.492746,19.143789
7008.0000,-6.168356,-26.064589,-11.240268,29.047462
7009.0000,-10.786180,-20.323469,-8.565096,24.550885
7010.0000,-7.574892,-18.108514,-13.994952,24.107176
7011.0000,-8.923951,-16.658496,4.854035,19.511639
7012.0000,-14.237724,-17.607363,-6.247160,23.489552
7013.0000,-4.522460,-15.093259,-2.233203,15.913714
7014.0000,6.012807,-14.051095,-7.643138,17.088145
7015.0000,0.056780,-18.945881,0.305343,18.948427
7016.0000,-4.987468,-24.467013,-10.033093,26.910453
7017.0000,-8.192437,-18.315732,-1.566238,20.125485
7018.0000,-0.435029,-12.626510,-6.635863,14.270693
7019.0000,-2.271443,-15.152823,-11.364872,19.076892
7020.0000,-2.835293,-7.196787,-18.993455,20.508144
7021.0000,-7.724346,-12.570515,-15.739481,21.573471
7022.0000,-4.746225,-8.298741,-25.424319,27.162322
7023.0000,-8.091336,-3.998298,-23.690626,25.351565
7024.0000,1.454040,-11.625919,-17.351686,20.936982
7025.0000,9.678145,-4.154041,-14.582423,17.988041
7026.0000,1.379865,-12.711082,-9.907928,16.175373
7027.0000,1.892005,-9.946917,-6.363935,11.959119
7028.0000,-2.664879,-10.490263,-9.690949,14.527963
7029.0000,0.530479,-19.843698,-5.552722,20.612775
7030.0000,-2.777255,-11.634119,-10.091934,15.649697
7031.0000,-4.700483,-6.558273,-8.411501,11.655850
7032.0000,-5.623112,-19.761765,-0.073515,20.546342
7033.0000,-13.522757,-6.545956,5.278134,15.923982
7034.0000,-16.146573,-8.388816,6.755801,19.409403
7035.0000,-9.111118,-15.496184,6.766660,19.207599
7036.0000,-24.543609,-11.344620,4.736989,27.450468
7037.0000,-24.716829,-18.179560,0.870625,30.694886
7038.0000,-15.529417,-14.882123,6.814301,22.562692
7039.0000,-18.769530,-10.908514,10.035231,23.916455
7040.0000,-23.700969,-6.574313,3.635054,24.863047
7041.0000,-22.427054,-10.580644,7.412303,25.881751
7042.0000,-20.243552,-3.297451,1.964885,20.604255
7043.0000,-8.322548,-4.013376,-7.781857,12.080119
7044.0000,-11.788793,-14.311085,7.071358,19.844065
7045.0000,-8.967589,-6.361723,14.539183,18.228467
7046.0000,-5.102491,3.421017,8.743452,10.685819
7047.0000,-7.724047,8.222162,-5.630091,12.608044
7048.0000,-11.434628,12.830328,-2.277241,17.336489
7049.0000,-11.988099,9.273592,1.750475,15.257070
7050.0000,-19.566141,15.675238,10.399511,27.142159
7051.0000,-16.418474,14.346170,11.148895,24.488298
7052.0000,-7.841816,9.794725,7.140190,14.436517
7053.0000,-1.407964,6.870419,0.807588,7.059548
7054.0000,-12.276716,2.485497,11.612721,17.080712
7055.0000,-2.437434,12.271199,23.579461,26.692965
7056.0000,-3.351038,9.680500,11.912305,15.711287
7057.0000,-3.528213,19.012419,13.102971,23.358258
7058.0000,-8.311237,0.026403,11.402417,14.110013
7059.0000,-3.551269,1.368917,19.091132,19.466812
7060.0000,-5.782645,7.172558,12.506768,15.533957
7061.0000,-6.677617,2.373347,12.294783,14.191019
7062.0000,-4.194008,7.099971,6.985150,10.807017
7063.0000,-10.995331,5.866852,2.579382,12.726762
7064.0000,-9.575891,1.249146,5.358553,11.044100
7065.0000,-9.703653,-11.140581,6.160364,16.006983
7066.0000,-1.117619,-2.773814,-0.027336,2.990629
7067.0000,-8.485672,-3.348309,14.821630,17.403980
7068.0000,-16.446319,-23.750906,-0.465497,28.892969
7069.0000,-3.521597,-7.773332,13.379192,15.869125
7070.0000,-6.309879,-8.150611,13.500893,16.985910
7071.0000,3.196450,-11.581829,11.961231,16.953675
7072.0000,-8.135168,-4.452376,5.673690,10.871769
7073.0000,-7.032223,-20.341839,2.605083,21.680153
7074.0000,9.842839,-9.462817,5.623351,14.766464
7075.0000,4.702615,-8.049084,-0.145397,9.323276
7076.0000,6.077605,-7.940791,1.510966,10.113182
7077.0000,5.095852,-13.927454,6.727845,16.285134
7078.0000,4.449383,-18.484163,10.145838,21.549927
7079.0000,3.090962,-8.850436,14.867449,17.576271
7080.0000,-3.647951,-7.146312,16.666780,18.497537
7081.0000,-4.642114,-8.601388,8.670069,13.065344
7082.0000,-1.760311,-2.285401,13.565531,13.868864
7083.0000,1.931434,-8.237564,26.286256,27.614401
7084.0000,13.150356,-15.360450,12.784387,23.923123
7085.0000,14.402732,-19.338795,10.711201,26.384797
7086.0000,22.894817,-7.267826,10.999189,26.419238
7087.0000,4.769136,-7.445360,1.399280,8.951873
7088.0000,17.884854,-3.451355,1.811620,18.304694
7089.0000,6.008904,-15.773822,8.957475,19.109075
7090.0000,21.169294,-15.601358,3.806746,26.571275
7091.0000,14.519863,-13.385549,-4.341556,20.220001
7092.0000,23.038828,-6.273347,-2.705775,24.030475
7093.0000,11.902223,-11.540657,-4.714096,17.235788
7094.0000,16.024937,-9.704626,1.220528,18.774133
7095.0000,26.775361,-4.043815,-5.921386,27.718860
7096.0000,25.968923,4.739600,-0.783790,26.409527
7097.0000,23.964177,0.608952,-3.329295,24.202000
7098.0000,37.229438,4.098520,-2.764704,37.556258
7099.0000,30.632658,2.272183,-6.280099,31.352228
7100.0000,36.292778,3.711294,-13.319442,38.837443
7101.0000,31.996269,3.603578,-5.588672,32.679967
7102.0000,31.370982,-3.546407,-3.194776,31.732036
7103.0000,30.686280,3.202830,-6.104704,31.451126
7104.0000,26.381781,-5.380438,-1.583842,26.971393
7105.0000,40.504176,-14.835980,-11.301527,44.591693
7106.0000,41.745446,-12.485078,-11.991291,45.192372
7107.0000,44.229981,-8.352653,-10.261445,46.166604
7108.0000,46.162453,-3.657704,-13.615771,48.267382
7109.0000,32.571599,-3.729241,-5.120482,33.181857
7110.0000,26.847828,-5.110783,1.492973,27.370694
7111.0000,30.762095,-6.983510,-5.260852,31.980501
7112.0000,29.621177,-18.074901,-11.272433,36.485393
7113.0000,33.081639,-19.926645,-20.568211,43.755198
7114.0000,25.800557,-12.631196,-23.988281,37.425305
7115.0000,10.128340,-12.629435,-25.810966,30.467882
7116.0000,15.031817,-10.613797,-14.298326,23.303441
7117.0000,13.241766,-13.025251,-24.136741,30.456261
7118.0000,4.644481,-2.055608,-12.948580,13.909078
7119.0000,-0.366611,3.398158,-6.402789,7.257933
7120.0000,9.711675,5.696230,-12.319059,16.689005
7121.0000,-7.536412,7.217959,-16.756656,19.740363
7122.0000,-8.847867,4.087961,-20.741888,22.917725
7123.0000,-17.388598,2.192214,-26.498494,31.770101
7124.0000,-17.593136,4.847012,-16.185315,24.392138
7125.0000,-12.585987,-2.574422,-13.778752,18.838491
7126.0000,-14.853091,6.465910,-9.633062,18.847233
7127.0000,-23.805485,-9.542330,-13.955147,29.197660
7128.0000,-25.016937,-3.014071,-9.343751,26.874475
7129.0000,-20.795306,-2.731350,-17.360026,27.226376
7130.0000,-32.294957,-4.936011,-23.730286,40.378892
7131.0000,-28.076662,-5.959422,-17.555832,33.645519
7132.0000,-27.312266,-2.069981,-16.158820,31.801764
7133.0000,-25.459868,-1.097731,-21.133259,33.106261
7134.0000,-21.462379,-2.920591,-41.645769,46.941811
7135.0000,-24.174691,3.692694,-33.372925,41.373951
7136.0000,-14.759506,3.663454,-39.161083,42.010170
7137.0000,-21.078182,3.566605,-36.693028,42.466324
7138.0000,-14.121738,0.451510,-37.264731,39.853325
7139.0000,-9.163160,-2.329979,-36.268814,37.480918
7140.0000,-7.414524,-8.417302,-40.994761,42.501724
7141.0000,-2.332543,-9.527951,-31.822351,33.299920
7142.0000,-4.062961,-15.709273,-35.421731,38.961365
7143.0000,-6.360950,-20.246817,-30.804357,37.407268
7144.0000,-3.888293,-5.167480,-20.399908,21.400419
7145.0000,-1.178637,-8.124295,-18.908204,20.613431
7146.0000,-9.702756,-11.507150,-23.221607,27.673110
7147.0000,-0.034885,-10.704734,-11.465897,15.686279
7148.0000,-2.089087,-8.733189,-22.429979,24.160646
7149.0000,4.894952,-4.413939,-12.329787,13.980953
7150.0000,-1.306477,-10.178385,-16.235806,19.206973
7151.0000,-0.404525,-12.461251,-18.151822,22.021241
7152.0000,1.974367,-19.660221,-16.080740,25.475726
7153.0000,-4.046857,-31.335287,-16.619682,35.700015
7154.0000,-2.554069,-26.363603,-14.333668,30.116721
7155.0000,-1.865530,-19.010820,-10.400748,21.750104
7156.0000,-12.460070,-16.460555,-3.596345,20.955594
7157.0000,3.282673,-15.624308,-15.832521,22.484743
7158.0000,-3.178442,-7.488081,-12.739034,15.114789
7159.0000,4.318260,-12.190844,-13.924281,19.003938
7160.0000,8.587164,-12.594286,-14.667804,21.154193
7161.0000,-2.502352,-11.817608,-18.138522,21.792742
7162.0000,3.679362,-0.607542,-13.283020,13.796573
7163.0000,4.371194,3.089897,-15.230868,16.144168
7164.0000,-9.938899,3.396180,-11.089764,15.274116
7165.0000,-17.495693,2.558000,-20.591190,27.141108
7166.0000,-19.162160,3.896884,-20.786382,28.538531
7167.0000,-11.645457,-4.859900,-26.468693,29.322806
7168.0000,-14.969712,-2.645479,-14.704399,21.149709
7169.0000,-17.942400,1.400238,-12.524638,21.926170
7170.0000,-3.464417,-4.965332,-12.889535,14.240675
7171.0000,-3.422866,-9.177984,-2.661996,10.150745
7172.0000,-8.738540,-7.117668,-0.408684,11.277868
7173.0000,-4.596047,-14.995225,-1.100827,15.722348
7174.0000,7.223505,-16.083909,11.735890,21.180233
7175.0000,8.247643,-10.967009,14.909419,20.263013
7176.0000,-0.834450,-8.899863,6.968898,11.334435
7177.0000,0.798318,-13.507449,7.490037,15.465741
7178.0000,5.833837,-16.417317,7.614830,19.014405
7179.0000,5.078912,-22.436491,-0.891302,23.021422
7180.0000,4.418085,-22.682127,2.534011,23.246926
7181.0000,-8.448683,-21.777740,2.838976,23.531043
7182.0000,-1.850017,-19.728317,11.924177,23.126069
7183.0000,-0.818047,-13.706236,20.370007,24.565571
7184.0000,4.449733,-15.151187,19.628290,25.191831
7185.0000,7.590094,-12.438880,27.965882,31.534518
7186.0000,-5.485792,-12.289039,29.230108,32.179397
7187.0000,-1.962336,-8.023567,26.498800,27.756347
7188.0000,-7.512047,2.987529,26.640538,27.840158
7189.0000,-15.482029,-3.795623,25.559246,30.122666
7190.0000,-7.144232,-7.841941,30.441568,32.237015
7191.0000,-17.542980,-4.639325,19.450664,26.600899
7192.0000,-14.825128,-4.559059,27.698868,31.745814
7193.0000,-15.972723,1.233014,19.363110,25.131221
7194.0000,-9.873657,2.322432,14.473204,17.673608
7195.0000,-16.309714,-4.409128,16.010496,23.276236
7196.0000,-5.211531,-4.729668,13.125489,14.893230
7197.0000,-2.809382,1.005192,9.548008,10.003374
7198.0000,-5.877322,-2.194122,15.629986,16.842017
7199.0000,-2.884794,-1.299300,20.971330,21.208652
7200.0000,5.791831,-6.474678,24.663507,26.148716
7201.0000,2.939859,-5.080156,18.649803,19.551621
7202.0000,9.628436,-10.510243,19.050628,23.792823
7203.0000,6.147131,-0.096275,25.854919,26.575803
7204.0000,6.899393,-1.572697,28.559763,29.423376
7205.0000,17.422670,0.918878,32.717013,37.078251
7206.0000,12.065256,6.291038,27.435150,30.624092
7207.0000,12.313494,0.945940,22.947674,26.059791
7208.0000,12.645731,-3.357942,28.186640,31.075344
7209.0000,9.541068,5.110557,21.077040,23.693699
7210.0000,0.290818,4.756013,29.329928,29.714456
7211.0000,2.883867,3.771008,25.612312,26.048565
7212.0000,-16.513821,2.180062,31.918564,36.003523
7213.0000,-7.918802,1.831479,30.162645,31.238548
7214.0000,-3.891533,1.014909,30.644733,30.907503
7215.0000,-6.186862,5.330831,27.290279,28.486038
7216.0000,-10.174253,-1.927473,25.706383,27.713692
7217.0000,-6.131423,2.374321,18.655960,19.780713
7218.0000,-8.195114,6.464642,27.808414,29.702851
7219.0000,3.866705,2.487316,33.681901,33.994243
7220.0000,0.326151,6.934364,20.085301,21.251144
7221.0000,6.834009,-0.659022,23.768340,24.740088
7222.0000,1.524415,5.098904,23.568718,24.162101
7223.0000,-2.524139,6.543552,18.386224,19.678480
7224.0000,-4.417379,12.367321,26.608454,29.672777
7225.0000,-7.447498,11.521684,20.168222,24.392040
7226.0000,-0.370142,11.981764,26.389719,28.984771
7227.0000,6.783419,11.840279,17.909765,22.515920
7228.0000,10.828174,17.833369,29.115212,35.818626
7229.0000,5.323156,13.517734,27.480410,31.084370
7230.0000,-2.692681,16.477053,26.269276,31.125852
7231.0000,3.537543,16.929520,31.995810,36.371069
7232.0000,2.285694,22.448274,37.451986,43.724143
7233.0000,-1.225167,28.064514,37.301927,46.696378
7234.0000,-11.271605,22.935455,34.294316,42.768964
7235.0000,1.976011,21.629242,36.879445,42.799792
7236.0000,-5.423267,20.071913,34.034912,39.883188
7237.0000,-5.273179,21.899682,23.559867,32.595549
7238.0000,-10.380068,14.694815,30.428252,35.349143
7239.0000,-11.438988,18.358487,23.214333,31.729950
7240.0000,-7.146529,14.631258,23.561983,28.641118
7241.0000,-2.724513,7.824167,28.742825,29.913050
7242.0000,-0.885324,0.283149,21.817622,21.837413
7243.0000,-3.818029,3.810380,12.179314,13.320362
7244.0000,-1.644198,-1.154955,21.305308,21.399848
7245.0000,5.494334,-1.492558,17.783899,18.673042
7246.0000,0.123154,-0.689223,15.987972,16.003295
7247.0000,8.665606,-6.376036,16.183140,19.432977
7248.0000,-2.783792,3.403597,15.882775,16.480185
7249.0000,6.911499,3.414253,22.127605,23.431962
7250.0000,5.928293,-3.032345,27.016642,27.825145
7251.0000,15.622350,-5.514309,21.729500,27.324652
7252.0000,7.718533,-4.099889,14.859203,17.238931
7253.0000,7.948346,-5.724480,12.222426,15.663128
7254.0000,8.244917,4.265687,1.060598,9.343426
7255.0000,5.689207,3.978829,15.371104,16.866208
7256.0000,6.762910,5.005634,-1.583241,8.561541
7257.0000,3.712753,5.922640,5.802626,9.084749
7258.0000,-0.716886,6.234808,-4.454475,7.696045
7259.0000,3.896812,1.609714,6.726155,7.938356
7260.0000,-2.230792,10.144821,16.432857,19.440489
7261.0000,2.601697,1.503825,7.897568,8.449965
7262.0000,-1.351199,0.138628,6.586491,6.725089
7263.0000,-5.252270,1.709930,4.105150,6.882039
7264.0000,-5.396132,1.934668,14.037443,15.162816
7265.0000,-4.663059,8.939337,12.494493,16.055161
7266.0000,-2.920577,14.381901,9.433456,17.445886
7267.0000,-2.478518,17.491101,0.686970,17.679185
7268.0000,-18.523506,13.266153,10.173970,24.952369
7269.0000,-26.736511,6.324741,2.393498,27.578474
7270.0000,-24.870306,4.115590,10.065745,27.143866
7271.0000,-22.001824,6.674963,10.160714,25.137134
7272.0000,-14.601513,11.980718,11.861973,22.303546
7273.0000,-0.712459,6.213293,4.153006,7.507334
7274.0000,6.239250,2.942217,-13.204740,14.897988
7275.0000,-1.039300,-5.171360,-4.522819,6.948309
7276.0000,3.319696,0.363921,-7.108999,7.854341
7277.0000,0.944603,3.430449,-12.441003,12.939815
7278.0000,3.768571,12.584594,-12.824331,18.358584
7279.0000,6.313903,3.818951,-7.612946,10.602203
7280.0000,5.862822,12.269258,-11.967814,18.114523
7281.0000,-8.051823,9.899367,-12.731163,18.025310
7282.0000,-9.006460,-1.739223,-12.765126,15.719086
7283.0000,-5.378531,2.060173,-16.027533,17.030993
7284.0000,0.154885,4.642402,-4.919074,6.765587
7285.0000,-9.102483,5.217792,-3.210550,10.972155
7286.0000,-11.398466,6.833620,-4.469977,14.021558
7287.0000,-15.863295,3.085553,-9.040536,18.517452
7288.0000,-14.719032,8.440953,-8.914157,19.166684
7289.0000,-0.903015,12.765764,-10.656642,16.653654
7290.0000,1.864583,10.952875,-9.768076,14.793831
7291.0000,9.413959,5.621462,0.595109,10.980784
7292.0000,8.933951,6.677536,-5.570431,12.467344
7293.0000,8.690407,10.230081,-3.364812,13.838342
7294.0000,9.691733,13.296473,0.082998,16.453959
7295.0000,13.789475,17.063881,-4.566627,22.409367
7296.0000,16.257850,2.197574,-4.025456,16.892345
7297.0000,12.702729,9.384617,-11.100429,19.304142
7298.0000,26.419927,12.011964,-3.526539,29.235874
7299.0000,21.697296,17.769329,-0.267466,28.046270
7300.0000,9.160323,13.376361,-11.230533,19.722156
7301.0000,18.712238,7.229483,-13.323575,24.081755
7302.0000,16.513215,9.735397,-4.732472,19.744885
7303.0000,14.811732,9.199331,-2.726199,17.647868
7304.0000,22.356380,5.622808,-3.429810,23.306378
7305.0000,16.925544,1.288490,-2.435297,17.148322
7306.0000,23.519233,5.608374,0.914361,24.195955
7307.0000,14.481666,10.021057,9.413424,19.968795
7308.0000,4.313141,3.515949,8.434971,10.105138
7309.0000,5.656566,-1.903508,12.407856,13.768623
7310.0000,1.991637,-3.218618,15.106758,15.573704
7311.0000,9.071012,1.566595,22.114944,23.954294
7312.0000,17.651646,-10.536968,6.178846,21.465937
7313.0000,12.259158,-8.913929,3.463816,15.548090
7314.0000,13.874337,4.032031,-0.448369,14.455294
7315.0000,11.577512,6.410054,-7.294013,15.110599
7316.0000,19.018297,-1.758190,4.973193,19.736248
7317.0000,18.279480,4.503087,-0.444004,18.831206
7318.0000,21.348991,1.977229,-12.608906,24.873145
7319.0000,7.085565,1.653869,-19.320716,20.645353
7320.0000,12.295144,-0.901359,-11.086289,16.579771
7321.0000,15.640829,4.603587,-5.990562,17.369956
7322.0000,11.215155,7.779242,-19.482694,23.788057
7323.0000,21.899202,3.986674,-4.737659,22.757724
7324.0000,18.910378,5.421960,-1.894693,19.763348
7325.0000,20.107349,8.509547,-9.716485,23.898283
7326.0000,24.436065,0.102216,-5.259020,24.995780
7327.0000,22.586349,7.298245,-15.336042,28.259543
7328.0000,14.882718,-2.856779,1.521920,15.230651
7329.0000,20.161430,-4.423335,-12.409837,24.084294
7330.0000,31.143397,3.689900,-24.586091,39.849747
7331.0000,21.893794,4.033448,-16.891010,27.944823
7332.0000,24.778091,15.611624,-17.094637,33.910223
7333.0000,21.878816,18.933038,-4.470789,29.276791
7334.0000,13.790743,16.352173,-14.225977,25.689620
7335.0000,21.210980,22.292862,-6.205393,31.390831
7336.0000,18.819887,19.151835,-3.882946,27.130393
7337.0000,29.276061,10.526496,-0.123899,31.111255
7338.0000,26.130205,16.919829,-1.963343,31.191713
7339.0000,20.388072,14.801942,-5.911555,25.878900
7340.0000,17.180332,4.412414,-13.745332,22.440306
7341.0000,15.946013,-4.338373,-9.398574,19.011312
7342.0000,20.529595,-1.832506,-1.005278,20.635720
7343.0000,23.089490,9.916722,-0.809727,25.142028
7344.0000,18.467884,4.287920,-13.538803,23.296957
7345.0000,21.256594,-1.036346,-5.363289,21.947247
7346.0000,24.839297,0.040070,-5.254625,25.389040
7347.0000,22.609938,-2.312666,2.596436,22.875734
7348.0000,34.461335,7.874013,4.475365,35.631624
7349.0000,20.830620,2.553781,-6.977505,22.116105
7350.0000,27.190255,-4.294053,-8.913116,28.934279
7351.0000,24.191654,0.770508,-2.850043,24.371142
7352.0000,12.929357,6.494004,-5.526203,15.488037
7353.0000,20.150315,-5.368904,-9.597477,22.955869
7354.0000,13.072422,-3.385535,2.531468,13.738937
7355.0000,12.844684,1.417661,5.380043,13.997876
7356.0000,5.730563,-4.923031,4.102359,8.596798
7357.0000,9.090728,-1.111029,-1.459581,9.273948
7358.0000,10.661993,-7.514466,5.108495,14.008641
7359.0000,11.818365,-6.275777,-0.268189,13.383985
7360.0000,14.404076,-10.075473,-7.602435,19.151752
7361.0000,14.240323,-6.783017,-6.502565,17.061052
7362.0000,8.825601,-11.878788,-3.591510,15.228125
7363.0000,9.670825,-13.934177,7.039925,18.364277
7364.0000,1.970792,-8.347363,3.767054,9.367667
7365.0000,-1.810861,-10.857122,-4.762874,11.993385
7366.0000,-1.276216,-1.716089,-1.712286,2.739637
7367.0000,-7.696463,-17.034354,-6.378475,19.750688
7368.0000,-2.252218,-14.302997,-5.439850,15.467391
7369.0000,-1.634726,-12.969315,1.374833,13.144034
7370.0000,-2.904268,-5.489861,1.184997,6.322781
7371.0000,-2.667228,-3.864145,3.383717,5.787510
7372.0000,5.297073,-9.237842,-6.215983,12.330254
7373.0000,6.633685,-8.544144,-9.725462,14.546229
7374.0000,2.173382,-5.895124,-7.959287,10.140332
7375.0000,2.919390,-9.494942,-5.542283,11.375134
7376.0000,-6.528843,-7.857214,-8.091533,13.032057
7377.0000,-7.200101,-5.054941,-12.514669,15.297412
7378.0000,-9.822165,-13.013788,-17.773460,24.119069
7379.0000,-6.788322,-3.589250,-17.744461,19.334682
7380.0000,-7.107476,-5.097320,-22.056187,23.727079
7381.0000,-8.305105,1.768579,-3.956180,9.367710
7382.0000,-9.414270,-9.605889,-2.052810,13.605720
7383.0000,-12.606728,-9.503992,-3.182997,16.105493
7384.0000,-13.162577,-12.463258,-6.400276,19.223677
7385.0000,-13.517714,-21.485267,1.128086,25.409011
7386.0000,-7.946428,-18.688110,1.294379,20.348626
7387.0000,-12.418222,-21.323245,-1.508259,24.721810
7388.0000,-3.310507,-13.221986,-9.520431,16.625853
7389.0000,-0.211015,-23.175561,3.272738,23.406452
7390.0000,-3.812634,-28.112978,4.872248,28.785665
7391.0000,-4.465658,-17.326068,-11.551828,21.297405
7392.0000,-9.131940,-24.476065,-8.413578,27.445553
7393.0000,-9.608077,-23.540974,-6.106838,26.149303
7394.0000,-6.222689,-17.090344,-9.778988,20.650190
7395.0000,-5.888219,-16.741988,1.581891,17.817623
7396.0000,-2.694337,-24.566592,-1.947186,24.790491
7397.0000,-2.021212,-9.353431,2.550766,9.903452
7398.0000,7.331647,-22.414921,1.665744,23.642260
7399.0000,-1.939933,-21.066223,-11.804353,24.225851
7400.0000,-0.499625,-21.270447,-13.131416,25.002312
7401.0000,3.237696,-15.195048,-13.998485,20.912431
7402.0000,4.941083,-16.976259,-13.428524,22.202093
7403.0000,7.677031,-15.112478,-24.354390,29.672548
7404.0000,2.215801,-33.711243,-17.389427,37.996708
7405.0000,11.531621,-32.530462,-14.482976,37.429478
7406.0000,5.215750,-23.937350,-8.260412,25.854113
7407.0000,8.553164,-24.190985,-12.545020,28.561126
7408.0000,4.351134,-32.652785,-12.026393,35.068089
7409.0000,8.438515,-17.786806,-7.966160,21.237672
7410.0000,-6.901352,-15.640938,-17.293379,24.317248
7411.0000,-4.165151,-12.886508,-15.741372,20.765388
7412.0000,5.246804,-9.438362,-16.002152,19.304934
7413.0000,-4.291681,-19.702426,-16.295727,25.925949
7414.0000,1.169165,-20.050721,-17.185730,26.433836
7415.0000,10.660613,-24.483665,-24.942202,36.540552
7416.0000,11.420974,-23.360145,-16.948328,31.038377
7417.0000,2.846263,-20.635669,-18.598274,27.925398
7418.0000,-1.760077,-16.840641,-17.223368,24.152629
7419.0000,-0.649045,-13.819038,-17.735177,22.492745
7420.0000,7.628431,-6.537956,-22.613871,24.745202
7421.0000,9.916491,-9.151120,-10.428156,17.053628
7422.0000,3.809884,0.217802,-13.601167,14.126372
7423.0000,7.417718,-3.393763,-12.537778,14.957809
7424.0000,13.704515,3.910514,-8.060056,16.372854
7425.0000,12.157109,2.484328,-15.390613,19.769627
7426.0000,13.614985,5.236398,-3.749163,15.061338
7427.0000,15.125690,5.806007,-1.812189,16.302768
7428.0000,7.809003,7.613671,6.025937,12.460355
7429.0000,1.447842,7.460639,-6.360710,9.910399
7430.0000,14.197300,18.890588,2.565485,23.769715
7431.0000,15.589359,19.571144,1.580347,25.071005
7432.0000,5.841673,19.593970,5.021090,21.053744
7433.0000,11.367666,11.674421,3.157955,16.597850
7434.0000,5.319224,10.972206,8.593558,14.917530
7435.0000,6.559857,9.744213,2.887451,12.096230
7436.0000,6.144563,2.681464,2.553167,7.173881
7437.0000,18.353196,0.497923,-0.917763,18.382873
7438.0000,6.701526,12.677375,2.079718,14.489704
7439.0000,6.267160,3.418393,-6.508282,9.660251
7440.0000,3.028765,13.577000,-6.191296,15.226309
7441.0000,-1.233797,9.208870,-7.978023,12.246403
7442.0000,0.618458,2.804819,-6.510774,7.116156
7443.0000,4.629053,-4.992026,-3.967549,7.879714
7444.0000,-0.114486,5.430791,-7.080883,8.924433
7445.0000,3.414939,6.756666,-4.155389,8.636064
7446.0000,8.298040,2.511539,-8.465909,12.117629
7447.0000,7.510939,7.114105,-7.324760,12.675836
7448.0000,7.896441,0.199529,-12.461923,14.754427
7449.0000,5.013755,4.652040,-15.269093,16.730941
7450.0000,14.090691,3.910938,-6.864223,16.154274
7451.0000,-1.436002,7.069358,-11.817260,13.845055
7452.0000,4.121095,6.349215,-14.767738,16.594639
7453.0000,1.974867,6.876690,0.704422,7.189241
7454.0000,3.448070,12.270691,-9.071607,15.644586
7455.0000,11.805832,7.000539,-11.713680,18.044265
7456.0000,-2.484907,1.361741,-21.727538,21.911526
7457.0000,-5.791257,-0.897797,-15.578094,16.643969
7458.0000,-3.691084,1.830286,-15.827954,16.355372
7459.0000,0.014549,5.312888,-23.749372,24.336385
7460.0000,0.570834,5.890363,-18.504134,19.427434
7461.0000,1.443818,-1.083108,-21.940971,22.015084
7462.0000,2.067975,7.400182,-15.198568,17.030434
7463.0000,3.983947,8.151950,-9.215202,12.932365
7464.0000,3.904204,10.651292,-15.072839,18.864869
7465.0000,-0.222100,9.577247,-13.128856,16.252379
7466.0000,2.698955,14.841776,-20.865985,25.747854
7467.0000,1.734238,20.610851,-17.526904,27.111015
7468.0000,6.905136,5.762744,-18.385064,20.467064
7469.0000,1.818195,7.218839,-19.221459,20.612665
7470.0000,13.008037,4.603366,-16.861622,21.787939
7471.0000,9.178738,12.854563,-8.051249,17.728836
7472.0000,0.270611,11.735228,-12.819076,17.381528
7473.0000,5.325685,12.351486,-10.134187,16.841136
7474.0000,6.682841,10.924864,-8.391372,15.311046
7475.0000,17.150672,8.276026,-12.988686,23.050903
7476.0000,25.834586,1.499847,-5.108621,26.377517
7477.0000,16.876116,12.756223,-1.428647,21.202961
7478.0000,6.837792,10.497578,0.623715,12.543666
7479.0000,9.783825,22.454965,3.448587,24.735429
7480.0000,7.833144,17.036937,16.261944,24.820681
7481.0000,1.168529,24.686829,11.774139,27.375817
7482.0000,8.483161,25.553619,3.110598,27.104008
7483.0000,7.968838,30.928553,1.906093,31.995483
7484.0000,15.977805,15.518796,5.037852,22.836445
7485.0000,20.789268,26.553548,1.816862,33.772557
7486.0000,15.685197,16.541194,3.178997,23.016137
7487.0000,19.907264,14.726726,12.950387,27.944376
7488.0000,15.964935,17.188884,12.299215,26.487876
7489.0000,8.681803,18.532358,14.576948,25.125871
7490.0000,6.196836,16.983997,13.961105,22.842272
7491.0000,7.030541,28.446065,4.992399,29.724252
7492.0000,2.303472,36.599682,3.504096,36.839128
7493.0000,4.283511,30.933049,-3.044695,31.376300
7494.0000,-4.080536,27.492234,5.307650,28.295668
7495.0000,-4.376286,33.061517,9.146076,34.581303
7496.0000,1.067339,29.991453,4.918552,30.410830
7497.0000,16.538457,17.731852,6.366329,25.069290
7498.0000,8.803461,13.024965,7.555826,17.442510
7499.0000,9.976785,22.083779,15.318142,28.668363
7500.0000,18.004172,36.615244,15.338083,43.589943
7501.0000,11.534156,37.896384,4.713038,39.892172
7502.0000,11.450347,34.322576,8.879776,37.255874
7503.0000,15.357753,22.442630,1.206235,27.221080
7504.0000,17.975816,28.345661,-2.692499,33.672779
7505.0000,13.605795,23.587218,-5.356494,27.751875
7506.0000,14.411307,22.534103,0.031796,26.748319
7507.0000,22.664468,14.925504,-7.439890,28.138954
7508.0000,9.457125,32.787162,-3.469914,34.299788
7509.0000,13.625791,27.458317,7.554981,31.570542
7510.0000,7.269242,28.116333,10.598518,30.914376
7511.0000,26.424754,37.038789,-3.851321,45.661496
7512.0000,27.516708,30.937831,-2.520138,41.480956
7513.0000,24.630620,29.527609,-0.996917,38.464801
7514.0000,31.203274,22.955930,-11.568679,40.428374
7515.0000,27.978490,18.432239,-16.182731,37.207851
7516.0000,19.527975,21.662172,-25.235489,38.567103
7517.0000,24.386316,12.155979,-18.105786,32.715130
7518.0000,21.534503,17.093702,-9.559941,29.108795
7519.0000,21.342569,20.278447,-10.191322,31.154192
7520.0000,26.378443,7.781503,-4.545257,27.875319
7521.0000,17.119832,18.872390,4.592009,25.890969
7522.0000,8.895881,22.061044,-10.421564,25.969893
7523.0000,6.442810,13.288830,9.131738,17.363509
7524.0000,8.474495,15.887818,5.029229,18.695801
7525.0000,10.037587,18.540764,7.236468,22.290795
7526.0000,4.356579,18.613748,20.361131,27.928964
7527.0000,1.299509,18.245655,10.665549,21.174196
7528.0000,-0.025914,8.225721,8.996699,12.190314
7529.0000,3.164191,19.915660,-2.306484,20.296933
7530.0000,4.561421,9.662370,-1.444080,10.782083
7531.0000,8.148437,10.414077,-12.435731,18.152064
7532.0000,5.897854,16.665001,-10.375608,20.497809
7533.0000,13.875434,19.082748,-5.401256,24.204390
7534.0000,13.681442,17.383973,-13.475805,25.903315
7535.0000,5.301548,19.655526,-14.061765,24.742258
7536.0000,9.246947,9.481162,-7.890189,15.416016
7537.0000,11.759815,20.827106,-9.846348,25.865269
7538.0000,9.420038,22.023987,-4.180234,24.315992
7539.0000,10.440591,14.525510,-5.083800,18.596812
7540.0000,12.837599,15.867378,-0.628809,20.419917
7541.0000,17.208389,19.321204,-8.156675,27.128747
7542.0000,12.014819,17.061575,-0.926515,20.888074
7543.0000,13.109089,2.423758,-11.318470,17.488013
7544.0000,11.113657,3.351288,-16.838715,20.452062
7545.0000,6.595394,0.692284,-17.026040,18.271960
7546.0000,2.232402,3.983906,-20.520510,21.022523
7547.0000,8.663911,-4.658609,-12.478967,15.889953
7548.0000,11.551597,-2.090995,-21.262105,24.287626
7549.0000,4.329794,-1.720179,-19.437652,19.988207
7550.0000,18.002365,-4.015241,-16.749177,24.914699
7551.0000,14.133849,-0.318425,-19.834079,24.356883
7552.0000,12.878640,-8.717283,-16.805977,22.897407
7553.0000,13.075482,-9.111765,-19.974252,25.553145
7554.0000,13.536714,-4.655963,-28.661088,32.037144
7555.0000,9.766854,-7.290773,-19.270975,22.801695
7556.0000,7.355924,-6.683729,-16.235171,19.035825
7557.0000,6.512644,-8.698332,-13.093681,17.015287
7558.0000,11.676972,-17.414640,-9.268152,22.924223
7559.0000,7.926860,-12.851852,-13.239064,20.081784
7560.0000,5.251267,-14.028541,-8.021519,16.991779
7561.0000,5.717078,-18.313851,2.566356,19.356350
7562.0000,11.648382,-17.208252,5.146066,21.407726
7563.0000,12.143196,-20.272308,9.865673,25.607717
7564.0000,9.982962,-18.415524,6.002105,21.790281
7565.0000,4.614427,-18.970153,6.095146,20.452639
7566.0000,13.287093,-3.940266,10.588809,17.441198
7567.0000,18.055217,-8.924674,14.008575,24.533260
7568.0000,12.365104,-16.758674,17.865081,27.439207
7569.0000,9.442937,-6.297380,20.608178,23.527071
7570.0000,10.132285,4.362007,21.036054,23.753018
7571.0000,17.836251,-2.992046,20.799000,27.562340
7572.0000,9.430375,0.512159,8.785471,12.898790
7573.0000,1.565762,7.264385,16.081725,17.715665
7574.0000,-8.404941,3.748062,15.584762,18.099056
7575.0000,-0.782426,-0.370963,21.214074,21.231739
7576.0000,-6.071522,2.467232,15.240295,16.589672
7577.0000,10.114122,5.913115,17.807651,21.316023
7578.0000,13.745637,-4.989038,27.097288,30.791169
7579.0000,0.131884,1.747831,22.141545,22.210815
7580.0000,8.549714,-7.729509,14.428037,18.466488
7581.0000,6.176897,5.556787,14.151568,16.410327
7582.0000,3.890897,6.087486,14.777515,16.449058
7583.0000,4.513087,4.254070,20.361068,21.284693
7584.0000,4.962865,9.022129,26.249851,28.197226
7585.0000,-0.942416,15.819480,18.069539,24.034399
7586.0000,9.338855,20.215037,19.632795,29.686842
7587.0000,-8.926014,13.571644,23.386057,28.474039
7588.0000,-11.217163,13.362241,16.559568,24.053971
7589.0000,-4.011117,4.790320,17.419209,18.505811
7590.0000,-8.919910,11.159930,19.895758,24.493877
7591.0000,-5.060562,14.262172,23.184663,27.686593
7592.0000,-8.154565,16.241480,22.632457,29.026035
7593.0000,-1.966925,12.113910,21.513151,24.767545
7594.0000,3.690535,1.328655,7.922822,8.840616
7595.0000,-1.566863,6.892110,12.137790,14.045717
7596.0000,-11.660487,15.311512,9.582631,21.499678
7597.0000,-13.153509,23.765966,20.723699,34.165884
7598.0000,-4.215762,14.881286,14.375359,21.115782
7599.0000,4.086009,11.417392,7.462554,14.238751
7600.0000,-4.520988,11.605640,6.711278,14.148196
7601.0000,5.160821,11.265219,7.947347,14.720718
7602.0000,5.476391,13.767277,1.671237,14.910460
7603.0000,-0.787111,2.686107,-6.059631,6.674866
7604.0000,3.331246,13.002452,-18.210000,22.622225
7605.0000,1.545854,10.906629,-9.699747,14.677510
7606.0000,8.352127,24.206275,-12.107425,28.324751
7607.0000,5.087386,26.306915,-10.817880,28.895706
7608.0000,8.134556,16.477452,-12.414436,22.176466
7609.0000,9.391673,17.528838,4.763544,20.448840
7610.0000,12.798813,27.701995,-1.314114,30.544018
7611.0000,2.110094,32.003615,0.949065,32.087140
7612.0000,5.369299,22.584831,-7.041054,24.258615
7613.0000,7.860997,22.615966,5.547112,24.577381
7614.0000,15.765193,27.575318,9.368020,33.116450
7615.0000,21.734787,25.081580,11.606348,35.159549
7616.0000,14.262331,13.724405,7.708371,21.241289
7617.0000,21.738697,7.073790,2.143022,22.960880
7618.0000,19.459864,9.276081,-4.436460,22.009411
7619.0000,24.922352,18.643509,1.439987,31.157305
7620.0000,17.774213,22.680405,4.649189,29.187984
7621.0000,19.228320,27.594347,9.863685,35.049516
7622.0000,13.480797,20.843839,3.357110,25.049305
7623.0000,9.544062,35.366008,15.282635,39.691341
7624.0000,6.643172,27.768087,12.332077,31.101101
7625.0000,15.186088,23.815850,14.247215,31.635346
7626.0000,6.994381,28.576565,20.991659,36.141267
7627.0000,7.766304,40.612661,22.139978,46.902904
7628.0000,15.702049,41.737162,30.429681,53.986207
7629.0000,15.631691,38.053229,20.505311,45.965920
7630.0000,19.439771,34.987459,25.252550,47.325662
7631.0000,13.838420,34.948623,33.626496,50.434605
7632.0000,15.402793,32.933597,26.748617,45.137084
7633.0000,16.424330,41.031466,30.612424,53.763001
7634.0000,11.031985,44.016198,27.884242,53.260317
7635.0000,1.865875,39.137728,28.917597,48.697748
7636.0000,2.946177,41.409867,25.020857,48.471645
7637.0000,4.395822,36.953050,21.217352,42.837217
7638.0000,4.040979,38.347251,6.919858,39.175574
7639.0000,-1.220071,38.268519,7.193021,38.957768
7640.0000,-5.407601,40.644506,15.146750,43.710892
7641.0000,1.060313,29.875394,23.341900,37.927665
7642.0000,7.460963,27.817047,15.448085,32.681760
7643.0000,13.894234,33.322044,19.102650,40.845068
7644.0000,9.552455,26.012223,26.151893,38.102580
7645.0000,13.248345,25.970088,20.812033,35.820452
7646.0000,3.021468,28.393228,26.354316,38.856848
7647.0000,9.345086,20.489929,24.869331,33.550729
7648.0000,7.713580,28.440893,25.663892,39.077091
7649.0000,10.505385,19.671035,19.598793,29.688810
7650.0000,6.741263,18.814479,9.854469,22.283174
7651.0000,11.531226,24.096839,10.845555,28.831457
7652.0000,4.815578,18.969089,10.909015,22.405864
7653.0000,18.386907,12.907111,14.567866,26.774887
7654.0000,19.809945,6.041596,13.374773,24.653993
7655.0000,21.301780,11.357787,19.980307,31.336525
7656.0000,23.333018,12.396220,5.637601,27.016264
7657.0000,23.729782,7.698817,5.883126,25.631728
7658.0000,23.206299,9.695460,0.538467,25.155997
7659.0000,32.674816,5.205673,3.924652,33.318847
7660.0000,30.428994,4.494979,17.850482,35.563580
7661.0000,32.608520,3.704464,14.656053,35.942155
7662.0000,25.362629,3.587825,1.505704,25.659356
7663.0000,37.533444,-1.373515,2.707310,37.656015
7664.0000,28.351555,-4.097589,10.074225,30.365950
7665.0000,28.422403,-9.121510,4.701454,30.218184
7666.0000,22.230105,-13.539797,4.970832,26.499299
7667.0000,17.765534,-3.424953,5.387520,18.877761
7668.0000,11.321347,-3.839258,-7.855071,14.304368
7669.0000,14.625161,5.850397,-1.204670,15.797902
7670.0000,10.602240,-8.212701,-2.531176,13.647813
7671.0000,15.359002,-3.135510,3.384862,16.037072
7672.0000,15.545697,0.460990,-9.289981,18.115876
7673.0000,14.318901,-6.320345,-21.802755,26.839110
7674.0000,5.772522,-10.541118,-17.762051,21.445924
7675.0000,5.604884,-7.261817,-18.741516,20.866076
7676.0000,-4.678729,-3.308830,-23.112697,23.812510
7677.0000,7.103876,-4.003461,-25.475494,26.748712
7678.0000,11.208103,-4.964177,-32.896946,35.106604
7679.0000,14.524325,-3.704937,-38.306200,41.134506
7680.0000,7.993298,-9.602176,-40.559233,42.439910
7681.0000,9.494464,-11.934565,-30.680903,34.262173
7682.0000,0.985764,-26.264312,-34.342200,43.245491
7683.0000,6.926780,-26.052773,-28.522124,39.245877
7684.0000,-8.700644,-16.732620,-38.725949,43.074132
7685.0000,11.453938,-24.877160,-30.599240,41.065548
7686.0000,9.578026,-23.372039,-30.112455,39.303317
7687.0000,12.263708,-22.212459,-35.156159,43.356053
7688.0000,6.005607,-16.779037,-36.110569,40.268804
7689.0000,6.976195,-11.995452,-34.031268,36.751672
7690.0000,6.359441,-4.404075,-29.451847,30.450775
7691.0000,-3.615760,-12.973202,-22.912633,26.577555
7692.0000,4.119241,-4.676642,-26.420751,27.145814
7693.0000,14.483835,3.802055,-25.076285,29.207142
7694.0000,-0.978770,3.404338,-15.753257,16.146597
7695.0000,2.046480,8.285912,-21.769011,23.382349
7696.0000,-0.346582,4.186834,-23.550771,23.922552
7697.0000,-2.063682,11.807260,-17.154211,20.926947
7698.0000,0.697271,15.853232,-23.726136,28.543662
7699.0000,-4.257509,17.217390,-24.935574,30.599800
7700.0000,2.287407,21.800557,-33.691264,40.194499
7701.0000,8.194814,15.645984,-26.153497,31.558790
7702.0000,-3.597132,23.050689,-21.801148,31.930607
7703.0000,5.902263,23.888698,-25.812964,35.662525
7704.0000,3.974514,26.043659,-25.384124,36.584459
7705.0000,-4.952323,12.639757,-29.627130,32.589197
7706.0000,-11.953650,16.354656,-32.268763,38.100362
7707.0000,-9.455000,7.914356,-33.061413,35.285848
7708.0000,-7.366800,13.497041,-29.230529,33.028226
7709.0000,1.768212,13.996260,-42.131474,44.430654
7710.0000,-1.098260,9.352103,-32.076102,33.429692
7711.0000,3.662987,16.606602,-26.099744,31.151137
7712.0000,4.429148,11.834537,-36.002449,38.155602
7713.0000,6.107069,15.214109,-28.872236,33.201979
7714.0000,0.835324,7.930551,-24.704308,25.959473
7715.0000,5.928362,3.833065,-18.221145,19.540931
7716.0000,14.931379,2.870245,-20.681267,25.669032
7717.0000,0.871573,1.769990,-24.939768,25.017684
7718.0000,3.652179,-5.780423,-35.551190,36.202746
7719.0000,-6.658784,1.907283,-32.052739,32.792609
7720.0000,-1.875200,-5.823433,-21.184575,22.050283
7721.0000,-7.262053,-4.567272,-22.331628,23.922772
7722.0000,-5.572752,4.563191,-18.554910,19.903843
7723.0000,-4.186942,1.741252,-16.430441,17.044701
7724.0000,-3.643007,-0.245327,-18.365197,18.724640
7725.0000,-12.593930,-4.250834,-10.300417,16.815923
7726.0000,-8.190273,2.214022,-3.706504,9.258544
7727.0000,-10.403814,-1.940873,0.372214,10.589848
7728.0000,-8.077097,-8.820349,-13.785094,18.250120
7729.0000,-5.730608,-20.344641,-11.249690,23.943680
7730.0000,-3.497687,-5.759399,-8.276137,10.672344
7731.0000,-9.916244,-12.166984,-9.201764,18.194501
7732.0000,-5.316261,-17.725577,-12.867089,22.539314
7733.0000,-0.542552,-19.615733,-19.034811,27.338533
7734.0000,0.666032,-10.405179,-1.617165,10.551141
7735.0000,-0.732410,-8.977678,-6.986097,11.399152
7736.0000,-8.819215,-4.439257,-12.199138,15.694092
7737.0000,-15.151103,-12.962609,-5.153892,20.594848
7738.0000,-8.912784,-15.291237,-10.576940,20.618713
7739.0000,-7.845682,-16.352926,-4.620752,18.716951
7740.0000,-14.923752,-8.849454,-8.385606,19.270433
7741.0000,1.318887,-4.584818,-9.083310,10.259948
7742.0000,-1.619732,-3.616092,-2.325399,4.594250
7743.0000,-5.203627,-3.882005,-5.037010,8.217005
7744.0000,-2.319488,4.138320,3.121777,5.679015
7745.0000,-4.094226,-1.996019,-14.817877,15.502137
7746.0000,-1.557599,0.082537,0.300474,1.588462
7747.0000,6.027678,-5.503965,-5.239128,9.699227
7748.0000,9.596399,3.261308,-12.585662,16.159390
7749.0000,6.405487,1.969332,-15.511976,16.897631
7750.0000,-4.206029,1.595337,-2.710867,5.252102
7751.0000,-12.182632,2.883045,-10.487650,16.331542
7752.0000,-11.193085,17.878053,-2.368751,21.225478
7753.0000,-3.462557,21.622092,-9.429676,23.841622
7754.0000,-8.354365,13.675322,-14.141529,21.372709
7755.0000,-11.855485,14.920130,-13.127807,23.140918
7756.0000,-7.182638,14.364074,-16.437544,22.980639
7757.0000,-4.058758,20.830168,-9.614637,23.298297
7758.0000,-7.099726,6.596077,-0.732643,9.718596
7759.0000,-7.530556,13.944200,-9.384429,18.417858
7760.0000,-7.780009,18.678123,-6.417090,21.226867
7761.0000,-9.710030,18.437096,-1.225277,20.873727
7762.0000,-6.202180,0.579365,-12.091898,13.602084
7763.0000,-5.745389,4.159004,-10.182968,12.409660
7764.0000,-3.987555,9.881949,-13.737752,17.386182
7765.0000,-7.143499,6.178690,-14.887049,17.630372
7766.0000,-0.695501,1.656854,-8.473920,8.662344
7767.0000,-1.591395,-2.196589,0.736273,2.810630
7768.0000,-17.525588,2.128648,-4.261047,18.161329
7769.0000,-3.265152,4.095345,-11.894271,12.996413
7770.0000,-1.229486,3.216955,-8.215468,8.908106
7771.0000,-13.234375,8.128626,-11.384843,19.257152
7772.0000,-19.399427,-0.057965,-6.280784,20.390914
7773.0000,-19.665145,-1.350217,-1.505453,19.768849
7774.0000,-16.214811,3.742651,-2.943824,16.899515
7775.0000,-18.045383,0.735769,-7.874978,19.702601
7776.0000,-8.659190,0.335645,-2.674680,9.069076
7777.0000,-19.236119,1.034320,-8.254779,20.958041
7778.0000,-12.505583,-2.079891,-14.094053,18.956737
7779.0000,-14.249257,-11.067835,-8.725078,20.041589
7780.0000,-10.928052,-15.570227,-10.249146,21.607852
7781.0000,-9.679975,-11.896843,-6.343851,16.597627
7782.0000,-21.062514,-12.109528,-21.698840,32.574681
7783.0000,-14.056802,0.359007,-19.562473,24.091761
7784.0000,-25.621519,-0.144330,-15.332290,29.859038
7785.0000,-16.738106,-8.495860,-12.890459,22.770765
7786.0000,-15.975088,-12.196805,-20.298414,28.565558
7787.0000,-24.975193,-14.544420,-13.299835,31.814871
7788.0000,-26.270586,-13.373262,-16.336889,33.702845
7789.0000,-15.294664,-16.424903,-6.520947,23.371498
7790.0000,-18.124394,-22.170279,-7.934418,29.714810
7791.0000,-11.640628,-15.477953,0.820829,19.384144
7792.0000,-0.632146,-23.647839,5.269640,24.236110
7793.0000,-11.572389,-28.374180,-3.405043,30.831941
7794.0000,0.847058,-22.416385,-0.520600,22.438423
7795.0000,-4.662596,-22.495447,5.991120,23.741913
7796.0000,-7.168792,-17.323217,-0.105732,18.748243
7797.0000,-8.986616,-22.155106,4.242847,24.281881
7798.0000,-2.249001,-16.192266,-1.137939,16.387263
7799.0000,-2.329423,-21.292152,2.582331,21.574299
7800.0000,3.237425,-4.773192,3.499175,6.746000
7801.0000,4.904776,-27.357055,-10.590298,29.742557
7802.0000,9.043481,-17.524247,-2.426573,19.868871
7803.0000,11.032446,-23.989788,-5.048185,26.883247
7804.0000,14.257782,-28.271779,-15.493798,35.251037
7805.0000,2.548635,-26.414136,-13.112150,29.599503
7806.0000,-4.322871,-15.971216,-13.659406,21.455683
7807.0000,-7.785755,-21.796826,-13.271644,26.680632
7808.0000,-1.766670,-21.207268,-16.283841,26.796135
7809.0000,-0.251260,-8.986242,-8.509319,12.378376
7810.0000,-6.974710,-2.561399,1.784729,7.641505
7811.0000,2.105612,-13.074330,-7.991649,15.467325
7812.0000,-4.116019,-15.815707,-12.028461,20.291922
7813.0000,-9.402019,-5.739419,-4.366991,11.849452
7814.0000,5.954358,1.188779,0.385369,6.084085
7815.0000,5.093852,-6.383678,-8.946439,12.113523
7816.0000,11.183898,-15.247764,-0.014270,18.909629
7817.0000,14.666721,-7.398377,5.598365,17.354837
7818.0000,13.408321,-7.116532,1.784928,15.284439
7819.0000,14.087045,2.818789,4.209849,14.970412
7820.0000,14.476257,-0.120715,7.403622,16.260080
7821.0000,18.814642,0.005835,5.399023,19.573969
7822.0000,20.893035,5.414863,1.033852,21.608066
7823.0000,8.314506,6.889067,5.432207,12.087147
7824.0000,13.089058,13.556457,2.023535,18.952457
7825.0000,7.718646,4.768761,-9.138345,12.877420
7826.0000,15.134689,6.802243,-4.755130,17.260956
7827.0000,19.104295,11.918736,1.747797,22.585065
7828.0000,9.143410,22.575822,-10.089388,26.364094
7829.0000,14.931773,20.350415,8.541477,26.646840
7830.0000,6.810702,21.792552,-0.202611,22.832916
7831.0000,3.105297,5.593607,6.424887,9.067000
7832.0000,1.470181,5.927429,7.103692,9.367939
7833.0000,11.583966,11.134042,6.945369,17.504094
7834.0000,16.378527,13.785792,-2.938558,21.608779
7835.0000,13.172766,9.852230,-0.973331,16.478337
7836.0000,11.663686,13.020534,-5.007213,18.183731
7837.0000,9.572174,6.286503,-11.196217,16.015677
7838.0000,8.808669,15.881150,-10.470248,20.962578
7839.0000,-1.808284,8.834233,-10.769125,14.045912
7840.0000,0.355796,3.929431,-8.008866,8.927987
7841.0000,-5.596516,3.582908,3.177580,7.365816
7842.0000,1.156966,1.797214,-14.180034,14.340220
7843.0000,3.609421,-4.866076,-10.128527,11.802274
7844.0000,-0.092195,-4.949726,-9.986756,11.146461
7845.0000,-3.132509,-1.375127,-9.408035,10.010729
7846.0000,-4.723234,1.125135,-3.661429,6.081195
7847.0000,1.887389,2.852918,-0.689907,3.489606
7848.0000,-1.892692,-1.095999,3.875875,4.450383
7849.0000,-5.519991,5.853384,10.780748,13.452024
7850.0000,-8.131113,8.713659,0.202409,11.919892
7851.0000,-11.902057,13.766689,5.246212,18.939468
7852.0000,-7.231282,12.525254,-0.529221,14.472509
7853.0000,3.576874,14.261254,4.846190,15.481051
7854.0000,1.408852,16.139308,-0.363462,16.204760
7855.0000,18.627909,4.148097,6.347344,20.112048
7856.0000,7.540845,-5.823555,3.449827,10.133087
7857.0000,6.402870,1.699268,10.476608,12.395304
7858.0000,10.177635,2.608781,11.612416,15.660083
7859.0000,16.084872,-2.133239,8.810351,18.463372
7860.0000,12.333572,7.799292,4.810316,15.365061
7861.0000,13.375430,5.927897,7.253933,16.329777
7862.0000,11.730633,-0.917155,1.736505,11.893879
7863.0000,15.585691,-2.881567,3.945599,16.333553
7864.0000,13.517581,0.965293,-4.705041,14.345529
7865.0000,7.401880,0.953505,-9.943014,12.432237
7866.0000,7.864453,-6.572697,-6.907265,12.359623
7867.0000,20.755758,-6.714761,-10.323004,24.134082
7868.0000,14.406832,1.394031,-10.395914,17.820639
7869.0000,13.967544,-5.066664,-3.392409,15.240466
7870.0000,8.770322,4.503351,-10.372457,14.310366
7871.0000,5.047454,3.947857,-11.969064,13.576482
7872.0000,9.269005,8.364913,-15.116966,19.606348
7873.0000,10.628617,4.878968,-16.171386,19.957093
7874.0000,2.839693,4.860628,1.870420,5.931950
7875.0000,0.314879,6.637365,-6.199923,9.088058
7876.0000,-0.017587,9.862459,2.028855,10.068995
7877.0000,6.625533,2.573729,-7.384836,10.249760
7878.0000,5.308335,6.099871,10.590937,13.324969
7879.0000,-0.934051,7.509139,-9.898505,12.459535
7880.0000,-0.502263,8.608404,-11.089258,14.047368
7881.0000,-3.105048,9.465350,-12.358119,15.873162
7882.0000,-1.245843,6.753067,-12.227528,14.023854
7883.0000,0.949639,7.758837,-14.066598,16.092561
7884.0000,1.184186,9.479021,-12.049087,15.376431
7885.0000,-2.085020,10.807965,-18.076648,21.164230
7886.0000,-8.418710,11.405266,-19.313268,23.957402
7887.0000,-5.742731,9.153645,-20.490041,23.164843
7888.0000,-3.387932,14.416197,-5.456736,15.782293
7889.0000,-7.677106,26.488544,-10.404717,29.476076
7890.0000,-11.576775,10.116281,-7.706975,17.197626
7891.0000,-20.946999,15.672601,1.432560,26.200371
7892.0000,-11.821666,14.087597,-2.282674,18.531669
7893.0000,-17.307825,14.516043,8.612774,24.175529
7894.0000,-9.249222,15.773128,11.163810,21.423593
7895.0000,-11.787755,20.353274,5.688991,24.198585
7896.0000,-19.364141,17.965714,10.425552,28.397693
7897.0000,-10.652553,10.419272,8.478092,17.143983
7898.0000,-15.739373,12.266869,9.969794,22.306966
7899.0000,-18.942656,7.242362,10.234863,22.716260
7900.0000,-7.872023,2.848221,5.452999,9.990811
7901.0000,3.831367,0.473032,6.874252,7.884065
7902.0000,-6.821791,13.927071,-0.017712,15.508077
7903.0000,-13.279373,6.467430,5.152949,15.643602
7904.0000,-11.822491,14.481508,6.171932,19.687004
7905.0000,-26.906723,13.169739,3.871378,30.205982
7906.0000,-20.529822,2.209826,0.285808,20.650390
7907.0000,-25.927839,-5.008648,2.512025,26.526396
7908.0000,-29.187498,5.918066,-0.398527,29.784096
7909.0000,-28.277247,1.454993,-2.017946,28.386472
7910.0000,-28.466234,4.253824,8.093601,29.898627
7911.0000,-21.181055,9.627664,8.737363,24.852978
7912.0000,-19.758174,-3.338250,12.550229,23.643976
7913.0000,-29.989388,0.137374,7.730262,30.969973
7914.0000,-23.259413,2.353657,2.215965,23.482983
7915.0000,-19.117885,3.267339,7.269531,20.712680
7916.0000,-10.930770,6.912403,3.054068,13.288731
7917.0000,-13.023002,10.788801,7.446635,18.478344
7918.0000,-12.644181,19.668503,-4.487485,23.808881
7919.0000,-17.345795,29.340037,2.206524,34.155279
7920.0000,-12.987721,19.252230,-1.738503,23.288444
7921.0000,-15.902803,15.395841,-4.012220,22.495087
7922.0000,-26.892011,-0.648047,6.395585,27.649660
7923.0000,-18.059347,4.901609,11.169547,21.792764
7924.0000,-17.504569,-5.791213,8.239571,20.195014
7925.0000,-3.525708,-0.869313,6.335950,7.302779
7926.0000,-7.544116,-12.277529,-2.834939,14.686330
7927.0000,-8.237768,5.351369,-3.426788,10.403886
7928.0000,-3.732449,-17.301814,-6.678281,18.917806
7929.0000,-0.226721,-9.727097,-11.410458,14.995544
7930.0000,-8.819264,-18.568681,-4.704456,21.088083
7931.0000,-5.612573,-7.511787,-7.386596,11.936906
7932.0000,-2.012600,-11.791519,-6.927703,13.823297
7933.0000,-9.349765,-8.500783,-14.745692,19.419496
7934.0000,-16.692447,-6.084693,-15.232782,23.402969
7935.0000,-9.503389,3.676848,-12.695376,16.279010
7936.0000,-2.154849,0.362771,-6.973819,7.308155
7937.0000,-6.591915,2.580186,-15.758551,17.275492
7938.0000,4.880702,9.580783,-19.501889,22.269628
7939.0000,0.805232,10.379248,-12.590118,16.336715
7940.0000,-2.241932,7.245425,-15.923743,17.637687
7941.0000,6.660563,13.356153,-17.247746,22.808653
7942.0000,-4.775889,8.154448,-15.260512,17.949578
7943.0000,-6.385708,-2.360218,-13.658378,15.261034
7944.0000,-0.025924,-4.740539,-7.527205,8.895628
7945.0000,0.246678,-7.463121,-4.256701,8.595262
7946.0000,4.592959,-14.307806,-4.521354,15.692394
7947.0000,-8.541292,-5.601673,-1.435754,10.314737
7948.0000,-7.773707,-12.145559,-8.202433,16.589908
7949.0000,-14.730422,-14.235886,-4.458246,20.964773
7950.0000,-21.014800,-14.834498,-17.479415,31.100066
7951.0000,-7.298399,-16.236497,-14.081170,22.697353
7952.0000,-15.364228,-17.955938,-9.829436,25.594785
7953.0000,-7.639407,-17.832846,-2.556361,19.567982
7954.0000,-19.155603,-22.771922,-2.274383,29.844101
7955.0000,-12.121957,-32.825039,1.812331,35.038687
7956.0000,-14.565701,-19.300334,-0.643885,24.188367
7957.0000,-22.059122,-16.874195,-10.331227,29.632374
7958.0000,-12.185553,-17.165829,-6.101005,21.917474
7959.0000,-16.063627,-13.476043,-1.213587,21.002777
7960.0000,-22.766070,-21.849980,11.381928,33.544953
7961.0000,-22.060301,-18.010754,4.462048,28.826273
7962.0000,-19.348687,-14.776528,3.008713,24.530998
7963.0000,-18.776669,-12.406143,1.303105,22.542710
7964.0000,-18.757725,-14.735945,3.756842,24.147757
7965.0000,-10.931274,-13.906240,2.453835,17.857704
7966.0000,-5.326086,-11.830707,14.223804,19.252257
7967.0000,0.459183,-6.527432,7.536181,9.980593
7968.0000,-5.042501,-12.938762,13.119943,19.104221
7969.0000,-0.024847,-3.591662,10.916844,11.492525
7970.0000,-4.573432,4.952158,8.028624,10.483270
7971.0000,-1.054659,6.341606,8.884891,10.966748
7972.0000,1.548901,0.759170,5.157795,5.438591
7973.0000,-5.596073,-5.477174,2.622976,8.258055
7974.0000,-7.307215,7.780803,-6.399480,12.445466
7975.0000,-13.308543,11.512866,-3.515855,17.945045
7976.0000,-13.302341,6.045113,-4.052151,15.162968
7977.0000,-16.963179,6.519707,-0.073415,18.173095
7978.0000,-25.213673,5.164878,-3.877482,26.027680
7979.0000,-27.791496,-1.923857,-5.044994,28.311136
7980.0000,-19.066015,4.905818,-6.328672,20.679267
7981.0000,-17.431564,1.245958,2.490018,17.652536
7982.0000,-21.283996,14.846283,12.581444,28.839441
7983.0000,-29.165391,7.083292,-0.480533,30.017061
7984.0000,-22.810139,1.549628,-0.938050,22.881952
7985.0000,-27.408169,1.571997,-1.941086,27.521750
7986.0000,-20.990054,8.088864,-3.264606,22.730370
7987.0000,-21.586621,0.265282,-2.072291,21.687484
7988.0000,-19.315678,-4.640176,-4.152691,20.294618
7989.0000,-14.841031,-2.664553,-15.959339,21.955786
7990.0000,-12.067931,-4.801853,-16.205607,20.768111
7991.0000,-8.105185,-9.575771,-3.914190,13.141929
7992.0000,2.210447,-12.292019,-1.672382,12.600662
7993.0000,-2.031811,-13.407821,5.190088,14.520156
7994.0000,8.613408,-23.360983,0.222876,24.899317
7995.0000,7.627799,-18.391748,7.814099,21.389246
7996.0000,-0.192183,-12.847812,6.039933,14.198028
7997.0000,0.545603,-19.034274,4.347765,19.532135
7998.0000,4.296478,-14.437419,2.487387,15.267151
7999.0000,13.476640,-17.532180,5.178638,22.711571
8000.0000,11.901801,-16.256408,2.850665,20.348218
8001.0000,16.770809,-18.849516,10.543223,27.344540
8002.0000,12.782694,-26.707722,10.250320,31.333189
8003.0000,26.593547,-14.451104,18.904962,35.685413
8004.0000,23.901911,-7.553287,20.741167,32.535358
8005.0000,20.405993,-9.780515,17.656501,28.702178
8006.0000,13.968744,-14.704196,12.785052,23.974919
8007.0000,14.598912,-23.837350,11.733364,30.315332
8008.0000,21.678534,-28.601454,20.491658,41.326868
8009.0000,19.381495,-35.557530,7.284019,41.146534
8010.0000,9.424544,-24.765967,11.828917,29.018932
8011.0000,-2.304589,-29.403074,0.784435,29.503682
8012.0000,-2.360008,-31.358832,13.821581,34.350867
8013.0000,-0.019541,-22.823259,10.616128,25.171486
8014.0000,-12.145783,-23.374141,12.242548,29.047383
8015.0000,1.564225,-26.502961,5.449662,27.102630
8016.0000,-5.011237,-16.083782,5.235098,17.641054
8017.0000,-3.274616,-15.723401,-2.345949,16.231203
8018.0000,-1.001284,-18.370715,0.672149,18.410256
8019.0000,-2.128025,-24.437707,9.925507,26.462156
8020.0000,-5.759337,-23.612189,11.668625,26.960382
8021.0000,-2.085045,-22.809083,16.600541,28.287446
8022.0000,-17.822353,-26.826156,19.412695,37.604942
8023.0000,-10.052120,-23.839233,14.711754,29.762222
8024.0000,-19.497620,-13.899847,14.302123,27.891103
8025.0000,-14.666632,-22.929076,15.654199,31.399149
8026.0000,-12.099349,-33.139814,11.972679,37.255692
8027.0000,-3.994481,-38.112119,17.324994,42.055260
8028.0000,-5.591531,-32.166070,17.401614,36.996452
8029.0000,-5.245878,-28.359945,21.020271,35.688339
8030.0000,-0.690763,-23.936946,27.478336,36.448779
8031.0000,-13.488768,-26.758329,19.894893,35.968901
8032.0000,-7.986128,-20.624679,10.681196,24.561017
8033.0000,0.511105,-26.849337,10.017941,28.661948
8034.0000,-0.698762,-23.134183,6.235251,23.969919
8035.0000,-8.689212,-28.783286,9.904097,31.655506
8036.0000,-0.315605,-17.970426,10.121111,20.626990
8037.0000,-8.059007,-16.648770,4.298323,18.989595
8038.0000,2.938814,-22.744496,7.708979,24.194567
8039.0000,4.664935,-25.697747,8.060941,27.333397
8040.0000,6.187137,-26.863966,15.170321,31.465727
8041.0000,9.379442,-27.614606,6.175745,29.810739
8042.0000,-10.980323,-32.360394,3.034977,34.307050
8043.0000,-0.117002,-29.466158,1.221922,29.491715
8044.0000,-4.564789,-26.682315,0.093743,27.070131
8045.0000,-3.096064,-31.721861,2.993852,32.012891
8046.0000,-4.856586,-24.689250,5.291196,25.712687
8047.0000,-2.386917,-27.142969,10.217430,29.100413
8048.0000,-1.200682,-11.276186,20.263452,23.220712
8049.0000,-7.112178,-9.471424,16.093576,19.982346
8050.0000,-9.972827,-21.498150,18.510240,30.070862
8051.0000,1.669606,-27.197928,14.452909,30.844796
8052.0000,-2.175321,-42.764042,3.906824,42.997193
8053.0000,-0.811948,-35.527356,9.279753,36.728274
8054.0000,-0.412386,-37.214014,13.077400,39.447070
8055.0000,3.520081,-24.181084,11.387144,26.958910
8056.0000,3.418855,-34.789911,18.642515,39.617797
8057.0000,-0.648682,-30.692976,17.500314,35.337524
8058.0000,2.142146,-23.310910,23.318906,33.041772
8059.0000,5.985193,-20.639942,21.595842,30.466541
8060.0000,1.623529,-27.177727,24.509109,36.632788
8061.0000,-1.746892,-28.027447,22.793628,36.168203
8062.0000,-5.817449,-24.762652,34.596280,42.941055
8063.0000,-13.533201,-31.917706,26.442675,43.601635
8064.0000,-7.412144,-29.551992,17.505983,35.138576
8065.0000,-6.850110,-23.075915,26.679818,35.933752
8066.0000,-1.719699,-28.861298,26.624862,39.304137
8067.0000,-10.938327,-20.728330,29.505523,37.681382
8068.0000,-13.182788,-18.358668,31.144481,38.481233
8069.0000,-21.803904,-23.719181,27.352069,42.262814
8070.0000,-15.691116,-18.844668,27.120624,36.563108
8071.0000,-6.977411,-14.667964,16.480051,23.139263
8072.0000,-11.570187,-9.819965,19.260747,24.520957
8073.0000,-10.168893,-9.416409,15.781815,21.003353
8074.0000,-18.087918,-4.792032,13.167800,22.880719
8075.0000,-14.723435,-3.217576,-1.918983,15.192591
8076.0000,-20.641160,8.068901,0.996276,22.184617
8077.0000,-32.573419,-8.264991,-0.753456,33.614065
8078.0000,-27.147725,6.556608,2.380788,28.029560
8079.0000,-15.996994,1.778584,2.753805,16.329441
8080.0000,-25.089361,-3.754271,-12.110366,28.111057
8081.0000,-20.851671,-8.608653,-9.712542,24.560834
8082.0000,-7.033672,-1.729279,-7.599499,10.498349
8083.0000,-16.051963,0.940412,-6.885390,17.491669
8084.0000,-26.737186,-4.554422,-20.588554,34.051555
8085.0000,-21.502296,-9.351981,-10.622796,25.742029
8086.0000,-14.452969,-11.089033,-13.698567,22.792668
8087.0000,-13.534652,-4.756203,-8.413410,16.631108
8088.0000,-8.763441,-9.944723,-19.459186,23.544751
8089.0000,-10.237857,0.061318,-13.981866,17.329456
8090.0000,-10.676023,-1.087075,-7.861464,13.302699
8091.0000,-14.449121,-3.587408,-7.253023,16.560583
8092.0000,-13.310003,0.215028,-2.368262,13.520765
8093.0000,-3.296574,-2.232087,-14.329839,14.872589
8094.0000,-3.929063,-5.640411,-5.097743,8.557964
8095.0000,-1.980293,-6.621671,3.267237,7.644797
8096.0000,8.799779,-8.627052,2.621509,12.598986
8097.0000,5.791126,-5.015957,8.614022,11.528155
8098.0000,5.425083,-12.195662,12.985643,18.622369
8099.0000,8.364459,-15.301965,4.401457,17.985748
8100.0000,12.013028,-11.086439,5.287104,17.180670
8101.0000,15.969270,-10.703880,3.136085,19.478852
8102.0000,10.130339,-13.853079,3.657726,17.547380
8103.0000,16.555809,-13.387105,15.024555,26.058523
8104.0000,19.535191,-12.312346,8.699991,24.676049
8105.0000,12.969764,-7.044297,10.373478,18.040120
8106.0000,15.592330,-4.185821,15.955665,22.698570
8107.0000,10.305736,-3.611628,15.487864,18.950619
8108.0000,14.086006,-4.051521,18.307102,23.451660
8109.0000,7.269395,-11.091144,14.300256,19.502689
8110.0000,2.433848,-16.844956,15.769990,23.202774
8111.0000,4.476742,-17.552729,9.469774,20.440551
8112.0000,-1.166285,-18.323353,7.690620,19.906057
8113.0000,0.647444,-19.918941,5.116850,20.575848
8114.0000,4.180296,-19.657986,10.666288,22.752604
8115.0000,11.680097,-13.484194,1.164706,17.877491
8116.0000,7.360302,-15.359304,-1.661791,17.112680
8117.0000,12.052028,-12.041227,5.552640,17.918548
8118.0000,1.529569,-14.615483,5.165080,15.576584
8119.0000,2.243329,2.148728,-2.973439,4.300104
8120.0000,5.719836,-8.541960,8.007691,13.030915
8121.0000,8.718459,-4.938543,-0.868422,10.057579
8122.0000,9.458187,3.617588,0.069443,10.126651
8123.0000,13.308466,-1.844499,-6.578273,14.959650
8124.0000,5.050497,-0.171992,-9.579669,10.830843
8125.0000,10.427308,3.196756,-6.523333,12.708339
8126.0000,3.828416,5.706129,2.917507,7.465154
8127.0000,5.811018,12.563200,6.609449,15.339059
8128.0000,11.379113,10.703744,6.341394,16.860238
8129.0000,10.075828,11.241914,3.073205,15.406087
8130.0000,10.438715,15.546866,7.843718,20.302604
8131.0000,5.771352,6.498823,6.422097,10.806782
8132.0000,15.915161,10.501296,-0.618823,19.077539
8133.0000,7.069595,9.102766,0.438117,11.533927
8134.0000,9.111938,7.913407,3.903441,12.684095
8135.0000,13.580150,0.225513,12.619544,18.539801
8136.0000,12.431441,2.854331,11.018260,16.854969
8137.0000,1.012514,3.248775,-3.616342,4.965647
8138.0000,-9.568592,12.613423,-11.368730,19.491137
8139.0000,-7.689021,12.698112,-8.314649,17.014596
8140.0000,-0.479971,10.627553,-1.121252,10.697311
8141.0000,-0.598880,17.635187,-5.894122,18.603741
8142.0000,-9.386485,15.404338,-8.065934,19.760036
8143.0000,-9.172709,20.949940,-5.483329,23.518194
8144.0000,-4.118970,20.326220,-9.824247,22.948572
8145.0000,-4.741608,5.028845,-12.383750,14.182010
8146.0000,-1.768906,13.193131,-3.466643,13.755194
8147.0000,-1.958091,21.381579,-12.808285,25.001164
8148.0000,-5.086827,14.823989,2.747218,15.911433
8149.0000,-9.995563,19.798379,-7.472122,23.403412
8150.0000,-0.913028,16.465895,3.302813,16.818677
8151.0000,1.605279,19.025224,7.751538,20.606368
8152.0000,2.561998,29.968630,-5.418316,30.562081
8153.0000,10.077320,26.488601,1.183935,28.365473
8154.0000,-0.625456,22.292060,4.730031,22.796937
8155.0000,8.819600,17.895463,-8.387706,21.642240
8156.0000,5.827056,22.157434,-7.075616,23.978549
8157.0000,9.927988,19.357302,-3.898852,22.101383
8158.0000,-4.604881,14.672402,-7.011922,16.901223
8159.0000,-10.763032,7.424030,-10.769084,16.939075
8160.0000,3.481246,6.363261,-21.337710,22.536815
8161.0000,0.012873,8.315165,-13.681218,16.009930
8162.0000,3.967416,3.806965,-12.126332,13.314702
8163.0000,3.134481,9.852418,-8.944353,13.671011
8164.0000,9.792158,22.553101,-0.577354,24.593944
8165.0000,8.242536,25.370645,-7.736608,27.775243
8166.0000,8.209864,23.566431,-8.363513,26.319705
8167.0000,2.754691,26.625139,0.764195,26.778169
8168.0000,9.093363,24.629043,0.752507,26.264906
8169.0000,-2.605129,30.176076,1.891791,30.347341
8170.0000,11.358658,29.288485,0.663562,31.420929
8171.0000,2.402901,19.547448,1.488958,19.750789
8172.0000,2.074378,27.882822,16.205951,32.316987
8173.0000,5.583368,26.064925,13.105795,29.703808
8174.0000,3.412804,17.271100,7.103202,18.984036
8175.0000,3.341506,19.136647,18.749686,26.998660
8176.0000,4.379131,16.784660,10.344781,20.196933
8177.0000,-4.748866,23.378986,15.814397,28.622087
8178.0000,5.076057,11.809334,23.449649,26.741592
8179.0000,-16.704049,4.525767,24.018705,29.604155
8180.0000,-8.849484,3.790182,23.805145,25.678079
8181.0000,-7.451896,1.986936,27.220057,28.291521
8182.0000,0.437456,4.400760,32.149866,32.452610
8183.0000,-0.254883,5.330303,24.183337,24.765114
8184.0000,-2.151409,4.978442,16.526024,17.393185
8185.0000,-0.040648,6.851666,15.547332,16.990188
8186.0000,-7.432218,-2.090333,19.914867,21.359056
8187.0000,-2.243034,2.714774,17.617693,17.966199
8188.0000,-7.580689,-10.234158,6.031972,14.092180
8189.0000,-17.649434,-2.493330,22.522589,28.722573
8190.0000,-11.208661,-3.935343,17.621925,21.252135
8191.0000,-5.876259,0.733038,12.333635,13.681605
8192.0000,-10.174649,4.140090,10.539457,15.223140
8193.0000,-8.400732,7.231978,21.473235,24.165546
8194.0000,-16.010673,14.075694,13.465986,25.215067
8195.0000,-13.075782,9.074723,11.871676,19.856067
8196.0000,-11.494098,2.573179,12.160881,16.929931
8197.0000,-8.930709,9.275050,11.591439,17.324710
8198.0000,-5.515740,9.979941,10.108421,15.238202
8199.0000,-10.739481,7.629790,6.527445,14.702303
8200.0000,2.488762,5.152949,11.792744,13.107846
8201.0000,-3.535415,5.274842,1.014677,6.430606
8202.0000,-5.655994,7.377357,-5.353693,10.727427
8203.0000,-3.374655,10.664058,1.943382,11.352849
8204.0000,5.215346,16.185628,6.115129,18.071226
8205.0000,2.156386,13.479199,-0.978396,13.685615
8206.0000,9.654927,16.277008,-14.052612,23.571901
8207.0000,6.016404,11.138882,-10.874364,16.689026
8208.0000,14.209322,15.915427,-13.713437,25.362650
8209.0000,3.692546,19.197454,-8.830565,21.451247
8210.0000,1.667622,9.659320,-3.706545,10.479595
8211.0000,-5.489699,3.357614,-3.488222,7.319704
8212.0000,6.077691,6.762392,-5.125061,10.437170
8213.0000,22.478773,6.617462,-3.603189,23.707995
8214.0000,25.750248,4.521353,-13.902910,29.610958
8215.0000,17.605741,18.460117,-7.440023,26.572391
8216.0000,20.635132,13.275157,-17.926857,30.387673
8217.0000,24.034365,17.352182,-4.832500,30.035012
8218.0000,16.485349,19.266690,3.639350,25.616731
8219.0000,11.618713,4.907263,2.920265,12.946183
8220.0000,21.633960,7.761753,-3.895740,23.312010
8221.0000,9.958917,4.037380,0.316378,10.750839
8222.0000,7.933964,11.954717,-4.869483,15.151729
8223.0000,6.301122,8.716427,2.916914,11.143995
8224.0000,17.319088,14.151165,3.060495,22.573722
8225.0000,10.036328,6.683387,-1.520580,12.153506
8226.0000,20.197557,0.029150,-11.109079,23.051113
8227.0000,10.438573,-2.582840,-20.021743,22.726747
8228.0000,3.085611,1.234583,-13.344276,13.751905
8229.0000,9.049306,-5.343082,-23.922187,26.128711
8230.0000,16.890795,-3.082064,-21.823126,27.767731
8231.0000,15.786876,-0.592803,-23.602119,28.401353
8232.0000,9.119487,6.201081,-22.033013,24.638833
8233.0000,8.984582,12.711615,-17.277489,23.255527
8234.0000,8.999581,16.505255,-16.822715,25.227359
8235.0000,13.314746,24.178871,-18.029647,32.969205
8236.0000,2.501718,24.985432,-19.870319,32.021242
8237.0000,4.980894,19.971145,-20.942549,29.364030
8238.0000,4.730289,11.454776,-17.604839,21.529465
8239.0000,-2.676842,13.930339,-19.631272,24.219964
8240.0000,-0.691245,8.781956,-22.659015,24.311140
8241.0000,4.488729,3.828039,-26.425737,27.076228
8242.0000,-2.943937,-2.907179,-13.720339,14.330602
8243.0000,-2.667916,2.541504,-20.492717,20.821346
8244.0000,-9.683388,8.560795,-24.062095,27.313726
8245.0000,-13.276944,9.926934,-20.342947,26.242271
8246.0000,-8.363817,0.750864,-15.323890,17.473948
8247.0000,2.349898,-3.591613,-12.176362,12.910674
8248.0000,2.385875,0.405896,-12.029336,12.270374
8249.0000,-4.264331,2.435536,-17.704430,18.372893
8250.0000,-7.800979,0.829983,-11.393928,13.833500
8251.0000,-0.144281,6.697008,-18.098695,19.298536
8252.0000,-2.070889,5.518675,-24.282693,24.987868
8253.0000,-9.480428,8.453207,-21.841195,25.266045
8254.0000,-5.865024,6.742094,-27.282772,28.708953
8255.0000,-9.486043,6.616537,-24.076269,26.710117
8256.0000,-12.440869,10.715073,-30.527832,34.663187
8257.0000,-15.530676,8.525275,-25.331612,30.912340
8258.0000,-2.552503,4.750521,-16.937698,17.775498
8259.0000,-9.643649,3.630906,-20.278767,22.746689
8260.0000,-1.903199,-1.330012,-21.125566,21.252779
8261.0000,0.353639,-15.356181,-15.344882,21.711812
8262.0000,-0.328749,-2.203978,-10.890564,11.116204
8263.0000,-11.511854,-5.455437,-9.095023,15.652604
8264.0000,-10.218230,-16.677799,-13.920941,24.007369
8265.0000,-14.465593,-12.543647,-14.767320,24.179954
8266.0000,-15.486724,-12.830018,-13.291431,24.106226
8267.0000,-21.420828,-11.289735,-11.589665,26.844558
8268.0000,-15.694209,-10.995129,-8.011385,20.769770
8269.0000,-12.521963,-16.408611,-4.718369,21.173217
8270.0000,-5.792573,-17.297339,-0.796566,18.258871
8271.0000,-2.558550,-17.086741,-2.273858,17.426225
8272.0000,-4.919953,-2.376045,-3.433085,6.452720
8273.0000,-2.973985,-2.681973,1.739115,4.366015
8274.0000,-4.084931,-3.572626,-15.202760,16.142312
8275.0000,-4.094255,0.878037,-4.311540,6.010262
8276.0000,-5.875622,0.040995,-3.110933,6.648497
8277.0000,-6.618121,0.215064,-8.069073,10.438185
8278.0000,-7.105814,2.006922,-7.769448,10.718426
8279.0000,-12.703900,6.355374,2.487118,14.421013
8280.0000,-14.201370,4.105475,-4.583172,15.477057
8281.0000,-11.453240,-0.693840,-0.076103,11.474490
8282.0000,-7.661774,-6.701416,-1.705388,10.320858
8283.0000,-8.027662,-7.748057,4.319114,11.963715
8284.0000,-4.968159,-22.283108,-1.935322,22.912114
8285.0000,-3.556097,-26.131838,-10.235216,28.289193
8286.0000,3.849869,-5.535719,2.397991,7.156538
8287.0000,6.210708,-18.464155,-10.031697,21.911934
8288.0000,3.339261,-13.982515,-8.248356,16.573979
8289.0000,12.009158,-14.188705,-5.648015,19.427797
8290.0000,5.738852,-16.662611,-0.806253,17.641629
8291.0000,8.999495,-12.358545,-4.389623,15.905765
8292.0000,6.536246,-12.150067,-5.608163,14.892889
8293.0000,8.082172,-5.997012,-7.256106,12.407124
8294.0000,13.164392,1.524633,-5.296453,14.271585
8295.0000,9.517147,-8.900838,-11.653070,17.481277
8296.0000,19.412493,-9.412845,-15.553246,26.596053
8297.0000,13.226607,-8.778954,-9.630547,18.567730
8298.0000,9.821947,-6.197191,-8.078335,14.146919
8299.0000,7.242651,-6.560495,4.116489,10.603847
8300.0000,5.353045,1.698633,1.448838,5.799963
8301.0000,1.528080,9.049471,-1.311645,9.270834
8302.0000,10.953163,-0.116290,1.025037,11.001637
8303.0000,6.693486,-3.913048,-1.445931,7.887041
8304.0000,3.584102,-6.445066,6.584914,9.886645
8305.0000,-2.022968,-6.349412,2.175628,7.010049
8306.0000,5.922829,-9.824335,-3.975637,12.140970
8307.0000,6.654163,-10.511767,-1.932724,12.590097
8308.0000,-0.392682,-6.013015,5.481415,8.145947
8309.0000,-5.446991,-0.286511,2.901017,6.178002
8310.0000,9.785721,0.292740,13.484848,16.663948
8311.0000,0.946623,0.350073,14.297006,14.332586
8312.0000,3.466493,8.443494,10.062437,13.585353
8313.0000,6.033513,9.901317,7.432519,13.772498
8314.0000,11.475882,14.253199,8.736504,20.277476
8315.0000,7.978790,15.232713,18.529426,25.279166
8316.0000,13.615416,15.306766,9.083849,22.409662
8317.0000,17.902947,17.436308,8.517051,26.402282
8318.0000,23.540355,11.523925,8.890403,27.676496
8319.0000,24.255958,8.476463,5.348930,26.245247
8320.0000,6.604741,10.592729,15.138178,19.621237
8321.0000,16.016290,12.080784,11.140458,22.947259
8322.0000,19.158474,7.840605,16.728714,26.615260
8323.0000,13.508373,12.848496,14.480233,23.605871
8324.0000,11.825974,7.100637,13.680368,19.427434
8325.0000,8.514430,10.652783,16.009740,21.030670
8326.0000,3.051343,9.459759,9.768408,13.936266
8327.0000,9.534422,4.545613,-2.661536,10.892730
8328.0000,3.188638,9.998250,-3.522191,11.069700
8329.0000,8.024297,9.424280,5.146138,13.404817
8330.0000,3.923483,-4.090288,3.076091,6.448760
8331.0000,-2.281136,-5.121446,1.028128,5.699986
8332.0000,2.256192,7.002543,-1.096450,7.438294
8333.0000,2.368482,6.825146,-0.008096,7.224431
8334.0000,-2.562792,4.500220,-14.598550,15.489918
8335.0000,-1.287354,10.739461,-3.938328,11.511026
8336.0000,-3.364316,7.880229,5.601829,10.237047
8337.0000,5.492684,6.447727,6.531073,10.695685
8338.0000,6.842465,17.487849,6.583929,19.899555
8339.0000,13.921701,14.810523,7.079440,21.524029
8340.0000,11.122999,14.877867,-0.308739,18.578680
8341.0000,5.576589,12.541257,3.685615,14.211447
8342.0000,6.664201,24.427313,7.054547,26.284441
8343.0000,0.290412,26.267810,-1.776962,26.329447
8344.0000,13.230861,16.264104,3.882264,21.322493
8345.0000,16.180031,20.787465,-3.784751,26.612712
8346.0000,11.479642,27.506994,-5.575416,30.323294
8347.0000,10.253086,26.050336,-5.757723,28.581413
8348.0000,18.899458,13.893024,-0.063510,23.456548
8349.0000,22.176061,8.654729,1.371118,23.844538
8350.0000,15.388522,9.818890,-2.775460,18.464029
8351.0000,10.451259,8.348571,-10.536710,17.027910
8352.0000,11.902474,-2.459476,-9.869137,15.656237
8353.0000,12.803897,-1.235963,-3.152228,13.244015
8354.0000,12.923907,-0.318159,-5.322946,13.980785
8355.0000,11.001445,3.706303,-1.931481,11.768563
8356.0000,15.405572,0.978832,-9.768316,18.267725
8357.0000,15.485604,0.434842,-16.937402,22.953619
8358.0000,17.325994,-2.995811,-11.819670,21.186542
8359.0000,8.534807,2.502829,-12.284344,15.166153
8360.0000,11.697444,4.499013,-19.927379,23.540853
8361.0000,3.034569,6.213467,-15.349238,16.834931
8362.0000,11.665817,0.446179,-7.971350,14.136222
8363.0000,19.688006,8.718078,-8.723115,23.231772
8364.0000,15.216433,16.861562,-19.724177,30.081478
8365.0000,13.490974,18.177811,-13.595665,26.406085
8366.0000,11.039537,18.825555,-20.695487,30.076171
8367.0000,2.994005,6.320226,-1.871476,7.239595
8368.0000,7.832725,12.090540,-2.459380,14.614420
8369.0000,3.562569,7.150837,-7.035255,10.645242
8370.0000,12.349057,6.078742,-13.582948,19.337704
8371.0000,11.156854,5.162382,-11.931867,17.131697
8372.0000,10.510814,7.089983,-13.661875,18.638453
8373.0000,9.138921,0.024048,-11.141674,14.410321
8374.0000,5.857014,5.879608,-6.355686,10.453188
8375.0000,-0.720198,6.603938,-10.276517,12.236727
8376.0000,-2.565927,3.169474,-12.254655,12.915344
8377.0000,-7.181027,12.989382,-10.005729,17.899883
8378.0000,7.708955,13.090839,-2.597844,15.412555
8379.0000,15.569601,0.178312,-4.847370,16.307706
8380.0000,13.983631,2.946798,-9.134174,16.960504
8381.0000,8.600252,3.130254,-18.379028,20.531719
8382.0000,2.337810,4.401086,-20.271427,20.875001
8383.0000,2.216563,13.008030,-13.836463,19.119877
8384.0000,7.826496,11.527856,-13.849475,19.645699
8385.0000,5.352838,11.759110,-12.924582,18.274965
8386.0000,5.174056,15.457705,-8.074658,18.190975
8387.0000,23.491035,19.353880,-8.494550,31.599980
8388.0000,7.302580,11.276395,-9.295370,16.336728
8389.0000,3.592150,21.424217,-24.446126,32.703421
8390.0000,10.047170,16.169715,-23.332546,30.113337
8391.0000,7.478020,15.345752,-17.335783,24.329863
8392.0000,4.938367,10.855107,-18.075736,21.655324
8393.0000,5.890043,5.108821,-21.074013,22.470129
8394.0000,6.680567,4.590118,-18.188378,19.912716
8395.0000,2.411799,3.521979,-22.194795,22.601549
8396.0000,6.419025,-2.043599,-23.785589,24.721133
8397.0000,-0.689470,2.166745,-22.725266,22.838736
8398.0000,-2.898492,0.531788,-18.684440,18.915400
8399.0000,-5.306630,4.314461,-27.490411,28.328388
8400.0000,-9.814908,8.141333,-20.701637,24.314019
8401.0000,-17.971705,8.269118,-10.842703,22.559359
8402.0000,-18.853602,8.763957,-26.875394,33.978699
8403.0000,-17.169750,7.872747,-18.948123,26.754660
8404.0000,-15.488675,1.601546,-17.834910,23.675895
8405.0000,-22.467492,11.953504,-16.625735,30.398841
8406.0000,-15.708772,3.520893,-16.724340,23.213482
8407.0000,-7.337064,4.275647,-27.897072,29.160938
8408.0000,0.397817,1.386120,-28.879101,28.915083
8409.0000,-2.921444,0.656793,-25.736885,25.910489
8410.0000,4.142233,7.820914,-25.048963,26.566433
8411.0000,3.825373,18.571564,-31.725391,36.959936
8412.0000,1.732286,33.947586,-26.906565,43.352078
8413.0000,-5.442968,26.438887,-25.386126,37.055311
8414.0000,-4.753556,16.802917,-27.666377,32.716398
8415.0000,-2.245683,23.009891,-20.610094,30.972151
8416.0000,-2.453440,17.998787,-25.738188,31.502858
8417.0000,-2.023215,15.994470,-18.611565,24.623298
8418.0000,1.893846,17.793243,-18.506765,25.742698
8419.0000,6.064101,22.648342,-17.821760,29.450566
8420.0000,6.591376,30.857673,-21.535743,38.202493
8421.0000,16.334583,25.565579,-19.076398,35.837500
8422.0000,11.376324,31.723846,-13.857219,36.439617
8423.0000,18.588529,34.887325,-10.329229,40.857703
8424.0000,13.764748,31.451308,4.218121,34.589674
8425.0000,19.012902,21.430986,-1.566410,28.692007
8426.0000,16.245430,26.133156,-4.888763,31.156955
8427.0000,16.659529,21.956200,-8.341158,28.795652
8428.0000,11.503414,21.975932,2.240557,24.905626
8429.0000,14.340138,29.630694,2.995566,33.054364
8430.0000,7.778877,18.306440,0.213212,19.891760
8431.0000,6.479746,19.086613,-0.293484,20.158671
8432.0000,10.899417,7.178358,-10.397007,16.686038
8433.0000,7.038240,19.204982,5.366691,21.146383
8434.0000,9.272043,17.608137,-5.795843,20.727013
8435.0000,5.298446,15.285257,11.225782,19.690881
8436.0000,6.005986,2.421812,10.616970,12.436120
8437.0000,13.979845,-0.066998,7.952216,16.083479
8438.0000,10.726834,-2.020451,12.790618,16.815085
8439.0000,5.756331,0.169346,8.257732,10.067480
8440.0000,7.126183,3.983298,17.997693,19.762745
8441.0000,11.035200,7.167957,10.528157,16.852220
8442.0000,3.116719,1.309849,17.066473,17.398107
8443.0000,-3.603639,-3.268306,12.907992,13.794358
8444.0000,-11.897068,-3.375391,17.193881,21.179307
8445.0000,-15.702742,-5.202725,13.723038,21.493399
8446.0000,-16.704403,-9.358724,14.738596,24.162968
8447.0000,-14.079191,-0.991499,5.530593,15.158963
8448.0000,-19.847524,-12.375397,19.664571,30.557650
8449.0000,-14.692002,-7.539868,7.788531,18.258306
8450.0000,-15.360363,-4.272454,13.199423,20.698295
8451.0000,-14.623197,-8.061822,18.914919,25.231033
8452.0000,-16.921447,2.309151,16.850106,23.991532
8453.0000,-18.067836,-4.158809,14.044226,23.259034
8454.0000,-23.976484,-8.672660,15.547052,29.862981
8455.0000,-27.981161,1.127028,20.776273,34.869314
8456.0000,-33.471154,-3.354427,7.389334,34.440857
8457.0000,-28.885795,-10.438489,6.840803,31.466613
8458.0000,-30.032060,-17.329561,7.791528,35.537955
8459.0000,-31.238353,-15.300420,18.139394,39.229774
8460.0000,-32.066774,-14.682754,21.575396,41.344395
8461.0000,-35.063917,-12.575645,23.713748,44.158430
8462.0000,-23.388275,-18.723228,20.349394,36.216964
8463.0000,-32.981632,-16.096027,18.955337,41.305871
8464.0000,-29.095109,-14.801412,17.897127,37.227871
8465.0000,-38.465125,-15.802387,21.593528,46.856821
8466.0000,-32.944447,-14.985454,14.273433,38.905414
8467.0000,-26.085085,-18.134625,16.992380,36.028285
8468.0000,-24.100578,-21.182744,7.162668,32.876288
8469.0000,-18.914515,-17.545308,16.731361,30.749555
8470.0000,-18.850402,-19.623531,16.702475,31.927939
8471.0000,-20.960512,-18.128929,24.355488,36.894321
8472.0000,-23.070878,-13.477931,16.884820,31.607233
8473.0000,-28.725050,-13.187217,16.447786,35.630898
8474.0000,-27.388185,-16.565430,12.599300,34.398670
8475.0000,-27.622084,-16.653538,27.714035,42.525141
8476.0000,-34.683760,-16.229895,20.553846,43.460709
8477.0000,-30.464399,-13.532823,19.579488,38.659711
8478.0000,-25.444472,-14.417392,12.967200,31.991103
8479.0000,-24.017977,-13.566362,20.639313,34.451279
8480.0000,-22.902045,-9.897331,18.661328,31.156155
8481.0000,-22.613557,-7.570272,24.231809,33.997979
8482.0000,-23.303344,-4.697104,15.913176,28.606604
8483.0000,-20.275514,-4.295174,7.480020,22.033967
8484.0000,-21.453809,-12.674850,6.856922,25.844441
8485.0000,-26.169254,-6.992987,3.509355,27.313866
8486.0000,-20.489814,-15.189584,4.900373,25.972477
8487.0000,-17.177927,-11.551885,5.877405,21.519088
8488.0000,-22.045969,-17.212839,5.829305,28.570743
8489.0000,-19.917102,-12.508312,4.964237,24.037315
8490.0000,-21.419469,-13.650198,-1.970192,25.475542
8491.0000,-15.713055,-16.283750,-5.488701,23.284898
8492.0000,-13.261788,-11.322197,-6.185578,18.502123
8493.0000,-19.114920,-17.397076,3.759897,26.118485
8494.0000,-7.892619,-16.813699,-5.844856,19.471934
8495.0000,-7.398720,-5.991366,-10.866113,14.446797
8496.0000,-8.820105,-3.030294,4.462018,10.338595
8497.0000,-21.473308,4.114354,9.775800,23.949888
8498.0000,-22.235330,0.711059,2.248660,22.360053
8499.0000,-14.640910,2.311785,5.223110,15.715644
8500.0000,-12.085563,-9.303579,17.644608,23.322728
8501.0000,-23.185994,-20.508085,11.032448,32.861631
8502.0000,-25.006076,-21.159157,12.494048,35.058736
8503.0000,-17.759911,-16.867346,12.302109,27.409190
8504.0000,-14.678135,-10.795971,15.243076,23.756094
8505.0000,-20.194306,-13.257028,8.866943,25.732887
8506.0000,-12.483991,-15.025755,6.874825,20.709577
8507.0000,-11.839085,-12.989865,4.050629,18.036300
8508.0000,-21.313462,-11.716610,5.268257,24.885681
8509.0000,-30.189921,-9.119249,5.837082,32.072786
8510.0000,-32.844011,-14.162519,2.702386,35.869330
8511.0000,-20.406597,-4.153264,-9.252670,22.787951
8512.0000,-14.749004,-11.548087,-1.253423,18.773985
8513.0000,-11.117863,1.989431,-2.341407,11.534596
8514.0000,-8.248793,-9.052080,-0.067103,12.246928
8515.0000,-1.657838,-2.672816,5.453801,6.295739
8516.0000,-15.562727,-8.764380,-0.502969,17.868010
8517.0000,-16.152436,-8.662995,-4.523731,18.878899
8518.0000,-9.866084,-9.299616,-12.576678,18.493115
8519.0000,-13.380104,-11.801172,-11.899127,21.444908
8520.0000,-3.377421,-8.756063,-12.913246,15.963319
8521.0000,0.057618,-10.939516,-23.603150,26.015092
8522.0000,3.981030,-19.234245,-22.099991,29.567116
8523.0000,5.072499,-14.618708,-24.750004,29.189031
8524.0000,0.386095,-4.679692,-20.818851,21.341816
8525.0000,-6.642543,-8.803008,-23.397766,25.866422
8526.0000,-12.710214,-8.303793,-21.477097,26.301487
8527.0000,-16.889052,-8.624624,-23.966783,30.561919
8528.0000,-13.350326,-15.415605,-8.980210,22.282645
8529.0000,-8.361656,-22.986940,-12.289051,27.374029
8530.0000,-12.543463,-6.061557,-4.237982,14.561642
8531.0000,-5.177805,-15.280588,2.050324,16.263759
8532.0000,-9.628217,-17.918610,-6.404290,21.325901
8533.0000,0.865076,-24.606728,-5.708630,25.275045
8534.0000,-0.636187,-20.007946,-2.850387,20.219974
8535.0000,-2.338760,-27.171302,-4.571954,27.652346
8536.0000,11.114668,-24.045543,3.587739,26.731926
8537.0000,5.971217,-24.024904,-6.822978,25.678872
8538.0000,-1.733812,-31.322738,-7.601591,32.278541
8539.0000,2.393161,-29.855459,-2.508782,30.056108
8540.0000,10.655628,-34.227050,6.527758,36.436863
8541.0000,0.248490,-29.101425,0.272771,29.103764
8542.0000,-1.939012,-16.322739,11.691527,20.171350
8543.0000,-8.882843,-23.604578,12.349929,28.082054
8544.0000,1.111748,-23.142719,11.578872,25.901578
8545.0000,7.549710,-29.390205,-0.216712,30.345169
8546.0000,7.765837,-30.904065,4.846493,32.231319
8547.0000,-1.420800,-26.113287,11.326990,28.499528
8548.0000,6.951094,-27.326957,0.545767,28.202450
8549.0000,-1.546095,-30.315187,1.738365,30.404323
8550.0000,2.047569,-22.843204,-2.345168,23.054378
8551.0000,7.661355,-9.055190,-7.143829,13.846557
8552.0000,5.146098,-23.141546,-7.060681,24.735939
8553.0000,-5.652093,-15.291501,-6.372349,17.503799
8554.0000,-4.735764,-14.346802,-8.550903,17.360188
8555.0000,-0.687108,-19.382694,-2.631541,19.572581
8556.0000,-2.512184,-14.449238,-8.742820,17.074204
8557.0000,3.438326,-14.710207,-5.059909,15.931570
8558.0000,-0.019879,-16.451584,-9.696383,19.096462
8559.0000,-5.799506,-19.148757,-7.055446,21.215289
8560.0000,-2.874634,-11.276153,-6.265976,13.216566
8561.0000,-2.388940,-22.892006,-0.446823,23.020656
8562.0000,3.535599,-15.115016,7.328187,17.165852
8563.0000,0.309785,-17.843943,-5.256227,18.604575
8564.0000,2.000645,-11.657126,-0.371574,11.833395
8565.0000,3.312249,-15.002190,0.927677,15.391468
8566.0000,-4.171180,-11.448741,-3.970169,12.815407
8567.0000,-4.286088,-13.337869,-7.440112,15.862679
8568.0000,-15.768426,-15.131049,-4.131806,22.241037
8569.0000,-15.414118,-16.337810,-10.141868,24.645010
8570.0000,-14.461085,-25.681417,-10.094567,31.153787
8571.0000,-4.556019,-20.640233,-18.527604,28.107804
8572.0000,2.174064,-21.351726,-18.074489,28.059043
8573.0000,8.016725,-23.251915,-12.644073,27.654874
8574.0000,0.377409,-21.119145,-21.991833,30.492646
8575.0000,4.945265,-15.379618,-23.322705,28.371409
8576.0000,5.775786,-14.980971,-19.019994,24.890749
8577.0000,-3.602788,-14.611165,-8.644231,17.354796
8578.0000,-4.212182,-12.251488,-6.663674,14.568665
8579.0000,-6.812096,-4.932713,-3.966584,9.298930
8580.0000,5.165907,-11.519085,-14.247911,19.036251
8581.0000,11.180862,-7.344826,-10.103413,16.764161
8582.0000,13.211257,-10.724002,-20.845077,26.908340
8583.0000,10.017526,-11.178960,-7.389542,16.730969
8584.0000,10.033763,-0.571231,-20.286236,22.639215
8585.0000,5.980167,4.245442,-12.964330,14.894966
8586.0000,10.289109,9.913746,-13.457800,19.628054
8587.0000,18.865768,-0.755281,-8.612165,20.752278
8588.0000,18.553623,1.574771,-9.039793,20.698664
8589.0000,14.391187,0.569827,-3.858718,14.910421
8590.0000,15.409078,-2.511511,-16.266004,22.546181
8591.0000,13.920502,3.215940,-16.668722,21.953791
8592.0000,7.329830,5.325529,-7.653687,11.860294
8593.0000,7.738214,11.148546,-14.775449,20.062002
8594.0000,-4.549054,11.612104,-22.917911,26.091484
8595.0000,-7.510101,5.774609,-26.437925,28.084010
8596.0000,0.293417,-6.250826,-17.478731,18.565154
8597.0000,-5.440907,-13.213140,-16.876695,22.113647
8598.0000,-10.285742,2.717095,-11.545035,15.699265
8599.0000,-8.833460,3.745664,-19.144841,21.414597
8600.0000,-3.373396,3.679701,-7.290411,8.835728
8601.0000,-10.598217,-3.633375,-7.532496,13.500448
8602.0000,-10.225978,-14.093923,-14.636191,22.747030
8603.0000,-1.815440,-13.268352,-10.523084,17.031743
8604.0000,-3.890326,-16.839074,-11.945962,21.009404
8605.0000,5.238386,-12.470977,-9.793389,16.699594
8606.0000,0.082533,-11.523877,-8.387081,14.253059
8607.0000,1.062673,-18.937170,-6.003625,19.894451
8608.0000,0.160664,-14.330186,-13.307587,19.556889
8609.0000,0.175379,-16.734774,-14.830471,22.361268
8610.0000,-1.077705,-8.546327,-5.259540,10.092765
8611.0000,-2.645768,-7.655980,-0.859548,8.145732
8612.0000,-4.933602,-10.263893,-1.590560,11.498600
8613.0000,-1.498049,-8.839243,-11.806790,14.824866
8614.0000,-7.012275,-14.273221,-13.105124,20.606822
8615.0000,-9.131053,-13.770257,-11.865872,20.341952
8616.0000,-4.851788,-15.750988,-7.909892,18.281134
8617.0000,-5.503701,-11.800059,2.927993,13.345608
8618.0000,-4.749986,-8.648873,-0.870865,9.905745
8619.0000,-2.716750,-5.625986,-0.637467,6.280033
8620.0000,-5.343916,-2.879693,-1.244086,6.196597
8621.0000,-5.190855,-5.142384,5.098899,8.909987
8622.0000,-10.859740,-17.132107,1.541383,20.342539
8623.0000,-11.415515,-16.585901,-6.814589,21.256639
8624.0000,-6.563473,-9.026971,1.207066,11.225970
8625.0000,-5.792115,-7.617611,4.576731,10.607689
8626.0000,-9.895623,-2.851775,-3.951216,11.030326
8627.0000,-14.166141,-8.330435,0.169401,16.434853
8628.0000,-23.085996,-2.027057,8.906365,24.827313
8629.0000,-11.612859,3.655736,6.576116,13.837204
8630.0000,-22.786758,1.642981,11.420930,25.541600
8631.0000,-19.450839,-7.895144,8.600772,22.685716
8632.0000,-1.500183,-12.586330,-0.204087,12.677063
8633.0000,1.603622,-2.914119,3.353222,4.723113
8634.0000,-3.422126,0.662565,-1.045021,3.638957
8635.0000,-6.250558,-7.488195,12.428322,15.798915
8636.0000,-11.086010,-13.615874,3.030493,17.817843
8637.0000,-6.636276,-7.003852,4.395642,10.602631
8638.0000,-10.226395,2.710061,1.698264,10.714834
8639.0000,-13.389383,4.912989,-5.555604,15.306135
8640.0000,-6.771522,1.193822,2.527811,7.325882
8641.0000,-19.805709,0.106750,1.278941,19.847247
8642.0000,-10.018332,3.493317,6.400320,12.390897
8643.0000,-7.951180,-7.009264,4.791685,11.632338
8644.0000,-5.542647,-5.775064,4.206415,9.042468
8645.0000,-15.104456,-5.409402,9.909902,18.857688
8646.0000,-18.026015,-2.023813,-1.918265,18.240416
8647.0000,-25.004280,-9.542203,4.757743,27.182785
8648.0000,-24.136650,-9.990076,-10.076011,27.998313
8649.0000,-34.758287,-18.297876,-11.585946,40.953448
8650.0000,-28.574207,-18.226761,-12.844482,36.244735
8651.0000,-28.243404,-9.140427,-23.258137,37.711778
8652.0000,-26.638867,-10.871919,-13.415426,31.745889
8653.0000,-33.806637,-9.906837,-12.062271,37.236172
8654.0000,-30.700574,-10.239516,-2.516069,32.460800
8655.0000,-26.566258,-18.352910,-11.311195,34.213134
8656.0000,-14.781591,-13.832832,-15.142045,25.280906
8657.0000,-20.831092,-14.279154,-2.998937,25.432700
8658.0000,-37.404205,-19.739980,-10.051821,43.471605
8659.0000,-34.862466,-7.481568,-7.262408,36.388294
8660.0000,-25.133846,-8.614719,-13.977897,30.021746
8661.0000,-24.970952,-18.484391,-15.015026,34.506118
8662.0000,-20.917855,-13.970867,-6.415331,25.959550
8663.0000,-8.305087,-19.079499,-6.440144,21.782498
8664.0000,-1.944102,-16.361939,-2.229001,16.627118
8665.0000,-4.521245,-14.210977,-8.440955,17.136022
8666.0000,-0.642855,-8.348278,1.163582,8.453457
8667.0000,-7.528975,-12.117710,7.381814,16.062862
8668.0000,-3.687568,-14.304312,-6.120987,15.989934
8669.0000,-6.088549,-2.969797,-4.543122,8.156597
8670.0000,1.505106,-9.631339,-3.669331,10.415951
8671.0000,-1.941674,-8.997054,1.769308,9.372701
8672.0000,-6.460473,-11.450202,-4.662694,13.949393
8673.0000,-4.270378,-10.993879,-5.771636,13.130624
8674.0000,-1.545212,-0.679592,-1.282982,2.120275
8675.0000,-5.325659,-11.738733,-9.619190,16.083821
8676.0000,-0.834843,-12.597530,-9.347465,15.708910
8677.0000,2.773594,-5.811629,-1.167770,6.544581
8678.0000,7.559530,-9.161337,-11.250600,16.360091
8679.0000,9.873752,-9.786045,-10.948107,17.695160
8680.0000,5.785202,-2.796796,-9.432349,11.413144
8681.0000,8.006177,-6.978023,-1.049679,10.672090
8682.0000,9.669686,1.192953,0.401717,9.751274
8683.0000,3.601184,10.056280,-0.574516,10.697073
8684.0000,5.222252,9.838028,3.713701,11.740966
8685.0000,7.998308,19.291220,-3.596434,21.190999
8686.0000,15.916704,8.356444,0.285128,17.979235
8687.0000,11.800112,8.069089,7.941743,16.353108
8688.0000,10.469605,-5.175847,6.005191,13.132568
8689.0000,16.790304,14.744456,-3.381448,22.599723
8690.0000,14.306544,12.943574,0.002207,19.292831
8691.0000,13.794785,7.995511,-4.442470,16.551732
8692.0000,14.062364,12.638952,10.479988,21.617662
8693.0000,18.464495,9.241387,7.629396,22.012463
8694.0000,16.484061,5.085760,9.920812,19.900043
8695.0000,13.939990,11.841023,6.807515,19.516030
8696.0000,15.302844,13.197378,16.422681,26.039437
8697.0000,16.425368,13.844998,10.226091,23.791797
8698.0000,16.558370,10.785442,8.628084,21.562681
8699.0000,15.220695,15.388201,6.923072,22.724331
8700.0000,7.617107,19.191361,17.050141,26.777527
8701.0000,5.660642,19.256166,6.509633,21.100192
8702.0000,1.773063,7.130003,4.642429,8.690963
8703.0000,17.452701,19.942417,3.146964,26.687078
8704.0000,1.387313,9.552088,-4.069596,10.475144
8705.0000,4.307214,6.418025,-2.602258,8.155665
8706.0000,3.707984,7.531854,6.003559,10.320887
8707.0000,11.248220,21.219647,9.252482,25.737216
8708.0000,9.930491,11.077059,-2.695202,15.118863
8709.0000,11.583074,5.920011,-1.452714,13.089099
8710.0000,3.216406,0.307386,-7.371999,8.048983
8711.0000,6.678542,16.745461,5.958099,18.987162
8712.0000,1.834765,12.377123,3.711340,13.051191
8713.0000,6.411896,10.506434,5.773665,13.595322
8714.0000,-1.115099,8.060060,2.583970,8.537266
8715.0000,-1.067356,19.847649,1.239438,19.914935
8716.0000,4.257647,14.851084,0.451278,15.455934
8717.0000,5.710028,20.902805,3.718791,21.985474
8718.0000,-7.809287,17.990293,-2.699311,19.797017
8719.0000,-1.266390,7.171242,0.035907,7.282289
8720.0000,-5.908559,8.237549,-8.204551,13.041585
8721.0000,-4.403752,17.364364,-3.144914,18.188036
8722.0000,-2.018587,11.848927,-2.984831,12.384707
8723.0000,-6.776992,8.196824,-9.211961,14.070387
8724.0000,5.510723,6.772376,-4.237511,9.705135
8725.0000,-5.433959,6.529876,1.392142,8.608440
8726.0000,-7.357013,8.875454,-4.072922,12.226529
8727.0000,-0.794778,-3.332728,-10.305859,10.860455
8728.0000,-4.092386,-2.985655,-3.409355,6.106182
8729.0000,-6.633393,-2.134431,-10.038454,12.219994
8730.0000,-6.679207,4.448570,-3.489979,8.751088
8731.0000,-10.932138,7.006507,1.846188,13.115304
8732.0000,-2.770204,9.339300,-8.042707,12.632565
8733.0000,-4.387548,10.236407,-5.411415,12.382165
8734.0000,-0.187041,13.248777,-3.937869,13.822875
8735.0000,1.299466,14.878952,-1.953843,15.062846
8736.0000,-9.107711,20.453448,4.944299,22.929021
8737.0000,1.238666,23.685778,7.477917,24.869049
8738.0000,10.962619,16.973010,15.961463,25.749377
8739.0000,12.339105,21.656367,10.637086,27.099803
8740.0000,1.090314,19.742862,2.266675,19.902442
8741.0000,-2.280938,21.942731,2.910791,22.252165
8742.0000,6.404674,8.312079,1.148363,10.556005
8743.0000,0.349675,19.947246,7.785446,21.415603
8744.0000,1.886976,19.921304,3.210598,20.266401
8745.0000,-4.712625,23.542119,9.373371,25.774023
8746.0000,-5.469551,16.258645,7.950919,18.907053
8747.0000,-1.103891,20.043738,5.095762,20.710789
8748.0000,-1.220495,17.478985,3.628049,17.893218
8749.0000,4.365411,24.004753,5.384936,24.985646
8750.0000,8.334160,15.340156,11.251487,20.769559
8751.0000,-0.155600,15.608889,3.125013,15.919401
8752.0000,8.772615,21.256240,7.592558,24.216388
8753.0000,-0.902172,24.196292,9.985093,26.191154
8754.0000,12.308120,22.510613,10.622338,27.767815
8755.0000,15.345809,20.638243,6.764275,26.592976
8756.0000,7.880854,20.930105,0.097137,22.364851
8757.0000,10.246530,18.755233,4.699004,21.882202
8758.0000,7.483077,2.107186,5.510687,9.529131
8759.0000,18.794614,9.855173,5.776329,21.993815
8760.0000,19.292579,19.230247,0.951643,27.256405
8761.0000,28.772195,16.382313,3.930559,33.341696
8762.0000,16.638733,21.151166,-4.646075,27.309436
8763.0000,14.322549,17.366669,-0.907671,22.529103
8764.0000,23.487647,17.495842,-10.820022,31.222538
8765.0000,17.570666,19.586473,-11.970812,28.907760
8766.0000,12.935868,21.580885,-11.396214,27.621458
8767.0000,10.713241,19.419764,-8.901759,23.898579
8768.0000,3.722452,12.899886,-9.881779,16.670731
8769.0000,0.940757,16.107347,-8.112301,18.059377
8770.0000,2.062112,11.393494,-13.021219,17.424585
8771.0000,0.527056,13.386434,-7.166862,15.193364
8772.0000,4.228398,4.069887,-4.287590,7.268202
8773.0000,6.434383,9.824706,-0.695497,11.764772
8774.0000,-6.721639,4.379308,9.460162,12.403767
8775.0000,-3.028737,8.467277,13.013030,15.817932
8776.0000,-4.015697,-0.474196,12.473315,13.112371
8777.0000,-14.406232,-3.767807,16.536090,22.252599
8778.0000,-5.312421,-3.133929,11.937691,13.436957
8779.0000,-0.409440,-1.176382,3.768355,3.968881
8780.0000,-7.346942,-9.053786,1.964169,11.823983
8781.0000,-2.760637,-2.264648,-2.517877,4.369148
8782.0000,-9.366958,5.385007,-4.705638,11.784788
8783.0000,-8.735045,5.910654,-3.555575,11.130092
8784.0000,-3.066668,2.913173,6.335538,7.617747
8785.0000,-14.245298,2.190955,-2.128477,14.569119
8786.0000,-6.521991,-4.432511,-19.122469,20.684592
8787.0000,-1.329921,0.428833,-22.873748,22.916390
8788.0000,1.035465,7.796784,-15.496388,17.378149
8789.0000,2.751942,11.526552,-21.167052,24.258579
8790.0000,-2.275267,2.766057,-16.934146,17.308761
8791.0000,2.604294,-2.005349,-18.345011,18.637146
8792.0000,-1.664586,10.694806,-26.040168,28.200002
8793.0000,3.511582,15.384459,-20.900103,26.188300
8794.0000,-4.388272,15.675404,-28.028521,32.412547
8795.0000,2.803791,7.506698,-18.824085,20.458689
8796.0000,5.949641,3.844775,-13.656426,15.384359
8797.0000,4.718304,-4.298045,-26.409316,27.169607
8798.0000,-3.509489,3.280256,-14.224498,15.013759
8799.0000,-2.587429,12.196347,-9.351686,15.585240
8800.0000,-1.020039,10.799158,-16.138859,19.445438
8801.0000,7.445128,18.065428,-18.517368,26.919928
8802.0000,13.146018,16.960144,-11.747962,24.463828
8803.0000,11.523102,12.244683,-12.315815,20.842108
8804.0000,12.057667,0.168855,-6.635935,13.764137
8805.0000,2.093162,7.973620,-3.304532,8.881434
8806.0000,7.237663,8.308305,-5.140529,12.158813
8807.0000,-1.797135,5.174989,-4.922899,7.365130
8808.0000,5.843594,7.631403,-7.807749,12.383330
8809.0000,7.265922,7.158925,-6.060972,11.865041
8810.0000,0.569357,22.787794,-2.453689,22.926585
8811.0000,-4.083369,28.351977,-6.064561,29.279470
8812.0000,-5.930436,22.970544,-7.452915,24.866884
8813.0000,-5.026158,25.390964,-14.654410,29.744160
8814.0000,-8.706129,19.149015,-9.434840,23.054233
8815.0000,-8.907829,17.620510,-6.290959,20.722160
8816.0000,-7.921921,15.212303,-15.939417,23.414440
8817.0000,-0.963871,15.222148,-5.220738,16.121382
8818.0000,-2.740410,16.166408,-14.815356,22.098810
8819.0000,-1.915512,12.439832,-7.631537,14.719339
8820.0000,-6.217092,-1.177260,-11.114953,12.789853
8821.0000,-1.377154,3.260614,-11.109411,11.659638
8822.0000,5.347861,16.267979,1.350909,17.177652
8823.0000,4.002372,13.812108,-3.266100,14.746549
8824.0000,-3.171801,15.803185,-0.787998,16.137593
8825.0000,1.957863,16.661841,6.366531,17.943881
8826.0000,-2.228989,9.925119,0.045275,10.172435
8827.0000,-9.577256,2.075494,-4.500489,10.783594
8828.0000,1.346513,-5.671807,-17.464661,18.411868
8829.0000,-7.226880,-15.656822,-12.064486,21.045562
8830.0000,0.771163,-2.104329,-1.593161,2.749737
8831.0000,-6.345329,-3.533213,2.963085,7.843893
8832.0000,-2.499934,8.656333,4.649737,10.139124
8833.0000,-7.972380,3.070912,9.012367,12.418217
8834.0000,-5.602744,0.474949,7.015009,8.990365
8835.0000,-11.200943,-6.290166,15.378141,20.037827
8836.0000,-4.047033,-9.158399,17.993745,20.591980
8837.0000,-8.629159,-0.311035,9.216160,12.629201
8838.0000,-15.894392,-4.626548,2.863870,16.799952
8839.0000,-1.909879,-2.594236,-1.984240,3.783505
8840.0000,-10.363020,3.191908,-8.993478,14.087693
8841.0000,-18.733989,1.755602,-2.189763,18.943061
8842.0000,-11.119604,6.699563,-2.088029,13.148749
8843.0000,-12.766497,12.784332,-7.705760,19.641826
8844.0000,-5.073343,12.828899,-11.289449,17.826135
8845.0000,-6.921491,14.412745,-7.414207,17.623982
8846.0000,-8.459961,18.091143,-9.058386,21.929769
8847.0000,-8.646374,20.230880,-7.010100,23.090903
8848.0000,-7.170731,10.563098,-6.655851,14.397874
8849.0000,-21.574047,8.135541,-16.340055,28.259935
8850.0000,-8.053373,6.656183,-18.831361,21.535592
8851.0000,-15.846269,16.119322,-5.562219,23.278210
8852.0000,-11.364105,27.495834,-11.894743,32.041359
8853.0000,-10.134055,26.269205,-0.403003,28.159059
8854.0000,-4.851515,28.849322,-2.438886,29.355898
8855.0000,-0.904815,34.880328,0.397396,34.894325
8856.0000,3.218047,36.843643,-0.286238,36.985021
8857.0000,8.081712,45.063103,4.154697,45.970195
8858.0000,6.769609,41.036595,-0.912250,41.601226
8859.0000,9.107695,46.124212,-9.010769,47.870523
8860.0000,4.945375,49.029270,-7.224930,49.804876
8861.0000,9.459357,43.735712,-10.191585,45.892923
8862.0000,9.197247,45.930561,-10.739716,48.057749
8863.0000,-1.678336,42.595965,-16.891740,45.853724
8864.0000,-3.893718,36.792344,-17.388425,40.880251
8865.0000,-7.822703,26.455824,-20.788861,34.543914
8866.0000,-19.066934,23.986186,-18.637849,35.864391
8867.0000,-26.941249,21.080499,-27.556526,43.926990
8868.0000,-19.377351,15.007037,-20.881448,32.198257
8869.0000,-30.172723,15.561244,-24.056934,41.608672
8870.0000,-20.267038,6.138151,-31.737309,38.153460
8871.0000,-25.511320,6.932133,-30.434399,40.312957
8872.0000,-24.655581,12.279653,-25.907802,37.814041
8873.0000,-27.839031,3.950770,-32.042723,42.630463
8874.0000,-23.145858,-1.005967,-16.952459,28.707639
8875.0000,-27.279069,-0.937331,-20.990890,34.433177
8876.0000,-24.331115,2.305723,-22.097272,32.948580
8877.0000,-29.643070,-13.512127,-18.008392,37.223532
8878.0000,-30.159781,-2.333415,-17.190414,34.793211
8879.0000,-29.808220,-14.450943,-7.490063,33.962638
8880.0000,-23.579343,-14.521607,-8.027626,28.832365
8881.0000,-31.519800,-16.519282,-2.888249,35.703311
8882.0000,-32.987304,-25.708671,-2.082766,41.874048
8883.0000,-31.938099,-19.134591,-2.075452,37.289170
8884.0000,-24.533560,-3.702792,-6.795674,25.725229
8885.0000,-27.983550,-16.666134,-3.566504,32.765211
8886.0000,-23.061938,-13.356304,-8.272941,27.904935
8887.0000,-25.095025,-9.447427,-9.243968,28.363093
8888.0000,-19.636429,-10.714484,-9.791124,24.418346
8889.0000,-22.520110,-1.504877,-10.818727,25.029280
8890.0000,-28.455146,9.128920,-7.005850,30.693883
8891.0000,-23.918538,-0.917405,-10.853776,26.281982
8892.0000,-19.179174,4.710134,-7.932590,21.282671
8893.0000,-27.324933,-14.572480,-6.431306,31.628640
8894.0000,-18.984780,-11.707362,-6.717536,23.293980
8895.0000,-15.924390,-16.343964,-3.506737,23.086978
8896.0000,-18.029226,-17.812933,4.816635,25.798325
8897.0000,-24.244499,-18.963623,9.548704,32.227200
8898.0000,-22.663229,-13.204712,0.878732,26.244209
8899.0000,-22.698496,-15.512856,-4.069324,27.792622
8900.0000,-27.762363,-14.429863,12.851252,33.824908
8901.0000,-19.248709,-12.927398,6.826019,24.170746
8902.0000,-23.290975,-7.347461,-2.520373,24.552128
8903.0000,-21.906589,-12.843856,-0.946376,25.411787
8904.0000,-20.227893,-17.118121,-4.252393,26.838043
8905.0000,-15.541192,-14.446229,-2.912331,21.417373
8906.0000,-17.905740,-23.045365,-2.282536,29.273099
8907.0000,-16.529257,-17.832064,-4.742424,24.772756
8908.0000,-7.435752,-11.218547,2.772736,13.741698
8909.0000,-2.677301,-7.081791,-0.874440,7.621309
8910.0000,-1.592199,-2.545324,-0.762334,3.097567
8911.0000,6.661235,-3.778660,-2.948798,8.206445
8912.0000,2.091370,-7.726689,-6.963841,10.609931
8913.0000,-4.386397,3.244541,2.664415,6.071789
8914.0000,-12.756260,-1.377950,-5.227961,13.854692
8915.0000,-13.953300,-7.596389,-5.454591,16.797389
8916.0000,-13.210802,-8.181778,-4.580667,16.200286
8917.0000,-14.161559,-12.877882,8.915564,21.115797
8918.0000,-0.277947,0.677698,11.565402,11.588574
8919.0000,-8.463490,-0.481203,6.105934,10.447231
8920.0000,-11.259590,7.606736,20.376495,24.491679
8921.0000,-6.590379,3.806542,16.564770,18.229494
8922.0000,-7.420211,2.097749,8.615455,11.562273
8923.0000,-9.214960,0.299008,-0.448958,9.230734
8924.0000,0.212879,0.824286,11.738418,11.769249
8925.0000,-0.542510,7.595317,1.208326,7.709943
8926.0000,-5.450877,7.367456,-0.871213,9.206002
8927.0000,-17.998400,-0.855641,1.224620,18.060294
8928.0000,-13.757577,-0.044077,-2.207091,13.933561
8929.0000,-7.480594,-0.749496,-8.375634,11.254878
8930.0000,-7.602213,-4.411855,-6.542318,10.957191
8931.0000,-9.036244,6.287272,-20.908123,23.629073
8932.0000,-17.897264,0.495703,-20.682162,27.355249
8933.0000,-16.312183,4.342366,-26.617224,31.518567
8934.0000,-18.715192,6.072073,-25.070641,31.869507
8935.0000,-18.687966,6.647918,-30.082318,36.033051
8936.0000,-16.804262,1.047545,-26.152300,31.103430
8937.0000,-23.293458,2.842401,-24.333469,33.805060
8938.0000,-27.958186,-12.869655,-34.229488,46.032011
8939.0000,-17.031020,-9.436810,-21.859653,29.273768
8940.0000,-19.880058,-17.042030,-17.814141,31.670035
8941.0000,-21.770436,-10.906678,-25.131691,34.992991
8942.0000,-22.796169,-13.923280,-5.820960,27.338739
8943.0000,-21.528963,-12.318306,-13.983477,28.474103
8944.0000,-14.831402,-5.599368,-27.800880,32.003318
8945.0000,-13.059772,-4.401668,-25.085688,28.622090
8946.0000,-12.342347,-10.713856,-24.884176,29.771504
8947.0000,-19.658857,-12.668656,-22.134963,32.201275
8948.0000,-17.815891,-14.302396,-25.707915,34.392752
8949.0000,-17.826713,-23.933521,-10.161404,31.525533
8950.0000,-11.684872,-15.239081,-14.043407,23.790400
8951.0000,-5.531300,-12.454303,-14.063505,19.582828
8952.0000,-7.275752,-6.135670,-19.065973,21.309489
8953.0000,3.238739,-6.066834,-13.933239,15.538052
8954.0000,-11.428061,-8.091140,-14.385466,20.075078
8955.0000,-4.677491,-7.910531,-13.055129,15.965331
8956.0000,-0.794340,0.463262,-9.299002,9.344358
8957.0000,-1.225126,-1.987699,-1.222001,2.635369
8958.0000,1.491422,-12.972051,-0.256571,13.060026
8959.0000,9.565955,-17.956990,-6.268770,21.289867
8960.0000,19.105260,-11.732813,-2.947911,22.613271
8961.0000,19.625403,-1.198247,-1.142899,19.695138
8962.0000,12.199118,-1.584160,-7.448780,14.380972
8963.0000,-3.078306,-8.843304,-1.006176,9.417664
8964.0000,2.061940,-3.646654,-3.014875,5.161313
8965.0000,-0.998726,-6.100067,5.947019,8.577605
8966.0000,-3.124148,0.254437,12.774338,13.153279
8967.0000,-5.319314,-1.806348,13.951397,15.039930
8968.0000,2.372417,1.224342,9.857655,10.212774
8969.0000,-8.421295,2.202934,10.179099,13.393476
8970.0000,0.255726,1.073916,13.082205,13.128701
8971.0000,1.614825,5.801805,7.408425,9.547427
8972.0000,6.598665,4.161338,13.343868,15.456971
8973.0000,2.711559,1.522037,14.974314,15.293764
8974.0000,2.400595,-0.214944,25.855665,25.967759
8975.0000,6.819549,5.821298,16.048418,18.383293
8976.0000,-4.223918,20.544587,31.451977,37.804079
8977.0000,-7.129939,20.131248,37.336214,43.012743
8978.0000,0.854529,14.324667,34.375676,37.250683
8979.0000,-5.881879,18.633788,24.377063,31.241892
8980.0000,-1.571880,19.318618,27.975886,34.034247
8981.0000,-10.104066,15.816502,23.976306,30.448598
8982.0000,-4.815263,1.780358,26.517049,27.009449
8983.0000,-2.340535,13.479897,20.701677,24.814213
8984.0000,-5.874871,14.362196,24.981438,29.408485
8985.0000,-1.768765,5.500057,21.992399,22.738618
8986.0000,2.242368,11.660942,20.773854,23.928201
8987.0000,3.524055,9.385741,25.147205,27.071997
8988.0000,9.963046,5.294706,26.677642,28.965372
8989.0000,10.902732,7.088606,21.844468,25.422405
8990.0000,20.264948,9.246577,23.713626,32.534649
8991.0000,21.990604,8.391132,25.863133,34.969978
8992.0000,10.583772,15.724045,17.257333,25.633520
8993.0000,15.222172,9.821933,23.206629,29.440321
8994.0000,4.955391,7.720471,13.787599,16.560781
8995.0000,16.323900,7.821813,26.110349,31.771069
8996.0000,11.025199,14.068628,22.813576,28.981728
8997.0000,1.959438,16.098656,9.917766,19.009687
8998.0000,-0.365704,6.662939,5.158094,8.434123
8999.0000,10.565538,11.534905,12.141493,19.801527
9000.0000,12.325116,19.834231,6.210114,24.163417
9001.0000,5.526570,19.232998,4.904124,20.603437
9002.0000,5.131564,18.257709,10.570211,21.711892
9003.0000,3.829540,9.448892,14.701254,17.890606
9004.0000,12.211639,6.398540,15.867507,21.020067
9005.0000,17.026702,4.614959,25.673471,31.150178
9006.0000,8.462584,7.472539,16.277885,19.809687
9007.0000,20.638142,3.763800,8.277260,22.552431
9008.0000,7.025410,-3.977159,11.171400,13.783119
9009.0000,16.235895,-4.916139,20.103371,26.304338
9010.0000,10.294478,-1.461936,10.854476,15.031074
9011.0000,11.008762,11.159845,21.583910,26.675834
9012.0000,10.460495,4.337729,16.468258,19.986029
9013.0000,1.066759,-14.105512,15.593458,21.053726
9014.0000,6.631996,-6.784009,11.409162,14.838299
9015.0000,-10.023891,-2.307971,8.500067,13.343772
9016.0000,-4.215712,-3.170279,19.774676,20.466087
9017.0000,-11.408258,-14.295716,17.499359,25.312910
9018.0000,-7.634564,-10.462431,16.537131,21.005374
9019.0000,-17.056528,-8.797694,0.956203,19.215590
9020.0000,-17.954179,-7.609316,0.610174,19.509652
9021.0000,-13.284109,-1.745270,10.243404,16.865374
9022.0000,-14.250809,-9.877579,19.130324,25.819013
9023.0000,-15.737689,-9.696316,17.428786,25.405826
9024.0000,-3.863162,-13.065933,22.924814,26.668140
9025.0000,-10.688154,5.831072,21.585474,24.782468
9026.0000,-17.565466,0.063453,25.741110,31.163350
9027.0000,-27.044776,-5.408668,20.369153,34.286674
9028.0000,-30.269022,-4.835540,31.577198,44.008131
9029.0000,-33.764875,-10.603437,23.714368,42.601302
9030.0000,-43.404435,-8.888943,30.581910,53.835039
9031.0000,-40.469654,-11.922668,25.115215,49.099052
9032.0000,-39.177400,-15.827939,17.010881,45.549560
9033.0000,-35.375479,-11.326531,15.847654,40.383944
9034.0000,-39.925130,-13.126544,7.293646,42.655825
9035.0000,-39.947348,-24.659106,4.762356,47.186250
9036.0000,-31.967002,-24.564609,8.138446,41.128379
9037.0000,-31.294834,-25.708252,8.104601,41.303334
9038.0000,-27.416908,-15.281488,14.260730,34.475776
9039.0000,-28.478835,-14.559787,6.796860,32.699063
9040.0000,-22.358882,-12.131745,10.134262,27.382515
9041.0000,-24.933905,-16.291688,3.869161,30.034799
9042.0000,-21.957068,-18.020921,5.484023,28.929931
9043.0000,-21.617665,-21.048054,9.606193,31.664222
9044.0000,-22.681019,-15.302450,22.464101,35.400981
9045.0000,-20.381254,-16.725865,12.044554,28.986572
9046.0000,-15.477445,-12.196014,17.110240,26.097018
9047.0000,-19.111529,-22.532091,8.092944,30.633991
9048.0000,-18.637733,-16.804557,22.011665,33.380708
9049.0000,-18.030422,-23.042538,10.077372,30.945244
9050.0000,-18.478917,-23.757761,6.485882,30.789093
9051.0000,-26.722938,-26.236600,3.550055,37.617516
9052.0000,-26.466147,-19.678949,19.044900,38.084461
9053.0000,-21.057643,-22.362391,12.766045,33.263685
9054.0000,-22.303642,-16.309349,8.477466,28.901812
9055.0000,-21.782017,-8.535857,-7.733982,24.640040
9056.0000,-24.254962,-11.782411,1.201043,26.992052
9057.0000,-26.950469,-15.393602,4.913792,31.423496
9058.0000,-18.094286,-4.579558,6.520267,19.770923
9059.0000,-17.566955,-4.872631,13.087946,22.441808
9060.0000,-8.350290,1.678388,-0.076731,8.517641
9061.0000,-4.663798,-13.365800,3.307307,14.537328
9062.0000,-9.442424,-17.823357,-0.723456,20.183033
9063.0000,-4.516547,-15.464892,1.192610,16.155012
9064.0000,0.114720,-2.685034,-0.305711,2.704815
9065.0000,7.896214,-2.711354,3.699746,9.131799
9066.0000,8.269812,1.429042,-1.664575,8.555861
9067.0000,12.981470,-8.168678,-0.111328,15.338131
9068.0000,7.588028,-10.390893,-0.454885,12.874617
9069.0000,11.835169,-9.756728,-1.989626,15.466854
9070.0000,-2.706860,-12.918435,-3.896478,13.762107
9071.0000,0.447008,-14.095043,-13.197431,19.314301
9072.0000,7.826485,-17.282262,-17.643297,25.907843
9073.0000,7.375579,-7.881067,-13.647960,17.400494
9074.0000,7.837069,-6.085232,-16.385210,19.155281
9075.0000,8.921819,-2.278318,-27.556282,29.054058
9076.0000,13.887642,5.702918,-19.974796,24.987644
9077.0000,18.077194,7.544257,-25.084995,31.826997
9078.0000,18.733006,3.943447,-17.331782,25.823767
9079.0000,17.916979,0.961554,-28.155394,33.386658
9080.0000,13.780413,2.785117,-21.880305,26.007776
9081.0000,5.608707,2.783243,-12.271020,13.776138
9082.0000,13.533853,7.024624,-6.485744,16.570316
9083.0000,8.576897,12.283147,-11.857694,19.106118
9084.0000,10.025976,8.897621,-0.022609,13.404788
9085.0000,18.809761,12.346287,0.939458,22.519336
9086.0000,26.754968,1.790765,11.177077,29.051027
9087.0000,27.657677,3.158450,17.350354,32.801794
9088.0000,18.035424,2.119627,7.926124,19.813954
9089.0000,10.551179,1.844827,3.779373,11.358451
9090.0000,18.608161,-3.069013,12.906177,22.852831
9091.0000,11.823698,-10.633912,16.491319,22.909463
9092.0000,12.969954,5.468129,21.379312,25.596780
9093.0000,18.415100,8.485227,17.116427,26.534639
9094.0000,13.377104,10.866391,19.393814,25.945045
9095.0000,24.204324,15.861078,31.174223,42.535341
9096.0000,19.714327,11.113309,20.212004,30.342799
9097.0000,13.997263,6.309242,3.973803,15.859414
9098.0000,13.652353,14.689497,14.897719,24.982196
9099.0000,10.160215,3.752392,0.175104,10.832409
9100.0000,17.220428,0.841296,13.332672,21.794749
9101.0000,12.265792,17.119400,6.380031,22.005189
9102.0000,7.098240,13.900846,6.461506,16.892886
9103.0000,9.897048,6.874130,6.006362,13.464086
9104.0000,21.016876,9.719052,11.428393,25.822029
9105.0000,25.837413,12.883336,16.925655,33.466850
9106.0000,18.488080,15.089509,29.302399,37.790646
9107.0000,16.066210,11.776237,24.908739,31.894328
9108.0000,21.529147,7.200604,14.152561,26.751595
9109.0000,24.650385,-1.398289,15.091720,28.937117
9110.0000,18.643604,8.409250,9.723694,22.646185
9111.0000,14.526331,6.624931,16.223604,22.762015
9112.0000,20.509980,5.322331,7.714426,22.549919
9113.0000,17.490588,-6.176952,-5.908070,19.467426
9114.0000,16.500635,-6.040555,7.402005,19.066959
9115.0000,9.124255,-10.119889,7.792868,15.696909
9116.0000,13.004866,-13.836840,1.551205,19.052320
9117.0000,4.811970,-8.749026,3.716539,10.654256
9118.0000,9.322571,-4.255758,-2.916569,10.654960
9119.0000,-3.396657,-1.399469,4.629789,5.910223
9120.0000,-1.455926,1.229622,8.802925,9.006841
9121.0000,-10.458986,3.944116,6.509531,12.935240
9122.0000,-21.175742,8.064381,10.434860,24.946595
9123.0000,-15.835892,-8.730199,10.623187,20.972457
9124.0000,-19.445613,-2.793343,21.654625,29.237945
9125.0000,-17.578636,-16.989589,21.128102,32.311782
9126.0000,-7.287440,-16.394968,23.087890,29.239569
9127.0000,-10.105015,-22.380663,30.753136,39.354298
9128.0000,-5.842546,-19.972335,29.341258,35.971362
9129.0000,-1.177915,-16.475148,35.411378,39.074080
9130.0000,-2.423945,-18.637286,33.159979,38.115720
9131.0000,-4.184922,-19.334238,35.985365,41.064252
9132.0000,-2.797215,-12.932414,33.322780,35.853583
9133.0000,-3.428736,-12.231502,37.274333,39.379459
9134.0000,-8.503003,-16.181092,38.017624,42.183747
9135.0000,-9.192735,-17.302713,28.250282,34.379772
9136.0000,-5.420520,-22.088487,26.890693,35.219209
9137.0000,-4.408064,-22.021663,22.908083,32.080601
9138.0000,-6.614607,-15.257744,24.447911,29.567755
9139.0000,-7.693960,-19.627730,21.920525,30.413060
9140.0000,-1.120565,-19.949254,15.197623,25.103707
9141.0000,-0.476528,-10.557485,32.847300,34.505545
9142.0000,1.258934,-13.183007,27.925407,30.906390
9143.0000,-9.341542,-17.831418,28.654163,35.018352
9144.0000,-11.083333,-10.480007,32.227221,35.654797
9145.0000,4.459437,-8.551442,29.598660,31.130282
9146.0000,-6.945291,-9.663766,36.608973,38.494705
9147.0000,-15.598172,-3.219541,26.918839,31.277665
9148.0000,-19.525146,-2.021519,36.025309,41.026098
9149.0000,-6.005358,-5.387856,35.633127,36.535093
9150.0000,-0.842462,-8.963022,29.629091,30.966571
9151.0000,-4.121058,-10.295019,32.476648,34.317681
9152.0000,-1.298660,-8.065624,33.774746,34.748731
9153.0000,-5.067828,-5.552686,41.739989,42.411577
9154.0000,2.036952,1.866831,38.383106,38.482426
9155.0000,-4.199086,6.864216,36.967245,37.832882
9156.0000,2.108340,9.106866,27.908897,29.432748
9157.0000,5.033127,-2.347934,34.805895,35.246213
9158.0000,2.662510,-1.917341,24.419375,24.638812
9159.0000,1.650706,-0.606722,42.122322,42.159020
9160.0000,-1.138154,0.853313,37.846508,37.873232
9161.0000,-6.948761,-3.507936,36.162998,36.991260
9162.0000,-7.743778,-8.169398,27.762647,29.957799
9163.0000,-11.157011,1.664299,19.158504,22.232793
9164.0000,7.876701,-2.290597,21.859764,23.348202
9165.0000,0.357156,-1.806223,32.813838,32.865452
9166.0000,14.095611,-0.351200,18.319326,23.117251
9167.0000,9.968738,1.154401,25.985855,27.856293
9168.0000,6.496918,11.245865,22.473541,25.956492
9169.0000,5.897518,5.542703,35.966192,36.865556
9170.0000,4.061177,2.616967,37.009015,37.323034
9171.0000,0.780460,-8.556453,40.272535,41.178867
9172.0000,-0.514912,-15.034361,39.630395,42.389448
9173.0000,2.863983,-20.598272,41.076564,46.041018
9174.0000,0.707239,-18.260423,46.443841,49.909655
9175.0000,5.444776,-11.136243,34.503270,36.662475
9176.0000,-5.247714,-11.908281,34.677128,37.038478
9177.0000,-13.823097,-9.182151,32.729001,36.695741
9178.0000,-7.357225,-13.191233,22.041460,26.720093
9179.0000,-10.979763,-7.552051,22.678743,26.304259
9180.0000,-10.315933,-10.809317,20.805720,25.615187
9181.0000,-11.527848,-12.430348,18.752103,25.279363
9182.0000,-4.132810,-15.313912,13.219700,20.648402
9183.0000,3.212031,-16.505554,14.241679,22.035786
9184.0000,-3.034904,-21.751720,17.605027,28.147557
9185.0000,-5.056698,-2.862247,19.326524,20.181110
9186.0000,-4.669309,-14.401656,20.699236,25.645049
9187.0000,-2.137474,-15.263984,24.719948,29.131321
9188.0000,-4.580135,-11.739579,19.714397,23.397709
9189.0000,-14.694873,-7.844861,22.678269,28.138675
9190.0000,-17.791877,-12.502431,17.935552,28.187687
9191.0000,-17.804484,-9.575790,17.621860,26.818377
9192.0000,-26.586966,-13.277226,28.031187,40.852160
9193.0000,-22.238674,-8.263387,18.142611,29.866310
9194.0000,-12.611304,-9.391002,15.709770,22.226848
9195.0000,-16.928103,-15.382711,15.509210,27.635558
9196.0000,-20.855406,-12.071908,14.700184,28.227191
9197.0000,-21.483273,-3.214672,19.059009,28.898286
9198.0000,-19.058218,1.266971,6.163503,20.070118
9199.0000,-11.339667,-6.294842,18.644324,22.711756
9200.0000,-15.327796,0.123016,12.544533,19.807114
9201.0000,-17.773145,-15.338679,19.263288,30.368307
9202.0000,-10.381176,-11.243326,5.425455,16.236279
9203.0000,-10.736596,-31.402623,3.255529,33.346630
9204.0000,-7.245443,-16.603041,1.393230,18.168613
9205.0000,-17.404368,-21.509473,6.222239,28.359932
9206.0000,-0.100227,-28.930658,10.255115,30.694632
9207.0000,-2.395075,-31.829357,-3.704665,32.133610
9208.0000,-5.618125,-25.455738,-4.264492,26.414841
9209.0000,-4.347515,-13.886753,0.535131,14.561221
9210.0000,-13.919950,-13.756408,-12.211394,23.067768
9211.0000,-14.626853,-12.292781,-7.210950,20.421927
9212.0000,-18.628634,-4.631011,1.914530,19.290871
9213.0000,-16.622532,-9.889285,-1.038312,19.369683
9214.0000,-7.212923,-12.921279,-8.576053,17.103637
9215.0000,-15.157709,-4.109549,5.415086,16.612275
9216.0000,-13.528155,-7.909146,8.071319,17.627018
9217.0000,-21.804686,-15.056287,20.195780,33.316747
9218.0000,-14.416460,-13.161074,13.712142,23.855209
9219.0000,-8.818652,-19.831597,15.853907,26.877634
9220.0000,-10.491636,-10.632603,-6.045286,16.114347
9221.0000,-12.186238,-13.305293,6.552985,19.195750
9222.0000,-7.628332,-8.049947,5.051095,12.186331
9223.0000,5.216076,-7.183496,12.840845,15.610809
9224.0000,-8.587136,-1.480132,5.320707,10.209780
9225.0000,-2.135727,-1.663009,10.553589,10.895190
9226.0000,0.547723,0.559694,4.964928,5.026308
9227.0000,-0.534412,-0.911929,11.410630,11.459481
9228.0000,-0.811873,-5.744464,16.863138,17.833212
9229.0000,2.534683,2.158838,27.473733,27.674739
9230.0000,4.499796,-6.763676,27.889901,29.048960
9231.0000,3.076786,-5.466126,17.838591,18.909269
9232.0000,-2.983280,12.417400,17.889828,21.980394
9233.0000,3.069820,13.228772,15.046814,20.268962
9234.0000,6.695530,15.014724,9.882595,19.181703
9235.0000,-4.381658,12.431349,11.117875,17.243681
9236.0000,-8.980413,19.481697,12.176079,24.666602
9237.0000,-17.584787,22.260327,12.116332,30.847243
9238.0000,-5.636523,31.010628,18.380264,36.486484
9239.0000,3.995679,25.641084,11.067324,28.211989
9240.0000,4.282115,25.143078,8.357722,26.839568
9241.0000,7.439199,20.246436,2.026904,21.664907
9242.0000,20.835681,19.134885,-5.585437,28.835162
9243.0000,17.665297,19.723676,11.221578,28.757780
9244.0000,19.237163,29.355334,11.510565,36.936394
9245.0000,18.897138,26.457379,11.952035,34.640235
9246.0000,2.869741,28.900584,11.245754,31.143959
9247.0000,5.023483,22.012705,7.482255,23.786103
9248.0000,9.788396,25.396654,10.825694,29.291609
9249.0000,11.169025,30.717561,2.978525,32.820531
9250.0000,14.653914,28.454541,9.972739,33.523926
9251.0000,7.559563,27.273071,8.279981,29.487718
9252.0000,12.232905,21.248485,4.461363,24.920792
9253.0000,5.075177,20.673402,2.683301,21.455701
9254.0000,14.279329,16.637408,-0.699322,21.936080
9255.0000,5.297577,12.030955,2.943012,13.471062
9256.0000,2.815670,12.647100,-2.682846,13.231584
9257.0000,8.145230,6.031885,-1.188961,10.205000
9258.0000,13.482539,5.348461,8.485634,16.804490
9259.0000,8.619526,9.996278,-1.003439,13.237398
9260.0000,8.247535,17.470450,-0.331175,19.322219
9261.0000,-1.029957,4.560515,1.531776,4.919903
9262.0000,2.144487,-9.655128,6.128797,11.635398
9263.0000,-4.323679,6.304446,-0.053371,7.644808
9264.0000,-11.810129,13.784584,4.999821,18.827961
9265.0000,-2.897883,8.551380,1.162928,9.103638
9266.0000,-9.964055,6.358328,-2.187161,12.020582
9267.0000,2.290958,9.034427,0.136162,9.321368
9268.0000,-2.519971,13.267369,-6.062273,14.802854
9269.0000,11.518728,8.127487,-0.650106,14.112398
9270.0000,-6.544093,-2.363408,4.651474,8.369412
9271.0000,-0.697891,6.459609,-3.335722,7.303468
9272.0000,-12.387559,5.694281,-5.890431,14.851722
9273.0000,-13.044461,6.738157,-6.598693,16.096691
9274.0000,-6.143823,13.897966,-13.375695,20.243746
9275.0000,10.082196,12.061551,-16.340961,22.675068
9276.0000,2.311030,8.694461,-3.901740,9.806023
9277.0000,-1.283910,15.489316,-9.385194,18.156244
9278.0000,5.963935,6.819338,-6.743069,11.293399
9279.0000,5.833515,-0.953968,-10.004264,11.620036
9280.0000,3.172213,5.414737,-16.169861,17.344934
9281.0000,8.415753,5.331472,-8.083619,12.829434
9282.0000,6.951186,6.685295,-2.795853,10.041362
9283.0000,0.992348,-1.302319,8.221096,8.382554
9284.0000,9.201013,3.178712,-6.102204,11.489114
9285.0000,11.953903,-0.305566,-1.867258,12.102719
9286.0000,6.811243,3.864525,5.351231,9.484897
9287.0000,9.660490,3.623246,8.157960,13.153147
9288.0000,13.476361,-4.916988,0.355879,14.349764
9289.0000,17.704598,1.659994,2.456391,17.951106
9290.0000,13.062828,-4.187066,0.287161,13.720476
9291.0000,17.780954,-0.194775,0.710375,17.796205
9292.0000,20.990532,0.540723,1.721650,21.067959
9293.0000,15.656082,-5.866617,10.163247,19.565830
9294.0000,11.733574,-4.975366,6.797215,14.444139
9295.0000,21.795719,-7.177324,2.221819,23.054366
9296.0000,20.559444,-7.315037,-1.769328,21.893630
9297.0000,11.120234,-9.674511,-3.638607,15.182069
9298.0000,19.612770,-5.430662,-10.358205,22.835175
9299.0000,17.789500,-7.369365,-5.730028,20.089974
9300.0000,16.762682,-8.569948,-4.682229,19.399866
9301.0000,15.603256,-1.955683,-9.945647,18.606509
9302.0000,2.908246,4.882143,-20.103352,20.891098
9303.0000,4.884789,3.697099,-11.739204,13.241549
9304.0000,7.867178,8.264377,-13.280379,17.508880
9305.0000,11.054533,8.252615,-9.951037,17.009747
9306.0000,13.793554,7.266792,-5.048223,16.387585
9307.0000,10.189225,-3.128341,5.096311,11.814364
9308.0000,11.423401,1.164100,-3.471980,11.995994
9309.0000,2.114377,1.956294,-1.020580,3.056020
9310.0000,10.455807,3.995453,-6.994141,13.198695
9311.0000,8.438968,14.984784,-3.956482,17.646917
9312.0000,6.183186,15.855213,-0.460898,17.024453
9313.0000,11.111639,7.666908,-2.992078,13.827600
9314.0000,3.423925,14.011168,-10.380201,17.770331
9315.0000,7.813138,25.917261,-20.747701,34.105962
9316.0000,6.957323,27.970381,-18.622470,34.315345
9317.0000,0.193977,24.899358,-12.617413,27.914419
9318.0000,5.650562,17.064405,-12.711905,22.016251
9319.0000,-0.826163,19.358883,-15.207020,24.631329
9320.0000,4.037067,22.294476,-5.534434,23.323198
9321.0000,0.775570,18.901116,-3.930839,19.321108
9322.0000,-3.958312,17.083358,0.084583,17.536149
9323.0000,-5.481245,8.457120,5.950700,11.703750
9324.0000,-11.892870,5.878760,13.934391,19.239736
9325.0000,-4.064043,3.959249,6.258020,8.447184
9326.0000,-6.741463,-1.345385,11.651968,13.528700
9327.0000,0.734546,1.352727,6.147509,6.337294
9328.0000,-5.763516,2.193392,10.476923,12.157097
9329.0000,-5.709754,1.639128,13.495735,14.745267
9330.0000,-11.544987,-4.741534,11.785465,17.165840
9331.0000,-10.933382,-10.551399,18.876192,24.231828
9332.0000,-2.234056,-0.918605,13.843692,14.052852
9333.0000,-9.574014,-4.670214,17.630489,20.598708
9334.0000,-6.252397,-9.045855,1.411244,11.086549
9335.0000,-12.539251,-16.170927,11.447603,23.447373
9336.0000,-6.512956,-10.622480,5.115774,13.469477
9337.0000,5.072795,-3.686912,7.193196,9.542989
9338.0000,3.733648,-7.996387,-0.141321,8.826228
9339.0000,-0.526031,-5.816683,5.230942,7.840489
9340.0000,9.280926,-7.010256,-0.489255,11.641248
9341.0000,8.947010,-13.262450,6.062300,17.108274
9342.0000,3.813881,-9.992383,4.522788,11.612451
9343.0000,10.067963,-15.499180,6.478137,19.584553
9344.0000,10.097677,-8.304243,16.983312,21.432602
9345.0000,16.771914,-9.824913,10.601712,22.140964
9346.0000,9.996685,2.814270,12.298654,16.096916
9347.0000,0.308823,-13.066501,5.316292,14.109988
9348.0000,1.448464,-2.480793,16.512925,16.760939
9349.0000,0.735500,-17.935375,11.859860,21.514528
9350.0000,-3.297981,-8.937580,5.081378,10.797102
9351.0000,-2.650254,-7.712840,14.868638,16.958424
9352.0000,2.895876,-5.395029,4.333801,7.501617
9353.0000,2.614385,-5.983083,6.997201,9.570429
9354.0000,7.103130,11.011273,3.206681,13.490196
9355.0000,4.218317,-4.678631,8.801216,10.823363
9356.0000,-3.890834,-6.152258,4.424811,8.518675
9357.0000,0.303452,-15.021715,12.401241,19.481652
9358.0000,-12.593934,-12.344082,4.536533,18.208889
9359.0000,-16.618412,-13.030413,-10.551940,23.607345
9360.0000,-7.398233,-10.791915,-8.244581,15.465199
9361.0000,-4.656482,-8.215742,-16.244197,18.789763
9362.0000,-8.021013,-4.836804,0.862503,9.406127
9363.0000,-14.843583,6.638457,-1.473496,16.327041
9364.0000,-16.949597,-6.468044,0.185493,18.142735
9365.0000,-10.676233,-11.946522,3.816529,16.470192
9366.0000,-3.899743,-9.672072,6.666174,12.377191
9367.0000,-4.642246,-10.244779,15.783045,19.380672
9368.0000,-2.944910,-1.630752,7.580925,8.294713
9369.0000,0.730319,-10.939166,2.682754,11.286978
9370.0000,3.399399,-12.630256,1.309742,13.145140
9371.0000,4.671218,-0.576028,-1.330464,4.891035
9372.0000,8.846745,0.080232,-6.123234,10.759430
9373.0000,12.720478,-4.248793,-4.912869,14.282825
9374.0000,12.034752,-15.267706,-3.885496,19.825115
9375.0000,7.703893,-0.979827,-5.906319,9.756774
9376.0000,5.336108,-6.298598,0.829486,8.296652
9377.0000,10.889644,-3.602154,2.001444,11.643265
9378.0000,-6.023508,-9.168708,4.996138,12.054428
9379.0000,8.649631,-5.324477,7.300005,12.508246
9380.0000,1.799079,-5.626432,3.163786,6.700968
9381.0000,-4.678840,-3.248213,0.878210,5.763132
9382.0000,-0.748915,-5.537026,3.447343,6.565341
9383.0000,1.702627,-10.406188,0.080093,10.544861
9384.0000,-1.431236,-11.192889,-0.556588,11.297742
9385.0000,-2.622730,-3.256728,2.633670,4.941782
9386.0000,1.853015,-9.668838,2.297914,10.109426
9387.0000,6.849758,-2.558919,6.596518,9.847908
9388.0000,5.547384,2.434179,5.563179,8.224820
9389.0000,13.278557,7.630772,15.178346,21.562257
9390.0000,8.243866,-5.648379,9.275643,13.634627
9391.0000,6.186798,-12.584366,11.814765,18.336614
9392.0000,5.274530,-24.782387,2.777394,25.489238
9393.0000,10.431401,-29.595020,9.559584,32.803429
9394.0000,0.548531,-21.051596,14.407080,25.515378
9395.0000,-1.423001,-24.917533,14.007155,28.620076
9396.0000,-2.116229,-30.514762,17.939153,35.460434
9397.0000,-11.513133,-39.038064,9.687657,41.837464
9398.0000,1.832543,-40.416954,2.985428,40.568475
9399.0000,1.543318,-36.293937,4.161765,36.564354
9400.0000,6.080203,-32.476733,4.191757,33.305823
9401.0000,3.819165,-26.290666,5.375716,27.105045
9402.0000,1.151007,-25.479569,-0.842914,25.519478
9403.0000,-8.653025,-27.038198,1.987671,28.458563
9404.0000,-4.401582,-24.188805,-13.622007,28.107496
9405.0000,-7.910474,-16.670234,-7.380252,19.873107
9406.0000,-7.536364,-12.533803,-11.704964,18.732303
9407.0000,-9.583839,-16.007354,-7.438367,20.085185
9408.0000,-12.392792,-6.757608,0.681120,14.131896
9409.0000,-6.745463,-8.391654,1.218089,10.835353
9410.0000,-3.429103,-3.725376,-7.045531,8.676214
9411.0000,-6.870220,-6.664737,-1.335247,9.664447
9412.0000,-9.125457,-5.775072,-9.349475,14.284191
9413.0000,-5.230225,-11.306453,-11.614293,17.031821
9414.0000,-5.642271,-16.478145,-9.075833,19.640143
9415.0000,-5.644393,-21.629872,-9.943885,24.466127
9416.0000,-21.869619,-12.220354,0.334520,25.054524
9417.0000,-23.308783,-17.405112,-4.182313,29.389267
9418.0000,-11.328933,-14.711055,0.332831,18.570693
9419.0000,-12.389483,-4.985561,0.357026,13.359737
9420.0000,-18.869805,-6.189442,10.245378,22.346062
9421.0000,-20.134003,-1.279076,9.514923,22.305781
9422.0000,-5.383565,-10.427126,16.416915,20.179763
9423.0000,-18.468314,-12.507715,11.008193,24.873718
9424.0000,-5.204560,-14.569963,12.369928,19.808745
9425.0000,0.670951,-13.946468,14.060449,19.815408
9426.0000,-6.773445,-6.830291,23.249259,25.160694
9427.0000,-16.029578,-13.064492,20.440863,29.076747
9428.0000,-23.112122,-8.778399,22.286790,33.285605
9429.0000,-25.268872,-10.518963,16.080120,31.744837
9430.0000,-21.213873,-5.104104,12.570775,25.181435
9431.0000,-19.981794,-4.688657,8.632844,22.266153
9432.0000,-23.058404,-4.770915,7.955447,24.854391
9433.0000,-19.431919,-6.390591,6.326131,21.411657
9434.0000,-15.434983,-11.804411,5.955348,20.323607
9435.0000,-13.253036,-15.178862,13.751443,24.395553
9436.0000,-8.467540,-12.105535,15.107379,21.129982
9437.0000,-3.647647,-11.479779,12.740303,17.532997
9438.0000,2.243966,-10.014295,18.601216,21.244451
9439.0000,-3.556281,-2.976199,12.274907,13.121670
9440.0000,-3.871267,-6.312460,13.130818,15.074888
9441.0000,-10.557360,-13.594222,9.031957,19.438029
9442.0000,-11.947619,-11.666726,0.741529,16.715501
9443.0000,-17.238937,-15.915497,2.977516,23.650573
9444.0000,-27.053822,-14.506352,-4.493235,31.024711
9445.0000,-19.313540,-10.274910,2.244583,21.991470
9446.0000,-30.687692,-13.234815,9.956196,34.871486
9447.0000,-23.238800,-13.027909,3.616428,26.885810
9448.0000,-19.111415,-5.027076,8.592098,21.548593
9449.0000,-20.253724,-8.070848,2.488461,21.944120
9450.0000,-22.125723,-5.594925,-5.010831,23.365771
9451.0000,-19.365151,-14.512794,3.600565,24.466187
9452.0000,-20.678579,-12.951058,5.831236,25.086587
9453.0000,-15.258636,-10.682488,3.711729,18.992589
9454.0000,-11.239918,-5.433580,7.787964,14.714344
9455.0000,-12.081477,-3.780129,6.059756,14.034675
9456.0000,-11.999000,0.198047,7.044295,13.915363
9457.0000,-7.854344,-16.361292,10.110210,20.774959
9458.0000,-6.644712,-14.844315,10.691363,19.463071
9459.0000,-6.671503,-21.178840,3.445917,22.470571
9460.0000,-2.015749,-16.762433,-1.346853,16.936836
9461.0000,1.746971,-14.409934,9.950174,17.598411
9462.0000,-10.506300,-1.569469,7.017723,12.731614
9463.0000,-5.478513,-8.043269,1.644476,9.869782
9464.0000,-7.205254,-17.546447,7.265314,20.312023
9465.0000,0.173193,-17.693761,-4.062461,18.154965
9466.0000,-6.602618,-12.282634,-2.957744,14.255032
9467.0000,-3.536592,-21.875684,-7.410148,23.365858
9468.0000,-12.656092,-11.239490,2.034838,17.048266
9469.0000,-4.403175,-3.742547,-1.689172,6.020624
9470.0000,-11.438469,3.748176,-2.104481,12.219502
9471.0000,-13.826603,-2.393919,4.740113,14.811295
9472.0000,-18.764824,-12.706539,7.136989,23.759447
9473.0000,-16.757267,-15.183459,5.559224,23.286227
9474.0000,-5.515808,-4.101263,13.355662,15.020592
9475.0000,-9.081015,-7.659733,5.272931,12.997697
9476.0000,-13.244013,-2.699377,-2.052775,13.671299
9477.0000,-11.243618,-12.701632,0.148225,16.963855
9478.0000,3.466833,-6.517201,2.241927,7.714861
9479.0000,-1.355856,-6.164773,-4.620871,7.822738
9480.0000,4.035782,-8.067240,-10.662799,13.966502
9481.0000,0.087365,-5.211944,-16.147689,16.968201
9482.0000,3.162851,-10.940295,-12.968597,17.259148
9483.0000,-6.552234,-17.789927,-10.346602,21.597811
9484.0000,-4.714310,-5.894126,-13.880580,15.799872
9485.0000,-0.473417,-12.367458,-0.832353,12.404473
9486.0000,0.493731,-10.195875,-14.338281,17.600737
9487.0000,9.443885,-12.892137,-7.025020,17.456949
9488.0000,6.970862,-21.569426,-0.699554,22.678678
9489.0000,7.458521,-14.263851,-11.848250,19.986696
9490.0000,17.464002,-14.613264,-11.892474,25.689877
9491.0000,12.184537,-6.450331,-20.107605,24.380023
9492.0000,3.360059,-0.832283,-17.116801,17.463320
9493.0000,6.691319,-15.954167,-9.980157,19.972800
9494.0000,8.504806,-12.161717,-11.397775,18.712252
9495.0000,7.943741,-13.406799,-7.264939,17.193738
9496.0000,10.123615,-17.689803,-12.101256,23.703525
9497.0000,4.945791,-16.723774,-7.812007,19.109498
9498.0000,4.867973,-18.155919,-15.054734,24.082765
9499.0000,2.386458,-12.960995,-16.978188,21.492823
9500.0000,-3.312897,-10.747427,-13.546380,17.606445
9501.0000,2.862130,-10.514200,-14.403725,18.061215
9502.0000,-1.713068,-15.321377,-15.748463,22.038450
9503.0000,1.850212,-22.490405,-7.221692,23.693763
9504.0000,3.667287,-12.512706,-7.439525,15.012107
9505.0000,0.619773,-19.639784,-8.686559,21.483984
9506.0000,9.519328,-11.664776,-12.594002,19.628894
9507.0000,5.522327,-10.153234,-11.586479,16.365536
9508.0000,10.071332,-9.396967,-21.407815,25.456419
9509.0000,10.571142,-18.635160,-25.802009,33.537471
9510.0000,6.217875,-6.911060,-11.500504,14.788046
9511.0000,10.953909,-3.946560,-20.286156,23.389989
9512.0000,-4.375042,-6.489646,-14.536365,16.509464
9513.0000,8.906915,-5.458808,-15.795290,18.937342
9514.0000,8.126147,-13.373067,-28.725592,32.711356
9515.0000,13.044311,-10.466234,-23.514891,28.855610
9516.0000,16.157086,-23.928043,-21.462244,35.975417
9517.0000,18.719126,-17.044785,-13.106916,28.508273
9518.0000,14.761591,5.163386,-7.502074,17.344920
9519.0000,25.398311,10.409096,0.271753,27.449906
9520.0000,18.740489,5.396558,-2.561469,19.669517
9521.0000,13.314327,5.696269,-15.474502,21.193844
9522.0000,6.503747,4.462880,-11.619623,14.043919
9523.0000,16.202494,-5.326347,-6.363121,18.203848
9524.0000,6.912909,3.383647,-1.666141,7.874859
9525.0000,8.278006,3.770930,-2.290143,9.380301
9526.0000,17.398919,-7.790640,-5.807273,19.928394
9527.0000,10.646229,-6.828124,-2.049281,12.812690
9528.0000,17.471605,0.647066,-3.204563,17.774839
9529.0000,9.724255,-0.264314,-3.815212,10.449251
9530.0000,7.763184,-7.391332,-0.784054,10.747724
9531.0000,4.239343,-2.209905,1.927356,5.154649
9532.0000,7.717523,-2.854654,1.388086,8.344818
9533.0000,5.540609,-3.903399,4.207006,7.977077
9534.0000,5.976482,2.761877,-0.811791,6.633650
9535.0000,4.217358,-10.490129,-3.566823,11.855427
9536.0000,3.598767,-8.051610,-15.584885,17.907211
9537.0000,-4.571478,-14.150792,-6.825734,16.362578
9538.0000,-3.925494,0.616626,-8.868236,9.717784
9539.0000,5.948641,-6.519228,-5.116810,10.201392
9540.0000,12.597889,0.273992,-0.462850,12.609366
9541.0000,8.425807,-18.260274,-0.620493,20.120060
9542.0000,5.273327,-21.797916,-2.975404,22.623221
9543.0000,3.333113,-8.508735,-0.852360,9.177948
9544.0000,4.431528,-7.674665,-1.047780,8.923943
9545.0000,6.313469,-11.910947,4.905580,14.345566
9546.0000,4.593467,-12.579092,7.732399,15.463618
9547.0000,2.680422,-10.554423,6.561282,12.713416
9548.0000,5.841534,-14.699347,3.774855,16.261730
9549.0000,6.267415,-4.759830,-4.891542,9.266264
9550.0000,-2.816815,-6.645993,-2.258525,7.563373
9551.0000,5.592303,2.265893,2.360594,6.479238
9552.0000,5.021983,7.494696,5.034776,10.331493
9553.0000,10.070223,5.247754,5.333218,12.545578
9554.0000,13.534437,4.297739,13.982206,19.928713
9555.0000,20.614673,1.536476,18.829681,27.962160
9556.0000,28.202499,-5.301119,9.766129,30.312705
9557.0000,19.364695,-16.037985,13.862393,28.711919
9558.0000,27.897936,-13.684354,10.302829,32.736901
9559.0000,19.685918,-18.478276,3.558563,27.233168
9560.0000,19.285581,-15.121288,2.211535,24.606460
9561.0000,27.892927,-14.446379,7.922544,32.395678
9562.0000,22.370513,-22.155605,-2.989766,31.626719
9563.0000,20.878242,-18.622157,-4.590823,28.350686
9564.0000,21.645341,-18.113220,-4.558698,28.590055
9565.0000,21.318514,-16.511215,-1.268539,26.994600
9566.0000,27.959050,-13.959141,-7.239824,32.077736
9567.0000,21.765668,-14.767798,-0.003910,26.302703
9568.0000,10.549035,-21.228166,-10.326340,25.856343
9569.0000,13.212405,-27.052298,-1.876772,30.164826
9570.0000,5.564395,-24.168665,-20.006051,31.864226
9571.0000,8.296187,-25.445493,-12.594166,29.578926
9572.0000,10.028894,-30.625690,-7.088805,32.996406
9573.0000,8.386422,-21.475186,-9.197957,24.821727
9574.0000,8.530477,-23.980142,-13.918506,29.009327
9575.0000,6.926826,-12.756346,-14.805653,20.734335
9576.0000,10.390946,-10.024718,-11.756080,18.619134
9577.0000,8.761960,-12.446186,-12.073319,19.427932
9578.0000,5.525965,-5.858828,-8.044636,11.383248
9579.0000,13.707177,-6.683811,-3.222179,15.586612
9580.0000,11.623196,3.645512,-12.994157,17.811135
9581.0000,10.984889,-1.581577,-7.798976,13.564410
9582.0000,14.869138,-1.400844,-8.898908,17.385171
9583.0000,12.062536,2.550024,-9.209631,15.389109
9584.0000,13.525511,0.235257,-10.592617,17.181336
9585.0000,12.643508,-8.578223,-9.062949,17.764607
9586.0000,11.497601,-3.655052,-11.342426,16.559132
9587.0000,12.196823,-1.634777,-7.877327,14.611203
9588.0000,13.916814,4.233774,-14.086844,20.249487
9589.0000,10.191427,-0.519955,-9.447370,13.906413
9590.0000,2.531900,-6.083301,-5.894914,8.841214
9591.0000,8.331719,0.080504,-5.824699,10.166176
9592.0000,10.478498,-6.735764,-5.346936,13.555780
9593.0000,10.871899,-8.245179,2.930595,13.955986
9594.0000,20.354794,3.768291,1.006410,20.725118
9595.0000,19.739722,1.060400,5.419278,20.497552
9596.0000,6.185558,0.226894,8.582034,10.581300
9597.0000,1.572509,0.997128,13.772919,13.898214
9598.0000,10.384860,0.390806,15.355945,18.541928
9599.0000,3.503340,3.848385,15.605893,16.450755
9600.0000,3.760627,-4.738239,14.150024,15.388840
9601.0000,2.664777,-1.575433,16.530664,16.818022
9602.0000,1.608211,-2.078201,27.718306,27.842589
9603.0000,-0.477542,-2.565065,24.972130,25.108064
9604.0000,5.922656,-5.285478,19.536880,21.088001
9605.0000,8.468766,-7.375253,27.293676,29.513711
9606.0000,10.240728,-6.744410,21.161921,24.457851
9607.0000,12.735310,-3.331703,28.664068,31.542308
9608.0000,18.417993,-15.016386,28.276192,36.935855
9609.0000,2.781777,6.597331,36.802324,37.492321
9610.0000,0.973169,-7.756250,31.004451,31.974716
9611.0000,-1.531317,-7.033491,31.789899,32.594671
9612.0000,-4.911391,9.183963,29.053085,30.863388
9613.0000,-5.285212,11.451856,28.495050,31.161617
9614.0000,-9.430259,12.853717,23.155611,28.112811
9615.0000,0.826467,9.363060,22.957196,24.806910
9616.0000,-9.367841,7.825553,19.153773,22.712612
9617.0000,2.439099,14.151902,15.808343,21.357183
9618.0000,2.821555,6.279762,21.545351,22.618548
9619.0000,-9.098681,-0.727838,21.398918,23.264338
9620.0000,3.692544,3.448024,20.645901,21.255046
9621.0000,8.220456,-0.702584,19.386851,21.069398
9622.0000,-15.608460,0.401714,13.134611,20.403514
9623.0000,-9.426359,-4.532307,10.037542,14.496561
9624.0000,-5.835829,11.637871,-3.281714,13.426339
9625.0000,-9.403905,1.566381,5.299665,10.907494
9626.0000,2.002461,-7.147727,-4.749835,8.812536
9627.0000,-3.688514,-4.091138,7.268588,9.120028
9628.0000,0.386164,-1.023952,10.020339,10.079921
9629.0000,2.549530,-1.594468,6.167652,6.861659
9630.0000,1.283206,1.502400,1.361393,2.399420
9631.0000,-0.089835,3.170516,-5.425682,6.284765
9632.0000,1.931015,-1.439269,-12.197904,12.433389
9633.0000,1.258266,1.246313,-2.115606,2.759043
9634.0000,0.132674,-0.007842,-5.262659,5.264337
9635.0000,7.911293,4.466544,-0.214896,9.087615
9636.0000,9.828493,-1.867175,-4.525800,10.980368
9637.0000,7.082759,6.879849,-1.756380,10.029091
9638.0000,10.273583,11.207104,11.545529,19.090440
9639.0000,1.019396,18.082248,7.271287,19.516108
9640.0000,11.628475,24.638292,-12.707028,30.062193
9641.0000,3.238954,11.264068,0.161549,11.721610
9642.0000,1.761009,12.205228,-2.719834,12.627994
9643.0000,3.070435,15.394876,-0.964312,15.727672
9644.0000,2.900054,12.973373,1.928815,13.432761
9645.0000,3.899094,14.629939,0.912255,15.168067
9646.0000,3.876368,11.900059,-11.140609,16.755620
9647.0000,10.197472,3.702542,0.148570,10.849853
9648.0000,4.375199,6.286444,-7.991744,11.069314
9649.0000,2.061540,3.819674,3.274798,5.437294
9650.0000,16.626858,1.845295,-4.280317,17.267849
9651.0000,8.211617,6.732543,-2.474917,10.903349
9652.0000,9.336787,10.854801,0.117391,14.318383
9653.0000,13.865692,7.703853,-2.780083,16.103901
9654.0000,23.923599,3.780702,2.576557,24.357153
9655.0000,23.033471,2.428750,-10.236451,25.322412
9656.0000,17.015158,-3.842039,-4.133690,17.926636
9657.0000,11.490378,-0.167570,-2.128983,11.687149
9658.0000,2.433714,12.333745,-8.438157,15.140896
9659.0000,7.625496,-2.898378,-8.024913,11.443252
9660.0000,1.271569,-1.732756,-3.378937,4.004566
9661.0000,-1.729882,-10.566890,-1.477455,10.809002
9662.0000,6.999845,-0.994726,-8.100747,10.752182
9663.0000,8.601442,-15.261454,2.269101,17.664813
9664.0000,0.891115,-12.105334,4.134307,12.822858
9665.0000,9.024836,6.782471,4.196528,12.044104
9666.0000,7.708604,-1.154732,15.546807,17.391354
9667.0000,11.201962,-1.436256,12.772015,17.049081
9668.0000,15.065359,1.894946,13.048311,20.020346
9669.0000,10.795706,2.587449,4.052237,11.817901
9670.0000,20.625651,-4.617452,12.322793,24.466090
9671.0000,20.639416,-2.313903,9.670179,22.909649
9672.0000,32.115631,15.893907,4.494775,36.114167
9673.0000,25.068710,18.876277,2.411398,31.473305
9674.0000,17.153628,22.814173,8.824833,29.876598
9675.0000,1.871800,18.387068,10.123655,21.073118
9676.0000,2.861757,23.908215,10.357205,26.211907
9677.0000,2.467050,28.988528,15.665790,33.042973
9678.0000,-0.196376,28.912772,18.441667,34.294052
9679.0000,-14.172531,20.685113,29.709708,38.876745
9680.0000,5.169023,17.464938,30.417505,35.453737
9681.0000,5.077585,12.147977,23.827673,27.223395
9682.0000,12.716660,5.432331,24.069382,27.758941
9683.0000,13.633761,19.014421,15.250241,27.928435
9684.0000,12.389534,16.714096,10.612022,23.355439
9685.0000,11.050933,13.144723,9.682417,19.714362
9686.0000,13.062583,14.632967,3.956987,20.010311
9687.0000,5.786238,11.311896,10.940425,16.767005
9688.0000,5.090847,5.633919,14.824347,16.655901
9689.0000,-1.041940,9.393611,20.699203,22.754836
9690.0000,-0.352231,11.965222,4.078317,12.646077
9691.0000,10.631436,8.939735,6.743103,15.440716
9692.0000,7.313414,4.495460,19.006004,20.854816
9693.0000,3.716632,11.152577,17.235949,20.863156
9694.0000,9.589548,14.519077,17.409276,24.613937
9695.0000,7.356839,13.360105,21.878883,26.670227
9696.0000,16.544771,5.481675,18.499189,25.416494
9697.0000,10.687752,15.074079,17.985836,25.786551
9698.0000,17.315282,11.361728,11.269528,23.577746
9699.0000,16.581300,-2.758782,5.035839,17.547366
9700.0000,13.980896,10.886301,7.857370,19.383376
9701.0000,23.725058,21.646798,14.073930,35.064765
9702.0000,24.606108,5.667331,15.610907,29.686354
9703.0000,15.479154,11.441775,6.260901,20.241475
9704.0000,26.631452,17.918823,-3.259039,32.263598
9705.0000,31.779711,21.228632,12.880843,40.330150
9706.0000,28.044197,13.097601,10.864121,32.803251
9707.0000,19.757578,5.648451,8.091131,22.084685
9708.0000,16.988712,7.105599,8.004159,20.079154
9709.0000,9.742816,7.791949,4.956424,13.423974
9710.0000,13.747346,7.440739,4.841925,16.364545
9711.0000,6.949974,13.374719,10.393335,18.308650
9712.0000,4.526626,14.781296,15.515842,21.902475
9713.0000,3.754816,14.652715,16.754079,22.572103
9714.0000,2.590992,13.704577,17.236714,22.172798
9715.0000,0.956861,28.214030,17.674203,33.306523
9716.0000,3.140506,24.599192,17.404202,30.296688
9717.0000,6.250618,24.087890,20.371753,32.160612
9718.0000,5.780161,15.631964,29.112421,33.545515
9719.0000,13.442889,18.730292,20.249566,30.685176
9720.0000,6.868422,13.431980,16.377822,22.267159
9721.0000,3.726408,8.497201,11.099469,14.466746
9722.0000,-0.687832,27.133738,12.442618,29.858527
9723.0000,-3.292065,26.065125,18.098946,31.902983
9724.0000,-1.988992,25.666737,21.941065,33.825254
9725.0000,8.831125,28.031441,17.149244,34.027151
9726.0000,10.513929,26.346939,8.081403,29.495983
9727.0000,14.425991,17.655546,11.043511,25.333509
9728.0000,17.739724,22.163884,13.541201,31.453134
9729.0000,17.414578,24.595306,19.502512,35.896303
9730.0000,15.622141,19.415562,2.390084,25.034533
9731.0000,11.596564,11.748068,3.665186,16.909494
9732.0000,10.299827,13.918545,0.707341,17.329532
9733.0000,11.826981,3.236903,15.271792,19.585266
9734.0000,10.919329,11.060905,19.864897,25.222797
9735.0000,12.326148,6.150279,25.308316,28.814418
9736.0000,11.464486,7.864375,14.652322,20.198351
9737.0000,10.077674,3.734395,13.371431,17.155185
9738.0000,7.555779,-6.937248,18.117917,20.820041
9739.0000,6.355979,-2.009906,24.167942,25.070453
9740.0000,8.667331,-4.906428,8.824477,13.306655
9741.0000,11.438762,-12.109532,4.630695,17.289574
9742.0000,16.946469,-19.476269,1.558516,25.863814
9743.0000,25.282835,0.581914,4.025987,25.607986
9744.0000,30.132727,-16.111588,9.870405,35.566690
9745.0000,35.140663,-18.565470,5.428576,40.112496
9746.0000,39.672718,-22.038952,-0.787660,45.390091
9747.0000,37.916366,-18.152126,-0.617078,42.042018
9748.0000,24.254380,-19.374138,11.578338,33.131406
9749.0000,39.849645,-16.711940,4.402160,43.435725
9750.0000,32.974986,-19.257858,12.765035,40.263643
9751.0000,22.261972,-14.446759,12.888820,29.502982
9752.0000,19.205590,-9.860653,4.319075,22.016848
9753.0000,10.798889,-2.211491,6.143299,12.619303
9754.0000,15.103026,-6.259243,2.170464,16.492132
9755.0000,16.667099,-13.705851,11.075953,24.255294
9756.0000,17.561996,-5.158905,2.849508,18.524516
9757.0000,22.752428,-13.211935,17.287217,31.481361
9758.0000,21.234775,-16.072304,19.427342,32.964470
9759.0000,16.125023,-14.550562,19.420721,29.135882
9760.0000,16.621295,-12.299138,15.435062,25.802663
9761.0000,15.136915,-17.103374,17.778083,28.943252
9762.0000,21.501184,-19.317786,20.853930,35.642168
9763.0000,10.576068,-14.067467,21.302239,27.632086
9764.0000,4.636161,-13.885419,19.826386,24.645171
9765.0000,-1.590848,-11.827324,23.722496,26.555098
9766.0000,2.507877,-0.582449,32.914619,33.015160
9767.0000,10.827349,12.047704,20.110052,25.822332
9768.0000,12.961722,-3.446999,23.157199,26.760865
9769.0000,16.972531,4.392614,12.490833,21.526328
9770.0000,4.875107,3.306510,15.043520,16.155716
9771.0000,8.641953,13.410841,-5.023255,16.726240
9772.0000,-4.946139,10.773719,2.044454,12.029842
9773.0000,1.589076,9.892583,5.662400,11.508741
9774.0000,10.130126,13.598352,4.608099,17.571830
9775.0000,-2.671729,13.540633,7.201448,15.567522
9776.0000,-4.372452,11.976535,9.162502,15.700547
9777.0000,-4.432056,2.438477,3.515140,6.159992
9778.0000,-1.101247,11.530402,10.049192,15.334575
9779.0000,0.812808,7.339633,6.863689,10.081721
9780.0000,-2.490055,13.512054,6.679387,15.277113
9781.0000,-2.400043,9.052493,10.307026,13.926329
9782.0000,-1.387372,4.801314,9.804328,11.004647
9783.0000,-0.155191,7.106207,9.010000,11.476165
9784.0000,-1.227322,5.860527,8.676506,10.542004
9785.0000,10.846009,1.808196,4.861686,12.022540
9786.0000,0.669148,8.100894,3.629123,8.901841
9787.0000,3.746385,12.442903,-1.866085,13.127967
9788.0000,4.610093,4.684818,2.991859,7.221612
9789.0000,1.405679,3.809355,1.005721,4.183132
9790.0000,1.591196,-1.682931,-4.024082,4.642995
9791.0000,1.759022,6.711505,-9.898563,12.088011
9792.0000,-1.008362,1.484380,-13.314842,13.435222
9793.0000,-6.900957,-0.491825,-6.956137,9.810858
9794.0000,-0.259705,-10.487179,-5.598115,11.890637
9795.0000,1.682510,-5.099440,-8.036124,9.665113
9796.0000,0.028336,2.939193,-15.310910,15.590498
9797.0000,12.070633,-0.689702,-8.796842,14.951933
9798.0000,4.966790,6.503080,-9.173322,12.292636
9799.0000,0.721786,6.297386,-12.156034,13.709384
9800.0000,10.200117,11.166704,-4.662670,15.826502
9801.0000,12.721318,19.118018,-2.625344,23.113264
9802.0000,6.056982,17.929594,4.195479,19.384515
9803.0000,8.797647,24.683484,-1.381307,26.240827
9804.0000,-2.999440,17.805920,-1.243339,18.099540
9805.0000,3.152771,17.149154,16.866243,24.259093
9806.0000,-2.021473,11.180611,12.574901,16.947582
9807.0000,-8.485882,2.057913,1.432473,8.848569
9808.0000,3.078173,6.472158,17.344052,18.766463
9809.0000,6.526409,2.800604,20.998209,22.166690
9810.0000,2.071291,6.187347,14.912822,16.277769
9811.0000,17.140133,9.761924,26.878782,33.339890
9812.0000,15.938013,-1.960969,30.604563,34.561611
9813.0000,10.211265,5.000756,27.899239,30.127147
9814.0000,11.089522,7.755388,31.067722,33.886973
9815.0000,6.077798,6.353535,24.980695,26.482866
9816.0000,19.361948,-0.263552,18.780724,26.975360
9817.0000,8.077701,14.784551,7.249266,18.340776
9818.0000,9.846651,15.377130,15.637596,24.040530
9819.0000,15.784806,15.543378,18.753263,29.024844
9820.0000,18.300958,9.004775,19.642398,28.316688
9821.0000,16.925772,0.546190,22.737587,28.350978
9822.0000,16.181432,1.766641,33.027791,36.821118
9823.0000,7.260503,12.142671,32.607869,35.544796
9824.0000,9.023854,11.420462,29.986356,33.332244
9825.0000,6.334658,1.547446,30.532806,31.221382
9826.0000,7.978531,0.421032,27.312333,28.456946
9827.0000,11.093899,9.175603,12.460789,19.040419
9828.0000,22.169676,8.537459,19.238777,30.569810
9829.0000,19.791802,4.249128,29.673312,35.920412
9830.0000,28.329979,11.363059,21.608332,37.398220
9831.0000,19.526982,3.405508,26.225475,32.873638
9832.0000,-0.252777,-2.064960,24.653277,24.740898
9833.0000,6.212019,-6.426508,24.335585,25.925082
9834.0000,19.777806,-7.982754,23.011573,31.375444
9835.0000,20.176932,-1.398118,30.252009,36.390210
9836.0000,20.872180,-5.714555,36.321909,42.279843
9837.0000,19.328901,5.630526,33.286413,38.901086
9838.0000,16.042147,13.763206,32.698150,38.935143
9839.0000,13.101817,5.251867,23.376806,27.307779
9840.0000,11.669580,1.664345,30.487534,32.686983
9841.0000,5.275531,6.857052,18.993919,20.871496
9842.0000,7.781222,-4.147842,17.277988,19.397961
9843.0000,7.564408,2.122144,25.775942,26.946669
9844.0000,2.599948,1.161878,19.517944,19.724600
9845.0000,3.566278,2.432976,26.500935,26.850275
9846.0000,6.419898,-3.062540,19.317873,20.585783
9847.0000,7.925404,-2.803193,18.252850,20.095682
9848.0000,7.465560,-8.973540,9.060141,14.776507
9849.0000,-3.458068,-8.199418,17.049415,19.232037
9850.0000,2.549819,-13.686492,20.977811,25.177176
9851.0000,2.676713,-21.439577,15.488178,26.583903
9852.0000,4.613470,-20.973461,15.961128,26.756827
9853.0000,4.035200,-17.174765,19.593419,26.365839
9854.0000,5.975616,-20.465259,18.489306,28.220369
9855.0000,-2.088239,-11.075386,23.769649,26.306295
9856.0000,9.153215,-17.214103,14.855508,24.511075
9857.0000,7.357796,-14.230628,12.045456,20.043476
9858.0000,-0.525892,-4.892249,-0.523399,4.948193
9859.0000,6.259177,-7.105795,5.632816,11.018087
9860.0000,-2.432645,-12.538380,14.352195,19.212346
9861.0000,-8.216535,-16.194935,10.262827,20.859362
9862.0000,-0.088318,-11.331536,23.467253,26.059997
9863.0000,2.746589,1.624162,17.084898,17.380316
9864.0000,-7.150212,-3.437896,14.292030,16.346461
9865.0000,-2.103158,4.456847,12.132685,13.095374
9866.0000,3.721966,9.105909,12.516186,15.919344
9867.0000,-1.007814,-3.274659,8.812147,9.454788
9868.0000,-4.241232,3.319895,6.615405,8.530729
9869.0000,4.223806,1.508385,14.378856,15.062113
9870.0000,-4.043565,9.210787,16.370851,19.214416
9871.0000,1.353072,3.629286,15.769731,16.238440
9872.0000,-4.230519,-3.074647,12.343052,13.405286
9873.0000,-2.002706,2.754715,13.368277,13.795293
9874.0000,4.309393,4.216338,19.862218,20.757073
9875.0000,4.283045,-1.848154,26.380220,26.789478
9876.0000,7.071242,10.097494,18.498293,22.229455
9877.0000,9.028396,6.004531,28.738466,30.715888
9878.0000,18.473257,5.035590,17.667042,26.052692
9879.0000,2.478450,12.303092,24.471865,27.502381
9880.0000,4.775349,9.546458,24.603698,26.819410
9881.0000,12.547092,1.569726,26.124202,29.023567
9882.0000,16.546891,4.036476,15.900439,23.300573
9883.0000,13.114917,-3.802114,26.103975,29.459712
9884.0000,14.553899,-4.363990,25.565574,29.739854
9885.0000,17.633920,-2.742738,29.644417,34.601578
9886.0000,9.708741,-5.537778,28.135171,30.273990
9887.0000,16.044458,-9.825297,24.951370,31.249511
9888.0000,18.817959,-0.660940,11.699922,22.168460
9889.0000,8.287924,-0.873816,18.783081,20.548902
9890.0000,13.353851,-5.843703,24.985898,28.926965
9891.0000,11.547241,-0.908864,19.091493,22.330471
9892.0000,15.917611,3.373727,30.845621,34.874126
9893.0000,12.019398,2.879621,21.168790,24.512768
9894.0000,9.922430,13.354332,20.571831,26.457381
9895.0000,12.485065,10.471484,26.882606,31.435702
9896.0000,11.529618,-2.093188,19.708037,22.928590
9897.0000,18.506189,7.505240,31.036602,36.906346
9898.0000,14.253322,4.801320,22.624470,27.167564
9899.0000,4.387968,10.474465,24.718356,27.202313
9900.0000,11.993807,3.286732,22.715931,25.897249
9901.0000,24.111556,7.556350,24.566050,35.241401
9902.0000,22.399365,9.875493,16.401419,29.466310
9903.0000,21.152403,15.223482,19.315308,32.438552
9904.0000,18.328687,8.204882,22.448075,30.119378
9905.0000,19.436797,10.766105,26.789181,34.804573
9906.0000,20.031792,2.002317,23.632651,31.044874
9907.0000,16.698854,8.044587,23.906611,30.250507
9908.0000,16.116075,6.940034,19.453891,26.198203
9909.0000,26.322440,6.764442,13.617578,30.398470
9910.0000,13.835559,5.704365,14.350034,20.733691
9911.0000,9.035580,-1.637157,15.685314,18.175562
9912.0000,9.549722,5.961703,10.853950,15.638009
9913.0000,10.847370,2.066203,11.980327,16.293031
9914.0000,10.990880,3.192652,9.344240,14.775226
9915.0000,25.025778,12.323519,2.569548,28.013590
9916.0000,17.315254,17.602440,12.599781,27.720361
9917.0000,21.415030,18.025474,11.627764,30.310495
9918.0000,20.239560,18.018222,6.289524,27.818236
9919.0000,22.471355,17.613870,5.840213,29.143066
9920.0000,26.198382,15.932456,14.618569,33.969118
9921.0000,15.852650,13.161320,20.658569,29.177103
9922.0000,27.174671,8.412451,12.578659,31.103935
9923.0000,18.083947,19.458684,10.420367,28.535128
9924.0000,18.887774,14.506158,0.944947,23.834209
9925.0000,16.063604,12.910275,-1.710054,20.679431
9926.0000,14.564504,13.769873,-9.516527,22.187800
9927.0000,12.200726,17.727204,0.897186,21.538719
9928.0000,24.243556,27.919323,-1.013857,36.990087
9929.0000,15.209400,17.891752,1.504347,23.530910
9930.0000,9.923480,11.772240,10.279954,18.513199
9931.0000,3.532571,4.209113,2.153733,5.902056
9932.0000,0.130262,5.251525,13.801278,14.767218
9933.0000,-3.964948,9.066795,17.301951,19.932012
9934.0000,7.118123,2.934148,12.098584,14.340593
9935.0000,2.276581,10.350073,18.807114,21.587366
9936.0000,-1.131036,4.520998,25.092410,25.521515
9937.0000,-8.902031,-2.039433,13.834266,16.576862
9938.0000,-3.972224,3.032327,17.633395,18.327853
9939.0000,-10.039669,8.620825,13.130423,18.641931
9940.0000,-6.991544,16.056770,7.221363,18.943327
9941.0000,-5.961627,-4.817308,3.027184,8.240830
9942.0000,-16.201040,-13.134724,5.430591,21.551937
9943.0000,-14.185731,0.012081,6.249005,15.501134
9944.0000,-22.809119,-9.187310,4.386399,24.978052
9945.0000,-37.835448,-3.537381,16.672379,41.497017
9946.0000,-32.558062,-10.474641,19.257576,39.250474
9947.0000,-25.275663,-5.698241,13.160829,29.060910
9948.0000,-24.524056,-22.913771,16.916763,37.585198
9949.0000,-24.175526,-5.644949,14.770073,28.887308
9950.0000,-25.853009,-11.792702,31.458107,42.391725
9951.0000,-23.291940,-11.647754,25.283587,36.296617
9952.0000,-26.624259,-11.092289,18.146006,34.075909
9953.0000,-27.289575,-9.202398,25.136816,38.226491
9954.0000,-27.431018,-6.532522,30.074441,41.226285
9955.0000,-22.803529,-9.639089,24.243448,34.650508
9956.0000,-21.264035,-16.088038,24.740905,36.374394
9957.0000,-32.863480,-12.965911,21.927763,41.580644
9958.0000,-22.190002,-12.425738,25.298422,35.872068
9959.0000,-19.929350,-7.553143,18.265146,28.068568
9960.0000,-24.120938,-12.311522,22.439042,35.169643
9961.0000,-27.282907,-12.538108,21.582935,36.978159
9962.0000,-36.125953,-8.832371,13.962272,39.724556
9963.0000,-38.424948,-0.851723,9.574248,39.608942
9964.0000,-39.356209,-9.787645,11.700019,42.208999
9965.0000,-38.793662,-8.903496,16.512583,43.091598
9966.0000,-37.558954,-13.678138,7.542040,40.677375
9967.0000,-31.649645,-5.001115,-2.974619,32.180111
9968.0000,-29.200758,-7.459000,-7.502552,31.058159
9969.0000,-38.518005,0.770898,-1.076174,38.540746
9970.0000,-31.252468,-5.996568,-4.640405,32.159119
9971.0000,-29.645805,3.456866,-6.390834,30.523212
9972.0000,-26.644279,-6.083549,-5.195415,27.819409
9973.0000,-16.196468,3.168894,-7.941948,18.315075
9974.0000,-19.350197,8.588457,5.680382,21.919363
9975.0000,-21.322804,8.389030,4.147104,23.285967
9976.0000,-26.898197,1.607789,16.579840,31.638412
9977.0000,-19.811315,0.724799,-0.642131,19.834965
9978.0000,-16.914948,0.410145,-1.984374,17.035887
9979.0000,-12.310266,0.209116,1.314214,12.381984
9980.0000,-7.568551,0.831338,-3.570800,8.409798
9981.0000,-15.263671,2.457278,-9.448603,18.118885
9982.0000,-12.690888,0.910042,-9.083916,15.633437
9983.0000,-8.155131,6.148745,-12.459045,16.110277
9984.0000,-3.923088,6.012193,-8.763841,11.328813
9985.0000,-3.032778,9.370188,-8.667981,13.119911
9986.0000,-6.669551,6.200737,-19.733830,21.733754
9987.0000,-11.141292,11.671939,-29.636316,33.744241
9988.0000,-20.842151,25.126653,-23.794318,40.396949
9989.0000,-20.912506,12.491121,-16.196678,29.252238
9990.0000,-28.149191,16.530970,-22.014623,39.373767
9991.0000,-18.831136,5.377100,-15.751734,25.132489
9992.0000,-16.838289,11.651324,-19.980042,28.609149
9993.0000,-18.078580,11.413554,-12.975542,25.009378
9994.0000,-20.604956,6.755040,-11.713039,24.645285
9995.0000,-16.816474,1.199271,-27.417969,32.186598
9996.0000,-15.570701,13.981513,-29.008599,35.769096
9997.0000,-4.929060,6.187901,-31.284844,32.269602
9998.0000,-10.142388,-0.829033,-11.135550,15.084953
9999.0000,-9.719095,-5.176084,-16.463002,19.806137
10000.0000,-3.833997,-4.263590,-15.766646,16.776914
10001.0000,-6.565960,-14.020787,-16.865358,22.893986
10002.0000,-6.856509,-4.907773,-14.283510,16.586640
10003.0000,-10.865295,-4.603691,-25.761894,28.335910
10004.0000,-9.585383,-11.567637,-23.150839,27.598027
10005.0000,-8.089465,-11.242336,-12.960606,18.968575
10006.0000,-5.001298,-14.274383,0.290301,15.127963
10007.0000,-1.522306,-8.144559,-11.381405,14.077913
10008.0000,-5.589449,-17.966290,-3.245286,19.093491
10009.0000,-4.894174,-6.767366,-8.351006,11.810567
10010.0000,-5.331273,-13.857414,2.517561,15.059499
10011.0000,0.303823,-15.871622,-8.270398,17.899726
10012.0000,-2.122368,-20.136856,-5.026265,20.862904
10013.0000,-16.145099,-24.010374,-15.555716,32.850306
10014.0000,-6.298125,-26.543831,-26.791763,38.236630
10015.0000,-15.795076,-27.498156,-24.382577,40.001789
10016.0000,-5.036224,-21.123367,-30.128268,37.138561
10017.0000,-0.309602,-18.143820,-27.517825,32.962475
10018.0000,-7.477072,-23.428107,-22.224566,33.146857
10019.0000,-7.228210,-25.860137,-23.352969,35.585880
10020.0000,-9.381772,-23.468309,-18.029541,31.045830
10021.0000,-4.822665,-17.948777,-18.800707,26.436401
10022.0000,-12.265914,-27.109096,-6.090836,30.371928
10023.0000,-15.980875,-34.845522,-2.766172,38.435016
10024.0000,-7.672199,-39.362401,-15.215016,42.892400
10025.0000,-9.851027,-37.951219,-16.817804,42.663524
10026.0000,-26.223572,-33.828082,-12.110880,44.482449
10027.0000,-22.835101,-29.197400,-19.353083,41.814732
10028.0000,-26.172444,-32.741897,-22.800617,47.716840
10029.0000,-22.504159,-24.737826,-22.892250,40.527180
10030.0000,-18.852252,-14.978366,-18.478755,30.351659
10031.0000,-23.681614,-26.527440,-7.466897,36.335636
10032.0000,-22.661447,-19.382190,-3.363327,30.008706
10033.0000,-13.989400,-2.750935,-5.507550,15.284111
10034.0000,-11.361467,-12.394837,1.315161,16.865484
10035.0000,-12.455668,-16.601096,-6.155263,21.647802
10036.0000,-4.575833,-4.662386,-11.159623,12.931098
10037.0000,-5.256438,-7.053550,-3.588806,9.500644
10038.0000,-3.116999,-11.966595,-12.781456,17.784283
10039.0000,0.081275,-7.142044,-20.819040,22.010176
10040.0000,-0.685143,-3.006383,-15.314904,15.622229
10041.0000,1.034005,-6.820148,-22.026886,23.081752
10042.0000,9.946910,-16.792814,-15.085282,24.667902
10043.0000,-2.527558,-14.035398,-14.307952,20.201447
10044.0000,-1.760986,-18.581619,-17.847604,25.824690
10045.0000,-3.529709,-8.943464,-13.804211,16.822622
10046.0000,-1.147139,-7.273590,-14.195894,15.992012
10047.0000,6.666075,0.941948,-27.218989,28.039208
10048.0000,6.629777,6.536732,-22.585115,24.428881
10049.0000,-2.479344,-6.440419,-14.014634,15.621656
10050.0000,-3.124344,2.942911,-18.028419,18.532300
10051.0000,-5.342554,-3.706450,-16.737026,17.955742
10052.0000,-6.534976,-1.661722,-16.545158,17.866435
10053.0000,-5.494867,-5.992854,-11.252809,13.882851
10054.0000,-10.842023,-1.932922,-14.775435,18.428215
10055.0000,-18.587303,-0.293874,-0.060018,18.589723
10056.0000,-23.370902,3.689356,4.049536,24.004357
10057.0000,-13.072193,-3.084593,6.091363,14.747937
10058.0000,-15.881708,-1.485335,7.100859,17.460156
10059.0000,-8.761328,-10.678319,1.623336,13.907645
10060.0000,-8.768201,-0.283266,-1.794068,8.954343
10061.0000,-16.398611,-5.973398,2.391770,17.615802
10062.0000,-27.692240,-1.259849,-0.305813,27.722570
10063.0000,-10.027555,2.497626,9.551596,14.072064
10064.0000,-5.900608,-6.684005,8.131627,12.067164
10065.0000,-7.663268,6.266243,17.511378,20.115662
10066.0000,-4.463367,0.849515,9.087570,10.160081
10067.0000,1.867461,1.521446,5.917549,6.389021
10068.0000,-3.371644,7.545440,-5.340285,9.839730
10069.0000,1.358653,10.482029,0.798611,10.599842
10070.0000,5.594091,13.304077,-8.246326,16.622100
10071.0000,4.615856,8.879400,-10.868447,14.774065
10072.0000,1.364779,9.146210,-4.361777,10.224523
10073.0000,0.708491,-7.442197,0.033725,7.475921
10074.0000,1.135828,4.781442,9.916641,11.067613
10075.0000,2.975072,15.348159,10.218420,18.677076
10076.0000,3.039662,16.026056,16.683094,23.332373
10077.0000,1.358853,16.989421,11.133551,20.357870
10078.0000,1.105587,24.220535,13.139846,27.577385
10079.0000,-5.899940,30.497388,17.548992,35.677263
10080.0000,1.030450,20.863772,4.387846,21.345070
10081.0000,4.687895,30.498682,-3.790439,31.088799
10082.0000,12.088963,36.273782,-10.056794,39.535672
10083.0000,10.709216,23.526727,-6.540320,26.664020
10084.0000,4.849163,21.617698,-4.967995,22.705071
10085.0000,10.519902,12.442923,-3.197529,16.604784
10086.0000,8.084779,6.861421,1.438340,10.701008
10087.0000,17.985314,8.985926,1.389403,20.153134
10088.0000,15.510407,15.460920,3.883987,22.241810
10089.0000,15.978392,25.251800,6.730231,30.631004
10090.0000,19.489139,16.281332,0.976609,25.413817
10091.0000,23.715301,19.674296,3.306430,30.990739
10092.0000,18.099855,9.134668,6.808771,21.387058
10093.0000,27.101558,10.251458,-1.802748,29.031650
10094.0000,26.476211,11.900722,5.455885,29.536141
10095.0000,27.588120,15.187566,8.849501,32.712080
10096.0000,26.788081,28.301116,4.880457,39.273061
10097.0000,17.013783,15.587670,4.821921,23.573188
10098.0000,19.705046,15.074156,-5.813149,25.481596
10099.0000,20.167322,12.571644,-12.141541,26.686778
10100.0000,16.674289,12.494600,-3.471760,21.123448
10101.0000,20.217771,18.448196,-10.473779,29.305191
10102.0000,23.371041,6.071534,-5.032924,24.665753
10103.0000,22.274594,7.151973,-14.652992,27.604681
10104.0000,16.392293,6.827729,-19.459540,26.343858
10105.0000,27.949620,4.905712,-10.169005,30.143921
10106.0000,23.785327,5.030249,-21.526096,32.471803
10107.0000,29.386992,7.643413,-23.240207,38.237733
10108.0000,23.903787,-0.473261,-5.196807,24.466749
10109.0000,26.923227,-14.266794,-19.095308,35.958759
10110.0000,31.712248,-9.423380,-19.186850,38.243979
10111.0000,24.819167,-14.066639,-14.156742,31.847680
10112.0000,10.225382,-7.381030,-13.090871,18.177154
10113.0000,13.210467,4.821547,-21.473993,25.668972
10114.0000,19.182969,-0.562531,-25.328459,31.777878
10115.0000,23.100110,6.947400,-13.317825,27.554417
10116.0000,21.349358,16.066461,-4.402061,27.079593
10117.0000,26.953453,7.499537,-8.535259,29.250339
10118.0000,28.011871,0.407466,1.058778,28.034835
10119.0000,25.249096,7.414364,10.639926,28.384814
10120.0000,13.600112,24.204120,6.432155,28.498686
10121.0000,9.396400,18.441200,3.041246,20.919354
10122.0000,13.845491,15.555979,-7.702080,22.203787
10123.0000,13.891326,13.811137,-6.352297,20.592915
10124.0000,10.770964,9.572434,-1.312009,14.469504
10125.0000,15.825810,1.645561,3.030788,16.197216
10126.0000,15.537965,6.025866,-5.397961,17.517916
10127.0000,24.637991,10.701863,-5.352244,27.389907
10128.0000,19.542740,2.841972,-12.945500,23.613162
10129.0000,15.620618,5.753577,1.267474,16.694725
10130.0000,18.727540,-0.130128,5.531321,19.527755
10131.0000,17.984666,9.897660,-2.179930,20.643739
10132.0000,24.583476,-1.644492,3.374588,24.868444
10133.0000,21.562396,4.820034,3.183273,22.322698
10134.0000,23.378962,8.477399,-2.523411,24.996195
10135.0000,10.935618,17.062056,-4.871899,20.843150
10136.0000,15.290836,6.425814,-7.013139,18.007911
10137.0000,16.788323,18.591228,-4.505181,25.451488
10138.0000,26.727554,12.638985,3.677997,29.793183
10139.0000,15.620147,14.373749,-6.384506,22.166542
10140.0000,20.242264,17.157436,-4.322220,26.885097
10141.0000,18.255546,17.739678,-7.330903,26.489683
10142.0000,17.026089,5.955579,-10.563385,20.903151
10143.0000,16.736852,8.158182,-8.829229,20.606636
10144.0000,18.844843,16.636686,-7.304040,26.177403
10145.0000,13.179291,13.795509,-9.692197,21.399731
10146.0000,17.100305,11.105539,-10.477305,22.924383
10147.0000,19.837400,6.115874,-13.323063,24.666381
10148.0000,19.038881,14.368952,-9.296221,25.600108
10149.0000,24.637534,14.043190,-3.223095,28.541332
10150.0000,24.435278,17.134480,0.375365,29.846509
10151.0000,20.714026,14.839446,-2.230477,25.578410
10152.0000,14.111732,7.008885,-3.209684,16.080035
10153.0000,14.072150,16.355790,-1.664740,21.640440
10154.0000,13.268651,4.959888,-0.351084,14.169716
10155.0000,21.135739,4.508213,15.544712,26.621073
10156.0000,30.683879,10.709700,18.765220,37.527744
10157.0000,33.667732,13.414392,23.597248,43.246876
10158.0000,23.910733,5.499055,14.370524,28.433690
10159.0000,21.693140,8.423240,0.268592,23.272632
10160.0000,24.634233,-2.260771,2.931029,24.910790
10161.0000,24.070980,13.463059,9.167984,29.064032
10162.0000,21.885902,11.025489,21.357788,32.507064
10163.0000,24.543962,13.230455,17.300323,32.813902
10164.0000,37.296178,9.348352,9.563662,39.621461
10165.0000,39.659945,3.487594,12.748424,41.804268
10166.0000,28.747568,0.165409,16.444371,33.118988
10167.0000,36.475572,3.106173,19.899453,41.666580
10168.0000,36.958712,-6.355091,17.516660,41.390421
10169.0000,32.879652,-15.931372,16.367416,40.034640
10170.0000,33.307496,-16.998121,28.896170,47.257952
10171.0000,36.175110,-17.394953,21.391288,45.484175
10172.0000,33.855990,-13.104619,19.138531,41.039523
10173.0000,22.674786,-12.073989,19.074250,31.996158
10174.0000,29.378659,-15.310420,3.880192,33.355216
10175.0000,32.166911,-19.452582,9.532046,38.781091
10176.0000,29.354625,-19.100499,16.011700,38.508409
10177.0000,23.132596,-29.634604,2.708719,37.691696
10178.0000,20.379171,-25.263171,8.884625,33.652265
10179.0000,32.669693,-27.377439,3.809135,42.794187
10180.0000,23.863141,-28.529585,12.674582,39.294169
10181.0000,24.528880,-23.648896,20.416014,39.720899
10182.0000,25.963086,-23.022761,14.722396,37.694539
10183.0000,24.874743,-23.472816,9.364584,35.460138
10184.0000,33.277035,-21.758682,10.955723,41.241110
10185.0000,32.873766,-22.902459,8.073960,40.870478
10186.0000,32.479896,-32.418811,7.310015,46.468907
10187.0000,35.099298,-23.292660,7.616635,42.807965
10188.0000,28.022312,-31.555649,9.258583,43.205675
10189.0000,22.209634,-23.614101,-1.968773,32.477218
10190.0000,41.076245,-20.341142,-2.338440,45.896495
10191.0000,37.994376,-25.876513,-6.690230,46.453479
10192.0000,35.941481,-24.209364,-6.314473,43.792190
10193.0000,30.804529,-24.208998,-7.594656,39.908312
10194.0000,44.134814,-24.094850,5.548749,50.588855
10195.0000,38.563298,-23.385591,-2.810229,45.187511
10196.0000,41.785810,-16.845363,7.621083,45.693556
10197.0000,34.080709,-20.659076,9.963831,41.080045
10198.0000,39.669490,-26.583623,-2.885493,47.840187
10199.0000,41.962309,-32.628092,4.974219,53.386989
10200.0000,31.275041,-36.180382,0.411351,47.825908
10201.0000,36.230699,-31.841667,6.405445,48.657837
10202.0000,41.342403,-23.384120,10.270497,48.595210
10203.0000,41.110320,-21.124936,10.257316,47.344840
10204.0000,31.147210,-23.175889,8.004334,39.640130
10205.0000,27.749981,-23.845855,0.685518,36.594483
10206.0000,29.093494,-24.160431,2.843445,37.924174
10207.0000,32.944233,-24.162390,6.115171,41.310276
10208.0000,19.922687,-23.147194,-2.162588,30.616708
10209.0000,18.581167,-22.879173,6.953308,30.283078
10210.0000,23.179491,-34.258398,8.746677,42.278020
10211.0000,19.275091,-32.671307,1.785582,37.975410
10212.0000,21.404015,-28.213877,-15.006459,38.462300
10213.0000,15.935127,-25.576113,-3.736940,30.364956
10214.0000,15.557841,-36.009242,-1.436232,39.252703
10215.0000,9.639101,-40.253735,-1.025803,41.404441
10216.0000,12.132491,-32.982031,8.207965,36.088536
10217.0000,14.404734,-34.905427,8.351393,38.673389
10218.0000,9.983407,-31.615814,7.515901,33.995836
10219.0000,8.716945,-28.625216,-5.660524,30.453730
10220.0000,7.072443,-22.490664,-6.326567,24.410548
10221.0000,7.721341,-28.829957,1.364862,29.877222
10222.0000,-4.330332,-20.921315,0.971646,21.386849
10223.0000,1.864182,-20.830584,8.621979,22.621382
10224.0000,-1.277252,-24.274789,8.821175,25.859425
10225.0000,-8.453508,-22.108878,1.138708,23.697277
10226.0000,-5.605705,-27.926429,-3.940720,28.754802
10227.0000,-10.192571,-24.033233,0.748464,26.115991
10228.0000,-6.037444,-18.105322,-0.641359,19.096198
10229.0000,-0.750432,-19.899902,-2.531795,20.074343
10230.0000,-7.225177,-30.322774,0.785812,31.181586
10231.0000,-14.550840,-29.317029,-0.193601,32.729996
10232.0000,-3.303346,-28.703605,2.030436,28.964318
10233.0000,-4.257632,-20.498551,-8.741863,22.687842
10234.0000,-8.055361,-32.017605,-7.810014,33.926571
10235.0000,-12.951026,-30.082131,-20.302986,38.534075
10236.0000,-5.870867,-32.534483,-3.488638,33.243499
10237.0000,-4.538926,-26.691261,-3.940164,27.359645
10238.0000,-4.438162,-44.054052,0.346140,44.278399
10239.0000,4.272299,-41.056387,-0.963528,41.289319
10240.0000,9.759551,-20.843717,-8.398543,24.499896
10241.0000,6.920563,-29.684433,-2.932289,30.621203
10242.0000,-5.345387,-33.379826,-0.803272,33.814660
10243.0000,-4.781545,-42.728981,-0.974824,43.006735
10244.0000,-7.917392,-27.561255,16.740072,33.204486
10245.0000,-1.254020,-38.762957,11.500106,40.452340
10246.0000,-6.978140,-26.877610,1.457939,27.806940
10247.0000,-1.002454,-24.311120,0.947048,24.350203
10248.0000,-2.492479,-29.046338,-4.177039,29.450804
10249.0000,-4.256747,-23.600741,-9.251337,25.704126
10250.0000,-11.659054,-30.322052,2.027970,32.549548
10251.0000,-8.368217,-17.006842,0.125232,18.954562
10252.0000,-10.772381,-19.444559,4.655477,22.711418
10253.0000,-19.211313,-21.048342,0.246833,28.498564
10254.0000,-15.930657,-21.636126,-10.328822,28.785281
10255.0000,-9.470275,-17.398199,-6.848576,20.959161
10256.0000,-13.637656,-20.282263,6.864523,25.386562
10257.0000,-14.536220,-21.979605,-4.756303,26.777362
10258.0000,-11.948478,-23.605489,-2.285153,26.555737
10259.0000,-4.344306,-11.504144,-5.220738,13.359433
10260.0000,-2.471067,-10.301119,-9.775884,14.414823
10261.0000,-10.213576,-11.252276,-11.806698,19.243933
10262.0000,-15.235694,-13.105335,-3.296420,20.365230
10263.0000,-12.583546,-5.965180,0.028592,13.925869
10264.0000,-3.983003,-8.768352,-1.454440,9.739800
10265.0000,1.463676,2.541062,-5.745965,6.451005
10266.0000,12.040341,6.587085,2.476807,13.946113
10267.0000,5.859667,3.122391,1.575882,6.824106
10268.0000,7.053555,7.501113,-8.143896,13.127923
10269.0000,3.856791,7.900687,-11.106279,14.164926
10270.0000,8.433966,15.046262,-17.576295,24.626164
10271.0000,6.196998,4.508231,1.342428,7.780041
10272.0000,-2.692270,6.979327,6.418319,9.856680
10273.0000,-3.865603,16.166131,-4.690519,17.271006
10274.0000,-5.640586,12.655517,3.441323,14.276591
10275.0000,-8.052294,5.348120,-1.393593,9.766470
10276.0000,1.296713,1.457553,-13.995235,14.130553
10277.0000,-6.097887,-0.655046,-5.166196,8.018908
10278.0000,-7.993242,5.509716,-2.416143,10.004331
10279.0000,-10.201232,-5.460852,-8.393891,14.294875
10280.0000,0.289443,-7.952138,-3.373346,8.642901
10281.0000,1.854735,4.603125,-0.122363,4.964250
10282.0000,3.267076,-0.949968,-6.156208,7.033855
10283.0000,-5.072394,-3.996116,-1.187038,6.565606
10284.0000,-2.034096,4.370441,-10.351028,11.418497
10285.0000,2.745747,-1.051959,-6.321218,6.971624
10286.0000,9.952107,1.079941,-8.676401,13.247288
10287.0000,9.145194,-5.073456,-3.956117,11.181475
10288.0000,12.143048,-7.064648,-2.247292,14.227199
10289.0000,18.759081,-10.657095,-2.117874,21.678611
10290.0000,18.248697,-14.534386,-4.236721,23.711033
10291.0000,15.758101,-10.983034,-1.332841,19.254123
10292.0000,10.106302,-16.410416,6.959978,20.490983
10293.0000,5.398530,-13.291863,-6.008607,15.553814
10294.0000,8.700039,-6.169327,-9.369062,14.196147
10295.0000,3.184344,-3.690121,-10.108785,11.222504
10296.0000,-4.275968,-3.589438,-12.948732,14.100980
10297.0000,-13.844708,1.007342,-4.449743,14.577068
10298.0000,-13.638859,4.552938,-4.925191,15.198856
10299.0000,-12.243595,3.434811,-9.011580,15.585639
10300.0000,-5.671919,8.798056,-29.459409,31.263928
10301.0000,-6.836308,6.889259,-21.029671,23.161262
10302.0000,7.696820,5.155756,-12.889436,15.873261
10303.0000,11.823366,-0.157367,-19.285837,22.622118
10304.0000,13.977387,-0.093344,-12.642906,18.847258
10305.0000,16.231651,-1.924635,-6.224115,17.490292
10306.0000,17.153769,4.675431,-14.450590,22.911373
10307.0000,18.276095,-7.277815,-7.047717,20.896233
10308.0000,6.345982,-0.776533,-15.076733,16.376274
10309.0000,16.400367,2.492622,-9.036168,18.890144
10310.0000,1.468618,8.853316,-11.721393,14.762422
10311.0000,7.044235,5.336996,-13.927436,16.494794
10312.0000,3.737662,11.286964,-14.870170,19.039108
10313.0000,-4.396213,5.937828,-9.907264,12.358737
10314.0000,-5.853661,7.706375,-7.978218,12.542150
10315.0000,-3.566058,-1.985665,-5.919079,7.189932
10316.0000,2.895343,-0.461948,-6.837200,7.439335
10317.0000,-2.088335,3.969711,-3.446755,5.656843
10318.0000,2.471455,6.320608,-6.354809,9.297407
10319.0000,-7.430982,1.244948,-1.507224,7.683822
10320.0000,-11.697897,-1.562582,-12.124176,16.919755
10321.0000,-4.986214,-2.522855,-0.771380,5.641113
10322.0000,-2.645093,-13.281324,-5.147106,14.487332
10323.0000,-2.128750,-19.579931,-1.133862,19.727922
10324.0000,4.342385,-11.609574,-13.418009,18.266950
10325.0000,-2.068660,-5.191588,-18.144308,18.985464
10326.0000,-0.218224,-5.362787,-20.815098,21.495939
10327.0000,6.862776,-1.998370,-20.980542,22.164709
10328.0000,3.882133,-1.228912,-17.664755,18.128010
10329.0000,1.487471,-4.393433,-13.534998,14.307725
10330.0000,-2.688267,-7.350036,-16.164873,17.959758
10331.0000,5.499330,-3.404894,-24.001262,24.857524
10332.0000,12.281291,-7.663509,-18.748555,23.686869
10333.0000,14.581025,-9.489838,-16.592846,24.041336
10334.0000,5.582876,-1.174256,-23.514958,24.197120
10335.0000,-0.837872,-0.736954,-26.450134,26.473661
10336.0000,10.710099,-1.004149,-19.950547,22.665808
10337.0000,7.685593,-8.702494,-21.567966,24.494466
10338.0000,18.847668,-19.399643,-18.622740,32.838806
10339.0000,12.026884,-22.970777,-25.903404,36.650906
10340.0000,6.899937,-13.728063,-24.528503,28.943329
10341.0000,10.278112,-7.450485,-30.647245,33.172322
10342.0000,10.170672,0.534749,-41.773922,42.997547
10343.0000,-2.195119,-12.521481,-42.447750,44.310468
10344.0000,6.060187,-10.351740,-27.905683,30.374521
10345.0000,16.341719,-14.990468,-23.039306,31.977735
10346.0000,7.467901,-7.237522,-21.211594,23.623780
10347.0000,15.159674,-16.627661,-19.240825,29.605813
10348.0000,10.886313,-25.783243,-15.022195,31.764033
10349.0000,12.811340,-13.880319,-2.251220,19.022662
10350.0000,6.102292,-5.479868,-12.657376,15.082311
10351.0000,9.458049,-15.594178,-11.489061,21.555315
10352.0000,9.657705,-14.877566,-12.862323,21.910102
10353.0000,8.078871,-24.743415,-5.892095,26.687479
10354.0000,-1.410718,-15.119666,-2.497118,15.389283
10355.0000,-5.865688,-15.312680,-6.446592,17.619393
10356.0000,-0.935965,-14.967612,-2.293067,15.171144
10357.0000,5.732489,-11.883639,-9.238554,16.106930
10358.0000,2.783458,-10.090759,-4.175518,11.269694
10359.0000,-4.646202,-9.637600,-1.889070,10.864581
10360.0000,-5.046762,-5.752089,5.809217,9.607463
10361.0000,-2.886171,-8.127364,-0.702468,8.653178
10362.0000,7.852220,-8.876200,-8.153522,14.384860
10363.0000,4.429727,-11.803660,-11.931437,17.358227
10364.0000,13.174353,-13.286042,-12.779586,22.658339
10365.0000,6.402145,-17.818770,-12.355162,22.608539
10366.0000,1.488653,-26.546637,-7.588330,27.650005
10367.0000,-3.072613,-21.074789,-1.995121,21.390844
10368.0000,-1.686492,-23.011204,-16.083560,28.125445
10369.0000,-6.569076,-23.455886,-15.547802,28.897500
10370.0000,-4.803631,-17.977563,5.425834,19.383171
10371.0000,-6.208154,-17.720350,-4.156769,19.230983
10372.0000,-5.424002,-14.454897,-0.215497,15.440540
10373.0000,-7.570862,-16.318475,-0.481962,17.995635
10374.0000,-11.114501,-10.509266,-2.972057,15.582359
10375.0000,-11.341547,-2.127277,-4.241862,12.294283
10376.0000,-14.773128,-3.745840,3.153434,15.563443
10377.0000,-4.664641,-5.520614,-0.066837,7.227760
10378.0000,-13.215479,-6.506468,2.302668,14.909235
10379.0000,-20.739775,-1.276368,7.341610,22.037845
10380.0000,-20.112768,-10.831193,2.953404,23.033905
10381.0000,-20.313918,-11.585616,-5.693832,24.068682
10382.0000,-16.395611,-0.070940,-2.292962,16.555325
10383.0000,-7.535758,0.546711,-9.859045,12.421244
10384.0000,-13.351108,5.035738,-1.850491,14.388713
10385.0000,-19.118111,3.809870,-9.707875,21.777514
10386.0000,-26.544350,5.805439,-1.957159,27.242175
10387.0000,-32.592349,0.595482,4.772262,32.945263
10388.0000,-17.092056,-2.766349,5.837339,18.271989
10389.0000,-28.080969,-3.207183,0.122075,28.263788
10390.0000,-37.545117,-2.980637,3.132321,37.793272
10391.0000,-40.466329,8.390722,3.644560,41.487478
10392.0000,-38.551561,3.419932,10.455148,40.090260
10393.0000,-31.530568,-1.574084,5.728747,32.085401
10394.0000,-30.441235,10.928673,-3.747394,32.559908
10395.0000,-34.075548,18.793334,3.146906,39.041457
10396.0000,-31.629168,10.138095,-5.254490,33.627294
10397.0000,-34.085656,0.283873,1.978566,34.144213
10398.0000,-36.581548,5.729203,2.995803,37.148462
10399.0000,-38.362797,7.625365,6.771184,39.695079
10400.0000,-43.121302,13.806360,5.149773,45.569534
10401.0000,-38.090909,11.319011,4.718868,40.016310
10402.0000,-25.164750,5.822199,-2.201868,25.923172
10403.0000,-25.122085,4.391001,-1.096718,25.526512
10404.0000,-25.130358,-11.735848,0.917444,27.750797
10405.0000,-18.369751,-7.907088,-2.382382,20.140644
10406.0000,-19.027227,-10.366868,2.775983,21.845215
10407.0000,-9.071755,-0.294178,-9.073755,12.834185
10408.0000,-8.500831,-9.851894,-12.789619,18.245501
10409.0000,-3.740761,-8.538080,-8.554806,12.652146
10410.0000,-5.527547,-7.628504,-6.706214,11.563786
10411.0000,-0.941020,-4.934701,-13.043702,13.977659
10412.0000,-2.387603,1.489681,-18.109411,18.326772
10413.0000,-0.395979,-4.087568,-1.517686,4.378171
10414.0000,11.310695,0.130046,-14.453758,18.353742
10415.0000,6.135969,1.886202,-6.580902,9.193267
10416.0000,-2.035773,-1.416486,5.750959,6.262933
10417.0000,6.236171,-1.860794,15.885491,17.166863
10418.0000,-1.645036,0.294930,3.029886,3.460251
10419.0000,-5.111978,10.548107,2.351752,11.955150
10420.0000,-1.258961,15.832935,-12.074110,19.951214
10421.0000,-5.855362,8.078758,-13.294947,16.622491
10422.0000,-2.768713,13.423933,-7.610792,15.677751
10423.0000,-1.340926,9.174877,-13.104382,16.053077
10424.0000,-3.827227,11.378732,-7.548975,14.181334
10425.0000,0.005424,8.480391,-10.520129,13.512593
10426.0000,3.564985,8.909459,-8.829724,13.040383
10427.0000,1.990288,0.494230,-15.192787,15.330567
10428.0000,0.727676,10.321853,-14.120790,17.506195
10429.0000,0.062398,7.506327,-9.291728,11.945085
10430.0000,9.350509,14.729154,-9.725313,19.974025
10431.0000,16.062479,6.719100,-3.281849,17.717789
10432.0000,8.600629,-4.817633,-2.073149,10.073646
10433.0000,13.752826,1.565865,-9.143632,16.589098
10434.0000,5.272663,-2.598393,-17.470859,18.433219
10435.0000,9.718509,-5.060442,-26.450279,28.629963
10436.0000,3.681269,-9.058411,-19.513141,21.825884
10437.0000,13.298481,-8.874762,-20.634267,26.103333
10438.0000,14.500174,-10.116267,-21.650200,27.952192
10439.0000,1.292682,-10.208722,-16.568722,19.504143
10440.0000,8.015612,-2.965814,-12.774879,15.370219
10441.0000,5.129236,-5.790216,-7.993165,11.123235
10442.0000,4.965717,-9.125998,-12.769481,16.462133
10443.0000,3.482663,-5.884152,-15.054659,16.534659
10444.0000,9.942645,-2.378413,-13.802495,17.176202
10445.0000,3.770358,6.685039,0.313487,7.681381
10446.0000,10.528400,11.489698,4.466827,16.211505
10447.0000,21.445659,16.543732,6.228711,27.792233
10448.0000,12.977289,21.244958,-0.411294,24.898342
10449.0000,9.110424,14.889597,-2.006892,17.570644
10450.0000,14.201276,9.426865,-11.142533,20.364137
10451.0000,10.273966,-2.058411,-10.475390,14.816384
10452.0000,15.134073,6.362371,-16.490831,23.269453
10453.0000,16.754849,3.280982,-20.215707,26.460624
10454.0000,16.027754,16.849583,-9.073839,24.962610
10455.0000,11.078350,6.056865,-6.768801,14.325925
10456.0000,10.274911,0.353355,-8.724319,13.483782
10457.0000,9.949750,6.332980,-6.400653,13.419110
10458.0000,15.400584,3.461940,-15.807598,22.339274
10459.0000,12.269139,8.641693,-5.303193,15.916485
10460.0000,7.927844,8.813807,-11.263986,16.352715
10461.0000,7.400288,1.367023,-16.022166,17.701492
10462.0000,-0.496109,2.359369,-13.007524,13.229075
10463.0000,-2.857775,10.393465,-15.875164,19.188846
10464.0000,-1.236963,18.489090,-12.361876,22.275379
10465.0000,5.341391,11.352102,-14.906163,19.483182
10466.0000,4.264359,15.655049,-19.073466,25.041215
10467.0000,7.104362,19.819773,-10.925762,23.720616
10468.0000,10.776605,13.346969,-23.020879,28.709539
10469.0000,8.604232,21.643070,-29.787580,37.812103
10470.0000,5.072581,20.811690,-19.990088,29.299507
10471.0000,3.637011,18.235976,-29.666228,35.012338
10472.0000,5.450872,20.597371,-23.012897,31.361714
10473.0000,-0.942164,17.291619,-22.399295,28.312827
10474.0000,2.433659,17.839987,-21.449484,28.004789
10475.0000,1.196949,25.879880,-27.390433,37.701946
10476.0000,5.799437,24.456825,-15.506591,29.533441
10477.0000,-1.532438,15.253970,-23.235227,27.837165
10478.0000,1.098880,17.833780,-15.194237,23.454554
10479.0000,4.229748,8.021668,-7.870151,12.007381
10480.0000,5.934804,1.810625,-7.925846,10.065748
10481.0000,11.034263,2.148383,-4.629126,12.157274
10482.0000,5.642131,-0.523228,-18.515891,19.363513
10483.0000,12.176369,2.501241,-21.320997,24.680054
10484.0000,5.153930,4.895868,-7.044739,10.008040
10485.0000,-2.898769,13.817022,-14.588085,20.300867
10486.0000,4.133374,3.203151,-18.093772,18.834265
10487.0000,2.044315,7.301903,-21.962855,23.234974
10488.0000,6.546121,-2.081260,-20.983362,22.079058
10489.0000,13.181463,14.079159,-20.257551,27.970378
10490.0000,16.952640,15.620697,-16.687670,28.458330
10491.0000,11.535582,12.552986,-19.422628,25.843483
10492.0000,13.754968,14.475924,-22.616872,30.170755
10493.0000,12.155893,12.976437,-14.164579,22.732993
10494.0000,14.071212,14.586536,-24.148141,31.526160
10495.0000,13.465507,8.769755,-20.441126,26.001310
10496.0000,10.936252,10.746111,-18.018476,23.658952
10497.0000,20.105486,9.475970,-19.757070,29.738298
10498.0000,21.066822,10.714464,-17.344770,29.316408
10499.0000,18.787025,16.086055,-15.295858,29.080521
10500.0000,23.727555,9.348600,-10.207765,27.469832
10501.0000,17.140303,6.649227,-13.171500,22.616158
10502.0000,15.761700,10.487460,-13.299246,23.136290
10503.0000,16.444473,-2.705798,-16.330712,23.333114
10504.0000,18.584266,13.539785,-12.640654,26.239033
10505.0000,10.015446,9.422371,-13.820212,19.495858
10506.0000,22.118931,15.533593,-5.365150,27.555843
10507.0000,16.461272,14.893238,-8.163341,23.652107
10508.0000,10.712890,12.095857,-8.305986,18.167696
10509.0000,11.326589,9.672418,-5.636430,15.925345
10510.0000,7.440906,18.499292,1.502293,19.996194
10511.0000,16.556470,12.452318,-1.492400,20.770272
10512.0000,13.642538,1.308682,-1.584327,13.796434
10513.0000,7.918382,6.004736,-9.673931,13.868762
10514.0000,5.082737,-3.277059,-20.456246,21.331464
10515.0000,-4.231807,-1.583247,-10.040241,11.010055
10516.0000,8.710808,-3.579710,-5.536026,10.924289
10517.0000,5.371964,-1.903050,-7.552206,9.461259
10518.0000,6.829659,-2.456839,-6.466062,9.720610
10519.0000,2.306855,-0.940085,-11.846387,12.105462
10520.0000,1.661466,0.215995,-5.975489,6.205931
10521.0000,6.303008,-14.051050,-1.582024,15.481044
10522.0000,-6.393128,0.468723,-5.443078,8.409452
10523.0000,-2.564539,-1.730862,-5.019187,5.896183
10524.0000,2.010601,-2.941250,-8.068703,8.820285
10525.0000,6.787264,-6.110918,-8.022210,12.155909
10526.0000,9.712477,-8.458315,-1.929860,13.023044
10527.0000,11.033154,-9.927500,-4.690473,15.565548
10528.0000,6.039540,-9.036239,-2.212593,11.091674
10529.0000,13.310883,-1.217914,-15.991603,20.842128
10530.0000,10.039512,-0.496514,-12.737965,16.226339
10531.0000,11.185302,5.536734,-23.892226,26.955609
10532.0000,12.218774,7.943305,-27.383846,31.020470
10533.0000,7.336299,4.633848,-25.810570,27.230118
10534.0000,12.170894,-3.713096,-31.256833,33.747701
10535.0000,10.633131,-0.888217,-25.167113,27.335617
10536.0000,8.571974,0.145412,-24.064124,25.545683
10537.0000,4.580842,2.970052,-31.190427,31.664618
10538.0000,11.203979,2.682544,-31.586747,33.622132
10539.0000,-3.697867,2.040968,-32.124480,32.400956
10540.0000,-10.226140,-1.580218,-24.143645,26.267596
10541.0000,-4.149722,5.489663,-18.554996,19.790009
10542.0000,4.046737,5.247817,-16.567512,17.843714
10543.0000,0.914227,9.368400,-13.304666,16.297757
10544.0000,8.489889,14.677638,-22.819173,28.429315
10545.0000,0.054165,18.993798,-11.268324,22.084891
10546.0000,3.991783,26.381965,-11.513693,29.060412
10547.0000,-7.325699,20.394139,-14.197041,25.906423
10548.0000,-6.932871,19.756396,-12.545509,24.408394
10549.0000,-9.223355,19.816418,-5.435945,22.523548
10550.0000,-13.777486,17.863135,-1.879811,22.637235
10551.0000,-13.846970,13.390752,1.592529,19.328399
10552.0000,-8.864362,8.187986,-3.796819,12.650528
10553.0000,-0.631986,21.525497,-13.296705,25.309065
10554.0000,1.875587,9.416153,-25.807657,27.535739
10555.0000,-1.113114,15.640729,-15.258837,21.879295
10556.0000,-1.701719,20.816876,-20.250342,29.091485
10557.0000,-6.026815,12.800639,-20.602345,24.992708
10558.0000,-2.733097,16.297314,-15.845839,22.894603
10559.0000,3.261603,5.625839,-16.454685,17.693072
10560.0000,11.211451,19.011689,-24.573296,33.030105
10561.0000,2.883090,16.363363,-33.383815,37.290092
10562.0000,0.850572,14.426488,-27.647820,31.196938
10563.0000,-1.562915,8.642335,-28.291806,29.623622
10564.0000,-3.681341,13.953457,-30.328366,33.586620
10565.0000,-0.640429,12.581287,-27.753050,30.478365
10566.0000,2.380025,22.546859,-30.962274,38.375614
10567.0000,0.526837,7.902730,-34.342252,35.243737
10568.0000,-2.537005,3.470221,-38.462742,38.702214
10569.0000,8.902651,18.672787,-31.313506,37.529533
10570.0000,10.613007,13.067647,-15.545213,22.914034
10571.0000,12.991758,15.565782,-21.464814,29.526557
10572.0000,8.635261,10.173743,-23.882049,27.357358
10573.0000,4.516970,14.630177,-19.839144,25.060661
10574.0000,2.692026,8.723025,-24.343035,25.998491
10575.0000,11.226059,6.572402,-19.599582,23.523700
10576.0000,9.080563,11.104165,-17.736574,22.811075
10577.0000,19.619240,11.871973,-9.393635,24.781015
10578.0000,6.842016,18.749206,-12.175306,23.379136
10579.0000,12.292405,15.803702,-17.509681,26.597916
10580.0000,13.901834,15.506381,-9.114558,22.732884
10581.0000,12.877970,13.318178,-10.110316,21.105318
10582.0000,22.337010,11.200477,-11.688657,27.586544
10583.0000,12.425911,14.615884,-7.954104,20.767646
10584.0000,14.221481,19.498787,-8.825435,25.697111
10585.0000,17.570451,27.390696,0.419417,32.544537
10586.0000,17.996410,27.610897,0.469811,32.961388
10587.0000,21.522245,28.614027,5.988657,36.301977
10588.0000,13.139987,29.317873,5.613992,32.614626
10589.0000,16.440392,30.405494,9.053784,35.731660
10590.0000,10.998430,26.414636,9.371685,30.108586
10591.0000,19.061446,21.601167,6.445210,29.521008
10592.0000,10.682647,18.759267,10.481438,23.997700
10593.0000,9.522189,26.683127,10.176349,30.103478
10594.0000,9.323242,16.290604,8.012985,20.408688
10595.0000,14.921567,10.802128,3.774275,18.803837
10596.0000,11.449211,15.261904,12.137736,22.612713
10597.0000,10.660180,9.187503,23.552349,27.436523
10598.0000,11.822505,5.469805,17.267826,21.630261
10599.0000,14.461129,24.789588,17.312110,33.516520
10600.0000,7.259746,20.224357,21.834778,30.634720
10601.0000,9.047680,23.210147,19.421772,31.587603
10602.0000,1.358493,29.184204,5.802158,29.786378
10603.0000,9.516408,16.560118,8.725194,20.998299
10604.0000,2.680213,15.805376,8.906544,18.339029
10605.0000,-8.133089,19.037507,15.856965,26.077138
10606.0000,-4.117494,17.275252,10.680565,20.723478
10607.0000,6.551541,10.769048,16.145192,20.483220
10608.0000,1.828175,4.079535,15.209692,15.853062
10609.0000,7.791020,-3.749243,15.895390,18.094757
10610.0000,11.302245,-12.621383,17.924334,24.664180
10611.0000,3.748546,-17.068472,6.196954,18.541482
10612.0000,14.128440,-8.018740,3.252648,16.567822
10613.0000,2.943534,0.912973,9.486304,9.974361
10614.0000,8.747701,-4.107744,4.714094,10.752605
10615.0000,9.017820,-5.268879,-2.197240,10.672864
10616.0000,4.900329,0.380292,-0.621972,4.954260
10617.0000,2.727557,-2.984648,0.663392,4.097290
10618.0000,5.751228,-11.524720,-4.905832,13.782706
10619.0000,-10.165371,6.818727,-2.573405,12.508086
10620.0000,-15.185859,17.786838,-3.269025,23.615004
10621.0000,-15.331291,19.049259,7.262196,25.508082
10622.0000,-16.079131,18.544940,2.823786,24.706822
10623.0000,-16.196260,21.781447,9.761636,28.845100
10624.0000,-20.695107,12.150034,9.376737,25.764975
10625.0000,-17.595473,16.438298,3.460351,24.326782
10626.0000,-10.216674,4.416429,17.715917,20.922213
10627.0000,-19.481405,0.439028,4.959029,20.107458
10628.0000,-13.709710,1.127394,10.727727,17.444520
10629.0000,-13.281526,8.805190,5.341741,16.806680
10630.0000,-9.775193,8.353451,13.925873,18.954273
10631.0000,-15.155463,9.455576,16.387281,24.241266
10632.0000,-13.428744,15.608062,15.331988,25.671241
10633.0000,-3.367462,27.305537,17.199376,32.446120
10634.0000,-4.479574,16.921001,9.940826,20.129751
10635.0000,-0.813146,19.652847,10.221640,22.167037
10636.0000,-2.257621,6.009611,14.938847,16.259810
10637.0000,-2.797911,21.965867,12.744836,25.549138
10638.0000,-8.095880,19.831523,13.686316,25.419438
10639.0000,-12.789496,23.275852,17.684231,31.907186
10640.0000,-14.373449,23.022678,11.083897,29.317103
10641.0000,-21.474978,18.300109,10.122394,29.975515
10642.0000,-8.690891,9.953168,4.861148,14.079343
10643.0000,-12.319282,23.968713,12.433291,29.679128
10644.0000,-10.267206,31.411593,13.129147,35.559503
10645.0000,-18.277161,26.704061,-2.630841,32.466642
10646.0000,-20.409414,27.329851,8.733918,35.210031
10647.0000,-27.104900,26.841639,6.270131,38.658294
10648.0000,-23.534595,20.116810,14.494362,34.185519
10649.0000,-31.414176,22.274802,20.212281,43.491994
10650.0000,-28.916242,20.484645,13.176950,37.807430
10651.0000,-30.749754,16.010380,17.729089,38.938416
10652.0000,-23.104698,27.423267,25.747361,44.145093
10653.0000,-26.866429,26.012721,17.494572,41.285914
10654.0000,-21.096778,15.677040,3.060884,26.461531
10655.0000,-22.713043,21.249001,-3.620291,31.313079
10656.0000,-17.405886,18.850997,1.009972,25.677714
10657.0000,-20.643774,10.297916,-4.955153,23.595890
10658.0000,-27.235670,4.089277,1.751694,27.596600
10659.0000,-26.499462,12.622700,-2.290794,29.441497
10660.0000,-23.433722,2.264428,3.033508,23.737505
10661.0000,-18.577104,7.921665,-5.947940,21.053255
10662.0000,-23.222595,15.831406,-12.871608,30.912791
10663.0000,-22.494186,11.780489,-12.198249,28.170297
10664.0000,-20.464608,3.686864,-23.252364,31.193999
10665.0000,-31.578545,14.071072,-21.112134,40.508293
10666.0000,-19.499452,12.807913,-17.419038,29.115188
10667.0000,-23.492721,6.134531,-15.778982,28.957153
10668.0000,-15.002753,7.618294,-12.482279,20.950615
10669.0000,-11.430810,10.741917,-3.683422,16.112722
10670.0000,-20.834101,4.079536,-9.322085,23.186282
10671.0000,-25.661501,7.474755,-3.829080,27.000860
10672.0000,-17.281465,7.693768,-7.819522,20.469197
10673.0000,-9.773631,3.533821,-12.426807,16.199916
10674.0000,-11.350316,14.012784,-25.331182,31.094318
10675.0000,-16.072986,15.711541,-12.384736,25.662717
10676.0000,-11.659387,17.565633,-14.488864,25.581633
10677.0000,-8.008060,11.580885,-9.292295,16.869875
10678.0000,-18.096309,9.521320,-16.246825,26.116877
10679.0000,-5.601368,7.325949,-16.532433,18.930563
10680.0000,-6.661990,9.738001,-19.975315,23.199655
10681.0000,-11.560139,6.350029,-22.692626,26.247190
10682.0000,-14.140233,13.235965,-22.118598,29.400159
10683.0000,-15.166727,6.468169,-23.253084,28.505661
10684.0000,-4.615352,19.303343,-24.912108,31.851745
10685.0000,-12.017032,10.926300,-25.819599,30.503193
10686.0000,-14.587792,19.889052,-20.816223,32.275273
10687.0000,-21.666419,21.935192,-24.197911,39.193434
10688.0000,-17.149488,26.139200,-25.771203,40.515647
10689.0000,-5.513211,31.202769,-28.142055,42.379046
10690.0000,-11.310271,18.558479,-31.626982,38.374540
10691.0000,-11.067513,27.526902,-24.412738,38.421373
10692.0000,-10.351997,31.605961,-22.013946,39.883762
10693.0000,-17.155788,37.171079,-22.983961,46.949682
10694.0000,-13.069818,41.362947,-26.639987,50.905819
10695.0000,-14.990237,35.507989,-31.496733,49.775181
10696.0000,-21.845830,41.789921,-21.287227,51.737645
10697.0000,-24.043080,31.120083,-26.639804,47.499563
10698.0000,-9.547084,27.881256,-19.609779,35.398512
10699.0000,-17.960446,30.717930,-13.918068,38.208396
10700.0000,-18.200305,34.130726,-14.956329,41.471066
10701.0000,-22.951831,35.744957,-14.470713,44.876387
10702.0000,-31.794525,31.628734,-15.199908,47.352992
10703.0000,-28.710157,28.859328,-23.434325,46.971284
10704.0000,-26.854901,29.622982,-17.326313,43.576461
10705.0000,-22.582434,28.747275,-12.256349,38.556326
10706.0000,-27.523334,30.129963,-10.466071,42.129411
10707.0000,-25.398451,29.676545,-8.265423,39.926130
10708.0000,-17.319420,37.198062,-12.187636,42.804165
10709.0000,-9.560734,32.176471,-3.617309,33.761188
10710.0000,-12.933940,29.683347,-2.999119,32.517420
10711.0000,-18.407838,25.621908,-4.695259,31.896334
10712.0000,-3.389380,27.964033,-7.044644,29.036220
10713.0000,-2.052174,32.151906,0.301280,32.218740
10714.0000,-7.320142,37.014445,2.220538,37.796619
10715.0000,-7.330670,24.914675,17.222332,31.162293
10716.0000,-7.026867,26.015660,11.243363,29.199395
10717.0000,3.587034,33.747151,18.073532,38.449832
10718.0000,1.846248,19.551629,11.344415,22.679739
10719.0000,-0.308221,22.135756,20.587287,30.231161
10720.0000,-1.436331,26.043959,32.411031,41.603195
10721.0000,-3.747620,30.778027,30.542576,43.522185
10722.0000,-8.535011,18.238599,24.923057,32.041406
10723.0000,-6.404487,27.477033,26.196296,38.500010
10724.0000,-3.689181,25.408357,24.493627,35.484256
10725.0000,-12.004570,18.240578,26.775422,34.550711
10726.0000,-2.819440,19.965728,36.193922,41.431624
10727.0000,-2.784363,16.165976,26.739786,31.370489
10728.0000,-9.846726,31.692206,25.494699,41.848938
10729.0000,-10.267459,36.279613,36.673597,52.598325
10730.0000,-5.875261,29.631544,27.458147,40.822750
10731.0000,-11.467772,30.090591,29.981917,43.998509
10732.0000,-12.563119,38.451483,26.657872,48.445749
10733.0000,-8.229768,36.749956,26.867541,46.261789
10734.0000,-4.501085,34.122732,34.954379,49.055369
10735.0000,-11.885503,35.075439,24.827686,44.586608
10736.0000,-7.272579,36.172539,20.602723,42.258907
10737.0000,-20.047899,30.335022,16.175543,39.796733
10738.0000,-15.720948,25.694783,12.222110,32.507693
10739.0000,-11.209245,34.833425,11.860229,38.466605
10740.0000,-15.389401,30.050451,14.778476,36.854669
10741.0000,-11.873745,33.367104,17.655007,39.573334
10742.0000,-15.753944,29.229772,15.563966,36.671560
10743.0000,-17.458223,20.459190,17.897676,32.306266
10744.0000,-7.475729,14.701510,18.182549,24.548442
10745.0000,-15.531851,13.211034,28.347908,34.919532
10746.0000,-16.379207,13.841860,30.530629,37.309447
10747.0000,-8.865987,20.490076,27.292776,35.261092
10748.0000,-6.685735,20.448774,21.116320,30.145487
10749.0000,-0.408774,18.360664,20.733351,27.697526
10750.0000,-8.003438,29.221018,27.483242,40.905397
10751.0000,-4.801631,21.983081,18.698571,29.256590
10752.0000,-12.028534,30.134773,10.170486,34.003367
10753.0000,-11.022790,26.199840,11.423822,30.633923
10754.0000,-4.913231,25.242138,11.557962,28.193826
10755.0000,-1.216652,19.511279,16.559504,25.620059
10756.0000,-0.375012,23.256712,10.639108,25.577450
10757.0000,9.558291,18.404761,6.761801,21.813255
10758.0000,15.996520,7.596089,9.671126,20.177212
10759.0000,10.372609,24.053630,2.560056,26.319613
10760.0000,3.156175,16.214399,-0.940239,16.545460
10761.0000,3.271391,15.696845,1.183401,16.077730
10762.0000,4.672569,8.452655,1.401991,9.759399
10763.0000,8.097399,11.730494,11.181530,18.116262
10764.0000,9.609368,4.038610,8.090390,13.194875
10765.0000,-4.719802,-0.019299,7.479918,8.844550
10766.0000,-0.075790,0.286316,3.561883,3.574176
10767.0000,1.570081,3.143299,12.957013,13.424965
10768.0000,1.583771,-3.148988,14.997925,15.406564
10769.0000,-1.285538,6.601293,10.062332,12.102901
10770.0000,-9.102435,0.703162,5.395089,10.604515
10771.0000,0.980491,4.720476,8.650906,9.903658
10772.0000,-6.502694,6.452560,4.599197,10.250521
10773.0000,-11.145740,6.600603,4.859963,13.835271
10774.0000,-13.203357,4.048326,6.319403,15.187246
10775.0000,-9.373888,10.215398,2.831984,14.150769
10776.0000,-8.926876,6.596215,16.422043,19.821268
10777.0000,-5.516245,7.316234,3.857213,9.941546
10778.0000,2.430238,15.955951,0.585430,16.150578
10779.0000,-8.765692,17.682902,-2.295865,19.869408
10780.0000,-21.290532,16.359901,2.846907,27.000703
10781.0000,-17.997714,9.657135,-4.865328,20.996413
10782.0000,-20.640817,7.010899,-7.928523,23.196067
10783.0000,-25.046033,15.672806,-15.845784,33.526549
10784.0000,-14.000813,15.991501,-23.800437,31.909429
10785.0000,-6.348099,5.287286,-16.427574,18.388011
10786.0000,-7.715047,17.083818,-15.493222,24.319102
10787.0000,-11.866382,11.823808,-10.115352,19.568694
10788.0000,-10.839855,18.100537,4.070983,21.487317
10789.0000,-19.848623,24.189696,2.448472,31.386370
10790.0000,-7.406675,21.761559,2.791266,23.156327
10791.0000,8.038540,31.024408,16.530635,36.060975
10792.0000,-2.600387,27.133087,18.048547,32.691229
10793.0000,-3.995689,27.198598,17.083810,32.366431
10794.0000,-1.406002,26.997837,12.883364,29.947306
10795.0000,-2.033728,34.864572,17.914352,39.250458
10796.0000,-8.097938,31.191700,15.964297,35.963280
10797.0000,1.452735,21.407215,9.611813,23.510981
10798.0000,0.176181,26.945370,11.316955,29.225972
10799.0000,-1.102231,18.095815,9.394552,20.418890
10800.0000,-4.883702,21.045550,-1.436285,21.652451
10801.0000,-2.248816,16.136818,2.016829,16.417115
10802.0000,-8.629624,14.544344,-9.342038,19.320507
10803.0000,-7.567141,12.615657,-3.691771,15.167255
10804.0000,-12.320957,3.977935,2.453629,13.177642
10805.0000,-7.391565,6.925778,-1.654114,10.263416
10806.0000,0.450385,13.298669,1.345567,13.374154
10807.0000,-4.995007,16.873051,5.585627,18.462101
10808.0000,0.257328,17.457418,2.481836,17.634828
10809.0000,-2.880053,19.056635,3.959012,19.675463
10810.0000,-10.372358,15.163475,5.090442,19.063824
10811.0000,-15.633428,13.954272,1.313234,20.996437
10812.0000,-9.166529,6.531714,4.180053,12.006722
10813.0000,-23.522253,10.081924,3.318197,25.806046
10814.0000,-22.001044,9.321802,-1.132819,23.921230
10815.0000,-19.826643,16.019542,-2.706333,25.632903
10816.0000,-19.250482,17.231490,6.371368,26.610141
10817.0000,-17.617502,23.366006,-0.739977,29.272755
10818.0000,-25.529158,16.543744,4.384809,30.735320
10819.0000,-21.383890,16.273292,7.293024,27.843832
10820.0000,-20.838764,19.954847,7.750689,29.875126
10821.0000,-9.436886,14.324181,6.654583,18.398925
10822.0000,-12.207691,14.017975,8.966804,20.638190
10823.0000,-4.958983,12.518372,13.699414,19.208724
10824.0000,-9.759104,8.609547,5.291120,14.048500
10825.0000,-5.714335,20.280964,3.901115,21.428715
10826.0000,-8.832913,25.936334,-2.077166,27.477780
10827.0000,4.416628,18.642108,-4.114039,19.594900
10828.0000,3.330070,8.566890,5.294271,10.607086
10829.0000,4.146414,20.186164,3.587001,20.917470
10830.0000,15.548880,11.376247,1.097515,19.297440
10831.0000,17.127250,15.759051,6.437237,24.148052
10832.0000,16.333160,17.184641,4.488905,24.129532
10833.0000,10.265747,11.166356,12.318250,19.540019
10834.0000,16.270245,13.222100,7.237949,22.179556
10835.0000,17.509297,13.436306,8.554345,23.670374
10836.0000,10.049366,15.197012,2.361945,18.371656
10837.0000,9.954722,17.426663,-4.057291,20.475514
10838.0000,16.790077,19.854232,0.987030,26.020597
10839.0000,15.985821,22.874809,8.402780,29.144641
10840.0000,20.645181,20.713971,9.301257,30.688850
10841.0000,14.539360,12.307892,12.233239,22.639111
10842.0000,15.476611,22.359706,12.802265,30.056280
10843.0000,18.384810,17.435814,11.513480,27.831080
10844.0000,19.534960,11.489304,4.240297,23.056428
10845.0000,8.158627,16.330527,12.929075,22.369852
10846.0000,16.606434,18.036707,4.218815,24.877597
10847.0000,19.835814,17.916509,1.820887,26.791350
10848.0000,18.681034,6.847474,10.904664,22.688778
10849.0000,17.040593,9.921207,4.991948,20.340396
10850.0000,21.460969,17.072705,6.179042,28.111048
10851.0000,17.799373,13.257025,17.972164,28.558100
10852.0000,16.213565,16.078086,23.949592,33.090293
10853.0000,17.111858,4.217629,26.322041,31.677341
10854.0000,21.042147,17.964817,16.401916,32.164101
10855.0000,10.146150,25.131000,26.354645,37.803159
10856.0000,7.949912,13.831443,17.840269,23.932929
10857.0000,5.568855,20.218230,18.632092,28.052519
10858.0000,12.221938,24.061997,15.893187,31.320103
10859.0000,4.967423,23.269773,14.971478,28.112325
10860.0000,12.384997,24.028844,13.087623,30.034303
10861.0000,4.060363,18.834274,21.311592,28.729782
10862.0000,8.997669,22.276065,10.075595,26.051847
10863.0000,7.860885,12.545756,16.479560,22.153225
10864.0000,8.912666,11.248054,17.769217,22.840740
10865.0000,6.814625,6.334431,13.231809,16.175441
10866.0000,10.773524,-1.153090,18.661420,21.578856
10867.0000,16.359066,-4.541142,30.808846,35.177066
10868.0000,13.097152,7.025028,25.636746,29.633244
10869.0000,14.968698,13.262208,20.156375,28.394146
10870.0000,12.464232,17.037878,25.890062,33.405713
10871.0000,0.001248,18.097550,29.151026,34.311858
10872.0000,5.606943,6.567373,31.056056,32.234249
10873.0000,6.052227,6.006256,26.678940,28.008399
10874.0000,3.754179,5.751346,20.135283,21.274432
10875.0000,2.642463,10.955173,15.336410,19.031656
10876.0000,-1.239562,-3.764423,16.026398,16.509174
10877.0000,9.814201,-8.064851,13.934102,18.855226
10878.0000,-3.722429,-6.444208,11.490510,13.690000
10879.0000,-2.879003,-4.339031,5.347728,7.464184
10880.0000,10.904663,-5.434890,9.465360,15.428634
10881.0000,-2.288444,-2.679677,9.041777,9.704193
10882.0000,4.118467,-9.763961,5.223411,11.814429
10883.0000,1.006621,0.632074,9.521389,9.595293
10884.0000,5.405757,-6.707628,7.986064,11.746987
10885.0000,0.056743,-9.092308,2.894192,9.541993
10886.0000,-9.086918,-9.799321,6.452116,14.840100
10887.0000,-14.591367,2.250419,5.426876,15.729697
10888.0000,-16.274623,-0.223135,18.848641,24.903502
10889.0000,-21.422163,5.821774,13.558094,26.011998
10890.0000,-16.692400,1.244879,11.782277,20.469684
10891.0000,-8.610992,-10.212534,14.591058,19.782417
10892.0000,-11.156474,-0.311360,10.321308,15.201752
10893.0000,-8.788348,-4.835744,5.735817,11.555046
10894.0000,-3.348780,-8.340251,1.896640,9.185389
10895.0000,-5.370597,-13.541014,6.677990,16.024915
10896.0000,-9.419548,-8.083051,13.326776,18.211715
10897.0000,-2.101087,-10.531029,8.041049,13.415499
10898.0000,4.454448,-5.615957,-0.335228,7.175894
10899.0000,6.979342,-4.168264,4.270578,9.182781
10900.0000,15.253061,-4.730339,9.376876,18.519119
10901.0000,9.113326,-12.506973,6.145271,16.650569
10902.0000,14.090059,-4.437672,5.927917,15.917377
10903.0000,16.979171,-12.233143,6.694470,21.971754
10904.0000,14.570467,-4.911178,-2.079864,15.515927
10905.0000,12.127246,-10.528372,-4.290606,16.623057
10906.0000,16.925264,-6.248496,-5.599483,18.890804
10907.0000,15.135398,-4.102543,-4.022837,16.189328
10908.0000,12.663317,-0.623671,5.127480,13.676243
10909.0000,19.864173,7.039085,2.494331,21.221588
10910.0000,10.372699,8.810705,4.695105,14.396715
10911.0000,8.821493,2.570181,7.048182,11.580217
10912.0000,5.332825,5.360318,2.921225,8.105898
10913.0000,17.262183,12.909205,-1.389369,21.600020
10914.0000,22.232335,0.039635,6.340442,23.118813
10915.0000,22.527248,10.239471,8.254037,26.085490
10916.0000,3.771662,12.540574,9.752061,16.327710
10917.0000,-3.951520,4.943777,8.969734,10.977776
10918.0000,7.299660,10.106602,6.664425,14.136583
10919.0000,-2.723189,-3.018509,-1.524529,4.341813
10920.0000,-4.437106,5.907295,-5.904089,9.457395
10921.0000,-4.146717,9.925483,-3.447823,11.295927
10922.0000,-11.357089,-0.810141,2.946156,11.760937
10923.0000,-8.228811,3.080045,1.930366,8.995906
10924.0000,-15.380945,-6.763428,3.810782,17.229031
10925.0000,-9.932334,-8.147109,8.493681,15.400301
10926.0000,-7.650327,-6.651200,-8.617013,13.304844
10927.0000,-12.816760,-15.187771,4.194526,20.310877
10928.0000,-16.069286,-9.557505,-4.204577,19.163672
10929.0000,-11.448112,-15.026240,3.510293,19.213780
10930.0000,-13.962923,-17.305447,1.612801,22.294458
10931.0000,-14.660807,-14.292265,-5.347733,21.161435
10932.0000,-14.662011,-8.240002,4.407256,17.386665
10933.0000,-15.927155,-6.230253,-3.267761,17.411737
10934.0000,-9.167313,-14.210138,-4.063822,17.392018
10935.0000,-9.926667,-12.236178,-0.024577,15.756376
10936.0000,-3.951686,-11.294709,-10.102702,15.660488
10937.0000,-10.029318,-16.909872,-0.512333,19.667066
10938.0000,-3.479431,-1.972298,5.180343,6.544643
10939.0000,-0.689925,-4.431022,7.175434,8.461490
10940.0000,-5.200764,-10.430176,8.676047,14.529636
10941.0000,-10.997763,-20.389889,15.154661,27.683246
10942.0000,-6.405127,-21.624458,12.887303,25.975477
10943.0000,-5.969707,-12.162302,3.338416,13.953637
10944.0000,-10.632520,-18.097058,7.163166,22.178028
10945.0000,-14.477785,-22.151316,5.872386,27.106677
10946.0000,-19.423538,-21.521082,13.026060,31.782213
10947.0000,-15.865258,-18.232959,16.183849,29.087183
10948.0000,-8.407436,-15.124586,14.867231,22.813870
10949.0000,-13.495117,-15.898606,9.351192,22.854510
10950.0000,-0.058408,-13.336078,4.514393,14.079564
10951.0000,1.759287,-6.918760,2.502158,7.564729
10952.0000,-5.855532,-16.378770,3.635708,17.769911
10953.0000,-5.556287,-5.392928,10.526077,13.067299
10954.0000,8.481100,-13.162749,8.247544,17.697712
10955.0000,2.354129,-8.005687,11.842024,14.486769
10956.0000,2.344951,-9.874485,22.798598,24.955567
10957.0000,-2.399894,-13.712174,7.156080,15.652242
10958.0000,-4.086137,-22.893747,12.732427,26.512919
10959.0000,-3.280248,-24.466838,6.900482,25.632067
10960.0000,-2.086161,-18.853692,19.657970,27.317568
10961.0000,1.052713,-15.374491,9.647452,18.181213
10962.0000,6.384558,-7.294575,20.395569,22.582131
10963.0000,20.080001,-5.622434,16.429656,26.547162
10964.0000,-1.733222,0.528164,11.215579,11.360996
10965.0000,-1.138532,4.262935,3.665025,5.735964
10966.0000,-1.286538,-6.982483,5.531933,9.000696
10967.0000,0.616114,-16.493672,14.115064,21.717639
10968.0000,-0.191373,-14.219959,9.901418,17.328645
10969.0000,0.542593,-8.515848,11.131791,14.026078
10970.0000,-2.805918,-7.502303,7.247036,10.801725
10971.0000,2.321262,6.975156,-2.434674,7.743946
10972.0000,-13.117453,-0.427691,3.509712,13.585602
10973.0000,-7.001866,5.927124,5.272465,10.580918
10974.0000,-1.861889,4.875416,-1.559560,5.446884
10975.0000,-3.561464,18.579710,-14.644808,23.924047
10976.0000,-6.039031,6.911426,-10.195791,13.718304
10977.0000,-6.070307,2.528560,-6.719422,9.401749
10978.0000,-5.836822,15.265767,-1.603699,16.422058
10979.0000,-2.476376,2.027995,-4.640377,5.637225
10980.0000,-0.539072,-1.732854,-5.379808,5.677651
10981.0000,-3.318900,-8.065652,-12.092798,14.909917
10982.0000,-4.417052,-7.148153,-2.068144,8.653534
10983.0000,-12.011464,-1.601507,-0.490625,12.127688
10984.0000,-12.986011,-1.644969,3.166979,13.467449
10985.0000,-12.519027,0.166798,0.407415,12.526765
10986.0000,-3.117118,-7.005042,7.201189,10.518752
10987.0000,-5.726219,-2.497475,-2.452996,6.711494
10988.0000,-9.518736,-7.414981,-1.278295,12.133520
10989.0000,-15.529963,-8.852713,-14.549021,23.048303
10990.0000,-14.627719,-10.077795,-3.517317,18.108110
10991.0000,-9.505318,-6.859663,-10.794974,15.935417
10992.0000,-8.912409,-7.443883,-12.363207,16.961466
10993.0000,-10.761197,-15.602613,-16.349233,25.030827
10994.0000,-9.724480,-7.884530,-7.855205,14.779566
10995.0000,-6.482211,8.256973,-15.013848,18.319724
10996.0000,-16.792195,5.374141,-11.106810,20.837956
10997.0000,-16.442440,2.350479,-18.204624,24.643192
10998.0000,-19.848005,-3.625073,-13.669725,24.371004
10999.0000,-16.552364,-8.348526,-15.444246,24.128891
11000.0000,-13.945454,-11.327591,-13.442021,22.438314
11001.0000,-15.979811,-3.091314,-12.322563,20.414606
11002.0000,-14.096251,-0.598363,-11.119117,17.963771
11003.0000,-10.571342,-4.886121,-3.083226,12.047146
11004.0000,-13.085093,-8.852118,-6.934862,17.253172
11005.0000,-17.478784,-3.541881,-1.591950,17.904947
11006.0000,-9.212407,-7.396358,0.742079,11.837451
11007.0000,-12.679511,9.140616,-2.712007,15.864294
11008.0000,-18.323341,2.999316,-4.967304,19.220167
11009.0000,-18.379262,-1.776083,-12.946148,22.551153
11010.0000,-18.195862,1.716938,1.674506,18.353235
11011.0000,-22.957753,5.778155,-3.071687,23.872175
11012.0000,-20.701943,7.148072,1.646002,21.963030
11013.0000,-15.770471,1.153775,4.000409,16.310801
11014.0000,-16.754312,4.297795,2.521916,17.479648
11015.0000,-13.724079,0.372743,4.229415,14.365835
11016.0000,-7.564401,-6.745888,2.178256,10.366869
11017.0000,-2.756176,-5.338754,8.190024,10.157525
11018.0000,-4.305454,3.289844,5.076684,7.425141
11019.0000,-9.553254,10.911744,2.730615,14.757611
11020.0000,-0.507207,5.432313,-2.124696,5.855051
11021.0000,-6.297506,-0.944015,-10.028740,11.879620
11022.0000,1.056050,-6.729896,-15.686785,17.102104
11023.0000,-6.975932,-9.926765,-4.816930,13.054007
11024.0000,-9.557199,-19.069660,-11.014580,24.006519
11025.0000,-14.052635,-17.325109,-10.369633,24.600107
11026.0000,-14.601625,-19.130100,-8.764331,25.612139
11027.0000,-12.904771,-7.401786,-12.686477,19.551630
11028.0000,-13.736871,-10.855909,-1.208130,17.550269
11029.0000,-13.181671,-4.086191,-0.170947,13.801544
11030.0000,-10.295562,-15.721033,1.266039,18.834870
11031.0000,4.915285,-21.107364,13.476409,25.520471
11032.0000,11.696613,-17.225380,9.267775,22.790703
11033.0000,6.540045,-13.001433,10.804066,18.125598
11034.0000,19.804688,-9.557212,4.998894,22.551162
11035.0000,12.027220,-13.822235,1.810466,18.411572
11036.0000,6.315867,-19.984238,9.766952,23.122571
11037.0000,14.390836,-20.414622,5.196470,25.511885
11038.0000,15.341020,-30.280443,8.096429,34.897053
11039.0000,8.589822,-20.563822,6.217752,23.136903
11040.0000,11.738675,-21.602347,1.013673,24.606614
11041.0000,19.964465,-21.974863,6.417030,30.375200
11042.0000,18.987267,-15.293488,8.037712,25.671227
11043.0000,12.525553,-13.664348,-6.616210,19.681924
11044.0000,12.926233,-20.445253,-3.028088,24.377555
11045.0000,2.881037,-24.561620,-2.235863,24.830880
11046.0000,-0.958948,-32.528124,-8.373431,33.602273
11047.0000,3.819503,-37.108796,-5.204601,37.666155
11048.0000,13.911887,-32.597046,2.705708,35.544745
11049.0000,-6.018393,-33.885732,-0.486374,34.419478
11050.0000,-0.930723,-30.813294,1.577705,30.867693
11051.0000,-5.196338,-37.498673,0.880905,37.867247
11052.0000,-3.853653,-37.083424,1.667084,37.320372
11053.0000,2.255317,-34.975833,4.638240,35.354046
11054.0000,-2.165956,-27.054817,1.013999,27.160314
11055.0000,9.603444,-44.188948,8.430219,45.999542
11056.0000,4.106570,-36.588064,12.931185,39.022633
11057.0000,4.414354,-34.285363,12.106602,36.627073
11058.0000,7.442845,-22.826562,1.245867,24.041632
11059.0000,6.093281,-19.301457,8.165329,21.825373
11060.0000,5.303588,-29.185771,9.094791,31.026641
11061.0000,6.485617,-44.026010,8.381874,45.283646
11062.0000,9.159582,-29.798932,-0.666904,31.182031
11063.0000,5.920786,-34.369576,8.519698,35.901375
11064.0000,8.575110,-34.805197,1.644360,35.883676
11065.0000,-0.527091,-33.624114,-0.681623,33.635153
11066.0000,-5.503562,-32.015435,-2.182978,32.558296
11067.0000,-7.517614,-18.029615,-6.783635,20.678473
11068.0000,2.208809,-14.886116,-13.154294,19.987765
11069.0000,5.147736,-15.000783,-10.076561,18.789884
11070.0000,0.001575,-19.090974,-11.389653,22.230373
11071.0000,-11.252845,-22.661245,-10.572331,27.421391
11072.0000,-6.136203,-27.295901,-8.051226,29.112565
11073.0000,-2.261116,-23.446589,-1.110712,23.581537
11074.0000,-6.658136,-18.944753,-5.754445,20.888947
11075.0000,-2.976651,-10.320970,-4.266183,11.557820
11076.0000,6.839660,-13.176166,-14.640142,20.850085
11077.0000,-4.139202,-19.106392,-17.782759,26.427518
11078.0000,-8.017912,-6.316549,-18.268256,20.926416
11079.0000,-5.782820,-4.635021,-25.675387,26.723584
11080.0000,-6.034707,-12.958749,-26.855284,30.422904
11081.0000,5.415901,-6.162112,-19.015860,20.710059
11082.0000,9.442470,-13.591106,-27.259610,31.889884
11083.0000,2.048329,-19.834476,-29.235849,35.388373
11084.0000,-2.000995,-31.004754,-18.599074,36.210831
11085.0000,2.625619,-33.589853,-26.510501,42.871655
11086.0000,7.956699,-25.837789,-24.809104,36.693215
11087.0000,5.558720,-31.873200,-14.363984,35.399496
11088.0000,2.072512,-30.188838,-11.660634,32.428870
11089.0000,12.263036,-19.455104,-1.822913,23.069593
11090.0000,6.612416,-30.729902,-3.255440,31.601406
11091.0000,21.161794,-8.592790,5.737868,23.549537
11092.0000,10.616186,-20.749196,1.818829,23.378210
11093.0000,11.723708,-2.611230,1.172138,12.068047
11094.0000,11.697025,-6.511162,10.375490,16.937131
11095.0000,17.888095,-9.775664,8.270637,21.998886
11096.0000,15.508009,1.460812,3.092092,15.880597
11097.0000,20.479935,-13.624195,5.724612,25.255051
11098.0000,19.173298,-7.426826,2.243619,20.683494
11099.0000,17.483882,-6.452325,-5.452374,19.417698
11100.0000,27.005305,-11.271338,-10.902013,31.227927
11101.0000,21.587114,-14.024339,-7.476412,26.806386
11102.0000,11.557224,-13.576105,-7.626003,19.391647
11103.0000,25.769834,-17.759077,-2.721742,31.414599
11104.0000,18.065812,-14.215296,-8.208269,24.409504
11105.0000,10.226491,-15.791331,-3.933994,19.220395
11106.0000,18.612556,-26.997352,5.660608,33.276519
11107.0000,24.044433,-25.278857,10.951638,36.566293
11108.0000,24.654975,-12.702914,15.354535,31.701634
11109.0000,22.874202,-9.335049,10.684568,26.917136
11110.0000,35.366727,-16.895174,1.856261,39.238985
11111.0000,29.082226,-24.121018,7.210967,38.465536
11112.0000,20.397791,-27.381985,16.004918,37.709420
11113.0000,19.355085,-22.264083,17.751743,34.430119
11114.0000,20.398889,-11.585302,7.433024,24.608611
11115.0000,28.589343,-11.864483,7.115806,31.760844
11116.0000,18.837235,-18.812157,3.683336,26.875745
11117.0000,9.680291,-19.642641,7.693492,23.210583
11118.0000,8.840334,-19.351044,18.482126,28.181614
11119.0000,7.833955,-22.992948,11.359294,26.815668
11120.0000,8.761167,-16.546249,5.119801,19.410017
11121.0000,0.298097,-20.639670,12.225492,23.990571
11122.0000,-4.003400,-18.449452,9.461048,21.116840
11123.0000,-5.539917,-12.459949,10.659155,17.307761
11124.0000,6.357989,-24.412032,10.034432,27.148870
11125.0000,6.266336,-12.593442,12.675969,18.935204
11126.0000,-0.529661,-19.296878,11.061271,22.248635
11127.0000,6.075697,-2.842810,14.995174,16.427140
11128.0000,-5.239825,-6.112841,11.164819,13.765020
11129.0000,4.134262,-16.289049,14.500544,22.196644
11130.0000,-8.557734,-9.787961,13.682427,18.874528
11131.0000,-11.551827,3.361449,24.475862,27.272915
11132.0000,-12.717456,-11.286934,19.091450,25.565837
11133.0000,-11.060689,-9.428292,23.432460,27.573750
11134.0000,-20.711739,-11.574334,31.324093,39.295548
11135.0000,-20.803005,-3.121286,32.936689,39.081107
11136.0000,-16.532952,-1.170861,31.538378,35.628341
11137.0000,-15.660535,-5.496131,22.948791,28.321491
11138.0000,-20.467057,2.561108,33.450423,39.298735
11139.0000,-18.855795,10.079109,31.077576,37.721946
11140.0000,-26.562092,-2.822688,33.663113,42.973451
11141.0000,-18.357677,6.549028,35.406841,40.417057
11142.0000,-17.147670,-12.476496,38.857430,44.267430
11143.0000,-11.390510,-3.049636,32.760087,34.817629
11144.0000,-19.871380,0.407955,40.861610,45.439073
11145.0000,-22.600571,2.663453,38.617236,44.823774
11146.0000,-19.472069,-0.287617,29.383002,35.250602
11147.0000,-20.900808,6.622392,23.907233,32.438490
11148.0000,-24.471710,15.840273,24.081252,37.811183
11149.0000,-17.425290,15.810540,29.213734,37.510748
11150.0000,-17.909956,11.863230,21.953584,30.715837
11151.0000,-18.638983,7.635523,21.095505,29.167332
11152.0000,-12.004135,6.605512,26.889290,30.178899
11153.0000,-3.472269,15.973548,23.200953,28.381246
11154.0000,-10.320032,4.913841,23.261611,25.918168
11155.0000,-11.486452,6.272833,22.316291,25.870907
11156.0000,-14.554796,1.828437,29.614147,33.048192
11157.0000,-16.539599,-4.687588,15.721748,23.296034
11158.0000,-15.745441,-3.872349,17.954716,24.192681
11159.0000,-6.912039,3.585110,19.170148,20.691154
11160.0000,2.109942,8.917159,4.502081,10.209618
11161.0000,-2.552439,6.515193,-1.598361,7.177565
11162.0000,-2.405046,-0.900902,6.021180,6.546028
11163.0000,-5.851802,-0.771369,17.806559,18.759321
11164.0000,-9.314844,4.733024,9.206814,13.925992
11165.0000,-7.138105,-2.800908,7.075609,10.433689
11166.0000,2.045041,12.725552,-2.595704,13.147606
11167.0000,-12.310912,12.602348,-3.272632,17.918924
11168.0000,-16.176209,12.057122,-4.764527,20.730283
11169.0000,-13.052538,0.209988,-16.797681,21.273808
11170.0000,-6.267355,-1.502262,-7.321371,9.753922
11171.0000,-1.757689,4.242349,-9.172884,10.258109
11172.0000,-7.472821,2.894139,-5.817013,9.902360
11173.0000,-16.635131,2.921989,-7.222264,18.369178
11174.0000,-17.672187,11.950850,-5.923967,22.140966
11175.0000,-17.563550,-1.669142,-13.653211,22.308619
11176.0000,-12.547208,6.953886,-14.402827,20.328070
11177.0000,-16.583575,7.766610,-16.779831,24.837430
11178.0000,-10.524385,24.921380,-20.321571,33.834954
11179.0000,-10.278589,15.982075,-15.532539,24.542532
11180.0000,-8.249499,6.313210,-13.376939,16.936745
11181.0000,-2.168138,3.406536,-12.503647,13.139501
11182.0000,-2.764045,1.022759,-13.503838,13.821708
11183.0000,-17.633644,-12.206297,-4.638710,21.942122
11184.0000,-24.611915,-8.896890,-17.585462,31.530136
11185.0000,-28.325586,-9.206675,-13.140880,32.554331
11186.0000,-27.261928,-12.530246,-15.232036,33.648695
11187.0000,-21.103739,-15.077736,-13.697442,29.331312
11188.0000,-25.197645,-4.849587,-10.433687,27.700210
11189.0000,-20.792083,-6.426031,-17.983962,28.231675
11190.0000,-16.227738,-0.264588,-20.240893,25.944233
11191.0000,-17.866893,4.288535,-19.977366,27.142449
11192.0000,-22.937325,-7.921085,-15.859049,28.989203
11193.0000,-21.410799,-3.837688,-17.617721,27.991682
11194.0000,-16.587463,-13.376311,-12.879775,24.898961
11195.0000,-14.574246,3.181489,-23.439789,27.784064
11196.0000,-21.052058,-1.050593,-24.276534,32.150319
11197.0000,-14.411015,-7.032476,-27.826343,32.116015
11198.0000,-7.515500,-0.013565,-27.677534,28.679763
11199.0000,-7.030125,-5.419913,-13.007021,15.747403
11200.0000,-0.682409,0.046652,-11.982509,12.002016
11201.0000,-3.314792,0.854288,-8.349656,9.024102
11202.0000,4.843476,-12.673719,-11.739528,17.941542
11203.0000,7.396565,-12.166806,-16.232342,21.592343
11204.0000,-1.789442,-13.981506,-0.807530,14.118666
11205.0000,-12.377293,-7.747260,6.276968,15.893953
11206.0000,-0.059885,-9.481347,12.812303,15.939092
11207.0000,-0.024730,-9.285818,8.677493,12.709285
11208.0000,-2.243191,2.110004,11.525135,11.929491
11209.0000,7.448287,-1.856724,12.983636,15.083077
11210.0000,3.965445,-1.943741,13.990581,14.671034
11211.0000,9.900289,-0.653373,12.563983,16.009257
11212.0000,3.387612,-7.827463,10.356594,13.416562
11213.0000,2.901715,-6.611350,-6.182812,9.505633
11214.0000,-2.334226,-2.585686,7.001626,7.820304
11215.0000,-13.296483,-0.877964,-2.250315,13.514111
11216.0000,-2.889869,-7.877069,-1.467670,8.517841
11217.0000,-1.280760,-4.987722,-13.989025,14.906728
11218.0000,5.665892,-0.218732,-8.917023,10.567094
11219.0000,-0.165771,14.258150,-0.635064,14.273248
11220.0000,1.658879,15.850138,-2.259110,16.096035
11221.0000,-4.900214,13.078874,7.298129,15.758544
11222.0000,-5.610117,5.165091,-2.645383,8.071532
11223.0000,-1.836413,-5.072480,18.219391,19.001281
11224.0000,2.126232,-5.416399,21.422038,22.198242
11225.0000,-5.850988,-2.677533,9.198220,11.225440
11226.0000,1.245353,-0.775566,11.980084,12.069583
11227.0000,5.880051,-5.309260,16.761489,18.539438
11228.0000,9.299527,-9.566828,11.873403,17.860098
11229.0000,10.922213,-5.720475,22.414931,25.582175
11230.0000,12.418152,-13.991162,13.780983,23.235288
11231.0000,16.247690,-11.027922,22.222715,29.655549
11232.0000,7.017545,-11.607756,14.158110,19.607091
11233.0000,11.696004,-3.714958,12.514365,17.527315
11234.0000,15.143519,-4.501550,10.529178,18.985619
11235.0000,6.257276,5.369035,11.361614,14.038031
11236.0000,14.394323,11.766528,12.427526,22.362718
11237.0000,4.246082,6.777338,12.142623,14.539766
11238.0000,4.074843,18.084930,3.839983,18.931838
11239.0000,9.973849,13.357796,4.971631,17.396134
11240.0000,16.172628,12.218630,8.987823,22.172726
11241.0000,16.393355,18.520313,17.001091,30.013017
11242.0000,23.772317,15.230977,8.409846,29.458975
11243.0000,24.603659,15.207530,5.241600,29.395296
11244.0000,18.695558,19.623791,10.058576,28.910067
11245.0000,21.291200,8.055700,7.179369,23.869496
11246.0000,18.077123,16.785236,-0.300849,24.670164
11247.0000,16.172709,22.747305,-0.647983,27.918028
11248.0000,26.674235,16.002751,1.099743,31.125749
11249.0000,26.866337,17.670545,15.649221,35.762359
11250.0000,15.667539,24.494705,15.227023,32.822623
11251.0000,18.672569,17.092219,20.475156,32.558268
11252.0000,24.176565,9.534729,16.320725,30.688490
11253.0000,27.634278,9.879979,16.453838,33.645150
11254.0000,24.200271,9.988220,18.220115,31.896556
11255.0000,29.034679,16.674224,17.272686,37.674767
11256.0000,28.826693,1.309510,18.181727,34.106718
11257.0000,22.930649,14.266053,16.044038,31.412515
11258.0000,22.066872,19.107042,15.691794,33.139980
11259.0000,16.321608,13.260337,8.734458,22.771082
11260.0000,13.595504,12.278134,10.716405,21.223375
11261.0000,13.180187,3.315824,14.959781,20.211558
11262.0000,16.185109,1.810179,8.101692,18.189885
11263.0000,10.029938,4.663244,11.912537,16.255893
11264.0000,20.235718,-3.577700,1.865817,20.634086
11265.0000,26.008325,5.581792,3.080420,26.778319
11266.0000,14.246623,4.747658,-0.013367,15.016881
11267.0000,16.566820,19.767420,-0.012298,25.791676
11268.0000,23.993317,14.531795,9.110403,29.493250
11269.0000,27.688732,17.275510,11.501405,34.603344
11270.0000,19.595903,14.569759,16.531186,29.488258
11271.0000,4.058638,14.342391,25.505415,29.541546
11272.0000,16.509238,9.924150,21.145213,28.603561
11273.0000,16.023869,12.248747,2.267398,20.296238
11274.0000,4.057631,14.700616,11.548290,19.129440
11275.0000,16.794920,10.751606,-2.117758,20.053710
11276.0000,19.817410,17.752934,5.597240,27.188702
11277.0000,23.676583,12.414468,-0.050557,26.733914
11278.0000,23.197855,14.224290,10.834437,29.289178
11279.0000,23.932582,9.478656,4.300325,26.098011
11280.0000,22.759844,2.749992,16.948286,28.509952
11281.0000,23.786212,19.861240,20.959437,37.410570
11282.0000,28.300385,9.676584,19.222969,35.553771
11283.0000,32.801893,5.735268,19.434336,38.555815
11284.0000,25.392799,-3.917931,10.830687,27.882758
11285.0000,14.697746,-4.632305,24.586506,29.016862
11286.0000,13.397648,-6.437499,7.687484,16.734270
11287.0000,10.264294,-4.409171,7.042872,13.206005
11288.0000,20.233118,-1.806618,9.927259,22.609586
11289.0000,28.364413,-3.133923,15.740946,32.590470
11290.0000,19.918011,5.317302,15.276640,25.658851
11291.0000,18.785492,10.907403,12.256982,24.941928
11292.0000,18.447305,7.095005,16.603649,25.813239
11293.0000,21.075686,5.720012,14.256977,26.079963
11294.0000,20.837129,14.302909,21.442861,33.144463
11295.0000,21.692384,18.410703,21.033796,35.382681
11296.0000,18.039949,15.602262,30.049223,38.364386
11297.0000,11.080052,6.321685,20.990758,24.563045
11298.0000,12.062038,9.024913,7.574414,16.861600
11299.0000,21.624456,20.333510,7.830147,30.698207
11300.0000,9.171385,11.847908,12.601476,19.577651
11301.0000,5.523804,13.647755,12.517743,19.325308
11302.0000,0.133066,26.631850,9.505428,28.277664
11303.0000,-12.613567,25.126698,10.701152,30.082681
11304.0000,-0.112353,24.321456,7.372501,25.414555
11305.0000,1.373422,24.675267,1.833845,24.781405
11306.0000,5.181546,14.867133,-0.433890,15.750184
11307.0000,10.642025,11.701171,-0.291465,15.819452
11308.0000,16.384206,19.886498,0.666701,25.775173
11309.0000,4.786886,21.443885,-1.986215,22.061267
11310.0000,9.300260,25.966332,-6.450154,28.325778
11311.0000,5.033253,33.604825,-14.084591,36.783062
11312.0000,8.943650,30.857661,-13.905277,35.007725
11313.0000,5.945849,26.162378,-14.224802,30.367222
11314.0000,-3.945900,26.781874,-20.334479,33.857494
11315.0000,4.219055,31.911396,-28.161575,42.769286
11316.0000,-0.609284,25.472826,-23.567770,34.708441
11317.0000,5.805651,26.360406,-23.904569,36.055582
11318.0000,-4.955648,30.545950,-22.995778,38.554109
11319.0000,-5.282177,26.537385,-16.792508,31.845290
11320.0000,-7.606442,28.776334,-21.119634,36.496223
11321.0000,-6.831623,23.723047,-24.472572,34.761485
11322.0000,5.188754,43.574595,-27.728928,51.909170
11323.0000,3.624215,28.541433,-21.185473,35.729156
11324.0000,4.587753,33.934977,-24.835127,42.301462
11325.0000,4.091724,42.021481,-13.296044,44.264341
11326.0000,3.314650,43.184353,-9.559280,44.353749
11327.0000,-3.290018,39.405562,-11.189753,41.095415
11328.0000,-7.710821,39.642412,-10.953989,41.844563
11329.0000,-1.927933,37.346422,-11.865806,39.233525
11330.0000,3.058400,40.295846,-13.844587,42.717462
11331.0000,-2.311442,34.364925,-24.655412,42.357764
11332.0000,1.212163,39.514340,-18.927127,43.830224
11333.0000,-2.632586,36.037249,-18.139591,40.430911
11334.0000,0.315834,34.919889,-13.443459,37.419580
11335.0000,10.151542,38.021486,-0.791671,39.361326
11336.0000,3.301143,33.251723,-8.618681,34.508786
11337.0000,2.031622,37.145876,-0.487728,37.204589
11338.0000,-3.985751,24.429919,-5.775500,25.417780
11339.0000,11.396005,26.670519,-6.341109,29.688300
11340.0000,5.194604,19.098934,2.660291,19.970737
11341.0000,2.934450,27.298392,2.041326,27.531440
11342.0000,9.185203,16.848580,-1.756155,19.269839
11343.0000,4.491707,16.919619,-6.463423,18.660782
11344.0000,3.451223,18.980910,11.265627,22.340551
11345.0000,15.107274,13.278617,3.659988,20.443750
11346.0000,8.009621,19.836747,3.344761,21.652667
11347.0000,4.766492,14.388226,3.091401,15.469236
11348.0000,8.690778,20.138806,2.787068,22.110379
11349.0000,2.664439,23.158741,-7.014572,24.344008
11350.0000,18.509605,16.907106,-7.891254,26.281697
11351.0000,18.865364,20.290091,-18.150403,33.121396
11352.0000,17.521687,9.340472,-5.760902,20.674669
11353.0000,18.582015,4.033586,-16.523275,25.190866
11354.0000,16.128953,18.151124,-14.827213,28.450881
11355.0000,9.749621,8.940904,-24.297163,27.664906
11356.0000,10.354615,7.663247,-24.246890,27.456422
11357.0000,10.093709,13.201175,-14.763282,22.228551
11358.0000,2.581724,13.061506,-22.231898,25.913809
11359.0000,-14.148865,15.009458,-18.577512,27.759650
11360.0000,0.447216,23.026848,-16.883013,28.556468
11361.0000,3.220130,14.469082,2.889652,15.102108
11362.0000,-10.411779,23.778265,-10.223712,27.898662
11363.0000,-9.495394,25.278036,-0.613493,27.009591
11364.0000,-18.086674,14.888191,-9.159611,25.153220
11365.0000,-15.426235,17.805516,-6.321182,24.391853
11366.0000,-11.658481,11.927761,4.010688,17.154512
11367.0000,-7.194061,14.898334,3.524713,16.915628
11368.0000,-10.429060,14.391280,3.068083,18.035724
11369.0000,-5.326076,10.328456,5.838135,13.004918
11370.0000,-11.930412,16.621900,11.188946,23.319837
11371.0000,-3.560937,18.939404,6.754916,20.420827
11372.0000,-7.868331,22.745543,11.266509,26.574510
11373.0000,-7.309248,19.756932,0.089294,21.065836
11374.0000,-3.150987,7.731587,1.302304,8.449979
11375.0000,3.813492,18.126831,-1.141351,18.558756
11376.0000,6.293780,13.119551,1.799492,14.661940
11377.0000,6.240726,20.174046,-1.846969,21.197879
11378.0000,7.209989,16.007611,-9.860405,20.135916
11379.0000,5.612539,29.077220,-0.644841,29.620958
11380.0000,2.217253,26.145849,-9.689235,27.971466
11381.0000,14.447900,36.057143,-2.445002,38.920912
11382.0000,14.212953,29.436398,1.278885,32.713073
11383.0000,18.244635,23.503689,0.039175,29.753851
11384.0000,20.408414,26.825501,-3.298161,33.867222
11385.0000,21.111799,29.647207,-1.247115,36.417307
11386.0000,19.121486,26.118619,-1.297050,32.395923
11387.0000,30.915606,31.342861,-9.562076,45.050893
11388.0000,30.448978,27.442193,-5.814877,41.400809
11389.0000,32.542727,20.239503,-0.609518,38.328033
11390.0000,35.238500,27.372633,-0.057753,44.620805
11391.0000,47.484451,32.203575,0.686867,57.378699
11392.0000,43.067882,24.192169,-4.778053,49.627949
11393.0000,41.995358,19.535599,-1.818216,46.352515
11394.0000,40.788015,19.072155,-1.651839,45.057051
11395.0000,40.664227,23.788293,4.912626,47.366615
11396.0000,34.357244,20.894991,0.275202,40.213139
11397.0000,41.670706,22.881954,10.137022,48.608547
11398.0000,35.567919,22.503610,10.927114,43.484379
11399.0000,26.419770,26.464234,-0.420417,37.397014
11400.0000,26.910793,16.867658,-17.291010,36.161964
11401.0000,34.285858,23.828208,-3.827458,41.927950
11402.0000,19.768526,22.914600,-3.787046,30.499430
11403.0000,17.237940,24.100068,0.836501,29.642193
11404.0000,-0.931987,11.339744,-14.407654,18.358618
11405.0000,22.145010,2.799912,-5.230196,22.925879
11406.0000,22.608407,5.496151,-11.026013,25.747247
11407.0000,9.091188,2.751126,-2.150249,9.738684
11408.0000,16.431814,13.441129,-0.038569,21.228989
11409.0000,3.899195,-2.685790,-6.544756,8.077810
11410.0000,6.338936,2.517210,-0.112914,6.821379
11411.0000,0.188598,-0.527611,3.138598,3.188219
11412.0000,7.106448,-13.036296,4.844117,15.617685
11413.0000,9.197484,-14.167390,-11.677251,20.534528
11414.0000,4.922243,-10.209534,-7.089330,13.368682
11415.0000,7.280401,0.748149,-8.939273,11.553120
11416.0000,9.841759,-6.103879,-10.068171,15.345541
11417.0000,14.405442,-5.407775,-13.149251,20.240148
11418.0000,3.940046,-9.018879,-13.137544,16.415213
11419.0000,12.180631,-6.832092,-15.806808,21.092663
11420.0000,20.037550,-7.905694,-19.119037,28.801753
11421.0000,26.008178,-1.803035,-26.157289,36.930746
11422.0000,25.943869,-5.519343,-20.143069,33.306016
11423.0000,17.115128,5.647731,-24.216278,30.186961
11424.0000,12.929070,-2.118331,-23.987797,27.332445
11425.0000,10.646859,-3.366774,-26.024092,28.318618
11426.0000,11.371285,-9.815120,-30.983949,34.433237
11427.0000,7.400874,-8.523614,-29.211284,31.316514
11428.0000,16.114740,-3.060428,-23.270806,28.470713
11429.0000,12.517593,0.980915,-25.771162,28.667143
11430.0000,8.820946,0.803219,-17.966259,20.030994
11431.0000,17.665509,-13.124211,-20.395286,30.004713
11432.0000,21.565475,-10.772390,-19.270337,30.861950
11433.0000,27.368366,-12.041139,-21.393536,36.765472
11434.0000,18.741788,-21.750033,-14.355987,32.100045
11435.0000,19.038864,-17.307366,-21.212568,33.346609
11436.0000,28.447771,-16.212347,-14.036735,35.625072
11437.0000,24.224540,-16.760079,-11.957016,31.791489
11438.0000,17.187059,-9.425914,-17.618250,26.356130
11439.0000,14.989333,-1.903925,-8.173734,17.178910
11440.0000,21.600230,-6.803819,-12.225614,25.735725
11441.0000,11.569240,-6.478654,-19.457901,23.546341
11442.0000,12.963285,-12.192402,-7.319764,19.242671
11443.0000,13.857565,1.116068,0.947012,13.934653
11444.0000,19.685261,0.805135,-3.955905,20.094948
11445.0000,15.738768,-11.197139,-1.862211,19.404963
11446.0000,1.702835,-9.149132,-5.474354,10.796982
11447.0000,3.784052,-11.870660,-10.840550,16.515119
11448.0000,9.967998,-14.908423,-4.949906,18.604398
11449.0000,5.786485,-13.902472,-11.611637,19.015579
11450.0000,-0.768747,-15.804560,-18.149936,24.078938
11451.0000,0.693164,-14.828988,-18.564848,23.770422
11452.0000,0.892754,-1.625653,-10.547985,10.709797
11453.0000,9.367253,-2.532719,-0.864688,9.742062
11454.0000,6.782168,-8.682420,-9.225551,14.369865
11455.0000,11.461876,-9.977020,-10.767080,18.623790
11456.0000,14.384735,-7.500177,-7.294541,17.787175
11457.0000,13.122383,-3.652243,-12.237112,18.310727
11458.0000,3.459281,-3.726850,-11.624105,12.687626
11459.0000,1.920342,8.405609,-15.693372,17.905974
11460.0000,-0.213620,13.444186,-19.422311,23.622403
11461.0000,-0.722693,13.902655,-14.203447,19.888288
11462.0000,4.725498,20.040576,-12.068294,23.866268
11463.0000,7.548337,15.071054,-20.589465,26.609024
11464.0000,3.247993,10.859324,-24.328696,26.839520
11465.0000,-4.480578,12.256630,-30.978475,33.614975
11466.0000,4.221625,11.205421,-34.008136,36.054638
11467.0000,8.780762,0.467286,-32.116377,33.298376
11468.0000,2.918802,8.475503,-33.737178,34.907746
11469.0000,4.311332,4.716011,-39.860282,40.369177
11470.0000,1.462277,-5.602966,-32.291001,32.806101
11471.0000,6.449444,4.463271,-27.336894,28.439794
11472.0000,0.230969,-9.999979,-32.369006,33.879278
11473.0000,8.261948,-7.944331,-34.569497,36.420081
11474.0000,17.964427,-13.867957,-28.754797,36.631670
11475.0000,5.324710,-5.277359,-23.049943,24.238459
11476.0000,-0.861048,-1.725341,-25.086129,25.160129
11477.0000,-0.479579,-1.326280,-18.162706,18.217379
11478.0000,-3.356316,-14.872946,-21.548227,26.396883
11479.0000,-5.449925,-12.469065,-17.365519,22.062196
11480.0000,0.826844,-2.646580,-15.125061,15.377111
11481.0000,-1.246274,2.420003,-19.021428,19.215212
11482.0000,-2.525306,0.844331,-20.119057,20.294495
11483.0000,-6.904934,-0.599312,-21.132464,22.240016
11484.0000,-1.335147,-5.660731,-17.801702,18.727709
11485.0000,4.154460,0.695727,-6.491910,7.738764
11486.0000,-5.302804,10.646613,-11.255412,16.375420
11487.0000,-4.884749,9.156635,-2.920964,10.781316
11488.0000,-8.086780,3.018284,1.691080,8.795783
11489.0000,-13.695089,-4.799532,-3.292826,14.880647
11490.0000,-7.806119,-0.509079,-10.273472,12.912741
11491.0000,-10.023768,1.811417,-14.318738,17.572234
11492.0000,-13.276548,-0.880724,-1.650231,13.407672
11493.0000,-15.676279,2.694226,1.122760,15.945695
11494.0000,-23.517375,-7.135853,-5.270541,25.134955
11495.0000,-11.963674,-11.462956,-2.804677,16.804614
11496.0000,-8.754143,-6.055578,6.433727,12.437761
11497.0000,-10.001846,-8.566947,6.828969,14.834565
11498.0000,-3.439536,-7.125257,16.022005,17.869089
11499.0000,4.743988,-4.327335,1.236302,6.539089
11500.0000,2.477790,5.165485,11.643259,12.976408
11501.0000,3.329009,8.461212,24.984755,26.587824
11502.0000,2.584083,-4.383817,25.857408,26.353384
11503.0000,3.231145,-5.915884,27.078857,27.905242
11504.0000,5.200448,-3.283668,40.521058,40.985160
11505.0000,3.742268,-4.081177,36.744318,37.159191
11506.0000,-4.192650,-7.826332,32.911041,34.087628
11507.0000,-0.022139,-14.889035,21.013973,25.754046
11508.0000,4.894909,-9.811201,15.888658,19.304643
11509.0000,2.631276,-7.673435,19.111441,20.761801
11510.0000,1.614796,-11.739577,23.866340,26.646339
11511.0000,5.429020,-13.568812,28.439134,31.974541
11512.0000,12.158825,-15.624479,28.640680,34.817380
11513.0000,2.435196,-15.639246,34.495293,37.953148
11514.0000,0.637982,-11.388394,45.789838,47.189107
11515.0000,11.457664,-10.070182,27.286504,31.260837
11516.0000,17.013680,-18.864359,34.107656,42.528362
11517.0000,21.693769,-17.074372,28.854874,39.934416
11518.0000,15.725751,-9.661679,26.028694,31.908309
11519.0000,9.061665,-11.951072,31.911947,35.260662
11520.0000,2.553744,-19.586267,22.990143,30.309901
11521.0000,2.647063,-11.783323,7.689462,14.317174
11522.0000,2.691360,-14.270089,7.735557,16.453501
11523.0000,-7.576273,-22.144471,10.485533,25.646129
11524.0000,1.087692,-13.385404,9.535435,16.470478
11525.0000,-9.087623,-17.207745,-1.502245,19.517892
11526.0000,-16.205956,-15.965850,-0.233629,22.750736
11527.0000,-3.398887,-14.575356,2.673952,15.203403
11528.0000,-5.928406,-20.568069,-1.019676,21.429680
11529.0000,-4.932173,-23.412895,-6.850160,24.888043
11530.0000,-3.777976,-18.660700,-2.932021,19.263737
11531.0000,-4.944820,-17.173074,9.731971,20.348881
11532.0000,1.288032,-12.974564,10.525831,16.756833
11533.0000,-1.621485,-32.419338,6.822537,33.169108
11534.0000,-3.041998,-32.920162,13.914739,35.869357
11535.0000,-7.837643,-30.969349,14.136762,34.933899
11536.0000,-6.823260,-21.069324,11.862530,25.123553
11537.0000,-1.048811,-22.171043,19.688517,29.669729
11538.0000,-9.817532,-30.329843,16.157830,35.740157
11539.0000,-9.666042,-20.595194,14.628621,27.047937
11540.0000,1.543298,-29.402644,12.994476,32.183126
11541.0000,-2.589173,-23.194709,22.955444,32.736077
11542.0000,-6.610367,-29.265820,26.214676,39.842118
11543.0000,-3.271584,-41.333376,21.788381,46.838924
11544.0000,-8.469846,-35.405554,18.381583,40.782032
11545.0000,-4.051453,-28.978987,17.782282,34.240408
11546.0000,-9.341933,-33.945529,16.634346,38.939339
11547.0000,-5.577810,-28.159805,15.399282,32.576440
11548.0000,-9.471445,-29.588363,16.130765,35.005444
11549.0000,-13.271989,-26.722298,24.345535,38.508855
11550.0000,-13.870188,-13.580741,20.595867,28.302091
11551.0000,-7.221236,-16.267663,9.905452,20.369121
11552.0000,-20.428238,-10.297411,14.127198,26.887308
11553.0000,-12.348235,-2.391139,13.282244,18.292470
11554.0000,-10.175333,-12.093169,13.845760,21.011597
11555.0000,-4.265969,-3.176223,20.747523,21.418370
11556.0000,-11.447361,1.883631,6.650169,13.372169
11557.0000,1.267884,-3.479539,10.617935,11.245233
11558.0000,-13.158218,2.402556,18.642139,22.944287
11559.0000,-0.579786,4.487351,10.017723,10.992144
11560.0000,-1.336583,8.107113,7.669423,11.239741
11561.0000,-8.721686,18.387152,8.141698,21.918997
11562.0000,-3.130484,23.106883,5.786874,24.025318
11563.0000,-1.770759,15.966155,14.522080,21.655126
11564.0000,0.139124,7.718743,15.857327,17.636699
11565.0000,-8.328451,5.037020,10.520907,14.332625
11566.0000,-12.844794,6.371109,11.732966,18.526799
11567.0000,-12.279048,10.686336,5.450068,17.166131
11568.0000,-0.570951,-1.789927,3.746896,4.191545
11569.0000,10.529777,1.717332,16.512076,19.658944
11570.0000,1.084536,-4.431971,15.477182,16.135729
11571.0000,10.736657,1.498131,25.565189,27.768671
11572.0000,6.246214,-0.045030,24.897012,25.668627
11573.0000,1.988095,4.752688,17.822448,18.552094
11574.0000,1.450715,7.505520,10.679233,13.133294
11575.0000,4.328643,0.598721,8.642907,9.684805
11576.0000,-0.250102,7.524522,9.069122,11.786855
11577.0000,10.143422,6.553776,12.278511,17.222161
11578.0000,2.115475,8.447157,4.859822,9.972340
11579.0000,0.305929,6.371481,12.094059,13.673172
11580.0000,-2.617907,2.243218,11.307506,11.821385
11581.0000,2.965314,2.266837,9.225940,9.952367
11582.0000,5.907084,-1.450016,19.360958,20.293913
11583.0000,2.074186,-8.116440,21.540208,23.111889
11584.0000,5.362988,-2.267448,13.596432,14.790738
11585.0000,10.209273,-8.144751,6.532004,14.602510
11586.0000,9.186091,-1.127830,13.570877,16.426350
11587.0000,5.330439,-2.968304,21.428697,22.280338
11588.0000,2.781308,-12.733982,14.223123,19.292154
11589.0000,7.012520,-13.028489,12.689284,19.491918
11590.0000,-1.464906,-12.850138,5.227288,13.949787
11591.0000,1.901694,-3.452183,5.653390,6.891649
11592.0000,-6.567784,-10.036849,12.248157,17.143263
11593.0000,-7.305128,-9.416608,14.261685,18.585829
11594.0000,-7.068597,-13.283684,12.987760,19.877204
11595.0000,-4.631045,-10.705171,20.122345,23.258461
11596.0000,-14.141032,-18.394399,17.636245,29.143778
11597.0000,-13.216679,-3.958799,21.261326,25.345546
11598.0000,-10.235436,-1.717969,26.037992,28.030209
11599.0000,-9.794491,-0.850311,28.593786,30.236727
11600.0000,-7.830078,0.745779,32.526734,33.464231
11601.0000,-2.448340,-1.946242,24.972203,25.167303
11602.0000,-5.102632,11.566765,17.224288,21.365931
11603.0000,-0.148477,17.553476,19.468978,26.214265
11604.0000,-4.089537,24.592110,32.700276,41.119390
11605.0000,0.683020,10.126918,36.802533,38.176530
11606.0000,2.697060,9.843948,38.668939,39.993303
11607.0000,4.558749,11.677348,46.970765,48.614766
11608.0000,1.388405,8.418805,40.165474,41.061774
11609.0000,10.464176,1.076656,39.023234,40.416221
11610.0000,2.690868,0.260985,38.214649,38.310159
11611.0000,8.366396,2.701544,40.296748,41.244670
11612.0000,4.702371,4.192073,42.759414,43.220981
11613.0000,3.081274,0.248232,37.447083,37.574458
11614.0000,1.740817,-7.203070,38.658776,39.362618
11615.0000,17.479176,-5.886455,57.598655,60.479558
11616.0000,0.360359,1.826188,48.678162,48.713738
11617.0000,3.557866,6.087090,35.887581,36.573619
11618.0000,0.658226,8.576374,44.600689,45.422559
11619.0000,2.379164,3.516556,42.937150,43.146558
11620.0000,3.507300,4.813170,47.144006,47.518681
11621.0000,-5.145348,15.585224,39.102876,42.407650
11622.0000,-11.435568,15.283830,34.694734,39.599144
11623.0000,-4.320314,2.132801,28.337191,28.743875
11624.0000,-7.113239,19.998953,33.053601,39.282271
11625.0000,-3.811724,13.418130,42.455760,44.688555
11626.0000,-4.985879,10.762411,27.096728,29.579066
11627.0000,3.076985,6.846536,28.011943,29.000204
11628.0000,6.351692,-6.601352,25.146644,26.763324
11629.0000,4.638089,-5.464094,34.020409,34.767174
11630.0000,8.186039,3.867312,34.570612,35.736460
11631.0000,-5.997359,3.037522,32.316529,33.008376
11632.0000,10.824403,-0.523431,28.170806,30.183373
11633.0000,20.430972,0.231558,19.436978,28.200609
11634.0000,13.877094,4.926224,33.974599,37.028568
11635.0000,7.618558,12.906353,28.974519,32.621145
11636.0000,23.773188,14.578366,18.523463,33.478529
11637.0000,18.179340,14.041326,30.037169,37.813738
11638.0000,12.794991,6.392934,37.939817,40.546407
11639.0000,21.239737,0.704373,32.184831,38.567939
11640.0000,15.136937,5.427788,28.189527,32.453616
11641.0000,9.188776,0.482666,34.512243,35.717803
11642.0000,4.025108,4.018032,37.456583,37.885903
11643.0000,2.998716,7.393268,34.126842,35.047026
11644.0000,5.355235,8.821594,38.857704,40.204729
11645.0000,-3.999518,6.576493,26.844468,27.926186
11646.0000,-2.857597,13.323989,27.037876,30.277736
11647.0000,-10.418616,14.889948,27.394932,32.874617
11648.0000,-7.251129,9.418648,34.230884,36.235938
11649.0000,-10.735415,26.484309,14.968090,32.260060
11650.0000,-5.490317,12.737205,16.692048,21.702637
11651.0000,-5.972073,13.726761,15.850020,21.801669
11652.0000,-1.662003,17.384665,17.840399,24.965349
11653.0000,2.608310,10.545163,16.503112,19.757440
11654.0000,-7.802927,9.423127,12.759242,17.677083
11655.0000,-3.675299,1.763030,12.110210,12.777843
11656.0000,3.151158,6.105944,21.155760,22.243618
11657.0000,-2.311050,-2.214551,14.831328,15.172787
11658.0000,-4.304999,-11.008422,20.510223,23.672508
11659.0000,3.330130,-8.887603,14.152079,17.039971
11660.0000,-6.254780,-11.744812,12.304924,18.123853
11661.0000,-6.773531,-9.148591,17.678012,21.025926
11662.0000,-1.548807,-16.173520,20.303709,26.004272
11663.0000,9.792822,-26.570411,18.455572,33.800802
11664.0000,3.476226,-17.764589,20.810662,27.581668
11665.0000,0.057449,-15.668372,32.638094,36.204232
11666.0000,-1.264755,-4.068084,32.029106,32.311183
11667.0000,-0.376545,-5.023158,32.595138,32.982070
11668.0000,1.799141,-2.043691,22.526384,22.690341
11669.0000,-2.725062,-10.320574,12.530014,16.460299
11670.0000,-0.102085,-18.180123,6.926169,19.455054
11671.0000,-1.495931,-20.753394,5.933083,21.636604
11672.0000,-4.419214,-18.177691,15.975159,24.600073
11673.0000,-12.077776,-27.133370,8.620936,30.925927
11674.0000,-10.925741,-12.026833,9.521194,18.832675
11675.0000,-15.051891,-21.735045,17.709054,31.821097
11676.0000,-12.706955,-20.543299,6.365306,24.980211
11677.0000,-10.320775,-24.361091,9.463751,28.098821
11678.0000,-3.432071,-24.525160,6.904007,25.708518
11679.0000,-4.899274,-25.757339,7.649281,27.312175
11680.0000,-0.094500,-33.902766,7.378695,34.696565
11681.0000,-0.623360,-29.455353,0.528398,29.466686
11682.0000,0.356507,-25.147704,9.385814,26.844508
11683.0000,-1.023905,-28.745653,15.101149,32.487007
11684.0000,-0.617833,-28.888865,21.331008,35.916015
11685.0000,-0.375493,-24.683370,15.527040,29.163311
11686.0000,-6.926507,-22.374056,17.255698,29.091820
11687.0000,-6.799463,-20.239275,15.991801,26.675806
11688.0000,-2.128866,-25.906864,3.679079,26.253253
11689.0000,-5.297203,-24.668332,6.513234,26.057805
11690.0000,-1.042792,-18.484750,12.210606,22.178194
11691.0000,-7.150046,-18.837896,8.792532,21.984042
11692.0000,0.230528,-20.164892,4.643947,20.694015
11693.0000,4.161886,-15.202075,2.785762,16.005776
11694.0000,14.316859,-17.379313,-2.561981,22.662231
11695.0000,5.924693,-17.369263,6.842402,19.586010
11696.0000,-1.659378,-15.861326,4.698394,16.625586
11697.0000,9.698456,-12.269694,8.138215,17.630541
11698.0000,7.464434,-16.478077,2.762417,18.299610
11699.0000,11.549727,-16.487293,7.563554,21.504287
11700.0000,16.301050,-18.598103,5.342620,25.301329
11701.0000,16.904024,-23.343406,0.936059,28.836380
11702.0000,21.159520,-11.239037,-5.257600,24.529240
11703.0000,18.713658,-10.806644,3.707472,21.925554
11704.0000,13.251029,-16.017361,12.994474,24.515342
11705.0000,12.251543,-7.723190,-1.667727,14.578384
11706.0000,18.180053,-7.957560,-5.498894,20.593080
11707.0000,6.386047,-8.886503,-4.806141,11.952009
11708.0000,4.840378,-12.845065,-2.995110,14.049756
11709.0000,11.301048,-20.585694,-5.503638,24.120003
11710.0000,4.959879,-4.782237,-2.992732,7.511766
11711.0000,11.891552,-5.080263,1.600304,13.029929
11712.0000,3.762425,-9.835037,-3.476832,11.089281
11713.0000,6.097083,-10.996647,-3.136094,12.959002
11714.0000,5.262593,-1.989229,-3.401432,6.574318
11715.0000,-0.913691,4.604347,-1.956026,5.085360
11716.0000,-12.198335,1.260727,3.017105,12.629003
11717.0000,-4.941690,-5.096599,-1.088608,7.181970
11718.0000,-2.451685,1.480703,10.600756,10.980859
11719.0000,-3.520531,-4.597062,13.357242,14.558263
11720.0000,0.518630,0.087416,12.199662,12.210994
11721.0000,-4.861121,5.810088,3.596285,8.385755
11722.0000,-6.605328,16.931976,-2.993089,18.419575
11723.0000,-0.660946,11.510996,3.170659,11.957966
11724.0000,0.143829,12.732308,3.280205,13.148844
11725.0000,-17.841733,6.949865,1.686366,19.221651
11726.0000,-8.680508,8.105126,1.440845,11.963290
11727.0000,-5.466514,9.752138,4.036703,11.886208
11728.0000,0.039196,16.040131,11.844090,19.939153
11729.0000,-5.690669,15.305765,5.070993,17.098688
11730.0000,13.122071,15.673147,1.381619,20.487683
11731.0000,4.895326,18.629486,-5.133372,19.934229
11732.0000,12.283456,15.805352,1.487484,20.072495
11733.0000,9.426649,19.673140,-6.619855,22.797294
11734.0000,5.272257,30.640925,-4.065458,31.355876
11735.0000,6.273726,22.480014,-3.309039,23.572450
11736.0000,9.157977,17.881675,-5.159249,20.742244
11737.0000,9.051157,13.882397,-16.794112,23.594207
11738.0000,7.518028,23.474088,-2.828670,24.810379
11739.0000,9.575496,16.039137,-16.223659,24.741688
11740.0000,8.972522,11.016211,-6.635620,15.681024
11741.0000,11.095006,10.336245,-4.638503,15.857265
11742.0000,11.608230,10.049876,2.132119,15.501515
11743.0000,9.815295,11.674804,2.407729,15.441445
11744.0000,7.922206,13.960237,-9.736932,18.773848
11745.0000,0.582575,15.425230,-5.811651,16.494011
11746.0000,9.248092,21.035309,-7.503435,24.172566
11747.0000,-0.340123,19.340794,-20.643878,28.290488
11748.0000,3.472239,26.766843,-15.062895,30.909725
11749.0000,6.070321,25.996975,-16.626717,31.450584
11750.0000,12.160539,15.488204,-11.179300,22.643761
11751.0000,17.853433,22.751125,-24.140351,37.671147
11752.0000,2.740147,18.961809,-20.852587,28.317644
11753.0000,2.837406,24.098587,-22.338778,32.982022
11754.0000,8.532028,25.865097,-14.353772,30.786840
11755.0000,6.911166,28.239144,-14.543278,32.507236
11756.0000,-3.500457,23.235677,-15.727962,28.275761
11757.0000,2.833436,22.236078,-20.333159,30.263987
11758.0000,-3.347060,21.869128,-13.158461,25.741147
11759.0000,1.970713,23.043575,-14.259937,27.170497
11760.0000,-2.181970,15.280475,-18.301904,23.941880
11761.0000,-3.679554,8.283917,-15.918472,18.318301
11762.0000,-0.698081,13.415555,-5.948632,14.691856
11763.0000,10.482509,9.780092,-5.236787,15.262933
11764.0000,11.068284,-0.083204,-6.997099,13.094779
11765.0000,12.671978,0.564831,0.531062,12.695672
11766.0000,10.689467,1.205855,-8.895675,13.958933
11767.0000,0.340747,-5.414776,-5.805739,7.946226
11768.0000,4.242010,-5.599993,-7.549914,10.312894
11769.0000,12.298158,-5.371995,-14.802999,19.980786
11770.0000,5.071258,3.680538,-19.935033,20.896640
11771.0000,9.242079,4.925957,-16.098414,19.205208
11772.0000,9.103063,7.175603,-7.766023,13.952282
11773.0000,11.542328,-1.010691,-9.130667,14.751811
11774.0000,6.252560,-1.350509,-11.896945,13.507616
11775.0000,-2.155987,4.240735,-13.301945,14.127061
11776.0000,-0.743942,-1.881948,-15.885147,16.013528
11777.0000,-1.324933,6.634386,-8.006106,10.481806
11778.0000,11.513499,11.334369,-13.798319,21.246699
11779.0000,3.366253,13.260568,-13.713726,19.371128
11780.0000,7.513249,1.869099,-9.281089,12.086400
11781.0000,6.703892,9.925584,2.453563,12.226175
11782.0000,4.244171,0.059980,-3.382021,5.427214
11783.0000,-2.934881,1.005469,-13.657887,14.005798
11784.0000,-0.138174,4.398770,-13.258994,13.970297
11785.0000,-5.515080,5.473512,-17.092687,18.775926
11786.0000,-13.027334,2.505483,-12.890732,18.497563
11787.0000,-7.997927,-0.132992,-12.333801,14.700584
11788.0000,-15.345713,2.877597,-7.990155,17.538930
11789.0000,-12.821406,9.322481,-14.101972,21.217039
11790.0000,-15.998762,8.180772,-11.813160,21.504329
11791.0000,-18.307242,9.179296,-8.698575,22.250389
11792.0000,-18.246940,11.258329,-2.910899,21.637332
11793.0000,-0.539182,1.700157,-2.954252,3.450921
11794.0000,-7.836421,-3.623465,1.941675,8.849243
11795.0000,-3.808313,1.425849,4.858524,6.335736
11796.0000,-7.357920,1.499289,8.527178,11.362202
11797.0000,-13.656976,-4.458447,13.493388,19.709446
11798.0000,-15.278626,-1.208310,21.748259,26.606075
11799.0000,-18.361875,-8.788689,15.243957,25.431825
11800.0000,-18.850083,-14.714426,5.430457,24.522027
11801.0000,-10.503052,-13.298533,13.799512,21.853869
11802.0000,-10.317483,-6.782256,9.280633,15.446022
11803.0000,-11.199840,-1.240430,12.219847,16.622266
11804.0000,-4.172787,-5.024028,13.907854,15.364941
11805.0000,-10.093595,-6.425769,8.482881,14.667326
11806.0000,9.900484,-3.969702,9.182190,14.074471
11807.0000,10.510511,-14.283512,14.249023,22.749159
11808.0000,3.841726,-5.063709,18.417254,19.483204
11809.0000,2.557050,2.242632,13.765099,14.179064
11810.0000,-0.003874,-0.040739,15.012599,15.012655
11811.0000,-0.783141,-2.213560,11.566072,11.801999
11812.0000,-1.253113,1.974713,10.310667,10.572589
11813.0000,1.273398,-0.440282,11.978839,12.054376
11814.0000,1.919016,8.471141,18.213593,20.178648
11815.0000,3.421368,9.919476,14.131345,17.601041
11816.0000,20.968022,7.935367,22.393991,31.687834
11817.0000,12.223318,3.539592,21.006659,24.560495
11818.0000,11.548368,11.713412,15.463709,22.576428
11819.0000,11.375963,12.406202,17.698108,24.424361
11820.0000,16.568484,5.271072,14.998157,22.961785
11821.0000,9.590806,7.846907,21.992032,25.242959
11822.0000,6.223324,3.980924,26.102135,27.127457
11823.0000,9.849120,4.309405,11.622847,15.832458
11824.0000,6.740421,8.589364,12.139635,16.327314
11825.0000,-1.073170,1.174366,6.891642,7.072874
11826.0000,-3.422291,6.853350,18.854678,20.351397
11827.0000,-9.588107,7.723856,15.752677,19.993413
11828.0000,6.485497,-3.075100,18.050082,19.424813
11829.0000,4.329494,-2.694737,11.841719,12.893116
11830.0000,-8.495742,-4.996087,15.134243,18.060561
11831.0000,-2.930450,-6.185778,17.238023,18.547259
11832.0000,4.318727,-8.595716,11.192709,14.758539
11833.0000,-4.729974,-0.402184,9.817209,10.904678
11834.0000,-0.714003,-6.265914,11.600639,13.204026
11835.0000,0.693991,-6.083586,12.996631,14.366769
11836.0000,5.165452,-1.145827,12.492174,13.566474
11837.0000,0.790011,4.782296,9.451412,10.621849
11838.0000,-2.781657,-1.890241,4.385533,5.526620
11839.0000,-7.519823,5.484835,-3.241060,9.855740
11840.0000,-9.651948,-2.703869,-10.249167,14.335844
11841.0000,-10.241090,-4.171744,-7.209944,13.201010
11842.0000,-11.246501,-8.609269,-7.075893,15.832611
11843.0000,-15.149064,-9.507569,-6.087755,18.893088
11844.0000,-17.089525,-7.117358,-14.036925,23.232389
11845.0000,-18.117320,-8.843998,-11.709365,23.314433
11846.0000,-8.466182,-5.733693,-4.618155,11.219574
11847.0000,-11.379639,8.111924,-13.927093,19.729760
11848.0000,-19.559452,7.117150,-18.800411,28.047842
11849.0000,-7.296832,10.559001,-19.258410,23.143522
11850.0000,-2.985339,8.254894,-25.428129,26.900656
11851.0000,-8.227257,4.561772,-18.290444,20.567884
11852.0000,-9.900727,4.673084,-13.272687,17.205416
11853.0000,-7.312550,2.239883,-18.609427,20.119673
11854.0000,-3.317388,-8.236272,-10.156138,13.490307
11855.0000,-11.316177,-2.011350,-2.841932,11.839677
11856.0000,-11.080079,-5.075762,1.487573,12.277801
11857.0000,-5.721187,-7.333186,3.456778,9.922546
11858.0000,-8.985756,-7.881628,3.196645,12.372648
11859.0000,0.844216,-9.440334,9.402575,13.350694
11860.0000,-0.433548,-8.678746,-0.486750,8.703190
11861.0000,-2.743705,-15.013635,-2.948193,15.544420
11862.0000,-16.379536,-10.025329,-0.123528,19.204470
11863.0000,-6.931540,-9.773929,3.100032,12.376838
11864.0000,-7.311826,-12.497541,-5.517970,15.495139
11865.0000,-16.087311,-10.477048,-1.540141,19.259859
11866.0000,-5.781542,-9.755839,0.268755,11.343494
11867.0000,-1.093720,-22.991303,-0.591830,23.024910
11868.0000,0.595107,-18.337780,-2.723885,18.548528
11869.0000,0.361630,-21.319886,0.045720,21.323002
11870.0000,1.983768,-11.601664,6.670490,13.528835
11871.0000,-0.520073,-1.666662,12.068428,12.194064
11872.0000,-2.392984,1.719013,6.389380,7.036018
11873.0000,1.224514,16.358723,-4.413933,16.987938
11874.0000,0.773271,12.989910,2.557822,13.261906
11875.0000,0.410645,5.250774,5.851392,7.872613
11876.0000,7.429600,13.548980,-2.658604,15.679349
11877.0000,7.879596,13.496753,12.788880,20.194203
11878.0000,-1.356627,17.023035,13.464032,21.746363
11879.0000,0.803741,10.849945,-5.822702,12.339820
11880.0000,-8.980833,18.722919,-5.875830,21.580743
11881.0000,-8.315844,14.728509,-0.011504,16.913970
11882.0000,-9.770531,13.478897,-0.995485,16.677378
11883.0000,-12.136491,20.662553,0.257827,23.964598
11884.0000,-9.238419,23.610426,11.390085,27.794508
11885.0000,-14.944621,24.342204,-9.833701,30.209043
11886.0000,-14.061923,30.818114,4.036099,34.114278
11887.0000,-7.779119,31.822548,-5.963055,33.297857
11888.0000,-11.962316,27.500466,-4.954452,30.396040
11889.0000,-15.334305,27.109424,2.912834,31.281726
11890.0000,-8.762448,13.954152,5.675079,17.427145
11891.0000,-6.648806,20.366072,-0.502624,21.429795
11892.0000,-10.305580,22.748528,10.007041,26.904301
11893.0000,-8.320507,8.114462,-1.374071,11.703136
11894.0000,-12.672222,11.392965,2.754703,17.261902
11895.0000,-13.956460,6.658887,8.603816,17.696022
11896.0000,-16.590990,10.004499,16.368642,25.363032
11897.0000,-28.005102,8.515636,6.518618,29.988234
11898.0000,-23.533599,10.020320,13.806478,29.066406
11899.0000,-19.346023,-0.805601,16.229944,25.265168
11900.0000,-14.579196,1.711818,14.923345,20.932976
11901.0000,-12.424819,-5.104583,17.519177,22.076107
11902.0000,-14.287017,-9.059099,12.571619,21.076805
11903.0000,-11.739546,-1.069558,10.542082,15.814436
11904.0000,-17.226482,-5.358242,12.108210,21.727199
11905.0000,-25.978469,-6.275549,-2.142807,26.811471
11906.0000,-19.148885,-4.005399,11.093637,22.489815
11907.0000,-18.341737,-6.559894,4.347432,19.958750
11908.0000,-16.674267,-1.614895,6.129815,17.838545
11909.0000,-10.141987,3.682440,6.688368,12.694665
11910.0000,-11.952592,6.056610,5.362303,14.432646
11911.0000,-17.143096,11.908056,13.574785,24.899043
11912.0000,-9.446205,5.202621,16.753807,19.924560
11913.0000,-16.415700,16.733167,11.219187,25.987386
11914.0000,-7.064844,15.524569,18.672566,25.290096
11915.0000,-9.049209,7.886872,27.036469,29.581440
11916.0000,-9.398976,10.065327,18.274976,22.882882
11917.0000,-9.344107,11.122576,17.283200,22.577269
11918.0000,-0.216990,15.257531,22.710663,27.360804
11919.0000,4.081665,6.482628,17.244699,18.869661
11920.0000,7.896527,10.096632,18.634962,22.617668
11921.0000,4.822276,-2.025849,17.124393,17.905397
11922.0000,4.152111,5.905843,15.809162,17.379545
11923.0000,10.681855,2.698572,22.644043,25.182077
11924.0000,12.163438,11.046359,15.677796,22.710450
11925.0000,12.449122,7.762482,29.082368,32.573316
11926.0000,9.162118,2.146109,33.548200,34.842961
11927.0000,9.737397,8.440068,20.741241,24.418246
11928.0000,11.312624,4.173349,29.680559,32.036352
11929.0000,16.209593,4.406166,29.091726,33.593060
11930.0000,5.025643,6.145403,25.381406,26.593963
11931.0000,21.292549,5.837986,19.527953,29.475340
11932.0000,22.936663,7.168796,16.342071,29.061064
11933.0000,19.729949,12.927271,12.660714,26.770859
11934.0000,12.406700,23.412617,24.265827,35.929197
11935.0000,16.729475,15.706968,25.467885,34.281151
11936.0000,18.805458,7.155924,25.694741,32.635444
11937.0000,24.168220,4.605281,18.671741,30.886006
11938.0000,25.540817,8.052815,9.325684,28.357530
11939.0000,13.102831,1.411733,9.337983,16.151628
11940.0000,12.127939,-1.323041,9.926877,15.728326
11941.0000,0.273961,-8.837495,29.713982,31.001566
11942.0000,4.066304,-2.025079,28.553060,28.912160
11943.0000,-0.922260,-4.727290,21.750716,22.277601
11944.0000,-1.221420,0.521034,38.041604,38.064774
11945.0000,-3.044703,0.334728,27.023230,27.196273
11946.0000,-6.802872,-4.242480,18.922777,20.551136
11947.0000,-4.314823,10.970289,23.516447,26.305669
11948.0000,4.199369,6.668957,28.999080,30.050896
11949.0000,4.944833,7.161539,25.395841,26.845628
11950.0000,1.082031,-6.442709,34.491775,35.105011
11951.0000,12.623150,5.271654,32.321195,35.096921
11952.0000,13.501417,2.188208,40.670392,42.908709
11953.0000,2.921331,-15.762006,38.447562,41.655612
11954.0000,1.636592,-4.682202,38.064363,38.386159
11955.0000,-1.283659,-1.250484,35.333584,35.379000
11956.0000,9.989232,-10.662557,27.620034,31.246458
11957.0000,6.444782,-13.187406,25.554445,29.469858
11958.0000,8.800577,-2.762289,26.794916,28.338100
11959.0000,9.300303,-7.541770,27.441543,29.940144
11960.0000,4.615851,-14.171284,30.257890,33.729383
11961.0000,8.662229,-20.304176,30.781982,37.879073
11962.0000,21.951686,-17.418058,31.673496,42.290372
11963.0000,11.111198,-16.173647,36.398350,41.350761
11964.0000,21.766930,3.862754,28.140582,35.785646
11965.0000,25.291601,-8.044636,30.156107,40.171782
11966.0000,10.234113,-2.289813,30.134930,31.907590
11967.0000,3.875893,-10.436908,20.475055,23.306212
11968.0000,-2.830191,-6.363800,11.493682,13.439221
11969.0000,3.838044,-11.465664,21.424777,24.601079
11970.0000,8.188334,-7.840387,29.743324,31.830580
11971.0000,5.724045,-4.092157,26.608001,27.522648
11972.0000,2.863573,3.057849,31.981046,32.254268
11973.0000,2.310744,5.883122,15.973675,17.178735
11974.0000,5.783323,-6.724676,15.519018,17.874787
11975.0000,4.124768,-2.540303,11.741637,12.701688
11976.0000,8.327319,-3.377173,4.430939,10.019119
11977.0000,10.144353,-5.908788,10.819829,15.965287
11978.0000,8.704641,-7.636594,11.847988,16.566930
11979.0000,8.733313,-17.769251,15.250695,24.992014
11980.0000,11.302582,-15.658881,13.997560,23.851218
11981.0000,13.853230,-10.410466,22.779271,28.621408
11982.0000,15.923034,-8.975503,24.694166,30.723029
11983.0000,14.285955,4.606022,15.689407,21.713162
11984.0000,7.926582,-0.606694,11.987027,14.383588
11985.0000,-3.298091,-5.872208,4.863660,8.307552
11986.0000,6.756671,0.512858,11.140794,13.039667
11987.0000,11.952908,-3.584350,6.704272,14.165692
11988.0000,12.342199,-2.539717,10.319272,16.287033
11989.0000,11.582457,0.056199,3.587862,12.125561
11990.0000,12.695914,7.983074,6.564594,16.370999
11991.0000,24.719126,6.804306,8.693341,27.072273
11992.0000,17.522988,12.711233,8.555160,23.277055
11993.0000,14.890014,4.660374,0.673096,15.616807
11994.0000,19.132464,2.672311,7.740556,20.811262
11995.0000,10.445548,5.044751,6.360227,13.229190
11996.0000,12.322435,-3.321918,14.811260,19.551240
11997.0000,8.077283,16.563558,0.013906,18.428080
11998.0000,8.660626,15.871084,10.942748,21.133894
11999.0000,-6.913251,16.599292,24.822068,30.650686
12000.0000,0.915795,12.358269,15.376142,19.748195
