#"Step","Time (ps)","Potential Energy (kJ/mole)","Kinetic Energy (kJ/mole)","Total Energy (kJ/mole)","Temperature (K)","Box Volume (nm^3)","Density (g/mL)","Speed (ns/day)"
500,1.0000000000000007,-31971.408910497696,7965.844946016483,-24005.56396448121,170.8248072680038,49.502665396769494,1.0158530373954824,0
1000,2.0000000000000013,-32006.955803594115,8894.15987264339,-23112.795930950728,190.7322018381622,44.61710070102387,1.1270887666917933,107
1500,2.999999999999891,-31931.076236407218,9492.252135043445,-22438.824101363774,203.55808486066144,42.72553279284931,1.1769878504802826,106
2000,3.999999999999781,-31735.57746170395,10116.060724356063,-21619.516737347887,216.93544567594344,41.815303207702826,1.2026083549530988,105
2500,4.999999999999671,-31443.804630232942,10584.149354236215,-20859.655275996727,226.97344547703267,41.130900253931436,1.2226193127799063,105
3000,5.999999999999561,-31001.402648033443,10647.551351808157,-20353.851296225286,228.3330795257784,41.501052411862325,1.2117146452919054,104
3500,6.999999999999451,-30642.01390597608,11070.976955859556,-19571.036950116526,237.41329608718533,41.3142706584172,1.217192805320289,104
4000,7.999999999999341,-30666.653346305106,11505.931296334618,-19160.722049970485,246.74074243914956,41.37143351411496,1.2155110116095842,103
4500,8.999999999999675,-30376.625151177923,11638.085781371745,-18738.539369806178,249.57474995361403,41.57851758163433,1.209457092926589,103
5000,10.000000000000009,-30354.631975998906,11841.699705288755,-18512.932270710153,253.9411805765951,41.058213041242865,1.224783771080513,103
5500,11.000000000000343,-29989.54159151132,11926.296871631304,-18063.244719880015,255.75533773554304,41.27432230559923,1.2183708948664822,103
6000,12.000000000000677,-29975.33389400733,12302.730111180954,-17672.603782826376,263.82781918994243,41.48469539550682,1.2121924127211292,102
6500,13.00000000000101,-29559.42006977956,12141.142629818223,-17418.277439961337,260.3626311844297,41.547259275871646,1.2103670345274664,102
7000,14.000000000001345,-29560.172955034286,12440.31480263735,-17119.858152396937,266.7782756148845,40.865826921618094,1.2305497475661844,102
7500,15.000000000001679,-29301.06872544219,12556.496725397137,-16744.572000045053,269.26975702055654,41.444505486517336,1.2133679099836279,102
8000,16.00000000000201,-29541.330656839804,12871.872893118643,-16669.457763721162,276.03289055291197,41.62877279894311,1.2079970083518112,102
8500,17.000000000001457,-29209.356482588628,12786.26056209753,-16423.095920491098,274.19696353631093,41.64931920729796,1.2074010802478847,102
9000,18.000000000000902,-28764.406713897097,12683.275992619021,-16081.130721278076,271.98849483625895,41.68813326060044,1.2062769202958608,102
9500,19.000000000000348,-29059.998609305625,13042.00384002312,-16017.994769282504,279.6812902408589,41.695617254518666,1.206060404275002,102
10000,19.999999999999794,-28583.96760918078,12846.932963269284,-15737.034645911497,275.49806232832736,42.20018685404853,1.191640055443407,102
10500,20.99999999999924,-28725.94575111859,13109.161459650802,-15616.784291467788,281.1214623139061,42.13256553675164,1.193552596710863,102
11000,21.999999999998685,-28519.44787180259,13004.889106835262,-15514.558764967327,278.8853775427603,41.60339120639075,1.2087339888474242,102
11500,22.99999999999813,-28838.98929871865,13534.86260775448,-15304.12669096417,290.2504771354843,41.959558310431795,1.1984738407024247,102
12000,23.999999999997577,-28581.192394861555,13202.878208058308,-15378.314186803247,283.13118577613614,42.05960032170651,1.1956231780102704,102
12500,24.999999999997023,-28380.66418080751,13124.14014194599,-15256.52403886152,281.44267500804517,41.784618374387364,1.203491498998711,102
13000,25.99999999999647,-28375.370253554127,13172.421199204739,-15202.949054349388,282.4780456883451,41.40887294470432,1.2144120191252796,102
13500,26.999999999995914,-28244.953225369176,13187.15133150879,-15057.801893860385,282.7939283133427,42.63057119906104,1.1796096460370238,102
14000,27.99999999999536,-28280.36028493645,13140.868091094755,-15139.492193841696,281.8014001286936,42.06254423006789,1.1955394977399676,102
14500,28.999999999994806,-28449.338786988177,13394.332557267664,-15055.006229720513,287.23685849835806,41.71880659714945,1.2053900172186747,102
15000,29.99999999999425,-28494.11739402511,13490.111809069213,-15004.005584955898,289.29081163705865,41.28693811280097,1.2179986044276063,102
15500,30.999999999993697,-28284.17753001415,13488.407202309423,-14795.770327704726,289.2542569309124,41.81794294766837,1.2025324408092242,102
16000,31.999999999993143,-28093.264319159374,13373.528216986258,-14719.736102173116,286.79071657079186,42.235963482732046,1.1906306582313504,102
16500,32.999999999994365,-28374.158194555042,13644.270501110732,-14729.88769344431,292.59669180860897,41.956203174433135,1.1985696797541538,102
17000,33.99999999999559,-28298.304413680446,13672.675843799661,-14625.628569880784,293.2058346205896,41.88981049965037,1.200469336162317,102
17500,34.99999999999681,-28286.206579276542,13774.96370393796,-14511.242875338583,295.3993626282769,42.131625319764694,1.1935792322469414,102
18000,35.99999999999803,-28116.475759361398,13583.539337567094,-14532.936421794304,291.2943328777223,41.95193046040351,1.1986917515022226,102
18500,36.999999999999254,-28244.57788870056,13733.003029584794,-14511.574859115768,294.49953038727904,42.299333545972466,1.1888469341443952,102
19000,38.000000000000476,-28119.667983665142,13491.253417372302,-14628.41456629284,289.31529303478516,41.98640397703483,1.1977075490910363,102
19500,39.0000000000017,-28286.474272201543,13616.328608280804,-14670.145663920739,291.9974875195822,42.04378455487249,1.1960729400287227,102
20000,40.00000000000292,-28039.195346617274,13408.996050042984,-14630.19929657429,287.55131206156386,42.00025685769548,1.1973125110368614,102
20500,41.00000000000414,-27994.1875509765,13517.043522102078,-14477.144028874423,289.86835296750314,42.17584870745828,1.192327707529637,102
21000,42.000000000005365,-28057.966361552262,13636.180675997959,-14421.785685554303,292.4232082892728,42.234381484475385,1.1906752563895202,102
21500,43.00000000000659,-28303.64203362547,13807.487434780583,-14496.154598844887,296.0968228588587,41.941831844401484,1.1989803685504272,102
22000,44.00000000000781,-28115.94933796425,13578.917845047814,-14537.031492916438,291.1952265589015,41.7510943173734,1.2044578429541908,102
22500,45.00000000000903,-28135.222930190663,13719.73225073986,-14415.490679450802,294.2149430956804,41.78781221535439,1.2033995161872355,102
23000,46.00000000001025,-27904.265760135884,13442.611565724506,-14461.654194411378,288.2721852428052,42.20835916867425,1.1914093320121841,102
23500,47.000000000011475,-28244.587578942617,13698.51691974506,-14546.070659197558,293.75998761350945,41.645016698911405,1.2075258215419333,102
24000,48.0000000000127,-28258.741090560237,13492.46474317743,-14766.276347382807,289.34126950038325,41.65623729014238,1.2072005604399767,102
24500,49.00000000001392,-28207.018929444916,13276.49997316434,-14930.518956280575,284.7099792274519,41.81265370829539,1.2026845593993902,102
25000,50.00000000001514,-28480.592079298538,13464.279472329425,-15016.312606969113,288.7368460533998,42.21250116126871,1.19129242805022,102
25500,51.000000000016364,-28425.25278616655,13395.501285571827,-15029.751500594724,287.2619214751873,42.182536476515835,1.1921386716627842,102
26000,52.000000000017586,-28275.195616297726,13574.63655046096,-14700.559065836766,291.10341566782677,41.64417724806772,1.2075501624855336,102
26500,53.00000000001881,-28222.664517291163,13583.018161188551,-14639.646356102612,291.2831564293956,42.33175751654546,1.1879363379331838,102
27000,54.00000000002003,-28385.554537155793,13646.656722548225,-14738.897814607568,292.6478635072701,42.23575418790274,1.1906365582761151,102
27500,55.00000000002125,-28318.21762096852,13632.207614464605,-14686.010006503915,292.3380073501008,42.3463397876209,1.1875272633877334,102
28000,56.000000000022474,-28343.55052219445,13693.671409590195,-14649.879112604256,293.6560773134811,41.9355495329231,1.199159986278479,102
28500,57.0000000000237,-28025.414828003726,13465.79461804041,-14559.620209963316,288.7693378324661,41.98883892161687,1.1976380936933066,102
29000,58.00000000002492,-28358.16673709327,13654.856302297314,-14703.310434795956,292.82370067706296,41.95692821283988,1.1985489678219892,102
29500,59.00000000002614,-27967.298814443333,13298.56103487306,-14668.737779570272,285.18307111413304,42.066969183649974,1.1954137409553522,102
30000,60.00000000002736,-28419.442905971293,13795.049205063213,-14624.39370090808,295.8300892971808,42.05187046503389,1.195842954103421,102
30500,61.000000000028585,-28213.565028310622,13552.80782798594,-14660.757200324682,290.6353062161651,42.126845663773096,1.193714654162325,102
31000,62.00000000002981,-28268.36282076719,13608.872598196785,-14659.490222570405,291.83759594571626,41.875729891592314,1.200872990934472,102
31500,63.00000000003103,-27930.817963044457,13228.053150003154,-14702.764813041304,283.6710537543425,42.08735786870394,1.1948346379774566,102
32000,64.00000000003224,-28124.098555668184,13377.310882231726,-14746.787673436458,286.8718345270031,42.01855458356875,1.196791120038796,102
32500,65.00000000002991,-28203.958358305652,13435.245044927133,-14768.71331337852,288.11421273593686,41.819113103098886,1.2024987923226456,102
33000,66.00000000002758,-28039.229898365844,13296.947026954273,-14742.282871411571,285.14845926899613,41.692173684450644,1.2061600189782273,102
33500,67.00000000002525,-28302.14072044085,13598.59654601481,-14703.544174426039,291.61722953821544,42.146251786330055,1.1931650116224817,102
34000,68.00000000002292,-28439.030910089423,13672.689193618822,-14766.3417164706,293.20612090287364,42.2303072465142,1.1907901287322835,102
34500,69.00000000002059,-28000.384219637624,13325.225932084879,-14675.158287552746,285.7548906709909,41.830922597897725,1.2021593089368723,102
35000,70.00000000001826,-28082.874722700435,13525.769954216754,-14557.104768483681,290.0554883052142,42.43847606773164,1.1849490759805321,102
35500,71.00000000001593,-27993.144471966527,13469.003893956244,-14524.140578010283,288.8381596515583,42.154554490656324,1.1929300074474012,102
36000,72.0000000000136,-28012.1786162466,13495.745535721157,-14516.433080525445,289.4116249689828,42.49690844019164,1.1833197954447192,102
36500,73.00000000001127,-27783.741905135765,13581.577145782869,-14202.164759352896,291.25225434925045,42.19846129481674,1.191688783416787,102
37000,74.00000000000894,-27756.359644145625,13422.834693425477,-14333.524950720148,287.8480770130141,42.40161782982226,1.1859791106157265,102
37500,75.00000000000661,-28089.067683423735,13782.318450282755,-14306.74923314098,295.55708263605624,42.23892486375907,1.1905471828338858,101
38000,76.00000000000428,-27829.02667710463,13528.633222404187,-14300.393454700443,290.11689010748245,42.07329301830988,1.1952340640556929,101
38500,77.00000000000195,-27939.489568993027,13724.106739235205,-14215.382829757822,294.30875249809503,42.119179535231005,1.1939319226391176,102
39000,77.99999999999962,-28080.99162009308,14073.44325244681,-14007.548367646268,301.8001539684301,42.56920253879562,1.181310196183517,102
39500,78.99999999999729,-27790.848068592444,13601.91042856344,-14188.937640029004,291.6882946105982,42.461875179691845,1.184296095960722,102
40000,79.99999999999496,-28071.611759091862,13722.954737651638,-14348.657021440224,294.2840482200405,41.70684620271551,1.205735690444183,102
40500,80.99999999999262,-28317.28251102239,13646.598200736138,-14670.684310286251,292.64660852712194,41.76408482919308,1.204083202305193,102
41000,81.9999999999903,-28111.28526861446,13439.662700249006,-14671.622568365456,288.2089478361114,41.84807500821903,1.2016665758844105,102
41500,82.99999999998796,-28214.69488636109,13577.082967617464,-14637.611918743625,291.1558782429948,41.6164681265684,1.2083541748314894,102
42000,83.99999999998563,-28264.320156934333,13659.5494816708,-14604.770675263533,292.92434429583574,41.88690520880531,1.2005526011482295,102
42500,84.9999999999833,-27925.39759126068,13391.490858454521,-14533.90673280616,287.17591924390877,42.48264809986163,1.1837170056883608,102
43000,85.99999999998097,-28451.681879329735,13683.58456788821,-14768.097311441525,293.4397684596983,42.20817026385631,1.1914146642253918,102
43500,86.99999999997864,-28442.21915240671,13679.514066994125,-14762.705085412585,293.3524779669221,41.63824443740658,1.2077222198470927,102
44000,87.99999999997631,-28264.95657754336,13387.662324792986,-14877.294252750373,287.09381765527843,42.33945826283697,1.1877202747919855,102
44500,88.99999999997398,-27951.83426965456,13241.074875474482,-14710.759394180077,283.95030018193575,42.33543047450155,1.187833274372123,102
45000,89.99999999997165,-28049.45230933679,13210.286004142488,-14839.166305194301,283.2900434173451,42.092403863379644,1.1946914024131219,102
45500,90.99999999996932,-28399.30143071406,13535.043356394364,-14864.258074319694,290.25435322794925,41.94517706106084,1.1988847473280568,102
46000,91.99999999996699,-28163.726175284966,13458.606328521808,-14705.119846763158,288.6151874341187,41.667890695914636,1.2068629384066953,102
46500,92.99999999996466,-28009.89826793232,13316.800303094353,-14693.097964837967,285.57420595290114,42.1255934885917,1.1937501371013133,102
47000,93.99999999996233,-28134.612488597028,13466.918026099022,-14667.694462498006,288.7934289322045,41.84955449885431,1.2016240938444689,102
47500,94.99999999996,-28306.44080897216,13728.378360414783,-14578.062448557375,294.4003559462751,41.93829514276381,1.1990814798573737,102
48000,95.99999999995767,-28060.14420143759,13466.604701344177,-14593.539500093413,288.7867097905163,41.4345563139424,1.213659261160212,102
48500,96.99999999995534,-28037.881961677842,13631.221550350736,-14406.660411327106,292.31686154405674,42.04316340787216,1.1960906108474396,102
49000,97.999999999953,-27975.20660750146,13561.427694771428,-14413.778912730031,290.8201562970147,42.13891369006621,1.1933727901090923,102
49500,98.99999999995067,-28253.69445067922,13805.765710919564,-14447.928739759656,296.0599010823591,42.13894882462681,1.193371795100204,102
50000,99.99999999994834,-28076.788420469078,13590.175857248938,-14486.61256322014,291.43665076154554,41.83150539292403,1.202142560496684,102
50500,100.99999999994601,-28204.253441185294,13688.59046267366,-14515.662978511635,293.5471181530106,41.60024666542398,1.2088253564197469,102
51000,101.99999999994368,-28058.564042477657,13617.37903796649,-14441.185004511168,292.0200136231935,41.988579448389295,1.1976454946348414,102
51500,102.99999999994135,-28204.7502896879,13954.646619960782,-14250.10366972712,299.25260101126867,42.009327010052836,1.1970540016136595,102
52000,103.99999999993902,-28092.567299269816,13760.388997915383,-14332.178301354434,295.08681306647054,41.986375337779336,1.1977083660573078,102
52500,104.99999999993669,-28059.947115131727,13741.853743727337,-14318.09337140439,294.68933091036615,42.05709411721066,1.1956944258281945,102
53000,105.99999999993436,-27960.97042950085,13510.749301696047,-14450.221127804802,289.73337557401265,42.267032958174035,1.1897554543807984,102
53500,106.99999999993203,-28161.474509033796,13682.212085644414,-14479.262423389382,293.4103360496572,41.787897170101125,1.2033970696774077,102
54000,107.9999999999297,-28136.05895030417,13578.328152893886,-14557.730797410284,291.18258081331834,41.836133060629905,1.2020095865361842,102
54500,108.99999999992737,-27801.889449419217,13291.834911431339,-14510.054537987879,285.038831708473,41.9926964440632,1.1975280765660385,102
55000,109.99999999992504,-28200.912374344163,13841.498217854361,-14359.414156489802,296.8261724134866,41.979061764455494,1.1979170302719795,102
55500,110.99999999992271,-28075.106234811035,13531.746289612569,-14543.359945198466,290.18364876390723,41.77015070757297,1.2039083448497918,102
56000,111.99999999992038,-27984.265450993156,13390.209069309796,-14594.05638168336,287.14843171620896,41.5761590814245,1.209525702073525,102
56500,112.99999999991805,-28224.08411098416,13705.58900500178,-14518.49510598238,293.91164605139636,41.2086165599507,1.220313546059521,102
57000,113.99999999991572,-28123.074637589045,13648.522924942896,-14474.55171264615,292.68788357627136,42.10997683170451,1.1941928442149898,102
57500,114.99999999991338,-28089.179630162267,13720.0697703917,-14369.109859770568,294.22218108861966,42.030570135017875,1.1964489856059182,102
58000,115.99999999991105,-28103.5786418704,13730.091817675877,-14373.486824194524,294.4371004483803,41.924400909720724,1.1994788693765384,102
58500,116.99999999990872,-28224.01345318311,13882.011742925335,-14342.001710257775,297.69497103546547,41.86506833481491,1.2011788109434807,102
59000,117.9999999999064,-27742.78853024061,13385.175848972267,-14357.612681268343,287.0404960358232,42.20421949095506,1.1915261935659731,102
59500,118.99999999990406,-27810.778042679827,13511.18996659989,-14299.588076079937,289.7428254814335,42.067799467398196,1.1953901473133248,102
60000,119.99999999990173,-27871.405632192138,13519.43932931078,-14351.966302881357,289.9197302297335,42.18548041940022,1.1920554774422905,102
60500,120.9999999998994,-28153.60585283937,13717.407725956098,-14436.198126883271,294.16509446055545,41.56072575942867,1.2099748520650433,102
61000,121.99999999989707,-28370.751231381964,13716.772731101779,-14653.978500280185,294.15147721413143,41.54627703342799,1.2103956501811088,102
61500,122.99999999989474,-28225.757334918617,13465.95443489491,-14759.802900023707,288.77276504998696,41.714238082851246,1.2055220306937295,102
62000,123.99999999989241,-28539.753980885693,13860.828214058922,-14678.925766826771,297.24069753900847,41.582444209793636,1.2093428839528553,102
62500,124.99999999989008,-28152.394180312516,13482.582418238395,-14669.811762074121,289.1293464382962,41.87432555005772,1.2009132646773153,102
63000,125.99999999988775,-28183.774934119192,13565.328598541388,-14618.446335577804,290.903809837749,41.53733793917178,1.2106561348761105,101
63500,126.99999999988542,-28047.69819311787,13382.257293114792,-14665.44090000308,286.97790860847147,41.61631557345074,1.2083586043008947,102
64000,127.99999999988309,-28283.464376292115,13763.690140545841,-14519.774235746274,295.15760493568644,41.532630433170354,1.210793356404368,101
64500,128.99999999988785,-28465.477533673733,13675.486040168544,-14789.99149350519,293.26609831594806,41.463782929443035,1.2128037880203137,101
65000,129.99999999989262,-28283.32469190273,13513.04806720315,-14770.27662469958,289.78267181030225,42.207958800290925,1.1914206332606143,101
65500,130.9999999998974,-28266.685659710358,13377.865256712948,-14888.82040299741,286.88372289723264,42.00307081789041,1.1972322980981085,101
66000,131.99999999990217,-28656.956201466543,13679.332882102257,-14977.623319364286,293.34859251918334,41.72594612649284,1.2051837686324334,101
66500,132.99999999990695,-28494.733909715193,13569.052402734149,-14925.681506981044,290.98366553891356,41.67487132297525,1.2066607863707357,101
67000,133.99999999991172,-28361.841344572942,13531.931693452361,-14829.90965112058,290.1876246855344,41.06553328690082,1.2245654439978095,101
67500,134.9999999999165,-28311.44811694929,13591.21012635829,-14720.237990591,291.45883030715123,41.522092919523644,1.2111006326185316,101
68000,135.99999999992127,-28215.034902201653,13316.042770015105,-14898.992132186548,285.55796091635585,41.48034788721183,1.212319461235374,101
68500,136.99999999992605,-28643.839556205527,13487.43539572362,-15156.404160481907,289.23341687265787,41.043678972432105,1.2252174819966115,101
69000,137.99999999993082,-28273.969072113832,13311.323993432667,-14962.645078681166,285.456768374234,41.91404349045061,1.1997752737441725,101
69500,138.9999999999356,-28096.3765287559,13279.516166583979,-14816.860362171921,284.77466045876946,42.01706124235432,1.1968336555577441,101
70000,139.99999999994037,-28481.566186897824,13583.06708262077,-14898.499104277054,291.28420553269683,42.03456266861008,1.196335344295931,101
70500,140.99999999994515,-28518.649003688508,13658.07028595003,-14860.578717738477,292.8926234519549,41.43835583548657,1.2135479796091688,101
71000,141.99999999994992,-28460.014475557695,13589.608135840923,-14870.406339716772,291.42447617105785,41.926556271403484,1.1994172065302604,101
71500,142.9999999999547,-28289.67902427389,13511.621496878617,-14778.057527395273,289.75207949995803,41.799477420814874,1.2030636769980028,101
72000,143.99999999995947,-27966.32869198632,13394.304615451754,-14572.024076534566,287.2362592957186,42.023838524268456,1.1966406394180271,101
72500,144.99999999996425,-28295.94281538645,13719.818797816464,-14576.124017569986,294.21679906799477,41.788113105856496,1.20339085124743,101
73000,145.99999999996902,-28407.127715553863,13825.053240669087,-14582.074474884776,296.473515529347,41.09216336998952,1.2237718552245054,101
73500,146.9999999999738,-28245.71767274181,13712.021781117155,-14533.695891624653,294.0495947244567,41.61841015549746,1.2082977897183793,101
74000,147.99999999997857,-28246.01908947285,13784.876339507247,-14461.142749965604,295.6119356914129,41.27591386913556,1.2183239155386314,101
74500,148.99999999998334,-28151.429944945216,13780.693975854718,-14370.735969090498,295.5222463402255,41.37351352604522,1.215449903011594,101
75000,149.99999999998812,-28170.611740954857,13655.2878596279,-14515.323881326956,292.83295527570533,41.914375216977895,1.1997657782600333,101
75500,150.9999999999929,-28234.935227530787,13799.195827779196,-14435.73939975159,295.919012196267,42.25339777239778,1.1901393888690066,101
76000,151.99999999999767,-27985.33358639634,13575.31918283053,-14410.01440356581,291.1180544843939,42.005960472291505,1.1971499386533908,101
76500,153.00000000000244,-28123.568970168857,13755.014731661653,-14368.554238507204,294.9715637736182,41.45820767831589,1.2129668844507875,101
77000,154.00000000000722,-28382.580455064388,13906.482573400626,-14476.097881663762,298.21973958518726,41.80111932757884,1.203016421842626,101
77500,155.000000000012,-27884.317091685192,13541.828525714482,-14342.48856597071,290.3998588521793,42.22247832494222,1.1910109258739099,101
78000,156.00000000001677,-28143.237574777453,13799.867691043817,-14343.369883733636,295.93342007307945,42.26481611418951,1.1898178585851602,101
78500,157.00000000002154,-28061.811448636618,13485.469390696759,-14576.342057939859,289.19125657050813,42.49994609141728,1.1832352185650397,101
79000,158.00000000002632,-27821.475990602998,13382.313649142847,-14439.16234146015,286.9791171441254,42.219412412400004,1.191097415361255,101
79500,159.0000000000311,-27799.448018172487,13545.093385429847,-14254.35463274264,290.4698726467502,41.96530360447254,1.1983097626659622,101
80000,160.00000000003587,-27821.933627870316,13558.245688888832,-14263.687938981484,290.75191927441335,42.25161127856506,1.190189710658258,101
80500,161.00000000004064,-28210.529727363195,13760.399507708844,-14450.130219654351,295.0870384453795,41.9441217037928,1.1989149125021084,101
81000,162.00000000004542,-28218.530169075115,13528.766845209646,-14689.763323865469,290.11975560262374,41.7028730210999,1.2058505651885714,101
81500,163.0000000000502,-28215.80832295759,13373.13696220261,-14842.67136075498,286.782326246418,41.93889132477024,1.1990644343232655,101
82000,164.00000000005497,-28232.658425400197,13330.828853026185,-14901.829572374012,285.8750433850373,42.00757662236377,1.1971038809153485,101
82500,165.00000000005974,-28070.670897764583,13247.164609029576,-14823.506288735007,284.08089242518327,41.92707822138152,1.1994022749917137,101
83000,166.00000000006452,-28425.08666344347,13510.89580414999,-14914.190859293481,289.7365172687893,41.56429610956821,1.2098709158917822,101
83500,167.0000000000693,-28253.304387486638,13429.843140735105,-14823.461246751533,287.99837075699594,42.080837487383725,1.195019776342551,101
84000,168.00000000007407,-28308.63313741152,13532.479980620095,-14776.153156791426,290.1993825154181,42.070013812728234,1.1953272282327165,101
84500,169.00000000007884,-27928.78734723993,13215.962687924224,-14712.824659315706,283.41177795015466,42.92311224491736,1.1715700556740314,101
85000,170.00000000008362,-28279.288355497763,13682.508184074368,-14596.780171423396,293.4166857787282,42.292368425826794,1.1890427250645856,101
85500,171.0000000000884,-27976.29860234088,13365.783966841835,-14610.514635499047,286.62464378788917,42.019316569655544,1.1967694172064627,101
86000,172.00000000009317,-28278.515420938962,13644.326773580548,-14634.188647358415,292.59789855238523,41.798246001124454,1.2030991205020352,101
86500,173.00000000009794,-28265.218395362444,13801.236561678237,-14463.981833684207,295.96277503339866,41.74153842241385,1.204733579620003,101
87000,174.00000000010272,-28068.635284226795,13705.582371402525,-14363.05291282427,293.91150379614004,41.76228056288639,1.204135222614503,101
87500,175.0000000001075,-28136.136375432034,13885.700590574159,-14250.435784857875,297.7740771055587,42.09180099242469,1.1947085136967845,101
88000,176.00000000011227,-27980.679196613288,13695.885003871754,-14284.794192741534,293.7035470821094,42.303287517855175,1.188735815892688,101
88500,177.00000000011704,-28057.83645215721,13707.422464727068,-14350.413987430144,293.95096396510525,42.891233538168734,1.172440819584495,101
89000,178.00000000012182,-27836.051609384485,13573.765447454443,-14262.286161930042,291.0847351632215,41.88979270615077,1.2004698460848844,101
89500,179.0000000001266,-28230.706903676346,14056.82221578898,-14173.884687887366,301.44372154940737,41.75566208306019,1.2043260840278136,101
90000,180.00000000013137,-27969.61099901839,13699.872777971716,-14269.738221046675,293.7890635272161,41.8428294506398,1.2018172208407292,101
90500,181.00000000013614,-28005.183571614627,13767.685802616437,-14237.49776899819,295.2432905356126,41.988294311656794,1.197653627680697,101
91000,182.00000000014091,-28083.179898756458,13804.462875679517,-14278.71702307694,296.03196222837795,41.99598842429023,1.1974342047726299,101
91500,183.0000000001457,-27993.208320421007,13805.060384144961,-14188.147936276046,296.0447755920754,41.93504199160511,1.1991744997548224,101
92000,184.00000000015046,-28172.48316956723,13782.865042190157,-14389.618127377073,295.56880411166475,41.479941915157724,1.212331326435738,101
92500,185.00000000015524,-28191.72916360651,13666.624384373365,-14525.104779233145,293.0760631528805,41.789599586544576,1.2033480459255725,101
93000,186.00000000016001,-28100.647865134593,13657.17829135089,-14443.469573783703,292.87349493432555,41.716905797303845,1.205444939920031,101
93500,187.0000000001648,-28328.366800098316,13974.47181281622,-14353.894987282096,299.67774545878575,41.447215554785835,1.213288572690957,101
94000,188.00000000016956,-28354.163604562542,13981.483466639218,-14372.680137923324,299.82810796534477,41.42956695377403,1.2138054220694574,101
94500,189.00000000017434,-28166.760316147884,13876.508214131318,-14290.252102016566,297.5769497518599,41.523892724281346,1.211048138872458,101
95000,190.0000000001791,-28097.201661994055,13873.907366368983,-14223.294295625072,297.52117546542263,41.54244336577836,1.2105073493078666,101
95500,191.0000000001839,-28053.138298134403,13764.366021258396,-14288.772276876007,295.1720989652892,41.76292784737266,1.2041165596976735,101
96000,192.00000000018866,-28164.964877581715,13924.229054720457,-14240.735822861257,298.60030677820816,41.6636301127889,1.2069863539577774,101
96500,193.00000000019344,-27907.31993651817,13714.494526433511,-14192.82541008466,294.1026218979645,42.019004740728874,1.1967782986001356,101
97000,194.0000000001982,-27894.43635767059,13724.337267983534,-14170.099089687057,294.3136961078778,42.30992890659369,1.188549220054199,101
97500,195.000000000203,-28105.309342352528,13649.8799145995,-14455.429427753028,292.7169837531044,42.226265663927215,1.1909041022644766,101
98000,196.00000000020776,-28079.905148766757,13595.405943011401,-14484.499205755355,291.5488081533128,42.28192784338543,1.1893363327412112,101
98500,197.00000000021254,-27864.19850757482,13494.341998487977,-14369.856509086843,289.38152659536695,42.18844843953652,1.19197161456533,101
99000,198.0000000002173,-27974.086076987674,13719.40038169003,-14254.685695297645,294.20782627795927,42.2807865779575,1.1893684359386347,101
99500,199.0000000002221,-28038.55349522281,13814.789076794958,-14223.764418427854,296.25340406252235,41.71318593988103,1.2055524379019407,101
100000,200.00000000022686,-28146.439785314527,13738.329433399278,-14408.11035191525,294.6137532865706,42.02842484218772,1.1965100569746432,101
100500,201.00000000023164,-27809.283283015793,13500.411573710262,-14308.871709305531,289.51168655009513,42.446264482609855,1.1847316510757546,101
101000,202.0000000002364,-28189.52192009961,13749.300576684866,-14440.221343414745,294.84902568390834,41.94436339753818,1.1989080040593016,101
101500,203.0000000002412,-27969.53585194945,13525.646980850277,-14443.888871099174,290.052851183632,42.4554398317696,1.18447561023382,101
102000,204.00000000024596,-28020.863724159946,13461.092542507784,-14559.771181652162,288.66850343861785,42.1671786304236,1.192572864388849,101
102500,205.00000000025074,-27969.778814411333,13382.221668336304,-14587.557146075029,286.97714464733986,42.00614680992788,1.197144628142742,101
103000,206.0000000002555,-28309.485317936505,13833.774367948765,-14475.71094998774,296.6605371066947,42.39020266936147,1.1862984802105456,101
103500,207.0000000002603,-28254.49631800685,13601.184188877149,-14653.312129129703,291.6727206501104,41.7039575305391,1.2058192071017697,101
104000,208.00000000026506,-28348.15230253569,13590.986291219091,-14757.1660113166,291.45403023951593,41.866833575554104,1.201128165370576,101
104500,209.00000000026984,-28349.188908761404,13540.459484457726,-14808.729424303678,290.37050023292267,41.73999681066684,1.2047780748662962,101
105000,210.0000000002746,-28461.424459771955,13741.336307461475,-14720.08815231048,294.6782346674706,42.18742182872742,1.1920006206266303,101
105500,211.00000000027939,-28200.52664539359,13592.781809682769,-14607.744835710822,291.49253451590874,42.730217676506555,1.17685880711366,101
106000,212.00000000028416,-28101.72586945808,13382.061596348169,-14719.664273109913,286.9737119585658,42.16456403118219,1.1926468151144929,101
106500,213.00000000028894,-28316.463980764973,13591.980785447631,-14724.483195317342,291.47535682647197,41.79164492258115,1.2032891525480225,101
107000,214.0000000002937,-28286.69788280046,13575.857393159486,-14710.840489640976,291.1295962199331,41.740487135257446,1.2047639223645676,101
107500,215.00000000029848,-28306.795073837748,13476.844488688632,-14829.950585149116,289.00629851103946,42.08327846341373,1.1949504610530597,101
108000,216.00000000030326,-28352.190097558097,13578.51400603126,-14773.676091526837,291.18656636997775,41.646639277058945,1.2074787756087049,101
108500,217.00000000030803,-28463.813259534225,13629.523439708657,-14834.289819825568,292.2804461449222,41.455911498310776,1.2130340688451542,101
109000,218.0000000003128,-28573.02115394315,13662.91736202613,-14910.103791917021,292.99656733262594,41.87382093231565,1.2009277367777005,101
109500,219.00000000031758,-28487.08841630315,13522.970029583357,-14964.118386719794,289.99544488369315,41.73521293920298,1.2049161717644963,101
110000,220.00000000032236,-28381.484375929467,13441.2674263995,-14940.216949529968,288.24336063691703,41.90235122965139,1.2001100541321321,101
110500,221.00000000032713,-28546.155273567303,13487.038792738105,-15059.116480829198,289.2249118579329,41.43104743597981,1.2137620483813691,101
111000,222.0000000003319,-28332.003891276185,13217.122122956152,-15114.881768320032,283.43664163595463,41.96850141198126,1.1982184569526795,101
111500,223.00000000033668,-28331.84928949791,13263.081197918527,-15068.768091579383,284.4222182038979,41.382611421610456,1.2151826884520847,101
112000,224.00000000034146,-28457.852150830193,13365.739407812052,-15092.11274301814,286.623688234809,41.71140110835638,1.2056040235101584,101
112500,225.00000000034623,-28218.71176020717,13215.776536611967,-15002.935223595203,283.4077859992374,41.78148321544181,1.2035818054418674,101
113000,226.000000000351,-28268.45861335215,13217.26877838407,-15051.189834968081,283.4397866112056,41.94954287447211,1.198759975834739,101
113500,227.00000000035578,-28510.05339368873,13555.438628452022,-14954.614765236707,290.69172282804044,41.63684698313349,1.207762754534494,101
114000,228.00000000036056,-28449.05026430859,13617.745938817605,-14831.304325490984,292.0278816858539,41.679395658654535,1.2065298022630657,101
114500,229.00000000036533,-28311.3212150262,13206.007795431004,-15105.313419595197,283.1982987018072,42.10163112722311,1.1944295661733746,101
115000,230.0000000003701,-28634.282590304752,13522.665369407521,-15111.617220897231,289.98891155092406,41.78805141278126,1.2033926278529385,101
115500,231.00000000037488,-28595.460476432112,13525.499765944529,-15069.960710487583,290.04969421057115,41.77655270627922,1.2037238533308203,101
116000,232.00000000037966,-28326.09989360862,13462.89110929242,-14863.2087843162,288.707073085206,41.6410421553137,1.2076410771593402,101
116500,233.00000000038443,-28141.981683447306,13389.091974858948,-14752.889708588358,287.12447600961923,42.21424615528047,1.1912431840545898,101
117000,234.0000000003892,-27929.13349386915,13412.212442018083,-14516.921051851068,287.6202864821015,42.4093133708873,1.1857639043267634,101
117500,235.00000000039398,-28017.531937562024,13451.19862856015,-14566.333309001873,288.4563318542241,41.74511107081674,1.2046304755824588,101
118000,236.00000000039876,-28094.210173523,13502.867326372198,-14591.342847150801,289.5643493219688,41.78477837881797,1.20348689052693,101
118500,237.00000000040353,-28175.32900563098,13481.739144361936,-14693.589861269045,289.11126271982107,42.037833453888226,1.1962422625238616,101
119000,238.0000000004083,-28051.640317344452,13278.836054352158,-14772.804262992295,284.76007568569037,41.957783637830765,1.1985245320999136,101
119500,239.00000000041308,-28250.97670660508,13483.964137970093,-14767.012568634987,289.15897694309075,41.609050721538345,1.2085695811476407,101
120000,240.00000000041786,-28256.232842537556,13473.239576133063,-14782.993266404494,288.92899240017533,41.84824891877688,1.2016615820672265,101
120500,241.00000000042263,-28189.15558344369,13475.397058252041,-14713.75852519165,288.9752588627611,41.859624175014616,1.2013350333063035,101
121000,242.0000000004274,-28361.076414293006,13606.59527651051,-14754.481137782495,291.7887595647947,41.87239456338081,1.200968645974191,101
121500,243.00000000043218,-28588.742567615926,13773.458655225002,-14815.283912390923,295.3670873758633,42.26464591449183,1.1898226499807922,101
122000,244.00000000043696,-28338.043654058445,13563.387316950648,-14774.656337107797,290.8621797211903,42.22516997336223,1.1909350047425362,101
122500,245.00000000044173,-28428.202548870493,13561.398269738547,-14866.804279131946,290.819525287297,41.35182630106465,1.2160873533458867,101
123000,246.0000000004465,-28239.842397787477,13348.945757393254,-14890.896640394223,286.263554173004,41.93688178001438,1.19912189147181,101
123500,247.00000000045128,-28444.228499200934,13569.53849272617,-14874.690006474764,290.9940895717392,41.71046399223353,1.205631110021793,101
124000,248.00000000045605,-28233.946924219566,13480.418743689843,-14753.528180529724,289.0829471811864,42.55590425128703,1.181679343612107,101
124500,249.00000000046083,-28171.93232616232,13341.744084276374,-14830.188241885948,286.10911676799105,42.16066875404042,1.192757005251756,101
125000,250.0000000004656,-28283.28927243543,13541.265360208794,-14742.023912226638,290.3877819614513,42.04124757924475,1.1961451169519248,101
125500,251.00000000047038,-28145.35816918003,13483.469258260746,-14661.888910919282,289.14836441779767,42.09251653018443,1.1946882046460574,101
126000,252.00000000047515,-28051.119757368433,13753.802329948185,-14297.317427420248,294.94556423553547,42.27172002692084,1.1896235348468165,101
126500,253.00000000047993,-27877.56869005311,13670.825949797058,-14206.742740256053,293.1661642794516,42.31630734511841,1.1883700671788808,101
127000,254.0000000004847,-27770.801926853117,13547.449026497241,-14223.352900355876,290.520388559884,42.408082647372844,1.1857983163404302,101
127500,255.00000000048948,-27768.714431539178,13545.155563702974,-14223.558867836204,290.47120603844877,41.94472323820303,1.1988977187165941,101
128000,256.00000000049425,-28108.67138625742,13897.084420267223,-14211.586965990198,298.01819942107807,41.59081603099403,1.2090994551538896,101
128500,257.000000000499,-28067.895362174364,13766.267344632794,-14301.62801754157,295.2128721916307,41.877067632035846,1.200834629691473,101
129000,258.0000000005038,-27843.44148033775,13525.093754384046,-14318.347725953705,290.04098743218947,42.04393125097379,1.1960687667929677,101
129500,259.0000000005086,-27961.20550570565,13575.49651166116,-14385.70899404449,291.12185724022464,42.260566284152475,1.1899375096953706,101
130000,260.00000000051335,-27765.34822107268,13433.462159234958,-14331.886061837722,288.07597936498746,42.97808080343764,1.1700716286628194,101
130500,261.0000000005181,-27845.88923661676,13552.070838694772,-14293.818397921988,290.61950173409497,42.14375697373265,1.1932356442218397,101
131000,262.0000000005229,-27933.075801579675,13540.130751404118,-14392.945050175556,290.3634506655628,42.19717376391748,1.1917251445280672,101
131500,263.0000000005277,-28086.092822000508,13664.775900048422,-14421.316921952086,293.0364230417955,42.087637133624575,1.1948267098678484,101
132000,264.00000000053245,-27886.248800991085,13494.782854837655,-14391.46594615343,289.3909806082779,42.49811372758602,1.183286235356803,101
132500,265.0000000005372,-27988.419569740847,13511.635711706487,-14476.78385803436,289.7523843320565,42.610960202208844,1.1801525420653103,101
133000,266.000000000542,-27847.46191173367,13466.52562689432,-14380.93628483935,288.7850140661144,42.0660233367741,1.1954406196156717,101
133500,267.0000000005468,-28069.579618615342,13629.317055884923,-14440.262562730419,292.2760203147496,42.01055337870317,1.1970190573108053,101
134000,268.00000000055155,-28129.354406483566,13524.110796843015,-14605.24360964055,290.01990824553224,42.13920845930778,1.1933644423112784,101
134500,269.0000000005563,-27937.642561368997,13391.702780998718,-14545.93978037028,287.1804638500383,41.87102027370024,1.2010080641399312,101
135000,270.0000000005611,-28235.39330504925,13543.138241697074,-14692.255063352175,290.4279452613196,41.90141950616639,1.2001367398801375,101
135500,271.0000000005659,-28082.112035380687,13353.486447234305,-14728.625588146382,286.3609277061593,41.69602783062483,1.2060485283335671,101
136000,272.00000000057065,-28213.314299944683,13424.406884544467,-14788.907415400216,287.88179211125043,41.80732956693877,1.2028377206433158,101
136500,273.0000000005754,-28273.941477628254,13519.980664472045,-14753.960813156209,289.9313389762277,41.37167237175981,1.2155039939068695,101
137000,274.0000000005802,-28378.1874000087,13506.368382238741,-14871.81901776996,289.63942826182887,41.54330963834332,1.2104821074743315,101
137500,275.000000000585,-28297.663789576116,13375.327354571222,-14922.336435004894,286.8292984579969,41.93474691840191,1.1991829377277885,101
138000,276.00000000058975,-28315.278318906236,13490.303815935935,-14824.9745029703,289.2949291583291,41.8798048322172,1.2007561449712283,101
138500,277.0000000005945,-28311.025851659553,13470.190543988658,-14840.835307670895,288.8636069536908,41.40158193895178,1.2146258825721028,101
139000,278.0000000005993,-28471.536546889867,13596.29776356684,-14875.238783323028,291.5679329386348,42.048080795078306,1.195950731914657,101
139500,279.0000000006041,-28328.11931647122,13423.07132699405,-14905.04798947717,287.853151538569,41.70452374920682,1.205802835799964,101
140000,280.00000000060885,-28526.91763273579,13571.535463882301,-14955.382168853488,291.03691393188905,41.24460472176442,1.219248756091104,101
140500,281.0000000006136,-28240.045089817835,13501.084601301096,-14738.96048851674,289.5261193954831,41.97120776238036,1.198141194487002,101
141000,282.0000000006184,-28064.609472353277,13461.32404387002,-14603.285428483257,288.67346790577153,41.54370465120735,1.2104705977640602,101
141500,283.0000000006232,-28448.055972990056,13739.74001336234,-14708.315959627716,294.64400268910845,41.47049139169341,1.2126075991603313,101
142000,284.00000000062795,-28013.127974414896,13424.166208277653,-14588.961766137243,287.87663089142114,42.41986499053223,1.1854689545500505,101
142500,285.0000000006327,-28165.807270236957,13634.19609443509,-14531.611175801867,292.38064961969263,42.05906359732678,1.1956384356040857,101
143000,286.0000000006375,-28085.152476815823,13559.39117755024,-14525.761299265583,290.77648388509044,42.1343990717763,1.1935006576649039,101
143500,287.0000000006423,-28065.93936922521,13500.072677458269,-14565.86669176694,289.50441903643866,41.874340988964924,1.2009128219052498,101
144000,288.00000000064705,-28136.14466066479,13483.974599522675,-14652.170061142117,289.1592012874906,41.84082769905677,1.2018747182578842,101
144500,289.0000000006518,-28136.96498530727,13737.99626867725,-14398.96871663002,294.6066086836045,42.011878851707905,1.1969812914100653,101
145000,290.0000000006566,-27909.58965260567,13661.187059083859,-14248.402593521812,292.95946158067727,41.78364958381628,1.2035194030049008,101
145500,291.0000000006614,-28337.329793112378,14192.404073405449,-14144.92571970693,304.35122789096044,41.91609762239173,1.1997164777957956,101
146000,292.00000000066615,-28076.855591558993,13892.489030969053,-14184.36656058994,297.91965287686315,42.01976490772552,1.1967566480419543,101
146500,293.0000000006709,-28002.244063905575,13784.719581958929,-14217.524481946646,295.6085740796617,42.42787023617601,1.1852452815225942,101
147000,294.0000000006757,-27944.820879212974,13694.147868067283,-14250.67301114569,293.66629480177915,42.58583486573025,1.1808488235826025,101
147500,295.0000000006805,-27961.482301237764,13675.77057996719,-14285.711721270574,293.27220017414305,41.736000572442336,1.2048934328337293,101
148000,296.00000000068525,-27874.39739752499,13685.902431769115,-14188.494965755875,293.4894742540506,42.18696132522923,1.1920136322406076,101
148500,297.00000000069,-28126.64299988538,13983.905813506048,-14142.73718637933,299.8800543614228,41.89523365606523,1.2003139406098133,101
149000,298.0000000006948,-27716.129182231944,13724.071219430734,-13992.05796280121,294.3079907880951,42.2804434468118,1.1893780883765188,101
149500,299.0000000006996,-28046.536388153345,13882.166951913949,-14164.369436239396,297.698299438886,42.12008044008137,1.1939063856731653,101
150000,300.00000000070435,-27906.63511917961,13610.935642511757,-14295.699476667853,291.8818372220502,41.93873751895103,1.1990688317634013,101
150500,301.0000000007091,-27734.230413450245,13541.6101930154,-14192.620220434845,290.39517678248126,42.57824147615063,1.1810594157733842,101
151000,302.0000000007139,-28008.867042266636,13788.538571516567,-14220.32847075007,295.6904709982639,42.27344378964455,1.1895750261727935,101
151500,303.00000000071867,-28089.90818454201,13803.67257384717,-14286.235610694841,296.0150144771841,42.243272595804456,1.1904246501838263,101
152000,304.00000000072345,-27903.133719984693,13787.397397368863,-14115.73632261583,295.6659989108505,42.47880149481232,1.1838241954312632,101
152500,305.0000000007282,-27884.379889785083,13673.757795493311,-14210.622094291772,293.2290367028287,42.06445241321741,1.1954852641010325,101
153000,306.000000000733,-27646.234429270076,13459.901248442899,-14186.333180827178,288.642956546805,42.167764595879696,1.1925562923341264,101
153500,307.00000000073777,-27926.634838659633,13622.362064402783,-14304.27277425685,292.1268729126173,42.54569965950333,1.181962769561552,101
154000,308.00000000074255,-27886.57577068858,13484.122313109287,-14402.453457579295,289.16236895459116,42.43820689632126,1.1849565917178202,101
154500,309.0000000007473,-27584.02233385622,13259.423797170353,-14324.598536685868,284.34378650178184,41.97387128368419,1.1980651644592988,101
155000,310.0000000007521,-27944.115305979834,13460.92380067744,-14483.191505302395,288.6648848280571,42.223279891563756,1.1909883157259888,101
155500,311.00000000075687,-27999.596810041614,13439.927827203159,-14559.668982838455,288.21463339252773,42.123874015577385,1.1937988653152907,101
156000,312.00000000076164,-28017.570372930564,13290.61531429484,-14726.955058635724,285.01267786701635,42.50984517514611,1.1829596836989114,101
156500,313.0000000007664,-28092.75949458724,13455.075343950302,-14637.684150636938,288.5394666834662,42.042788156591655,1.1961012865079512,101
157000,314.0000000007712,-28217.026790017564,13595.571863967485,-14621.454926050079,291.55236627119444,42.42236037652629,1.1853992223946654,101
157500,315.00000000077597,-28213.833151733033,13562.641039219448,-14651.192112513585,290.8461760517159,41.899492723541364,1.2001919291549412,101
158000,316.00000000078074,-28205.178666104857,13618.604244230432,-14586.574421874426,292.0462877504606,42.22412347118238,1.190964521425798,101
158500,317.0000000007855,-28400.233682098322,13592.842942145802,-14807.39073995252,291.4938454805693,41.9137858869304,1.199782647602855,101
159000,318.0000000007903,-28496.35945836136,13711.85443155556,-14784.5050268058,294.0460059706208,41.9992635195257,1.1973408290624339,101
159500,319.00000000079507,-28258.97276569691,13489.373636336746,-14769.599129360166,289.2749817764967,41.520643492940906,1.2111429104182865,101
160000,320.00000000079984,-28059.560297050066,13238.712876897665,-14820.8474201524,283.8996479341973,42.20851929744075,1.1914048120974867,101
160500,321.0000000008046,-28260.861192179498,13460.63305988982,-14800.228132289678,288.6586499917847,42.05169119791648,1.195848052003485,101
161000,322.0000000008094,-28184.636124714336,13460.50826891943,-14724.127855794906,288.6559738923112,41.888006895515055,1.2005210256939869,101
161500,323.00000000081417,-27885.89657291619,13198.22874218961,-14687.66783072658,283.03147957845067,42.274324414024576,1.1895502459123297,101
162000,324.00000000081894,-28259.762187125867,13590.891668844019,-14668.870518281848,291.45200109520107,41.88590136673772,1.2005813737224384,101
162500,325.0000000008237,-28168.838727728627,13470.571069740285,-14698.267657988343,288.87176719766023,41.93324139592666,1.1992259918014683,101
163000,326.0000000008285,-28229.782467606612,13619.347718789348,-14610.434748817264,292.06223130686874,41.79584629000005,1.2031681965131582,101
163500,327.00000000083327,-28049.909811604084,13434.169458145556,-14615.740353458528,288.0911471470498,42.225986442353786,1.1909119771809737,101
164000,328.00000000083804,-27994.476768619006,13444.096576410842,-14550.380192208164,288.3040307866243,42.082226550166105,1.1949803307705933,101
164500,329.0000000008428,-27983.01113916295,13432.26594912867,-14550.74519003428,288.0503270503562,42.21764212451421,1.1911473609579086,101
165000,330.0000000008476,-28141.437886517033,13664.361356583917,-14477.076529933116,293.0275332996642,42.13234079782138,1.1935589632627497,101
165500,331.00000000085237,-27884.304758202987,13461.141972269048,-14423.162785933939,288.6695634428607,42.357182355845744,1.1872232808125003,101
166000,332.00000000085714,-27887.318687271912,13489.70719829954,-14397.611488972372,289.28213489815454,42.07629920923623,1.1951486691453572,101
166500,333.0000000008619,-28012.937096390175,13602.59238620336,-14410.344710186815,291.70291895781986,42.28567677017564,1.1892308895940051,101
167000,334.0000000008667,-28119.680957176715,13761.138736865103,-14358.542220311612,295.10289096058665,42.032600351161435,1.1963911959372984,101
167500,335.00000000087147,-27969.34188439084,13509.776684508503,-14459.565199882338,289.71251813268236,42.010961822155274,1.197007419524504,101
168000,336.00000000087624,-27961.911013561417,13441.57502839368,-14520.335985167738,288.2499570559695,41.844780311554516,1.2017611904774361,101
168500,337.000000000881,-28159.401251161376,13548.121635201554,-14611.279615959822,290.5348124223945,41.80189212671609,1.202994181460538,101
169000,338.0000000008858,-28337.84651591971,13562.319570693882,-14775.526945225829,290.8392822696633,41.82723409512602,1.2022653204396403,101
169500,339.00000000089057,-28113.567154031643,13417.191944495327,-14696.375209536316,287.72707020143457,41.93710884108665,1.199115399038021,101
170000,340.00000000089534,-28186.377530950587,13577.451634419795,-14608.925896530793,291.1637841758721,41.97829351408145,1.197938953512053,101
170500,341.0000000009001,-28202.534400259938,13655.59163082963,-14546.942769430309,292.8394695447302,42.6287131709445,1.1796610608634597,101
171000,342.0000000009049,-28275.68656095108,13680.418969001164,-14595.267591949914,293.37188327947797,42.3026517485649,1.1887536814801811,101
171500,343.00000000090967,-28143.419030408604,13683.57611373932,-14459.842916669284,293.43958716338074,42.12729935113104,1.1937017985258154,101
172000,344.00000000091444,-28037.296152321913,13675.59719725922,-14361.698955062693,293.2684820415566,42.0912947084808,1.1947228839303992,101
172500,345.0000000009192,-27943.129560033358,13542.295492355825,-14400.834067677533,290.4098727913218,42.00988222021092,1.197038181132707,101
173000,346.000000000924,-27998.77023573707,13585.406568454491,-14413.363667282578,291.33437500239654,41.58686063794533,1.2092144545432817,101
173500,347.00000000092876,-28163.715155424637,13666.981558916115,-14496.733596508522,293.08372263820064,41.9729731477021,1.19809080060924,101
174000,348.00000000093354,-27910.628940009876,13377.770847115597,-14532.85809289428,286.88169831586293,42.22064398757397,1.1910626710781749,101
174500,349.0000000009383,-28106.297374133985,13563.205351833672,-14543.092022300312,290.8582775417922,42.04634738037615,1.1960000365204293,101
175000,350.0000000009431,-28216.691537535302,13598.166242060823,-14618.52529547448,291.6080018178035,42.46279045997772,1.1842705686023567,101
175500,351.00000000094786,-28255.471498007733,13617.588506228007,-14637.882991779727,292.0245055980744,42.26311722534785,1.1898656867723896,101
176000,352.00000000095264,-28393.625009607,13714.358123818707,-14679.266885788293,294.0996967907672,41.93579107663354,1.1991530793012866,101
176500,353.0000000009574,-28353.798806901752,13594.41270945818,-14759.386097443572,291.52750860110575,42.49771991680615,1.183297200436249,101
177000,354.0000000009622,-28065.97150961179,13332.077738039763,-14733.893771572028,285.90182529495274,42.56925615368467,1.1813087083535474,101
177500,355.00000000096696,-27970.25662000888,13375.489102575228,-14594.767517433653,286.83276708835535,42.34305127217805,1.1876194910762705,101
178000,356.00000000097174,-28154.0325252619,13568.272392970815,-14585.760132291085,290.9669384976026,42.459979281889936,1.1843489764473145,101
178500,357.0000000009765,-28215.871661894966,13626.51328126312,-14589.358380631846,292.2158943315503,42.13265182778086,1.19355015222001,101
179000,358.0000000009813,-28410.40776838236,13619.383605365778,-14791.024163016582,292.0630008821673,41.965517355657454,1.1983036590802612,101
179500,359.00000000098606,-27794.0357696036,13099.617241823235,-14694.418527780366,280.91678984262813,42.190615440231426,1.1919103923411432,101
180000,360.00000000099084,-27874.53678135125,13187.114936727317,-14687.421844623932,282.79314783976173,42.37626150103047,1.1866887550063303,101
180500,361.0000000009956,-28074.675819062562,13351.436589419549,-14723.239229643013,286.3169692097907,42.20602135828235,1.1914753247077225,101
181000,362.0000000010004,-27862.004605649512,13379.008264441203,-14482.996341208309,286.9082343051508,42.12953224739527,1.193638531450575,101
181500,363.00000000100516,-28194.45750910304,13664.691092272682,-14529.766416830356,293.0346043681904,41.721696638832746,1.205306520437023,101
182000,364.00000000100994,-27898.66592270046,13378.489027009655,-14520.176895690805,286.89709943687615,41.8559875015289,1.2014394117602327,101
182500,365.0000000010147,-28365.7659574999,13814.33430180934,-14551.431655690561,296.24365156924705,42.08380826341091,1.1949354176247908,101
183000,366.0000000010195,-27962.89145732828,13298.066693877438,-14664.82476345084,285.17247014137064,42.21251801666761,1.191291952368834,101
183500,367.00000000102426,-28301.595588790457,13605.057610047414,-14696.537978743043,291.7557848359391,41.86484790532342,1.2011851354674603,101
184000,368.00000000102904,-28120.057513644442,13473.335374481596,-14646.722139162846,288.9310467628369,42.13034856635356,1.1936154034728645,101
184500,369.0000000010338,-27988.610020378106,13505.453344600675,-14483.15667577743,289.61980559414894,42.663480015147286,1.1786997447143654,101
185000,370.0000000010386,-28096.644662703162,13618.358133273738,-14478.286529429424,292.04100998557453,42.010970792234104,1.197007163942433,101
185500,371.00000000104336,-28049.3165212425,13639.24521258814,-14410.071308654362,292.4889262232686,41.773098223744455,1.2038233968936591,101
186000,372.00000000104814,-27914.928355313692,13487.800987979255,-14427.127367334437,289.24125687293787,42.4518984440529,1.1845744205940292,101
186500,373.0000000010529,-28215.78648589586,13731.696530194266,-14484.089955701595,294.4715129568501,42.272940682101,1.1895891837913466,101
187000,374.0000000010577,-28264.974079826658,13836.056448570238,-14428.91763125642,296.70947554134597,41.932641846214196,1.199243138243164,101
187500,375.00000000106246,-28130.59857831521,13727.422769765639,-14403.175808549571,294.3798636332093,42.02337495287144,1.1966538398897544,101
188000,376.00000000106724,-28035.178428907166,13761.124754864644,-14274.053674042521,295.102591121392,41.895018147567306,1.200320115039753,101
188500,377.000000001072,-27927.317554700763,13618.816959028405,-14308.500595672358,292.0508493462001,41.921458929729276,1.199563046858047,101
189000,378.0000000010768,-27982.01101875591,13568.471902480633,-14413.539116275279,290.97121691047573,42.144835449906786,1.193205109609504,101
189500,379.00000000108156,-28274.21745282018,13525.672168372674,-14748.545284447506,290.0533913213937,42.10116804745854,1.1944427039599952,101
190000,380.00000000108633,-28431.929204681783,13693.690686464846,-14738.238518216936,293.65649069943316,42.06219847177831,1.1955493252741167,101
190500,381.0000000010911,-28165.966173746954,13469.266293711771,-14696.699880035183,288.8437867241375,42.12931874981279,1.1936445804195208,101
191000,382.0000000010959,-28282.250918925016,13555.644518706562,-14726.606400218454,290.69613807379136,41.731913091564145,1.2050114475256548,101
191500,383.00000000110066,-28376.212084430765,13567.135983983157,-14809.076100447608,290.9425685974087,42.30626259086083,1.188652221275245,101
192000,384.00000000110543,-28072.07737658694,13407.668498716197,-14664.408877870745,287.5228431795967,42.32482777963116,1.1881308357427358,101
192500,385.0000000011102,-28208.187215046306,13545.911783927608,-14662.275431118698,290.487422921278,42.129495158765906,1.1936395822682246,101
193000,386.000000001115,-28136.803262486468,13368.398320789314,-14768.404941697154,286.6807077098253,42.08916176719275,1.1947834285851255,101
193500,387.00000000111976,-28241.04160379666,13670.777073324381,-14570.26453047228,293.1651161402923,41.49878605372707,1.2117808202238758,101
194000,388.00000000112453,-28085.242788055886,13600.231676857704,-14485.011111198182,291.6522943572005,42.36690773849171,1.186950752055779,101
194500,389.0000000011293,-28195.742043306192,13666.814970052892,-14528.9270732533,293.08015019728,41.8055373780649,1.2028892858788136,101
195000,390.0000000011341,-28085.38536530676,13559.125215764583,-14526.260149542177,290.77078042599936,42.21275055629665,1.191285389835357,101
195500,391.00000000113886,-27735.187814863904,13348.475398804867,-14386.712416059037,286.2534674947229,42.34651650494579,1.1875223076875119,101
196000,392.00000000114363,-28206.506888132084,13653.568737699161,-14552.938150432923,292.7960892967493,42.24312070589698,1.1904289304899909,101
196500,393.0000000011484,-28093.22004815754,13638.450916917547,-14454.769131239991,292.4718928255861,42.04288206869808,1.1960986147503128,101
197000,394.0000000011532,-28107.14602397769,13680.465804230811,-14426.680219746879,293.372887644882,41.74089529032334,1.2047521418195002,101
197500,395.00000000115796,-28037.48330080282,13636.70621989463,-14400.777080908192,292.43447839752474,41.96415341646717,1.1983426069247765,101
198000,396.00000000116273,-27758.710715528254,13418.470213792214,-14340.24050173604,287.75448224720714,42.06843884787241,1.1953719790822188,101
198500,397.0000000011675,-27990.232522287104,13547.498274219812,-14442.734248067292,290.5214446603697,41.772564245652944,1.2038387853509303,101
199000,398.0000000011723,-27825.399164682778,13453.078615462171,-14372.320549220607,288.4966475272482,41.95404099297604,1.1986314503267914,101
199500,399.00000000117706,-27878.72780857278,13727.551597702182,-14151.176210870599,294.3826263040346,41.69256134671283,1.2061488039627326,101
200000,400.00000000118183,-27965.336852196415,13666.981757209942,-14298.355094986473,293.08372689054363,41.93031111646737,1.1993097991283697,101
200500,401.0000000011866,-28056.249163484827,13764.952845894008,-14291.296317590819,295.1846832179275,41.85477990860211,1.201474075656179,101
201000,402.0000000011914,-27639.051340372516,13475.903324216835,-14163.148016155681,288.9861155623891,42.47932527504235,1.183809598596088,101
201500,403.00000000119616,-27745.74632479657,13453.484728156576,-14292.261596639995,288.5053564744121,42.34136124205879,1.1876668941982127,101
202000,404.00000000120093,-28174.52517619548,13948.923815683791,-14225.601360511688,299.12987744028845,42.37414651962747,1.1867479850995388,101
202500,405.0000000012057,-27882.924885791093,13715.155064020488,-14167.769821770606,294.1167868995122,41.87734586645079,1.200826651308084,101
203000,406.0000000012105,-27977.193699388547,13789.92975659372,-14187.263942794827,295.7203044841388,42.15342935979178,1.1929618483294127,101
203500,407.00000000121526,-28087.205953217588,13645.811866367942,-14441.394086849647,292.6297458568332,42.00951456924086,1.1970486571463677,101
204000,408.00000000122003,-27875.903782902762,13516.068739533708,-14359.835043369054,289.8474490903252,42.078610295244765,1.1950830279241287,101
204500,409.0000000012248,-28121.899694453954,13761.932486059937,-14359.967208394017,295.11991263928434,42.077520776038284,1.1951139723782758,101
205000,410.0000000012296,-28085.318588405247,13580.273703276423,-14505.044885128824,291.2243024726501,42.17955669977821,1.1922228903544867,101
205500,411.00000000123435,-28069.430211536113,13494.917338301126,-14574.512873234988,289.3938645599345,42.064645819816725,1.1954797674485598,101
206000,412.00000000123913,-28186.065458009864,13580.238526588277,-14605.826931421587,291.22354812066186,41.76142418162531,1.20415991523121,101
206500,413.0000000012439,-28231.143862084755,13691.636435562756,-14539.507426522,293.6124379948164,41.58420079972886,1.2092917991779324,101
207000,414.0000000012487,-28144.349652441502,13636.344890241227,-14508.004762200275,292.4267298072847,42.04067003668606,1.1961615492473854,101
207500,415.00000000125345,-28099.712659866065,13702.037228472074,-14397.675431393991,293.8354794243458,41.54720709616108,1.210368554644123,101
208000,416.00000000125823,-27854.240959167033,13451.868829152676,-14402.372130014357,288.47070407560494,42.09740855187632,1.1945493732829588,101
208500,417.000000001263,-28129.91480304737,13580.635251507607,-14549.279551539763,291.2320557502155,42.22691766589994,1.1908857141872282,101
209000,418.0000000012678,-28029.834162379935,13615.508339205662,-14414.325823174273,291.9798971311653,42.199104666232024,1.1916706148204332,101
209500,419.00000000127255,-27942.108148003652,13442.521258744324,-14499.586889259328,288.2702486406508,42.04993574698817,1.1958979748520158,101
210000,420.00000000127733,-28108.02864054043,13602.07133920885,-14505.95730133158,291.69174528408934,42.09361338104204,1.1946570741567364,101
210500,421.0000000012821,-27918.648792840042,13463.420542053791,-14455.228250786251,288.71842658882497,42.40304718073504,1.1859391328208038,101
211000,422.0000000012869,-28143.13885741424,13676.584296690347,-14466.554560723893,293.28965004962345,41.917515473943524,1.1996758976266106,101
211500,423.00000000129165,-28129.211073541108,13678.551486888695,-14450.659586652413,293.3318357673683,41.76734082605353,1.2039893373128596,101
212000,424.0000000012964,-28085.350471619153,13686.194704335769,-14399.155767283384,293.495741938798,42.060748384841446,1.1955905430490141,101
212500,425.0000000013012,-28077.61425952521,13634.73747351135,-14442.87678601386,292.3922593079288,42.04448583244584,1.196052990227641,101
213000,426.000000001306,-27814.484373479456,13488.855941718582,-14325.628431760873,289.2638799933248,42.20698334543261,1.191448168444437,101
213500,427.00000000131075,-28038.09053706184,13751.132098035225,-14286.958439026614,294.8883020298331,41.92799203040604,1.1993761343498697,101
214000,428.0000000013155,-28115.353862751985,13565.51568870026,-14549.838174051725,290.9078219219092,41.862967182444805,1.2012390995440123,101
214500,429.0000000013203,-28058.829869640518,13392.976598140249,-14665.85327150027,287.20778042086926,41.92303939001342,1.1995178244271005,101
215000,430.0000000013251,-28212.04594882322,13399.053750244771,-14812.992198578448,287.3381028592331,42.20412680533186,1.1915288103088408,101
215500,431.00000000132985,-28239.019300584026,13516.752394187351,-14722.266906396675,289.8621098294229,41.97816738761514,1.197942552807031,101
216000,432.0000000013346,-28381.02309389952,13555.65336614882,-14825.3697277507,290.69632780415,41.42752733484128,1.2138651818639419,101
216500,433.0000000013394,-28412.54442049549,13780.8849081942,-14631.65951230129,295.5263408186285,41.6777508856803,1.2065774168192545,101
217000,434.0000000013442,-28204.420779001503,13580.012607246263,-14624.40817175524,291.21870335801344,41.952237090073105,1.198682990242247,101
217500,435.00000000134895,-28180.901534025907,13485.738759124204,-14695.162774901703,289.19703308386164,41.85545613526523,1.201454664356434,101
218000,436.0000000013537,-28181.867067610518,13390.704040347864,-14791.163027262653,287.15904620001504,42.00154924131722,1.1972756698463025,101
218500,437.0000000013585,-28179.191742604333,13420.395538474779,-14758.796204129554,287.7957701733539,42.223650881166876,1.1909778513470604,101
219000,438.0000000013633,-28322.321387558888,13436.95377101187,-14885.367616547019,288.150855779591,41.47639891990279,1.2124348861528018,101
219500,439.00000000136805,-28400.865547430578,13466.63218918129,-14934.233358249288,288.7872992577365,41.942154669635734,1.1989711400994478,101
220000,440.0000000013728,-28241.123191808,13456.764374509225,-14784.358817298777,288.5756873633379,41.98132620745553,1.1978524154758576,101
220500,441.0000000013776,-28347.413655889784,13650.058347914615,-14697.35530797517,292.7208101942254,42.2493294028721,1.1902539925062574,101
221000,442.0000000013824,-28364.224619511337,13846.337415098184,-14517.887204413153,296.9299473353072,42.297004454392216,1.1889123981984158,101
221500,443.00000000138715,-28091.837679818276,13328.849643786778,-14762.988036031498,285.83259992308746,41.47045219299153,1.2126087453413172,101
222000,444.0000000013919,-28380.447474527144,13681.44308828011,-14699.004386247034,293.3938451654588,41.67990394702357,1.2065150885759572,101
222500,445.0000000013967,-27983.311751623707,13301.657156276073,-14681.654595347634,285.24946637358534,42.21687108865857,1.1911691157043158,101
223000,446.0000000014015,-28038.002701171234,13307.379137794243,-14730.62356337699,285.3721723007854,41.79468560380773,1.2032016098692477,101
223500,447.00000000140625,-28199.472447400745,13579.667700654729,-14619.804746746016,291.21130695469105,41.72446368969821,1.2052265878469883,101
224000,448.000000001411,-28077.41390055515,13526.789435290346,-14550.624465264806,290.07735072647523,42.40125350917807,1.1859893008020492,101
224500,449.0000000014158,-28281.28954719049,13852.997237164303,-14428.292310026185,297.07276493075295,41.879359588261885,1.2007689109117918,101
225000,450.0000000014206,-28138.75773705139,13833.752783106043,-14305.004953945347,296.6600742271605,42.21433858885667,1.19124057567859,101
225500,451.00000000142535,-27976.40800748635,13527.653076341128,-14448.75493114522,290.09587121200417,42.08971234137054,1.1947677996613995,101
226000,452.0000000014301,-28123.318318916394,13706.485254297813,-14416.83306461858,293.9308658095384,42.083980514517044,1.194930526715116,101
226500,453.0000000014349,-28262.01757415324,13850.21445571391,-14411.80311843933,297.0130891388999,42.06509825395599,1.1954669093813723,101
227000,454.0000000014397,-27790.063308517078,13410.589307090395,-14379.474001426683,287.58547891139546,42.034292859168715,1.1963430233253372,101
227500,455.00000000144445,-28146.97373588686,13624.549786632124,-14522.423949254735,292.17378786397717,41.6541933604732,1.207259796565876,101
228000,456.0000000014492,-27898.26993911129,13374.448686930094,-14523.821252181197,286.81045573240215,41.90856803102744,1.1999320273899532,101
228500,457.000000001454,-28461.93323454279,13700.70821341038,-14761.22502113241,293.80697915308656,41.8968294755683,1.2002682215322553,101
229000,458.0000000014588,-28126.471338558054,13389.731294645742,-14736.740043912312,287.13818600273385,41.710064498613086,1.205642657401133,101
229500,459.00000000146355,-28475.224522307948,13640.70673891001,-14834.517783397938,292.52026815296256,41.813822457096535,1.2026509428569565,101
230000,460.0000000014683,-28634.681882679357,13615.566686632785,-15019.115196046572,291.9811483716879,42.016115981076716,1.196860581428542,101
230500,461.0000000014731,-28293.379999042085,13168.068315200919,-15125.311683841166,282.3846995868265,41.97230514588283,1.1981098685835072,101
231000,462.0000000014779,-28320.2905290672,13290.768456118289,-15029.52207294891,285.01596194079036,41.85017245569581,1.2016063507436374,101
231500,463.00000000148265,-28356.696595626585,13517.443561997281,-14839.253033629304,289.87693168557513,41.74937656039859,1.2045073997627243,101
232000,464.0000000014874,-28390.47896832162,13287.732800136504,-15102.746168185115,284.95086334151625,41.856710268149186,1.2014186657365353,101
232500,465.0000000014922,-28372.094834741332,13385.329467887328,-14986.765366854004,287.0437903406629,42.03914041982722,1.1962050722322362,101
233000,466.00000000149697,-28329.684437055264,13359.622675316077,-14970.061761739187,286.4925170085529,41.79080442877123,1.2033133530174338,101
233500,467.00000000150175,-27998.027318631335,13199.031999800878,-14798.995318830457,283.04870516187106,41.85321770749162,1.2015189215303559,101
234000,468.0000000015065,-28350.79740692496,13477.044904157889,-14873.752502767073,289.0105963519015,41.55396099232714,1.210171829630538,101
234500,469.0000000015113,-28384.818595025215,13617.449535146672,-14767.369059878543,292.02152541099497,41.47347110976601,1.2125204777142238,101
235000,470.00000000151607,-28195.484358308524,13339.03771026575,-14856.446648042775,286.0510795074251,41.68170849159229,1.206462854386694,101
235500,471.00000000152085,-28093.387951267327,13470.219896914452,-14623.168054352875,288.86423641709683,41.558710543252836,1.210033524744305,101
236000,472.0000000015256,-28427.214737794948,13771.963510944966,-14655.251226849981,295.3350245206099,41.20171772213823,1.2205178760171067,101
236500,473.0000000015304,-28286.234076079734,13519.311000546239,-14766.923075533496,289.9169782634803,41.84169504573722,1.2018498043043253,101
237000,474.00000000153517,-28321.71838407269,13781.319590653133,-14540.398793419557,295.53566243457425,41.96495925904237,1.1983195954526011,101
237500,475.00000000153995,-27999.676616562625,13546.57616882206,-14453.100447740566,290.50167042701224,41.547075339547426,1.2103723930385402,101
238000,476.0000000015447,-28071.224468681692,13793.027696283898,-14278.196772397794,295.7867387361345,41.62909890752159,1.2079875453031856,101
238500,477.0000000015495,-28170.44079636933,13897.813922532907,-14272.626873836423,298.03384334645966,41.758223329580105,1.2042522165175218,101
239000,478.00000000155427,-28096.249333633314,13644.160386553409,-14452.088947079905,292.59433043977,41.38829594432243,1.21501578779976,101
239500,479.00000000155904,-28123.690836154492,13523.912511603063,-14599.77832455143,290.0156560867056,41.528077010730605,1.2109261160704976,101
240000,480.0000000015638,-28314.16782957793,13599.728440337094,-14714.439389240837,291.6415026229619,41.90489703985896,1.200037144934357,101
240500,481.0000000015686,-28212.587128600077,13698.992727056506,-14513.59440154357,293.7701911377841,41.91054597297842,1.199875397349943,101
241000,482.00000000157337,-28295.587674083767,13696.358430607583,-14599.229243476184,293.7136995557581,41.80081865511748,1.2030250751159408,101
241500,483.00000000157814,-28239.522721417103,13658.138095861463,-14581.38462555564,292.8940776122015,41.37038174804437,1.2155419137474524,101
242000,484.0000000015829,-28547.313306325137,13969.370918542249,-14577.942387782889,299.5683585340903,41.397254531504274,1.214752851888055,101
242500,485.0000000015877,-28407.75089340873,13683.501020032494,-14724.249873376237,293.43797680464513,41.866165376977705,1.2011473357943048,101
243000,486.00000000159247,-28089.74228115279,13373.953618028285,-14715.788663124506,286.79983914994176,41.85881104829029,1.2013583697937953,101
243500,487.00000000159724,-28057.527022810977,13446.867239916894,-14610.659782894083,288.3634467133255,41.73638083504664,1.2048824549792647,101
244000,488.000000001602,-28366.76589582432,13622.970040030195,-14743.795855794124,292.13991074100585,41.582775642742796,1.2093332449599696,101
244500,489.0000000016068,-28530.00857253541,13668.870194855452,-14861.13837767996,293.1242237868576,41.320502356970515,1.2170092359488789,101
245000,490.00000000161157,-28393.770520170896,13525.978307309791,-14867.792212861104,290.05995636569025,41.44357635123769,1.2133951128225624,101
245500,491.00000000161634,-28636.339844006798,13756.287633362852,-14880.052210643946,294.99886071314586,42.00453851221107,1.1971904652127425,101
246000,492.0000000016211,-28384.321819933073,13493.718187790952,-14890.603632142122,289.36814918935244,41.76588415347948,1.2040313289594549,101
246500,493.0000000016259,-28508.271168979572,13635.49954763566,-14872.771621343913,292.40860172562475,41.99411560801764,1.1974876068798437,101
247000,494.00000000163067,-28322.50574224695,13430.626149550835,-14891.879592696116,288.01516211195485,42.02376285939397,1.1966427940005213,101
247500,495.00000000163544,-28210.6338264877,13560.354229164901,-14650.2795973228,290.7971361959976,41.78907888719071,1.203363039856204,101
248000,496.0000000016402,-28338.229749791943,13681.015276724582,-14657.21447306736,293.38467089367526,41.995261792102156,1.1974549236394532,101
248500,497.000000001645,-28136.2009473388,13560.077109387446,-14576.123837951352,290.79119345760705,42.37623877433929,1.1866893914363117,101
249000,498.00000000164977,-27754.20914413735,13333.61259251486,-14420.596551622488,285.9347397216921,42.211214441017134,1.1913287420988212,101
249500,499.00000000165454,-28036.27366480447,13558.856009461058,-14477.417655343412,290.76500738933765,42.246734241526944,1.1903271082442601,101
250000,500.0000000016593,-27985.854758862224,13654.418898902748,-14331.435859959476,292.8143207115877,42.41768854058524,1.1855297809159384,101
250500,501.0000000016641,-28047.5713080368,13664.66941058522,-14382.90189745158,293.0341394118541,41.8853188346589,1.2005980711520603,101
251000,502.00000000166887,-28275.595877214393,13830.044041473466,-14445.551835740927,296.58054153742256,42.22572297039807,1.1909194080047854,101
251500,503.00000000167364,-28415.267018056496,13720.811794624686,-14694.45522343181,294.23809354328665,41.88469743872813,1.2006158830690974,101
252000,504.0000000016784,-28012.828265051623,13412.222538362024,-14600.605726689599,287.6205029947276,41.89890771850636,1.200208686592301,101
252500,505.0000000016832,-28338.37508230375,13558.772656502617,-14779.602425801135,290.7632199137895,42.1604304679746,1.1927637465817449,101
253000,506.00000000168797,-27991.05246913888,13253.364479742404,-14737.687989396474,284.2138465219279,42.20967683630494,1.1913721395570562,101
253500,507.00000000169274,-28114.567879763905,13458.277806470178,-14656.290073293727,288.6081423916237,41.85098716997097,1.2015829590409974,101
254000,508.0000000016975,-28071.080096323883,13409.122755070603,-14661.95734125328,287.5540292073368,42.34256047464478,1.187633256911642,101
254500,509.0000000017023,-28070.93667772294,13717.173240357555,-14353.763437365385,294.1600659974797,42.330675811535954,1.1879666940912907,101
255000,510.00000000170706,-27945.219894774633,13519.91926860161,-14425.300626173022,289.93002236288595,42.1656416364875,1.1926163352620476,101
255500,511.00000000171184,-28247.309340146407,13747.76522162143,-14499.544118524977,294.81610052222413,41.779713756893386,1.2036327796569317,101
256000,512.0000000017166,-28097.939771586116,13662.676851023156,-14435.26292056296,292.9914096568229,41.52214234931105,1.2110991908709863,101
256500,513.0000000016929,-27897.884963462948,13586.004436424617,-14311.880527038331,291.3471960755483,42.040200980763125,1.1961748952030749,101
257000,514.0000000016693,-28213.228929748013,13843.295190074983,-14369.93373967303,296.8647078651975,42.11097793059832,1.1941644548212003,101
257500,515.0000000016456,-27905.708855868033,13560.88876131085,-14344.820094557183,290.80859905416634,42.17975926153266,1.192217164888894,101
258000,516.000000001622,-28053.498223370407,13627.747875063713,-14425.750348306694,292.24236977131466,42.404616750616235,1.1858952363188082,101
258500,517.0000000015983,-28111.5283366602,13677.227430653413,-14434.300906006789,293.30344183643734,41.09467053205019,1.2236971936120236,101
259000,518.0000000015747,-28104.538695137526,13775.268151493925,-14329.2705436436,295.4058914014859,41.514502003677954,1.2113220820528052,101
259500,519.000000001551,-28247.50013348899,13791.472740206187,-14456.027393282802,295.7533932374354,41.90807905206534,1.19994602806788,101
260000,520.0000000015274,-28295.816579062364,13725.662647096155,-14570.15393196621,294.3421184074586,42.13408443244804,1.1935095702175385,101
260500,521.0000000015037,-28236.509661411856,13422.44459168,-14814.065069731856,287.8397114151475,41.74132386473316,1.2047397721606024,101
261000,522.0000000014801,-28402.3904976387,13699.280791452187,-14703.109706186511,293.7763685797512,41.54941952402273,1.2103041048119991,101
261500,523.0000000014564,-28329.193893869156,13572.374967432932,-14756.818926436225,291.05491679702254,41.763953979527585,1.204086974790057,101
262000,524.0000000014328,-28296.100434810887,13613.675677466914,-14682.424757343973,291.94059633000353,41.63839756392063,1.2077177784107196,101
262500,525.0000000014091,-28146.11495325967,13477.445534359606,-14668.669418900063,289.0191877288938,41.9008018242121,1.200154431732671,101
263000,526.0000000013855,-28129.756138333138,13531.341199657389,-14598.414938675749,290.17496174903454,41.93934065908292,1.1990515876550778,101
263500,527.0000000013619,-28280.426468305253,13677.558107289307,-14602.868361015946,293.31053308325147,41.7615969266998,1.2041549342747915,101
264000,528.0000000013382,-28447.865403943102,13720.150009962232,-14727.71539398087,294.223901798634,41.780824474942214,1.2036007818045837,101
264500,529.0000000013146,-28439.918568248097,13577.3186521297,-14862.599916118397,291.16093241636264,42.05788266700343,1.1956720075671714,101
265000,530.0000000012909,-28237.127223048607,13391.481509874164,-14845.645713174443,287.1757187668158,42.37033610742086,1.1868547106869196,101
265500,531.0000000012673,-28461.85612890767,13776.58209698156,-14685.274031926112,295.4340685109084,41.725697693441965,1.2051909442459539,101
266000,532.0000000012436,-28142.105779903366,13621.405207380521,-14520.700572522845,292.1063534426152,41.996042249434716,1.1974326700549365,101
266500,533.00000000122,-28283.19014240759,13696.863057194229,-14586.327085213363,293.7245210994851,41.95423367848098,1.1986259453065349,101
267000,534.0000000011963,-28290.795923626436,13556.71489623991,-14734.081027386526,290.7190919521404,41.77924601908407,1.2036462548776026,101
267500,535.0000000011727,-28219.783442141863,13499.944731797508,-14719.838710344355,289.5016752857143,41.49486037508678,1.2118954624238898,101
268000,536.000000001149,-28322.89123778263,13730.257195554812,-14592.634042227819,294.4406469201591,41.718309268228076,1.2054043868162834,101
268500,537.0000000011254,-28177.212817765587,13636.681640514207,-14540.53117725138,292.4339513011587,41.47990210567931,1.212332489945663,101
269000,538.0000000011017,-28052.77980764884,13653.517802708422,-14399.262004940418,292.79499701337755,41.95957549159496,1.1984733499640325,101
269500,539.0000000010781,-28137.783860749034,13584.569462524134,-14553.2143982249,291.31642355340585,41.73117921312505,1.2050326386814494,101
270000,540.0000000010544,-28190.19392860531,13651.94391217362,-14538.25001643169,292.76124547175317,41.84200260675757,1.2018409700676949,101
270500,541.0000000010308,-27973.08222807603,13363.292455614104,-14609.789772461925,286.5712141858611,42.107364514112646,1.194266931278168,101
271000,542.0000000010072,-28157.5392090181,13701.634845883545,-14455.904363134556,293.8268504680205,41.96913503252184,1.1982003670915031,101
271500,543.0000000009835,-28127.749008219114,13675.191743576732,-14452.557264642383,293.25978722667674,41.85506686053137,1.2014658385338943,101
272000,544.0000000009599,-28230.267630173417,13688.79268963969,-14541.474940533728,293.5514548407984,41.91192596107413,1.1998358903665078,101
272500,545.0000000009362,-28293.980520004425,13606.069179935066,-14687.911340069359,291.77747760453644,42.17168949631891,1.1924453016488712,101
273000,546.0000000009126,-28216.404438817375,13753.162190869098,-14463.242247948278,294.9318366729792,41.59323458818677,1.2090291486193545,101
273500,547.0000000008889,-27870.588901558713,13411.066215631632,-14459.52268592708,287.5957060511645,41.89938450322832,1.200195029084638,101
274000,548.0000000008653,-28261.16996673151,13821.902375348374,-14439.267591383137,296.40594630539323,41.7815584881001,1.2035796370976206,101
274500,549.0000000008416,-28175.179146897273,13678.19339233328,-14496.985754563993,293.3241565526928,41.60069154649486,1.208812429146207,101
275000,550.000000000818,-28456.207776372547,13774.177324714698,-14682.030451657849,295.3824989960868,41.821505970568424,1.2024299899164308,101
275500,551.0000000007943,-27867.54569060423,13277.309779892574,-14590.235910711657,284.72734525443497,42.447084200941326,1.1847087720895875,101
276000,552.0000000007707,-27980.61467044682,13340.356377770162,-14640.258292676657,286.07935787887453,41.86701997133495,1.2011228178387374,101
276500,553.000000000747,-28251.744779898996,13611.334201327956,-14640.41057857104,291.890384178892,42.255548910561124,1.1900788014591845,101
277000,554.0000000007234,-28216.095056217677,13397.757692373769,-14818.337363843908,287.310309343602,41.700714101443694,1.2059129942031273,101
277500,555.0000000006997,-28307.498590516385,13477.892442203862,-14829.606148312523,289.02877151402635,41.761379673090076,1.2041611986034173,101
278000,556.0000000006761,-28370.176870471038,13532.935162458532,-14837.241708012505,290.20914373351235,42.16088484839553,1.1927508918113767,101
278500,557.0000000006524,-28199.942494885538,13510.211816994513,-14689.730677891024,289.7218493993041,42.24060556299151,1.1904998124965125,101
279000,558.0000000006288,-28402.430181237913,13510.760120440955,-14891.670060796958,289.73360757827913,41.64275124123695,1.2075915136145745,101
279500,559.0000000006052,-28341.872886756395,13510.406195091391,-14831.466691665004,289.7260177707903,41.666196019689835,1.206912024767431,101
280000,560.0000000005815,-28433.489901278594,13548.322850178589,-14885.167051100005,290.539127408426,41.66726135911289,1.2068811667048127,101
280500,561.0000000005579,-28290.41322508093,13497.96557185431,-14792.44765322662,289.4592328809047,41.68171300038265,1.206462723881307,101
281000,562.0000000005342,-28188.833715350807,13511.928827577067,-14676.90488777374,289.7586701011668,41.91912338956825,1.1996298809768233,101
281500,563.0000000005106,-28008.31776114601,13503.126840184708,-14505.1909209613,289.5699145064917,42.2957317453962,1.1889481734277882,101
282000,564.0000000004869,-28172.36908127873,13569.808419513929,-14602.560661764803,290.9998780589378,42.02611947068742,1.196575692351402,101
282500,565.0000000004633,-27931.86532388219,13463.424937989937,-14468.440385892252,288.7185208581649,42.219978882334466,1.1910814342809068,101
283000,566.0000000004396,-28224.67672837373,13806.759718790103,-14417.917009583629,296.08121723953496,42.22496991078086,1.1909406474115964,101
283500,567.000000000416,-27789.70607316373,13431.836480720238,-14357.86959244349,288.0411172479316,42.182007803844435,1.1921536128941066,101
284000,568.0000000003923,-28212.031297971294,13808.720051062224,-14403.31124690907,296.12325589140875,41.55317683970739,1.2101946668594268,101
284500,569.0000000003687,-28207.115612625126,13758.758597233704,-14448.357015391422,295.05184968416717,41.56629659365338,1.2098126877668183,101
285000,570.000000000345,-28078.491296107044,13652.119629608682,-14426.371666498362,292.76501367175985,41.527409833056495,1.2109455707601327,101
285500,571.0000000003214,-28041.04060676966,13623.08326800089,-14417.95733876877,292.1423388759247,41.81190669881415,1.2027060465029393,101
286000,572.0000000002977,-28402.068404971655,13960.09803121326,-14441.970373758395,299.36950465210697,41.82092202641011,1.202446779406819,101
286500,573.0000000002741,-28251.949754506724,13838.49562322481,-14413.454131281915,296.761782803549,41.93087576627377,1.1992936489756836,101
287000,574.0000000002505,-28090.701158460193,13774.194108673702,-14316.50704978649,295.38285892231954,42.05539644940225,1.1957426929260415,101
287500,575.0000000002268,-28066.396758996067,13794.894646500405,-14271.502112495662,295.82677484191805,41.974393486746365,1.1980502593410685,101
288000,576.0000000002032,-28081.083771177775,13644.812325944937,-14436.271445232838,292.6083110559711,41.436076195499446,1.2136147439545077,101
288500,577.0000000001795,-27808.696636635614,13523.438823683442,-14285.257812952172,290.00549801206034,42.09361465113499,1.1946570381102828,101
289000,578.0000000001559,-28320.402802807665,14091.455834365834,-14228.94696844183,302.1864275973506,42.02790822125156,1.1965247648716553,101
289500,579.0000000001322,-27889.830889259327,13741.431347526232,-14148.399541733095,294.6802727689971,41.650688779230066,1.207361378080195,101
290000,580.0000000001086,-27879.350096833783,13774.600302095723,-14104.74979473806,295.39156960065935,42.25285342279039,1.190154721606481,101
290500,581.0000000000849,-27802.336457062873,13718.060786565804,-14084.275670497069,294.17909912089505,42.419283611219136,1.1854852020457134,101
291000,582.0000000000613,-27828.512337201013,13858.405819190102,-13970.10651801091,297.1887501135442,42.65708987167798,1.1788763170145062,101
291500,583.0000000000376,-27868.745400507818,13822.43037496991,-14046.315025537908,296.417269075821,42.22843744648399,1.1908428547992025,101
292000,584.000000000014,-28253.01579694215,14078.490174032908,-14174.525622909241,301.9083834673827,42.058064851205636,1.1956668282382705,101
292500,584.9999999999903,-28121.75384952323,13928.551084846698,-14193.202764676531,298.69299122892556,42.08283263723504,1.194963120376693,101
293000,585.9999999999667,-28261.715399773693,13715.635043800006,-14546.080355973687,294.12707990093065,41.783271641019745,1.203530289215362,101
293500,586.999999999943,-28105.35746131079,13606.561543006006,-14498.795918304782,291.78803616138373,41.41637055688099,1.214192173923499,101
294000,587.9999999999194,-27985.458921635076,13385.218087759886,-14600.24083387519,287.0414018321076,41.78388368192432,1.2035126601751203,101
294500,588.9999999998957,-28222.04512026398,13507.20671417923,-14714.838406084751,289.65740600218555,41.69627090426256,1.206041497522497,101
295000,589.9999999998721,-28256.343554589872,13605.32123349662,-14651.022321093253,291.7614381502086,41.50798873467055,1.2115121579108636,101
295500,590.9999999998485,-28315.002056489513,13692.301796720752,-14622.70025976876,293.6267064361869,41.280363980054204,1.2181925776327545,101
296000,591.9999999998248,-28417.466098368648,13767.12527520438,-14650.340823164268,295.2312702178958,41.72982611320178,1.2050717121625254,101
296500,592.9999999998012,-28380.760293253046,13654.222739695982,-14726.537553557064,292.81011414481213,41.73005483009315,1.2050651073244296,101
297000,593.9999999997775,-28136.679306856106,13571.062613452472,-14565.616693403634,291.02677381692456,41.63078237770126,1.2079386965692973,101
297500,594.9999999997539,-28340.605817108062,13801.846550676495,-14538.759266431567,295.9758560378332,41.405954143061564,1.2144976258422304,101
298000,595.9999999997302,-28207.2718492886,13746.553725447759,-14460.718123840843,294.7901204031312,41.56806169915541,1.2097613154645188,101
298500,596.9999999997066,-28430.52562423964,13884.318488485558,-14546.20713575408,297.7444384012517,41.43350180833459,1.2136901494617316,101
299000,597.9999999996829,-28090.080319031298,13682.017816104093,-14408.062502927205,293.40617000612906,41.858828773002124,1.2013578610903382,101
299500,598.9999999996593,-28147.85644754116,13720.324210002225,-14427.532237538933,294.2276374586248,41.33581864951032,1.2165582936404782,101
300000,599.9999999996356,-28153.541496930433,13827.950847338416,-14325.590649592017,296.5356537085585,41.55449819016742,1.2101561850740743,101
300500,600.999999999612,-28238.546587357043,13920.956819971985,-14317.589767385058,298.5301348285868,41.406600133314576,1.2144786782921762,101
301000,601.9999999995883,-28015.69631641866,13685.764537157731,-14329.931779260929,293.4865171514993,41.58254380526005,1.2093399874232647,101
301500,602.9999999995647,-28036.664338788505,13756.854803016844,-14279.809535771661,295.01102347145815,41.60327831427404,1.208737268794199,101
302000,603.999999999541,-27939.565814429625,13613.147274116116,-14326.418540313509,291.9292649017405,41.859790974819454,1.2013302463151496,101
302500,604.9999999995174,-28213.003011313936,13714.336891086596,-14498.66612022734,294.0992414621241,41.65580999958202,1.2072129434761953,101
303000,605.9999999994938,-27997.341099480243,13600.273191093258,-14397.067908386985,291.65318461571485,41.338970401166506,1.216465541218741,101
303500,606.9999999994701,-27836.68570348002,13463.14325202409,-14373.542451455929,288.7124801994335,41.766575897701514,1.2040113876140834,101
304000,607.9999999994465,-27982.581690226223,13593.361854587958,-14389.219835638265,291.5049733795582,41.66249861562795,1.2070191340760656,101
304500,608.9999999994228,-28182.98083257234,13687.221895327079,-14495.75893724526,293.5177696965948,41.9148542893201,1.199752065350583,101
305000,609.9999999993992,-28171.733055602264,13776.441388990344,-14395.29166661192,295.43105107639343,41.6380477173516,1.207727925762584,101
305500,610.9999999993755,-27933.364916657803,13456.426958333836,-14476.937958323968,288.5684515894156,41.628042479254276,1.208018201373311,101
306000,611.9999999993519,-27929.16428956762,13527.305445364022,-14401.858844203598,290.08841638516947,41.762636417023124,1.2041249623307442,101
306500,612.9999999993282,-28222.142972902227,13725.18676091307,-14496.956211989158,294.3319131918088,41.67142892332379,1.2067604663859823,101
307000,613.9999999993046,-27984.905634075574,13382.161401819367,-14602.744232256207,286.97585225259576,41.69033442764653,1.2062132312647729,101
307500,614.9999999992809,-28155.157823806047,13680.396264879044,-14474.761558927003,293.3713963973818,42.22995552582384,1.1908000464677142,101
308000,615.9999999992573,-28205.4289235936,13810.377133931388,-14395.051789662213,296.15879146405297,41.990451796130984,1.197592091807739,101
308500,616.9999999992336,-27886.338320110244,13605.704982247345,-14280.633337862899,291.76966751028607,42.30796872206044,1.1886042871223785,101
309000,617.99999999921,-28177.89343263527,13869.001259553614,-14308.892173081655,297.4159656908348,41.70364040968901,1.2058283763351567,101
309500,618.9999999991863,-27954.512885944394,13662.727611703509,-14291.785274240885,292.9924982021683,41.89217142920616,1.2004016809551536,101
310000,619.9999999991627,-28107.706928551903,13849.236382438241,-14258.470546113662,296.99211469363485,41.94767711392464,1.1988132946171528,101
310500,620.999999999139,-27792.762837411337,13590.17053161822,-14202.592305793118,291.436536555225,42.494714050865014,1.1833809010289573,101
311000,621.9999999991154,-27883.575337618604,13705.705557512001,-14177.869780106603,293.9141454799228,42.275326195337996,1.1895220576210739,101
311500,622.9999999990918,-27835.058489269304,13684.348900075784,-14150.70958919352,293.456159300785,42.1794371550561,1.1922262693458563,101
312000,623.9999999990681,-27667.736588468146,13774.736704614228,-13892.999883853918,295.39449470579166,42.19650659143518,1.1917439869936437,101
312500,624.9999999990445,-27609.596203296478,13680.438739234569,-13929.15746406191,293.37230724533896,42.12761989757217,1.1936927157230315,101
313000,625.9999999990208,-27978.094980204252,13845.319288625244,-14132.775691579009,296.9081139629916,42.443928282093715,1.184796861125973,101
313500,626.9999999989972,-27994.468743482885,13862.071972217635,-14132.39677126525,297.2673695052832,41.777401323179696,1.203699402302918,101
314000,627.9999999989735,-27885.959608273806,13732.314142771864,-14153.645465501942,294.48475744632356,42.52723632734421,1.1824759223807513,101
314500,628.9999999989499,-28058.40731844894,13937.016863861507,-14121.390454587432,298.8745369504879,42.03696498740833,1.19626697639907,101
315000,629.9999999989262,-27844.56955641292,13841.237573014134,-14003.331983398786,296.82058297446304,42.0568786863248,1.1957005506172282,101
315500,630.9999999989026,-27762.391118609656,13636.663806593231,-14125.727312016425,292.4335688588523,42.12764387696477,1.1936920362635686,101
316000,631.9999999988789,-27667.896138296444,13438.019145892284,-14229.87699240416,288.17370237776714,42.12269693083441,1.193832225060343,101
316500,632.9999999988553,-27739.855170151506,13738.177092144988,-14001.678078006518,294.6104863807271,42.0977917435074,1.1945384999971214,101
317000,633.9999999988316,-27704.437586918702,13605.460604814409,-14098.976982104294,291.76442692022124,41.55286483946236,1.2102037536223746,101
317500,634.999999998808,-27834.928709599986,13665.520774946584,-14169.407934653402,293.0523966279976,41.593077132766,1.209033725539516,101
318000,635.9999999987843,-28153.73479025201,13755.07616451273,-14398.65862573928,294.97288117999705,41.914425582268294,1.1997643365952366,101
318500,636.9999999987607,-28021.599896927517,13698.71264809369,-14322.887248833827,293.7641849406804,41.774963802850436,1.2037696367566753,101
319000,637.999999998737,-27952.047290142786,13697.027749286717,-14255.019540856068,293.7280528648093,42.08785362305034,1.194820563977145,101
319500,638.9999999987134,-27949.99520036785,13574.39051561314,-14375.604684754711,291.09813953506944,41.853103749308374,1.2015221930419329,101
320000,639.9999999986898,-27935.153815783473,13550.247855366155,-14384.905960417318,290.5804084831123,41.694391219158604,1.2060958688221215,101
320500,640.9999999986661,-28344.91787110108,13926.473692046191,-14418.444179054888,298.6484422542504,42.094370628357765,1.194635583139075,101
321000,641.9999999986425,-27857.720476391965,13770.844392243891,-14086.876084148074,295.31102540466975,42.18889841447671,1.1919589013308984,101
321500,642.9999999986188,-28182.437546904923,14125.995890795046,-14056.441656109877,302.92712723719194,41.97390040444782,1.1980643332624805,101
322000,643.9999999985952,-28069.707900614907,13970.87881453975,-14098.829086075157,299.60069484554236,41.982484382275125,1.1978193702064885,101
322500,644.9999999985715,-27691.66388856452,13682.197748715585,-14009.466139848933,293.41002859914556,41.7265337942313,1.2051667950773515,101
323000,645.9999999985479,-27831.285170387717,13790.38311359616,-14040.902056791558,295.73002656925223,42.70782041101234,1.1774759872670477,101
323500,646.9999999985242,-28015.678339612987,13914.178465065772,-14101.499874547215,298.384775337121,41.90867334593529,1.1999290120062436,101
324000,647.9999999985006,-28097.907158762486,13741.514666370644,-14356.392492391842,294.6820595129816,42.17120427623984,1.1924590218736901,101
324500,648.9999999984769,-28137.896265358682,13756.938847811325,-14380.957417547357,295.01282578319234,42.041922466249424,1.1961259155751136,101
325000,649.9999999984533,-27940.96082909098,13549.980181338506,-14390.980647752473,290.57466830558013,41.730753577606016,1.2050449294897538,101
325500,650.9999999984296,-27912.865178480897,13596.767198030771,-14316.097980450126,291.57799979938454,42.11702944548341,1.1939928733001683,101
326000,651.999999998406,-27999.936842717325,13610.163105879037,-14389.773736838288,291.865270439457,41.83573489290999,1.202021026550746,101
326500,652.9999999983823,-28094.180998848955,13851.677091913847,-14242.503906935108,297.0444548695475,42.05313651311532,1.1958069521591366,101
327000,653.9999999983587,-28056.040851117996,13648.674718999473,-14407.366132118523,292.69113874764804,41.93675197591183,1.199125603035859,101
327500,654.999999998335,-27754.042494924186,13445.523084524051,-14308.519410400135,288.3346217628681,41.727859617400725,1.2051285032005434,101
328000,655.9999999983114,-28220.365981813808,13841.505425226882,-14378.860556586926,296.82632697311334,41.71223200599612,1.2055800081676695,101
328500,656.9999999982878,-28031.789241273244,13546.877141816583,-14484.91209945666,290.5081246894453,41.97258765521297,1.198101804338834,101
329000,657.9999999982641,-28233.164579620938,13950.304608502363,-14282.859971118574,299.15948806774963,41.82458433303093,1.2023414889688715,101
329500,658.9999999982405,-28141.456923921018,13695.957146033408,-14445.49977788761,293.70509414597325,41.95061530492187,1.1987293305941225,101
330000,659.9999999982168,-28118.674717965434,13645.41323597152,-14473.261481993914,292.6211973649782,41.60614892351372,1.2086538721698556,101
330500,660.9999999981932,-27987.43675972383,13428.115364271229,-14559.321395452602,287.9613191845081,42.5486961429043,1.181879530070319,101
331000,661.9999999981695,-28112.916898343217,13623.375588654035,-14489.541309689183,292.1486075918704,42.92126923779713,1.1716203620138206,101
331500,662.9999999981459,-28183.28778522071,13717.166680484286,-14466.121104736423,294.15992532325185,42.50243936007053,1.1831658078835756,101
332000,663.9999999981222,-27669.663757460145,13482.388948466918,-14187.274808993227,289.1251975455361,42.546100946257134,1.181951621512909,101
332500,664.9999999980986,-27922.685764245198,13652.609318696726,-14270.076445548471,292.7755148859629,42.0000248735523,1.197319124307159,101
333000,665.9999999980749,-28090.862871255064,13746.804636642906,-14344.058234612157,294.7955011074812,42.17179252957648,1.1924423882909954,101
333500,666.9999999980513,-28059.082916293297,13707.683586436026,-14351.399329857271,293.9565636304149,41.59426496047438,1.208999198573817,101
334000,667.9999999980276,-28114.295042750957,13601.89555319079,-14512.399489560166,291.6879756133439,42.025565410438816,1.1965914678684975,101
334500,668.999999998004,-28019.936408279125,13547.370658350925,-14472.5657499282,290.5187079819188,41.78560857872461,1.2034629795504443,101
335000,669.9999999979804,-28051.46447001442,13539.585475764914,-14511.878994249506,290.3517574168734,41.87646125216828,1.2008520180266364,101
335500,670.9999999979567,-28078.130540007616,13408.063029007282,-14670.067511000334,287.5313037461019,41.65996665729621,1.20709249280384,101
336000,671.9999999979331,-28235.10615169632,13486.88613202045,-14748.22001967587,289.22163810130724,41.88198006580339,1.2006937810359208,101
336500,672.9999999979094,-28441.192679360305,13684.795703190483,-14756.396976169823,293.4657408400281,42.00577300343387,1.1971552814507105,101
337000,673.9999999978858,-28295.39785932253,13601.780636848493,-14693.617222474037,291.6855112718763,41.848916918001,1.201642400949444,101
337500,674.9999999978621,-28076.230624325653,13420.277150434289,-14655.953473891364,287.7932313825117,41.8145548279336,1.2026298787446794,101
338000,675.9999999978385,-28360.110013230333,13558.495104766731,-14801.614908463602,290.75726791219887,41.84909183492608,1.2016373784367775,101
338500,676.9999999978148,-28514.18090045932,13566.533627897825,-14947.647272561495,290.9296512781687,41.91408226371104,1.1997741638737751,101
339000,677.9999999977912,-28371.226439014383,13413.968671270022,-14957.25776774436,287.6579482148511,41.834105380776755,1.2020678473881787,101
339500,678.9999999977675,-28499.003487875332,13613.646242817022,-14885.35724505831,291.9399651140523,41.43011056100076,1.2137894956480613,101
340000,679.9999999977439,-28053.03538943879,13312.19880156433,-14740.836587874463,285.4755283339747,42.246593857471474,1.1903310636624733,101
340500,680.9999999977202,-28050.53396724488,13445.013396887887,-14605.520570356992,288.32369168667344,42.33241471180316,1.1879178956559582,101
341000,681.9999999976966,-28220.769202052717,13698.869218570664,-14521.899983482053,293.767542540751,41.92222018459899,1.1995412642996108,101
341500,682.999999997673,-27861.38716028675,13289.165565030888,-14572.221595255864,284.98158849228207,41.908190709909405,1.1999428309986624,101
342000,683.9999999976493,-28291.73496794424,13670.926893664684,-14620.808074279557,293.16832898600177,41.79910995076715,1.203074253535812,101
342500,684.9999999976257,-28182.708785402057,13573.878382827475,-14608.830402574582,291.08715702348405,41.65254929561577,1.207307448232794,101
343000,685.999999997602,-28417.906284494282,13783.689817552178,-14634.216466942104,295.5864911358551,41.38960414401398,1.2149773848405703,101
343500,686.9999999975784,-28312.052776133536,13779.921470459338,-14532.131305674198,295.5056802275063,41.69858602170631,1.2059745377529894,101
344000,687.9999999975547,-27892.280110167456,13469.502602651333,-14422.777507516123,288.8488542881347,41.94760143503365,1.1988154574311762,101
344500,688.9999999975311,-28115.407324751468,13615.62980190228,-14499.777522849188,291.9825018569515,41.742778145078894,1.2046978001249535,101
345000,689.9999999975074,-28283.324714065842,13762.485078377927,-14520.839635687915,295.1317627916358,41.88462592002079,1.200617933141029,101
345500,690.9999999974838,-28063.714217026318,13632.045454269297,-14431.66876275702,292.33452988044155,42.097448532673084,1.1945482387953026,101
346000,691.9999999974601,-28023.97652684088,13510.92157203986,-14513.05495480102,289.73706985233207,41.961710079876745,1.1984123837363931,101
346500,692.9999999974365,-28093.96785638576,13477.24685618717,-14616.72100019859,289.01492714376514,41.25065878176672,1.2190698157942674,101
347000,693.9999999974128,-28324.713681805937,13671.706552140207,-14653.00712966573,293.18504849406634,41.76730133455332,1.203990475699675,101
347500,694.9999999973892,-28174.143038550963,13508.127061713343,-14666.01597683762,289.6771425387613,41.769701869044304,1.2039212815102411,101
348000,695.9999999973655,-28354.59898917984,13641.91665278866,-14712.682336391183,292.5462143402825,41.46540001397898,1.2127564906048762,101
348500,696.9999999973419,-28145.73059115959,13607.042621174787,-14538.687969984803,291.79835271738244,42.4255209170789,1.185310914644226,101
349000,697.9999999973182,-28203.008904734317,13637.435127347573,-14565.573777386744,292.45010956735155,42.37318933328824,1.1867747930641344,101
349500,698.9999999972946,-28148.122992796998,13463.190041146954,-14684.932951650044,288.71348357609344,42.07726290957114,1.1951212965195475,101
350000,699.999999997271,-28385.069649884354,13773.040611738143,-14612.029038146211,295.35812257695545,41.5601242102216,1.2099923654730675,101
350500,700.9999999972473,-28208.91397441606,13356.250217460341,-14852.663756955719,286.42019580883965,41.67798469799825,1.2065706479539975,101
351000,701.9999999972237,-28359.41809724782,13478.722890568655,-14880.695206679165,289.0465801938115,41.216326570676834,1.220085271700494,101
351500,702.9999999972,-28108.110964026986,13264.399468747495,-14843.711495279491,284.4504880687787,41.68834623306447,1.2062707578118277,101
352000,703.9999999971764,-28310.758042321875,13383.660303220438,-14927.097739101437,287.0079956780186,41.55979335170773,1.2100019982513741,101
352500,704.9999999971527,-28220.319117939536,13258.935131863793,-14961.383986075743,284.3333072422209,41.83445421838422,1.2020578239163844,101
353000,705.9999999971291,-28159.944964339054,13333.269839193694,-14826.67512514536,285.92738949451274,41.8929107207895,1.2003804972549978,101
353500,706.9999999971054,-28256.216292326135,13429.817466258984,-14826.39882606715,287.99782017667894,42.04405220050798,1.1960653260218568,101
354000,707.9999999970818,-28377.818364264396,13339.885919337887,-15037.93244492651,286.0692690594755,41.49055281436383,1.2120212817475708,101
354500,708.9999999970581,-28401.547646460785,13231.63051801548,-15169.917128445306,283.74776918194294,41.93117745833952,1.199285020136707,101
355000,709.9999999970345,-28381.852952839352,13305.951966988756,-15075.900985850596,285.3415671133335,42.013980589934825,1.1969214127386862,101
355500,710.9999999970108,-28144.592856438892,13107.138399925909,-15037.454456512984,281.0780784933649,41.801735737363614,1.2029986821224783,101
356000,711.9999999969872,-28264.516415474194,13467.186972007636,-14797.329443466559,288.79919638478685,41.71322782153353,1.2055512274818676,101
356500,712.9999999969635,-28442.108730668286,13562.36218401697,-14879.746546651315,290.8401960977321,42.02676778827594,1.196557233614074,101
357000,713.9999999969399,-28317.120070419405,13395.968639027105,-14921.1514313923,287.2719437094217,42.2110497229917,1.1913333909601815,101
357500,714.9999999969162,-28485.84618903374,13489.198166002065,-14996.648023031674,289.2712188754728,41.86492310192732,1.2011829779323175,101
358000,715.9999999968926,-28576.987074165037,13775.4879528618,-14801.499121303237,295.41060496628154,41.1586000702415,1.2217964876516625,101
358500,716.999999996869,-28378.393834230486,13774.675955155759,-14603.717879074728,295.39319195453237,41.95296167838015,1.1986622872538562,101
359000,717.9999999968453,-28273.333714147248,13727.603945617231,-14545.729768530016,294.38374888708256,42.01960082409768,1.1967613212936894,101
359500,718.9999999968217,-28129.277535719066,13514.908727788803,-14614.368807930263,289.8225730371136,41.683815533942564,1.2064018698463954,101
360000,719.999999996798,-28379.127396457217,13960.304383608545,-14418.823012848672,299.37392980830737,42.00001997721904,1.1973192638897938,101
360500,720.9999999967744,-27985.539025455295,13462.240613881713,-14523.298411573582,288.6931234346773,41.78863055561008,1.2033759502015915,101
361000,721.9999999967507,-28213.591907542075,13606.193476125993,-14607.398431416083,291.78014309363436,42.18884916976471,1.1919602926386481,101
361500,722.9999999967271,-28209.06286868822,13446.915530461196,-14762.147338227023,288.36448228745223,41.8297137564222,1.202194050270301,101
362000,723.9999999967034,-28229.29815070218,13489.467942603755,-14739.830208098425,289.27700414198273,41.70687760227341,1.2057347826905989,101
362500,724.9999999966798,-28338.45943096949,13617.015326559122,-14721.44410441037,292.0122139570582,41.892443376234176,1.2003938884836898,101
363000,725.9999999966561,-28092.253685683176,13506.438215300674,-14585.815470382502,289.6409258078427,41.616959677642825,1.2083399025781214,101
363500,726.9999999966325,-28157.79455031875,13517.621422218013,-14640.173128100738,289.88074583688405,41.80436680186638,1.2029229683305578,101
364000,727.9999999966088,-28350.40564577311,13701.495462549728,-14648.910183223381,293.82386144032824,41.78483896896567,1.203485145409556,101
364500,728.9999999965852,-28009.86537555628,13504.616719618716,-14505.248655937565,289.6018644589314,41.72768675110589,1.2051334957154745,101
365000,729.9999999965615,-28140.04131473376,13553.846220750536,-14586.195093983224,290.6575741921403,41.76079436279726,1.204178075867236,101
365500,730.9999999965379,-28196.88588402177,13612.820086031446,-14584.065797990323,291.9222484657086,41.57049163760479,1.2096906007479202,101
366000,731.9999999965142,-28374.67889172626,13674.86133918407,-14699.81755254219,293.2527018180253,41.47950635484858,1.2123440566597385,101
366500,732.9999999964906,-28549.816201494024,14011.484073127258,-14538.332128366766,300.47146066125754,41.83870928713191,1.2019355725666985,101
367000,733.999999996467,-28187.100023099007,13698.092347295667,-14489.00767580334,293.7508828032438,41.50220068655031,1.2116811198105277,101
367500,734.9999999964433,-28034.748307134436,13673.52474262529,-14361.223564509146,293.22403896416654,42.07276888168467,1.1952489541132132,101
368000,735.9999999964197,-28028.77097070532,13845.122029748545,-14183.648940956777,296.9038838141722,41.48229928336739,1.2122624317173185,101
368500,736.999999996396,-28060.48379450181,13722.075982380877,-14338.407812120935,294.2652036152584,41.7026992930211,1.2058555886068525,101
369000,737.9999999963724,-28364.26961400227,13924.779078625963,-14439.490535376308,298.61210185183654,41.76009548497882,1.204198228439612,101
369500,738.9999999963487,-28047.782929264853,13742.09362728002,-14305.689301984832,294.69447513071333,41.80640924625533,1.2028641997514977,101
370000,739.9999999963251,-27999.70177124911,13589.597025055396,-14410.104746193714,291.4242379040806,41.44267972233974,1.2134213651095784,101
370500,740.9999999963014,-28155.43608264535,13851.540779518382,-14303.895303126967,297.04153169707286,41.97365055698239,1.198071464720743,101
371000,741.9999999962778,-28188.308448395182,13888.610161282382,-14299.6982871128,297.8364718494727,42.13638946754135,1.193444280298817,101
371500,742.9999999962541,-28180.976911552312,13673.09149594923,-14507.885415603083,293.21474813809107,41.67011894918857,1.2067984030427101,101
372000,743.9999999962305,-28108.05473527394,13691.860297611387,-14416.194437662554,293.6172386395153,41.75620033684522,1.2043105597926602,101
372500,744.9999999962068,-28275.483649775397,13651.838055002641,-14623.645594772755,292.7589754011012,41.79896071967086,1.2030785487643703,101
373000,745.9999999961832,-28311.249406519826,13693.068683439447,-14618.180723080379,293.6431520583155,42.0826240237866,1.194969044089463,101
373500,746.9999999961595,-28472.59164490499,13966.83360217201,-14505.758042732981,299.5139466565228,41.76390423306042,1.2040884090207462,101
374000,747.9999999961359,-28158.52858914558,13625.159381600668,-14533.36920754491,292.1868604185799,42.18374386230212,1.1921045501942833,101
374500,748.9999999961123,-27940.653571843595,13467.50794391576,-14473.145627927835,288.80607951704906,42.35849444576468,1.1871865055748847,101
375000,749.9999999960886,-28091.635328229604,13753.32840399634,-14338.306924233264,294.93540105637095,42.241283029637025,1.1904807192337938,101
375500,750.999999996065,-28098.13117423514,13597.769374309722,-14500.361799925417,291.59949112527164,41.76541813612322,1.204044763507026,101
376000,751.9999999960413,-28034.601430242674,13587.466979197156,-14447.134451045518,291.37855980267744,41.815061721874685,1.2026153001269804,101
376500,752.9999999960177,-28189.131893355247,13710.33641337124,-14478.795479984006,294.0134525923511,41.63686428785548,1.2077622525754954,101
377000,753.999999995994,-28079.743469321536,13513.098131454199,-14566.645337867338,289.7837454209606,42.13639880024409,1.1934440159653423,101
377500,754.9999999959704,-28078.35587199448,13586.19899045573,-14492.15688153875,291.35136821988374,41.64099318315379,1.2076424974134559,101
378000,755.9999999959467,-28099.22758557737,13560.343208067792,-14538.884377509577,290.7968998523577,41.53021747419721,1.2108637050534157,101
378500,756.9999999959231,-28082.72639027835,13611.849946745928,-14470.876443532421,291.90144416213565,41.87567747359395,1.2008744941306533,101
379000,757.9999999958994,-27944.28057159795,13485.50504294948,-14458.775528648468,289.19202112081524,41.62691489827772,1.2080509239122388,101
379500,758.9999999958758,-28352.369542582488,13826.104681689545,-14526.264860892943,296.496063320685,41.92208427117654,1.1995451532703392,101
380000,759.9999999958521,-28239.344769678475,13863.262639604207,-14376.082130074268,297.292902958195,41.09078250297775,1.2238129804132185,101
380500,760.9999999958285,-28244.150041629327,13739.512781429708,-14504.637260199619,294.63912977840533,41.36809642132363,1.2156090647806395,101
381000,761.9999999958048,-28049.14230142144,13531.133266437737,-14518.009034983705,290.17050269259886,41.7943512919295,1.2032112342461707,101
381500,762.9999999957812,-28063.2287170534,13486.26263375559,-14576.96608329781,289.2082673952932,41.608729638819305,1.2085789073349729,101
382000,763.9999999957575,-28152.674125984475,13623.951748610296,-14528.722377374179,292.16096314412516,41.374321451956185,1.2154261686412005,101
382500,764.9999999957339,-28124.80777141704,13477.867844486105,-14646.939926930934,289.0282440244225,41.80686000329033,1.2028512306000199,101
383000,765.9999999957103,-28303.714328984282,13815.074857182219,-14488.639471802064,296.25953252471385,41.888700947344866,1.200501134320042,101
383500,766.9999999956866,-28087.355340964874,13502.408567027105,-14584.946773937769,289.5545113854738,41.630782723193825,1.207938686544652,101
384000,767.999999995663,-28231.345853308314,13599.586565178668,-14631.759288129646,291.6384601589473,41.518072201708435,1.2112179187455445,101
384500,768.9999999956393,-28051.786235644387,13580.835472819217,-14470.95076282517,291.23634942743354,41.57328148083376,1.2096094224764096,101
385000,769.9999999956157,-28123.03372507735,13799.982987558487,-14323.05073751886,295.93589256721293,41.93898205294932,1.1990618403420241,101
385500,770.999999995592,-28227.547264418547,13947.659116290508,-14279.888148128039,299.10275639643515,41.7836297199606,1.2035199751556662,101
386000,771.9999999955684,-28144.913874380993,13864.03200097953,-14280.881873401462,297.3094016484846,41.618386454107686,1.2082984778358035,101
386500,772.9999999955447,-28157.1922985678,13706.616603472665,-14450.575695095135,293.93368254745263,41.825188119760455,1.2023241320156086,101
387000,773.9999999955211,-27921.012197957007,13663.77434645972,-14257.237851497286,293.01494506928685,42.16739534100605,1.192566735407963,101
387500,774.9999999954974,-27876.197146896524,13434.844851391452,-14441.352295505072,288.1056307230976,42.171122935533816,1.1924613219181752,101
388000,775.9999999954738,-27959.11334639027,13660.86033543112,-14298.25301095915,292.9524551042285,41.998492133506026,1.1973628206133062,101
388500,776.9999999954501,-27925.963640059927,13603.348009606238,-14322.615630453689,291.7191230420116,41.89387776624708,1.2003527886118948,101
389000,777.9999999954265,-28256.22189351121,13773.594286919442,-14482.627606591768,295.36999595093846,42.14126127832746,1.1933063101825696,101
389500,778.9999999954028,-28152.181370794322,13729.676415329883,-14422.50495546444,294.4281922878306,41.94863658061688,1.1987858748600366,101
390000,779.9999999953792,-27835.945569558135,13386.961141746142,-14448.984427811993,287.0787810258125,42.21522140455591,1.1912156641455742,101
390500,780.9999999953556,-27950.248042059953,13582.991254560799,-14367.256787499155,291.2825794260104,42.305339037190485,1.1886781703432991,101
391000,781.9999999953319,-27995.801323493164,13410.527765815019,-14585.273557678145,287.5841591798947,41.84826904999392,1.201661004004844,101
391500,782.9999999953083,-28259.43600663159,13611.22340417259,-14648.212602459,291.8880081719725,41.370192488649565,1.21554747458034,101
392000,783.9999999952846,-27997.9984259387,13438.44846128705,-14559.54996465165,288.1829088988663,42.07017981226787,1.1953225117382664,101
392500,784.999999995261,-28032.575593774705,13492.039231595372,-14540.536362179333,289.33214455074034,42.03668711302147,1.196274884062005,101
393000,785.9999999952373,-27948.78530307806,13544.661851837744,-14404.123451240317,290.4606185571715,42.0350995440597,1.196320064611029,101
393500,786.9999999952137,-27936.442043449715,13621.258056206401,-14315.183987243314,292.10319783625727,42.16457997703712,1.1926463640777907,101
394000,787.99999999519,-27832.113970768656,13408.439851189538,-14423.674119579118,287.539384568299,41.634468498626084,1.2078317513321923,101
394500,788.9999999951664,-28093.249846318235,13537.831052251553,-14555.418794066682,290.31413440756717,42.24377850362627,1.190410393761623,101
395000,789.9999999951427,-28066.41553325153,13689.804337631946,-14376.611195619584,293.5731492843221,41.868024956822694,1.2010939865049888,101
395500,790.9999999951191,-28314.624208171124,13945.009973621465,-14369.61423454966,299.0459464423208,41.73332666690406,1.2049706318370292,101
396000,791.9999999950954,-28017.339692645644,13735.66987423539,-14281.669818410255,294.5567199543042,42.47351729947072,1.1839714768126157,101
396500,792.9999999950718,-27645.226931754292,13442.13333671201,-14203.093595042283,288.26192978598385,42.2824891636432,1.1893205437328043,101
397000,793.9999999950481,-27702.69772926756,13526.082923997163,-14176.614805270396,290.0621998345976,42.33062046996349,1.187968247197391,101
397500,794.9999999950245,-28007.047462263854,13804.516301384112,-14202.531160879742,296.03310792425236,42.43490160023719,1.185048889148348,101
398000,795.9999999950008,-27599.49990871656,13642.220441402595,-13957.279467313965,292.5527289827062,42.32448139706983,1.18814055937758,101
398500,796.9999999949772,-27833.43411210965,13874.906540587299,-13958.527571522352,297.54260241315103,41.50787798170009,1.2115153905157752,101
399000,797.9999999949536,-27813.130808150123,13673.857187447917,-14139.273620702206,293.2311681291374,42.02602366187804,1.1965784202443224,101
399500,798.9999999949299,-27903.590900713658,13740.24500548215,-14163.345895231509,294.65483207156853,41.92046364527988,1.1995915271357631,101
400000,799.9999999949063,-27786.98782193916,13594.184422671718,-14192.803399267443,291.5226130694247,42.48422833457586,1.1836729763914302,101
400500,800.9999999948826,-27879.273932459466,13679.568568759154,-14199.705363700312,293.3536467385427,42.21864567819516,1.191119046920368,101
401000,801.999999994859,-27865.82309184079,13717.427034912338,-14148.396056928452,294.16550853448615,41.88456437282653,1.2006196973867906,101
401500,802.9999999948353,-27868.014198283126,13753.833698172471,-14114.180500110655,294.9462369163251,41.852322476915646,1.201544622289896,101
402000,803.9999999948117,-27823.797229947446,13625.222857374058,-14198.574372573388,292.18822163472566,42.03732770492611,1.1962566544539803,101
402500,804.999999994788,-27962.096583513838,13681.373791887563,-14280.722791626275,293.3923591281355,41.99238994911045,1.197536817109544,101
403000,805.9999999947644,-27728.19835261023,13550.981242313073,-14177.217110297157,290.5961357141479,41.7384665267043,1.2048222464116307,101
403500,806.9999999947407,-28093.66706035127,13910.221454238987,-14183.445606112282,298.29991859983534,41.95156074504527,1.198702315465576,101
404000,807.9999999947171,-27764.451403637664,13744.574321556858,-14019.877082080806,294.7476727669469,41.922893294564226,1.1995220045797952,101
404500,808.9999999946934,-27913.623573535693,13902.998107151367,-14010.625466384327,298.1450164039685,41.615643346554336,1.2083781231906439,101
405000,809.9999999946698,-27791.932473376353,13948.734650898065,-13843.197822478289,299.12582086646825,41.96772691601223,1.1982405695480742,101
405500,810.9999999946461,-27785.00444037676,13706.185743649923,-14078.818696726838,293.92444290662627,41.96263874221248,1.1983858620381205,101
406000,811.9999999946225,-28047.561538200323,13800.468786348158,-14247.092751852166,295.9463103553043,41.69649105315488,1.2060351298715732,101
406500,812.9999999945989,-28014.950729965738,13874.55043096087,-14140.400299004868,297.5349657645954,41.835943003825086,1.2020150471541355,101
407000,813.9999999945752,-27754.132166178246,13566.577462325145,-14187.5547038531,290.93059129239816,42.079001095492494,1.1950719288312033,101
407500,814.9999999945516,-27936.29141653085,13899.560742804399,-14036.730673726452,298.071303306857,41.90084277918803,1.2001532586704458,101
408000,815.9999999945279,-27763.5409271925,13805.783242132777,-13957.757685059722,296.06027703320154,41.74179854898723,1.204726071960324,101
408500,816.9999999945043,-27863.22859365232,13929.381710877813,-13933.846882774506,298.71080371870397,41.803080885255326,1.2029599717904471,101
409000,817.9999999944806,-28045.49608279516,14117.325457327785,-13928.170625467377,302.74119277122975,41.64284426119017,1.2075888161497856,101
409500,818.999999994457,-28044.929720969983,14020.782420747732,-14024.147300222252,300.6708605304418,41.99429439596158,1.197482508655187,101
410000,819.9999999944333,-28104.434708702353,13907.817044732848,-14196.617663969504,298.2483568642928,41.62900712002364,1.2079902087862233,101
410500,820.9999999944097,-28295.863760087203,13820.290503960172,-14475.57325612703,296.37138027742054,41.69359290966426,1.2061189620054136,101
411000,821.999999994386,-28210.36624317471,13685.568275535803,-14524.797967638908,293.48230838846575,41.59819224898928,1.2088850568669214,101
411500,822.9999999943624,-28296.085270824427,13833.057295061235,-14463.027975763192,296.645159725056,41.878235622364805,1.2008011382319281,101
412000,823.9999999943387,-28341.610889200147,13872.35140813862,-14469.259481061526,297.4878084759042,41.96558010986908,1.198301867168861,101
412500,824.9999999943151,-28230.566948824766,13741.160225279113,-14489.406723545653,294.67445864558346,41.940910113973345,1.199006718400381,101
413000,825.9999999942914,-27962.74182294845,13604.025452644011,-14358.716370304439,291.7336505751417,41.79940013931744,1.2030659013017524,101
413500,826.9999999942678,-28218.310115264947,14051.20927895891,-14167.100836306037,301.3233540480686,41.73683951504166,1.204869213548316,101
414000,827.9999999942441,-27994.202518907765,13738.711240317924,-14255.491278589841,294.6219410047265,42.27010027474857,1.189669120149246,101
414500,828.9999999942205,-28146.407692066354,13853.699583006397,-14292.708109059957,297.0878264959635,41.39913300050721,1.214697732966157,101
415000,829.9999999941969,-28062.449211265935,13724.511445150483,-14337.937766115452,294.317431277364,41.78030564140288,1.2036157282834086,101
415500,830.9999999941732,-27902.580766295083,13645.746980305112,-14256.833785989971,292.62835439751507,41.368073633891996,1.2156097343938466,101
416000,831.9999999941496,-28107.700429123146,14022.619768815832,-14085.080660307314,300.71026182832605,41.6077486283119,1.208607402714949,101
416500,832.9999999941259,-27883.83780591921,13656.51973151371,-14227.3180744055,292.85937234494264,41.959667814593715,1.198470712987637,101
417000,833.9999999941023,-27911.913879987773,13729.167805095198,-14182.746074892575,294.4172853161404,41.39850371017006,1.21471619734234,101
417500,834.9999999940786,-28015.022805376986,13766.557645318424,-14248.465160058562,295.21909759006724,41.63094665600995,1.2079339299679586,101
418000,835.999999994055,-28304.58969262316,13654.187223290923,-14650.402469332239,292.8093525077114,41.90935468489709,1.1999095042282448,101
418500,836.9999999940313,-28487.62695634342,13767.386741051638,-14720.240215291784,295.236877263133,41.69242495308007,1.2061527497878364,101
419000,837.9999999940077,-28478.72741108792,13748.408721854901,-14730.318689233018,294.829900163581,41.6120777616632,1.208481664638478,101
419500,838.999999993984,-28318.723346137012,13767.573478612236,-14551.149867524777,295.2408817859445,41.81995446466165,1.2024745996549089,101
420000,839.9999999939604,-28213.428085656982,13580.821807006605,-14632.606278650377,291.2360563687786,41.11762051138629,1.2230141816828854,101
420500,840.9999999939367,-28284.94458111464,13701.765244603146,-14583.179336511494,293.82964682374853,41.599216337263634,1.2088552965704353,101
421000,841.9999999939131,-28231.172763612336,13777.631762146513,-14453.541001465823,295.45657821963533,41.60466153509745,1.2086970821781196,101
421500,842.9999999938894,-28441.61124804448,13842.630644063596,-14598.980603980883,296.85045690436596,41.65303694088973,1.2072933139027526,101
422000,843.9999999938658,-28192.5268984221,13767.912522371338,-14424.614376050762,295.24815246284027,41.73437928411458,1.2049402402786307,101
422500,844.9999999938422,-28246.880189154457,13817.369075021568,-14429.511114132889,296.30873123783135,41.597901545185934,1.2088935050691332,101
423000,845.9999999938185,-28317.97843912595,13764.422892836803,-14553.555546289146,295.1733185567432,41.77899674657373,1.2036534363790001,101
423500,846.9999999937949,-28167.870050198722,13595.002592800003,-14572.86745739872,291.5401584466476,41.4201805028943,1.2140804890738375,101
424000,847.9999999937712,-28271.00230094186,13657.9135448366,-14613.088756105259,292.8892621926441,42.251634916359045,1.1901890448033332,101
424500,848.9999999937476,-28156.791836886427,13505.004549359159,-14651.787287527268,289.61018133443076,41.714764710082534,1.2055068116044285,101
425000,849.9999999937239,-28117.19644733126,13399.786968329936,-14717.409479001322,287.3538264690865,41.89170606182156,1.2004150160002796,101
425500,850.9999999937003,-28114.154981240514,13457.052761869378,-14657.102219371136,288.5818717311671,41.70391954897741,1.2058203052934287,101
426000,851.9999999936766,-28334.855404461872,13745.155265760088,-14589.700138701784,294.7601309157338,42.14591240264537,1.1931746196891952,101
426500,852.999999993653,-28414.22591679985,13899.41813217134,-14514.807784628509,298.06824507084167,42.112822833123865,1.1941121401846972,101
427000,853.9999999936293,-28125.207923632865,13622.318577912507,-14502.889345720358,292.12594035977816,41.95637631431759,1.1985647336593266,101
427500,854.9999999936057,-28067.094928282528,13743.159070887757,-14323.93585739477,294.71732320272326,41.92685190320801,1.1994087492801437,101
428000,855.999999993582,-28006.254093013686,13650.032602849926,-14356.22149016376,292.72025810016083,41.64839441649899,1.2074278902468132,101
428500,856.9999999935584,-27933.529503847632,13645.595728701557,-14287.933775146075,292.62511085885706,41.96118044237244,1.1984275101970259,101
429000,857.9999999935347,-27955.82315532824,13598.206424871949,-14357.61673045629,291.6088635243786,41.720619496347254,1.205337639027228,101
429500,858.9999999935111,-28190.924789664954,13877.558511982184,-14313.36627768277,297.59947302831887,41.575132274637404,1.2095555744787854,101
430000,859.9999999934874,-28247.603590874543,13816.06452578303,-14431.539065091514,296.28075562774166,41.62408430513652,1.208133075885466,101
430500,860.9999999934638,-28061.606339778747,13719.829247021778,-14341.777092756969,294.21702314761166,42.22110277736893,1.1910497285597965,101
431000,861.9999999934402,-27822.372672175465,13657.724475006786,-14164.648197168679,292.88520765512084,42.35245401778,1.1873558255058692,101
431500,862.9999999934165,-28070.943596956753,14018.828283460378,-14052.115313496375,300.6289547278874,41.57463196347849,1.2095701303298574,101
432000,863.9999999933929,-27802.287522259925,13678.092385349624,-14124.1951369103,293.3219904926411,41.871878204095616,1.2009834561842454,101
432500,864.9999999933692,-27932.530498972203,13709.604549845291,-14222.925949126911,293.99775803055456,42.09116747649217,1.1947264953048873,101
433000,865.9999999933456,-27770.208472284132,13587.545222910718,-14182.663249373414,291.38023771222504,42.094126426614395,1.1946425136093535,101
433500,866.9999999933219,-28088.541655229285,13954.41774465465,-14134.123910574635,299.24769285898554,42.28124321562891,1.1893555907526436,101
434000,867.9999999932983,-28202.20541036173,13922.576725932162,-14279.628684429568,298.56487315519433,41.83375233756123,1.2020779918737772,101
434500,868.9999999932746,-28023.4165624679,13685.421619547215,-14337.994942920686,293.4791634011913,41.337602753710655,1.2165057877713168,101
435000,869.999999993251,-28198.992820094725,13850.424023243413,-14348.568796851312,297.0175832425486,41.437146967016346,1.213583383105718,101
435500,870.9999999932273,-28276.054930526065,13806.847991368373,-14469.206939157692,296.0831102146396,41.51842750321352,1.2112075535276061,101
436000,871.9999999932037,-28478.833049168872,13953.040207054735,-14525.792842114137,299.2181520385698,41.31087101933355,1.2172929730517168,101
436500,872.99999999318,-28134.461952927177,13657.523265145686,-14476.93868778149,292.8808927787988,41.61192551380448,1.208486086177339,101
437000,873.9999999931564,-28189.645603890935,13659.49854473327,-14530.147059157665,292.9232519707158,42.124010849448126,1.1937949874291078,101
437500,874.9999999931327,-28103.493217167044,13543.282506022995,-14560.21071114405,290.43103896021006,41.64006183579122,1.2076695082920499,101
438000,875.9999999931091,-28134.480826296916,13570.754102297315,-14563.726723999602,291.0201579012274,41.47191108180453,1.2125660884854603,101
438500,876.9999999930855,-28166.796940207125,13776.869943270627,-14389.926996936498,295.4402412756541,41.93587569030215,1.1991506597800632,101
439000,877.9999999930618,-28000.130004941868,13516.196844446526,-14483.933160495342,289.85019625615513,41.725921678051044,1.205184474784965,101
439500,878.9999999930382,-27986.972792189386,13590.728060044043,-14396.244732145344,291.44849256071257,41.894992297170205,1.2003208556712683,101
440000,879.9999999930145,-27990.022745324433,13716.06195703044,-14273.960788293993,294.1362349084413,42.365904879430545,1.186978848807642,101
440500,880.9999999929909,-27924.10112225169,13611.126122758465,-14312.974999493224,291.8859220054791,42.451583782142684,1.1845832009601962,101
441000,881.9999999929672,-28037.763151176914,13896.193990783026,-14141.569160393889,297.99910446680076,42.04278096407238,1.1961014911324164,101
441500,882.9999999929436,-27799.158716657,13374.895931302635,-14424.262785354364,286.8200467342681,42.12659512532228,1.1937217535117806,101
442000,883.9999999929199,-28448.19051116566,13912.4207989346,-14535.76971223106,298.3470827909902,41.764281183767736,1.2040775413135911,101
442500,884.9999999928963,-28235.825409174588,13708.529313095962,-14527.296096078626,293.97469994798877,41.80227008197313,1.202983304587723,101
443000,885.9999999928726,-28246.833744968353,13547.70715791679,-14699.126587051564,290.52592409946493,41.89826436707779,1.2002271158992128,101
443500,886.999999992849,-28246.346729979865,13404.026633867825,-14842.32009611204,287.4447446395127,41.84944784610511,1.201627156167145,101
444000,887.9999999928253,-28143.137735726203,13158.785970430808,-14984.351765295394,282.18564289326855,41.97856767397363,1.1979311298336255,101
444500,888.9999999928017,-28562.575144810133,13673.921944809365,-14888.653200000768,293.2325568284987,42.012376714051996,1.1969671067350198,101
445000,889.999999992778,-28110.296989165978,13364.988000441837,-14745.30898872414,286.60757456198877,42.44089151419612,1.184881636750251,101
445500,890.9999999927544,-28064.781856476544,13477.431199881968,-14587.350656594575,289.0188803309472,42.14293434688142,1.1932589360902395,101
446000,891.9999999927307,-27999.96399330257,13545.409846634477,-14454.554146668092,290.4766590485262,41.73601468519057,1.2048930254072465,101
446500,892.9999999927071,-28195.647995498086,13769.303775433284,-14426.344220064802,295.27798740662564,42.01908756957004,1.1967759394875195,101
447000,893.9999999926835,-28196.216811944778,13717.77195736539,-14478.444854579388,294.1729052779533,41.506673640709735,1.2115505433603004,101
447500,894.9999999926598,-28200.740279103797,13555.13364274602,-14645.606636357777,290.68518251438877,42.359279849009496,1.1871644933939176,101
448000,895.9999999926362,-28068.147034049318,13505.751333823308,-14562.39570022601,289.62619587061914,42.14582944064381,1.1931769683950098,101
448500,896.9999999926125,-27995.8956299319,13415.970349316201,-14579.925280615698,287.7008735126404,42.028584816509486,1.1965055026722393,101
449000,897.9999999925889,-28014.3331352282,13319.522370254968,-14694.810764973232,285.63257974767544,42.10612553901972,1.1943020726492444,101
449500,898.9999999925652,-28059.622928340992,13364.146533748139,-14695.476394592853,286.58952959792686,42.39607345287701,1.186134207885424,101
450000,899.9999999925416,-27909.71468134056,13193.128224772365,-14716.586456568195,282.92210073531817,43.011609999486616,1.169159513049634,101
450500,900.9999999925179,-28087.86943463008,13598.067814998898,-14489.801619631182,291.60589108328674,42.63513275107942,1.1794834390707365,101
451000,901.9999999924943,-28271.82211008635,13695.553197851423,-14576.268912234926,293.6964316160343,41.70316938438284,1.2058419958199234,101
451500,902.9999999924706,-28098.739362127,13543.094105461278,-14555.64525666572,290.4269987749111,42.07244894342485,1.1952580433362088,101
452000,903.999999992447,-28389.923475523647,13646.535834497521,-14743.387641026125,292.645271104568,41.84915915685106,1.2016354453861962,101
452500,904.9999999924233,-28370.610003460217,13767.947932103845,-14602.662071356372,295.2489118123847,42.26478070214525,1.1898188554880653,101
453000,905.9999999923997,-28059.15630928952,13579.839829737624,-14479.316479551895,291.21499820371866,42.25123884261889,1.1902002019348015,101
453500,906.999999992376,-28098.36484426594,13530.388380616192,-14567.976463649748,290.15452887214866,41.90648829787891,1.199991577557832,101
454000,907.9999999923524,-28020.120664815982,13429.949834217201,-14590.170830598781,288.00065876205247,42.07939680764756,1.195060690445573,101
454500,908.9999999923288,-28122.25866246566,13292.138182244864,-14830.120480220798,285.0453352468449,42.08062255825423,1.1950258799727886,101
455000,909.9999999923051,-28291.88804765464,13438.504898884668,-14853.383148769972,288.1841191837515,41.62047699589467,1.2082377865933818,101
455500,910.9999999922815,-28294.208040051784,13577.399021018879,-14716.809019032906,291.1626558995709,42.62777425987267,1.1796870438487383,101
456000,911.9999999922578,-28406.630588446198,13628.420844637234,-14778.209743808964,292.2568013725413,42.2620249328599,1.1898964397084688,101
456500,912.9999999922342,-28247.235735296388,13647.37852602789,-14599.857209268499,292.6633423348313,42.085185662781974,1.1948963087729043,101
457000,913.9999999922105,-28116.157443998825,13662.055680229725,-14454.1017637691,292.97808886263374,42.272715399366916,1.1895955234338613,101
457500,914.9999999921869,-28250.702718172746,13842.387974496123,-14408.314743676623,296.845252938889,41.971671158565364,1.1981279661822122,101
458000,915.9999999921632,-27934.75515155513,13398.515809583376,-14536.239341971755,287.3265669066221,42.06524630555197,1.1954627018514177,101
458500,916.9999999921396,-27928.476274596636,13512.638762784605,-14415.837511812031,289.77389441771106,42.479588041997715,1.1838022758780886,101
459000,917.9999999921159,-27865.529798872863,13588.190969355326,-14277.338829517537,291.3940855228078,42.347165054074566,1.1875041207189847,101
459500,918.9999999920923,-28100.09968981268,13781.46118004441,-14318.638509768269,295.5386987704106,41.85283722113594,1.2015298446023885,101
460000,919.9999999920686,-28211.03047576259,13801.744314043182,-14409.286161719407,295.97366360836713,42.18507849046203,1.1920668350504653,101
460500,920.999999992045,-28194.627299069936,13765.583697132213,-14429.043601937723,295.19821160592795,42.03491209544948,1.1963253994273118,101
461000,921.9999999920213,-28102.10822388464,13581.245886049866,-14520.862337834773,291.24515059811927,42.25517226303677,1.1900894093968726,101
461500,922.9999999919977,-28090.146438794658,13506.237306364137,-14583.909132430521,289.63661738474445,41.83794455813232,1.2019575419774255,101
462000,923.999999991974,-27978.61759917603,13691.199127249614,-14287.418471926414,293.60306006832957,41.88774794974214,1.2005284471921605,101
462500,924.9999999919504,-28077.942639510096,13871.444530236124,-14206.498109273973,297.4683607909493,42.29243017912329,1.1890409888837221,101
463000,925.9999999919268,-28121.303864894035,13878.375054291922,-14242.928810602112,297.61698349753243,42.16098776718173,1.1927479801985204,101
463500,926.9999999919031,-28312.599102990047,13960.316168157162,-14352.282934832885,299.37418252390245,41.67110577855398,1.2067698243889882,101
464000,927.9999999918795,-28014.709650221324,13774.631714233165,-14240.07793598816,295.39224322315147,41.76945825757124,1.2039283031248151,101
464500,928.9999999918558,-28056.860549579596,14009.27134541827,-14047.589204161326,300.42400947598014,41.53033863891813,1.2108601723597825,101
465000,929.9999999918322,-28078.917387419802,14222.140475070508,-13856.776912349294,304.98891480524287,41.845108571480026,1.2017517630902854,101
465500,930.9999999918085,-27614.376061071354,13905.805580816568,-13708.570480254786,298.20522171188225,42.19892711308031,1.191675628807469,101
466000,931.9999999917849,-27636.39149144317,13982.925227747306,-13653.466263695864,299.8590260368218,42.289439929118615,1.1891250649516136,101
466500,932.9999999917612,-27736.176598354614,14078.009773215254,-13658.16682513936,301.8980814369461,41.97866432328234,1.197928371784568,101
467000,933.9999999917376,-27921.815065129642,14160.65995452652,-13761.155110603122,303.670486171013,42.05116087098574,1.1958631334046623,101
467500,934.9999999917139,-27689.147607193096,13773.950134638724,-13915.197472554371,295.37762698298525,42.37134036740158,1.1868265805716451,101
468000,935.9999999916903,-27725.29358435714,13678.473789395011,-14046.819794962128,293.3301695713184,41.99759378207879,1.1973884328568174,101
468500,936.9999999916666,-27830.74366399426,13718.63219978356,-14112.1114642107,294.1913528809739,42.22649658070383,1.1908975897721124,101
469000,937.999999991643,-28278.432318754294,14113.757252829328,-14164.675065924966,302.66467385203504,41.80653079280868,1.2028607025945977,101
469500,938.9999999916193,-28011.78793292523,13851.992854515414,-14159.795078409814,297.0512262900209,42.371221371417136,1.1868299136735183,101
470000,939.9999999915957,-28098.887752862604,13772.143110276262,-14326.744642586342,295.33887596654716,42.068298548698415,1.1953759656875025,101
470500,940.999999991572,-28268.816298723275,13837.584161057617,-14431.232137665658,296.7422368106132,42.1213002433427,1.1938718109830546,101
471000,941.9999999915484,-28001.362020251054,13687.112695043776,-14314.249325207278,293.5154279340479,42.238078145897624,1.1905710489189174,101
471500,942.9999999915248,-27828.549932412676,13442.103476344231,-14386.446456068445,288.26128944065886,42.19529500549129,1.1917782064549172,101
472000,943.9999999915011,-27836.21245344917,13470.538850912668,-14365.673602536503,288.8710762759746,41.786780839555945,1.2034292183349466,101
472500,944.9999999914775,-28165.902985697598,13580.792481195345,-14585.110504502252,291.23542748683445,41.55355929103567,1.210183528449969,101
473000,945.9999999914538,-28470.9146529403,13817.324165437241,-14653.59048750306,296.3077681672294,41.94014168034193,1.1990286867831712,101
473500,946.9999999914302,-28344.852831420998,13512.71329976189,-14832.139531659108,289.77549283757304,41.76585395185304,1.2040321996157681,101
474000,947.9999999914065,-28399.407890102546,13540.875723838359,-14858.532166264187,290.37942634339254,41.82258794345727,1.202398882404586,101
474500,948.9999999913829,-28279.419913820995,13366.978054021038,-14912.441859799957,286.6502505770787,41.864416374114036,1.2011975170774074,101
475000,949.9999999913592,-28492.783212769853,13620.98481147751,-14871.798401292343,292.09733819695145,41.767258239655476,1.2039917179609283,101
475500,950.9999999913356,-28325.174981164808,13686.12809353093,-14639.046887633878,293.49431349298015,42.04664920041254,1.195991451370806,101
476000,951.9999999913119,-28252.98718438789,13683.846505557798,-14569.140678830092,293.44538562300323,41.613145916939374,1.2084506444875667,101
476500,952.9999999912883,-28188.92289267641,13787.416719321389,-14401.506173355023,295.66641326348207,42.03285105911439,1.1963840599762556,101
477000,953.9999999912646,-28144.41603111635,13895.054501886776,-14249.361529229574,297.9746685190256,41.69201577399725,1.2061645873655296,101
477500,954.999999991241,-28173.46742882569,13805.49477684034,-14367.97265198535,296.05409099414123,41.80813048073459,1.2028146780122888,101
478000,955.9999999912174,-28318.11910892701,13908.886157216977,-14409.232951710033,298.27128361409603,41.59941798220529,1.2088494368837484,101
478500,956.9999999911937,-27599.5944258192,13333.231153468565,-14266.363272350634,285.92655989243235,42.09280545591098,1.1946800042860724,101
479000,957.9999999911701,-27823.48015167842,13834.858562639663,-13988.621589038758,296.6837872892388,41.85413330653611,1.2014926371591463,101
479500,958.9999999911464,-27805.755167334304,13767.477869963142,-14038.277297371162,295.23883149132223,42.27006068590885,1.1896702343567809,101
480000,959.9999999911228,-27738.5872997289,13738.193930123623,-14000.393369605277,294.6108474653922,41.98317743033514,1.1977995968962827,101
480500,960.9999999910991,-27481.868017798563,13437.220844393547,-14044.647173405016,288.15658307647675,42.35869982311248,1.1871807494677125,101
481000,961.9999999910755,-27889.374232437185,13814.639449489814,-14074.734782947371,296.2501953563856,42.26392531608956,1.1898429364140601,101
481500,962.9999999910518,-27814.68614654942,13637.219722712503,-14177.466423836915,292.44549028897995,41.90607331836816,1.2000034606067154,101
482000,963.9999999910282,-27847.965769264738,13575.30013811609,-14272.665631148648,291.11764607703776,42.45429599916141,1.1845075231838456,101
482500,964.9999999910045,-28031.40896657751,13633.532198213332,-14397.876768364178,292.3664125933763,41.944660471274084,1.1988995127739805,101
483000,965.9999999909809,-28288.472972260606,13651.949240917053,-14636.523731343554,292.7613597448248,41.722114605516204,1.2052944458340538,101
483500,966.9999999909572,-28202.299546165017,13516.9266365654,-14685.372909599617,289.8658463973388,41.72983563773051,1.205071437113751,101
484000,967.9999999909336,-28338.538400024423,13715.160510052632,-14623.37788997179,294.1169036877999,42.143685759246125,1.1932376605538757,101
484500,968.9999999909099,-28007.602329955287,13460.21464298969,-14547.387686965598,288.6496771851575,42.02549265330736,1.1965935394816358,101
485000,969.9999999908863,-28197.0697007951,13613.016369827717,-14584.053330967381,291.9264577042633,42.19074230181119,1.1919068084355975,101
485500,970.9999999908626,-27907.010192804664,13543.832028642906,-14363.178164161758,290.44282328394115,41.76401497019805,1.2040852163845985,101
486000,971.999999990839,-28200.853565789574,13837.216496581897,-14363.637069207676,296.7343523722856,42.056648251317945,1.1957071020490717,101
486500,972.9999999908154,-28098.83207881871,13519.612574496035,-14579.219504322673,289.9234454131926,41.78712974958467,1.203419170061096,101
487000,973.9999999907917,-28353.185744597293,13600.796935197253,-14752.38880940004,291.66441612803146,41.874006448662875,1.2009224162520116,101
487500,974.9999999907681,-28105.058588172487,13736.478368455768,-14368.58021971672,294.5740578350073,41.59167470039561,1.2090744930259376,101
488000,975.9999999907444,-28065.960988049996,13658.064269733874,-14407.896718316122,292.892494436267,41.96224549912079,1.1983970925372471,101
488500,976.9999999907208,-28027.079707756388,13719.357344632757,-14307.72236312363,294.2069033630565,42.42031266046185,1.1854564440622637,101
489000,977.9999999906971,-28391.24507145027,13831.722662047092,-14559.522409403178,296.6165389787372,41.967057661492056,1.1982596780575123,101
489500,978.9999999906735,-28256.768160053038,13691.033136778924,-14565.735023274114,293.5995004597311,42.0769243666467,1.1951309122380174,101
490000,979.9999999906498,-28055.910311959444,13631.636774787186,-14424.273537172257,292.3257658893974,41.786557109589424,1.2034356616314839,101
490500,980.9999999906262,-28016.443835188704,13579.41780872218,-14437.026026466523,291.2059481080772,42.193190000273894,1.1918376639015467,101
491000,981.9999999906025,-27906.363346471247,13578.754632607419,-14327.608713863829,291.191726524208,42.125463061772706,1.1937538331326858,101
491500,982.9999999905789,-28178.590890763855,13654.171128798207,-14524.419761965648,292.8090073668463,41.636185822631994,1.2077819331651176,101
492000,983.9999999905552,-28153.73037674816,13654.561754445454,-14499.168622302706,292.8173841996063,42.014796876706825,1.196898158285756,101
492500,984.9999999905316,-27998.94176699946,13594.831451175238,-14404.11031582422,291.53648837332025,42.04188211685982,1.1961270635482337,101
493000,985.999999990508,-28251.377714130373,13886.073953526336,-14365.303760604036,297.78208374575553,42.15840184587178,1.1928211412360443,101
493500,986.9999999904843,-28029.663350450784,13620.700863143731,-14408.962487307053,292.0912490225172,41.887732776637435,1.2005288820627686,101
494000,987.9999999904607,-28117.92605639031,13546.77755473095,-14571.148501659362,290.5059890786187,42.120380823897825,1.1938978712639978,101
494500,988.999999990437,-28079.563383232682,13585.569013913602,-14493.99436931908,291.33785858944,42.027098299481324,1.1965478236003066,101
495000,989.9999999904134,-28182.961723902838,13710.877660677053,-14472.084063225784,294.02505945481533,42.43969729423289,1.184914978394864,101
495500,990.9999999903897,-28139.31295710948,13557.391468077003,-14581.921489032477,290.73360080267133,41.68291174289475,1.206428027692967,101
496000,991.9999999903661,-27803.180443554676,13484.97483562699,-14318.205607927686,289.1806510069993,42.33907431766459,1.187731045444698,101
496500,992.9999999903424,-27581.55077830058,13353.224090434529,-14228.326687866052,286.3553015547516,42.33095094119457,1.1879589729117819,101
497000,993.9999999903188,-27907.307949501854,13796.166857909917,-14111.141091591937,295.85405697837774,42.602343513458855,1.1803912380217725,101
497500,994.9999999902951,-27990.893067477402,13777.500312979455,-14213.392754497947,295.4537593374225,41.89625307746998,1.2002847345201613,101
498000,995.9999999902715,-27845.265142067416,13596.015190450229,-14249.249951617187,291.56187325526014,42.09743300966397,1.1945486792730675,101
498500,996.9999999902478,-27921.88906480389,13783.086228904654,-14138.802835899236,295.57354738474254,42.41678719887267,1.1855549730041093,101
499000,997.9999999902242,-27877.992350636458,13662.028680828937,-14215.963669807521,292.9775098697627,41.98229184628549,1.1978248635544624,101
499500,998.9999999902005,-28097.99261468088,13805.566033010255,-14292.426581670625,296.0556190582167,42.01192927228874,1.1969798548539965,101
500000,999.9999999901769,-28024.7948227588,13778.166852311053,-14246.627970447746,295.4680530443209,41.78218390534318,1.2035616212978684,101
500500,1000.9999999901532,-27954.4136857397,13760.546968773539,-14193.86671696616,295.0902006972343,41.75713700390626,1.2042835455356122,101
501000,1001.9999999901296,-28012.18201167113,13911.72324392763,-14100.458767743501,298.3321239635925,41.449740163037006,1.2132146740771268,101
501500,1002.999999990106,-27983.540287526383,13874.238525117667,-14109.301762408715,297.52827705097974,41.72574726495806,1.2051895124407446,101
502000,1003.9999999900823,-27806.900168872606,13792.16825578109,-14014.731913091517,295.7683083299133,42.038512456430276,1.1962229409187501,101
502500,1004.9999999900587,-27834.779807926698,13768.904086215249,-14065.875721711449,295.26941620870497,42.08155373533704,1.194999436540595,101
503000,1005.999999990035,-27813.877474297362,13785.352159968183,-14028.52531432918,295.6221394976738,42.139876590914824,1.1933455214086293,101
503500,1006.9999999900114,-27834.047962540928,13636.058643076598,-14197.98931946433,292.4205913352129,42.1673056996612,1.1925692706253361,101
504000,1007.9999999899877,-28071.352951429897,13904.017644670872,-14167.335306759025,298.16688003569277,41.59478536806788,1.2089840723420575,101
504500,1008.9999999899641,-28158.575204654044,13865.841226262766,-14292.733978391278,297.3481998629122,42.23856191054863,1.1905574131282575,101
505000,1009.9999999899404,-28112.621843223824,13698.306732595254,-14414.31511062857,293.7554802223163,42.15976303124739,1.1927826293807484,101
505500,1010.9999999899168,-28155.209192986218,13538.069953426822,-14617.139239559396,290.3192575611683,42.257479168615475,1.1900244404505058,101
506000,1011.9999999898931,-28297.789806104982,13853.052733228486,-14444.737072876496,297.0739550247772,41.823235244036695,1.202380272809017,101
506500,1012.9999999898695,-28152.553511650847,13607.48705723977,-14545.066454411077,291.80788349605797,42.09002459573905,1.1947589360062132,101
507000,1013.9999999898458,-28046.470549241036,13545.013681015702,-14501.456868225334,290.46816341298063,42.196569299961794,1.1917422159371156,101
507500,1014.9999999898222,-28012.83613558941,13430.492392972721,-14582.343742616687,288.0122937481049,42.17311374246289,1.1924050310719072,101
508000,1015.9999999897985,-28129.543024295406,13410.228132948429,-14719.314891346978,287.57773365604464,42.08011676178972,1.1950402439981667,101
508500,1016.9999999897749,-28045.460324670323,13414.329240952826,-14631.131083717497,287.66568050778284,41.80347264203065,1.202948698379661,101
509000,1017.9999999897512,-28131.902665225804,13516.19382456288,-14615.708840662923,289.8501314957882,41.79865352361078,1.2030873906996715,101
509500,1018.9999999897276,-28228.558086510937,13659.451911754397,-14569.10617475654,292.9222519425101,41.76804026507073,1.2039691755548871,101
510000,1019.999999989704,-27844.247327161513,13242.636634868159,-14601.610692293354,283.9837915754077,42.194364796617236,1.1918044801686913,101
510500,1020.9999999896803,-28138.667437122655,13610.725310193076,-14527.942126929578,291.8773267177604,41.96304495021877,1.1983742614993045,101
511000,1021.9999999896567,-27993.78406832337,13620.940591864739,-14372.84347645863,292.09638992255236,42.06347502375992,1.1955130424691551,101
511500,1022.999999989633,-27913.53470430189,13550.573480347244,-14362.961223954644,290.58739139892515,42.18112123808915,1.192178669662092,101
512000,1023.9999999896094,-27933.258760708715,13500.463879276194,-14432.794881432521,289.5128082249808,41.95421908941711,1.1986263621139706,101
512500,1024.9999999895858,-28054.305524380758,13666.29307908297,-14388.012445297787,293.0689584247868,42.074693487786774,1.195194280311934,101
513000,1025.9999999895622,-28136.633250870844,13765.251371601495,-14371.38187926935,295.191084999131,42.173288737000476,1.1924000832868689,101
513500,1026.9999999895385,-28069.834004553846,13595.29732554694,-14474.536679006906,291.54647888911575,42.26799933704687,1.1897282528441044,101
514000,1027.999999989515,-28156.495386852377,13748.275553065818,-14408.21983378656,294.82704440466483,41.706644232788385,1.2057415293783387,101
514500,1028.9999999894912,-27904.533302804433,13578.796310627675,-14325.736992176759,291.19262029502903,42.22325059117619,1.1909891421999992,101
515000,1029.9999999894676,-28164.84804809679,13719.452004428436,-14445.396043668352,294.2089333098433,41.91063190398185,1.1998729371986114,101
515500,1030.999999989444,-28387.569952460402,13982.504870801506,-14405.065081658897,299.850011626582,42.29571228543696,1.1889487204544664,101
516000,1031.9999999894203,-28016.57051075544,13478.026550089595,-14538.543960665844,289.0316474115474,41.15291841711389,1.2219651712858342,101
516500,1032.9999999893967,-28354.421435854805,13785.078521720363,-14569.342914134442,295.6162714194898,41.80829989444323,1.2028098040208584,101
517000,1033.999999989373,-28143.444226606127,13469.174179991805,-14674.270046614321,288.8418113770693,41.83158876427314,1.2021401645980327,101
517500,1034.9999999893494,-28074.62299309825,13416.588935513802,-14658.03405758445,287.7141388810602,41.85320569391516,1.2015192664152745,101
518000,1035.9999999893257,-28125.300902212875,13420.281154523651,-14705.019747689224,287.79331724883195,41.68215995233157,1.2064497871509083,101
518500,1036.999999989302,-28518.78819258089,13780.923802922825,-14737.864389658065,295.52717490271704,41.495241397982234,1.21188433440288,101
519000,1037.9999999892784,-28319.60801980879,13575.431866354902,-14744.17615345389,291.12047094384843,41.74863205891765,1.2045288796891003,101
519500,1038.9999999892548,-28013.680299194537,13406.849151977758,-14606.831147216779,287.50527257037345,42.072725998338264,1.1952501723911761,101
520000,1039.9999999892311,-28344.939513363126,13709.793196353214,-14635.146317009912,294.00180349008536,41.69129199114657,1.206185527019873,101
520500,1040.9999999892075,-28180.735998639542,13573.840780802611,-14606.89521783693,291.0863506609834,42.2605645294366,1.1899375591031875,101
521000,1041.9999999891838,-28333.533318524227,13612.217783996846,-14721.31553452738,291.90933230556806,41.85926706116862,1.2013452822524555,101
521500,1042.9999999891602,-27899.12894311865,13338.393941398965,-14560.735001719684,286.0372741053191,41.80718446721313,1.202841895318685,101
522000,1043.9999999891365,-28240.772122339105,13622.371006894416,-14618.401115444689,292.12706468127715,41.460364282576805,1.2129037907082065,101
522500,1044.999999989113,-27758.386243648816,13275.369772910408,-14483.016470738408,284.6857424714191,41.87411903110637,1.200919187460978,101
523000,1045.9999999890892,-28051.578148582314,13613.319179990664,-14438.25896859165,291.9329513641418,41.58413961412071,1.20929357849223,101
523500,1046.9999999890656,-28245.95620395232,13696.380810176564,-14549.575393775754,293.7141794779238,41.85794438818215,1.2013832436711418,101
524000,1047.999999989042,-28232.920012285078,13375.089939021389,-14857.830073263689,286.8242071631227,42.06459208007225,1.1954812947372855,101
524500,1048.9999999890183,-28139.93823858317,13310.961209879697,-14828.977028703473,285.4489886056174,42.02201030452705,1.1966927007550383,101
525000,1049.9999999889947,-28238.327338831274,13529.20074792262,-14709.126590908654,290.1290604971853,41.56750983567688,1.209777376640432,101
525500,1050.999999988971,-28344.345458593285,13683.435947353493,-14660.909511239792,293.4365813434073,41.909775684435154,1.1998974506837257,101
526000,1051.9999999889474,-28222.85720210297,13448.148438535052,-14774.708763567916,288.39092157738605,41.9165112108495,1.199704640243636,101
526500,1052.9999999889237,-28144.128452150282,13558.0635029794,-14586.064949170883,290.74801236019687,41.623889039991234,1.2081387434548843,101
527000,1053.9999999889,-28016.781691907883,13257.322000070839,-14759.459691837044,284.2987141853014,41.741186552989035,1.2047437352707338,101
527500,1054.9999999888764,-28185.03030429313,13506.515937383101,-14678.514366910029,289.64259253118985,41.23141145792353,1.2196388923963624,101
528000,1055.9999999888528,-28057.522418567154,13424.676929137628,-14632.845489429526,287.8875831247453,42.09196491070498,1.1947038611564378,101
528500,1056.9999999888291,-28278.220087886457,13556.648618740623,-14721.571469145834,290.7176706539456,41.611324790820014,1.2085035325184978,101
529000,1057.9999999888055,-28117.039043995705,13338.756824520642,-14778.282219475062,286.04505600915246,42.18938340820831,1.1919451990070251,101
529500,1058.9999999887818,-28289.000065471257,13630.307254390567,-14658.69281108069,292.29725478140443,41.86730275555354,1.2011147050978843,101
530000,1059.9999999887582,-28229.252532034592,13577.108255532094,-14652.144276502499,291.15642053363337,41.79406436050677,1.2032194947280492,101
530500,1060.9999999887345,-28485.617666742186,13800.78843773837,-14684.829229003815,295.95316516951374,41.871723850576906,1.200987883420703,101
531000,1061.999999988711,-28245.839051326544,13604.453807141555,-14641.385244184989,291.74283649013023,41.87276979155903,1.2009578839138026,101
531500,1062.9999999886873,-28279.549656159987,13639.975755565425,-14639.573900594562,292.5045924663529,42.05403735748656,1.1957813366408743,101
532000,1063.9999999886636,-28425.639868598297,13782.684778547566,-14642.955090050731,295.56493841980006,41.76686954740387,1.2040029225893056,101
532500,1064.99999998864,-28248.49476813798,13565.72767175957,-14682.767096378411,290.91236782576453,41.59208275189145,1.209062631041088,101
533000,1065.9999999886163,-28345.07314628458,13628.4363458054,-14716.63680047918,292.25713378976536,41.99040202708074,1.1975935112516622,101
533500,1066.9999999885927,-28136.40727519911,13380.826026094734,-14755.581249104378,286.9472155791058,42.08257750459532,1.1949703650397663,101
534000,1067.999999988569,-28100.2443128471,13458.154765307743,-14642.089547539355,288.6055038161805,41.81445958655149,1.2026326179916516,101
534500,1068.9999999885454,-28212.260371397868,13531.0212598488,-14681.239111549068,290.1681007497921,41.80844702117784,1.2028055712523287,101
535000,1069.9999999885217,-28048.086369487046,13314.598842671536,-14733.48752681551,285.52699639070346,41.949232625568904,1.198768841645731,101
535500,1070.999999988498,-28028.216565318362,13216.490407221516,-14811.726158096846,283.4230947091252,41.68248274304374,1.206440444358436,101
536000,1071.9999999884744,-28050.341863318165,13389.132778795101,-14661.209084523063,287.12535103600703,41.939090990723265,1.1990587257507295,101
536500,1072.9999999884508,-27849.68887339662,13234.173798343167,-14615.515075053452,283.80230895452826,41.911393126144695,1.1998511443207263,101
537000,1073.9999999884271,-28058.8958521279,13563.703145574143,-14495.192706553755,290.86895255748124,42.1282397552709,1.1936751522163656,101
537500,1074.9999999884035,-28023.614022488313,13643.627532270802,-14379.98649021751,292.58290356280395,41.69161216328211,1.2061762640776168,101
538000,1075.9999999883798,-28133.470795548674,13688.047354771912,-14445.423440776762,293.53547139070594,41.91639112880971,1.1997080771564155,101
538500,1076.9999999883562,-28327.810896771465,13859.395437861649,-14468.415458909816,297.2099721458561,41.629994651015465,1.20796155329926,101
539000,1077.9999999883325,-28059.865913945683,13643.856575343054,-14416.00933860263,292.58781531277384,42.24388295337579,1.190407450422641,101
539500,1078.999999988309,-28107.597840575043,13608.65907909697,-14498.938761478074,291.83301710200016,42.18898336792625,1.191956501154068,101
540000,1079.9999999882853,-28060.230296236467,13404.555834998275,-14655.674461238192,287.45609317588617,42.04126729073169,1.196144556126803,101
540500,1080.9999999882616,-28365.392943915573,13766.998106607472,-14598.3948373081,295.2285431310388,41.750550439929576,1.204473533225239,101
541000,1081.999999988238,-28530.240585734584,13831.899228138347,-14698.341357596237,296.62032537788417,41.77774214048772,1.203689582682016,101
541500,1082.9999999882143,-27946.22009831758,13293.44126167429,-14652.778836643289,285.0732793373833,42.142476933085476,1.1932718877043644,101
542000,1083.9999999881907,-28189.477392745644,13401.533818561438,-14787.943574184206,287.391287071966,41.506466624156154,1.2115565860577007,101
542500,1084.999999988167,-28399.03275040508,13527.185581258,-14871.84716914708,290.0858459406092,41.85503430457373,1.2014667730659427,101
543000,1085.9999999881434,-28084.71250433517,13425.256332897998,-14659.456171437172,287.90000823926437,42.63718148337454,1.1794267644564884,101
543500,1086.9999999881197,-28382.100240630603,13749.447605729405,-14632.652634901198,294.85217867123947,41.80034687678868,1.2030386530214334,101
544000,1087.999999988096,-28090.881903246296,13419.307171102764,-14671.574732143532,287.77243050909715,41.582207769294826,1.209349760394729,101
544500,1088.9999999880724,-28256.948845729552,13472.926565683785,-14784.022280045767,288.92227999866196,41.81127539081335,1.202724206148697,101
545000,1089.9999999880488,-28265.275026161016,13288.568340343863,-14976.706685817153,284.9687812141153,42.034100531097266,1.1963484972225675,101
545500,1090.9999999880251,-28361.322233131938,13410.432218751193,-14950.890014380744,287.58211020594734,42.08223161003137,1.194980187089062,101
546000,1091.9999999880015,-28289.096310025332,13343.710080613513,-14945.386229411819,286.15127688379266,41.8463664279442,1.2017156397335265,101
546500,1092.9999999879778,-28477.18060295058,13719.55618006275,-14757.62442288783,294.21116732051945,41.79463672431598,1.2032030170326489,101
547000,1093.9999999879542,-28459.291814765023,13861.585549265214,-14597.70626549981,297.25693833223613,41.45151205897917,1.213162813721468,101
547500,1094.9999999879306,-28246.6980943407,13759.625702496676,-14487.072391844024,295.070444458536,41.528335486417376,1.2109185791693475,101
548000,1095.999999987907,-28228.069545467974,13602.068772443166,-14626.000773024807,291.69169024068134,41.63692381141576,1.207760525975577,101
548500,1096.9999999878833,-28153.01987429208,13570.193155460089,-14582.826718831991,291.00812858908205,41.72332542286324,1.2052594680031041,101
549000,1097.9999999878596,-27957.0441983772,13249.832902017482,-14707.211296359717,284.13811305130423,41.59399646551381,1.209007002829713,101
549500,1098.999999987836,-28191.348827407553,13442.267396702046,-14749.081430705508,288.2648046563982,41.51458792118365,1.2113195751322965,101
550000,1099.9999999878123,-28121.67978861194,13527.622347927892,-14594.057440684046,290.0952122517427,41.72416089756134,1.2052353341734834,101
550500,1100.9999999877887,-28242.822181210162,13756.226444090715,-14486.595737119447,294.99754853023364,41.89416729340433,1.2003444930721325,101
551000,1101.999999987765,-28202.91249179384,13677.889158841906,-14525.023332951932,293.31763237002536,42.78564289086872,1.175334285165383,101
551500,1102.9999999877414,-28155.292199000618,13477.053973738311,-14678.238225262307,289.01079084593675,41.995322739942274,1.1974531857723176,101
552000,1103.9999999877177,-28272.880733557697,13535.291787798837,-14737.58894575886,290.25968075404046,41.75263732069268,1.2044133312162775,101
552500,1104.999999987694,-28328.753862518894,13654.000180358513,-14674.75368216038,292.80534143630643,41.82705121241233,1.2022705771703446,101
553000,1105.9999999876704,-28139.243002016363,13398.757206221791,-14740.485795794571,287.3317435745727,41.73315745306682,1.2049755175853603,101
553500,1106.9999999876468,-28021.315065975137,13349.886762170352,-14671.428303804785,286.28373369705645,41.898739445104106,1.2002135068614015,101
554000,1107.9999999876231,-28154.855263307472,13563.754442626952,-14591.10082068052,290.87005260514957,41.73195091660409,1.2050103553263893,101
554500,1108.9999999875995,-28129.129113366813,13602.922543479071,-14526.206569887741,291.70999906713325,41.9474492845151,1.1988198057383226,101
555000,1109.9999999875758,-28276.732784537166,13586.960388956082,-14689.772395581083,291.3676961490561,42.10594183293828,1.1943072833284092,101
555500,1110.9999999875522,-28447.75839568746,13617.914520344057,-14829.843875343402,292.03149685875275,42.18245998671696,1.1921408333775647,101
556000,1111.9999999875286,-28336.9577795882,13557.494708852111,-14779.463070736088,290.73581476561304,41.63613073933411,1.2077835310228155,101
556500,1112.999999987505,-28242.51203202476,13448.6742591539,-14793.837772870858,288.40219761984997,42.04110124576666,1.1961492804031681,101
557000,1113.9999999874813,-28316.63385316375,13436.449974210544,-14880.183878953205,288.140052030325,42.00147519332685,1.1972777806259087,101
557500,1114.9999999874576,-28152.051148247676,13409.205470624722,-14742.845677622954,287.5558030139683,41.706465928429814,1.2057466841898339,101
558000,1115.999999987434,-28327.988103065967,13492.549260343085,-14835.438842722882,289.3430819419549,42.0016032131218,1.1972741313543513,101
558500,1116.9999999874103,-28021.674405827467,13235.24040022121,-14786.434005606257,283.82518186524686,42.50894649925206,1.1829846924897407,101
559000,1117.9999999873867,-28604.066127445218,13783.173890958578,-14820.89223648664,295.57542726736233,42.222621529003696,1.1910068863899637,101
559500,1118.999999987363,-28343.77404855032,13586.380096660017,-14757.393951890303,291.3552519801944,41.855463746737385,1.2014544458702938,101
560000,1119.9999999873394,-28259.06065770981,13598.57213506675,-14660.488522643062,291.6167060538236,41.70841542372938,1.2056903263189005,101
560500,1120.9999999873157,-28296.255754645532,13474.415391949195,-14821.840362696337,288.95420736626306,41.5614199916614,1.2099546409282902,101
561000,1121.999999987292,-28174.85886143849,13329.115741571193,-14845.743119867297,285.8383062986252,42.12055795654118,1.1938928504785173,101
561500,1122.9999999872684,-28196.83460253961,13266.913121901896,-14929.921480637713,284.50439249681483,41.78055076567095,1.2036086667339787,101
562000,1123.9999999872448,-28279.043145399482,13416.134809079098,-14862.908336320384,287.7044002957363,41.94715515408295,1.198828211776497,101
562500,1124.9999999872211,-28418.8590653918,13629.7165110894,-14789.1425543024,292.28458649433,41.71268471839821,1.2055669238738849,101
563000,1125.9999999871975,-28359.99232278244,13562.905437867801,-14797.086884914639,290.8518459898646,41.64188314464944,1.2076166879341035,101
563500,1126.9999999871739,-28269.864345194786,13270.842422281605,-14999.021922913182,284.58865499308615,41.401637050802556,1.2146242657210513,101
564000,1127.9999999871502,-28378.883953083918,13401.80771767304,-14977.076235410877,287.3971607442842,42.14335369968534,1.1932470624153484,101
564500,1128.9999999871266,-28366.75670334623,13348.084378568408,-15018.67232477782,286.2450822001328,41.817056307673376,1.202557937901833,101
565000,1129.999999987103,-28262.192936507796,13467.72353987236,-14794.469396635435,288.8107028982451,41.74807048064373,1.204545082527731,101
565500,1130.9999999870793,-28226.98957647541,13398.67137868407,-14828.318197791341,287.32990303252245,41.56010404967331,1.209992952432847,101
566000,1131.9999999870556,-28383.067913098705,13536.99587576312,-14846.072037335585,290.2962243347954,41.683716074751715,1.206404748374634,101
566500,1132.999999987032,-28247.544581395327,13489.199928706083,-14758.344652689244,289.2712566760547,42.28800862361616,1.1891653127973734,101
567000,1133.9999999870083,-28084.961913255363,13464.691715844296,-14620.270197411068,288.7456864739016,42.1488067984149,1.1930926833347912,101
567500,1134.9999999869847,-28070.673662218524,13469.11000221888,-14601.563659999643,288.84043510678464,41.870463457301305,1.201024035804206,101
568000,1135.999999986961,-28166.864424496696,13594.449727271698,-14572.414697224998,291.52830243539483,41.78032785751356,1.2036150882774153,101
568500,1136.9999999869374,-28007.26173256037,13400.331828860133,-14606.929903700238,287.36551081590596,41.593813065729144,1.2090123337096599,101
569000,1137.9999999869137,-27974.27135172362,13424.20481612704,-14550.06653559658,287.877458823483,41.88064628151728,1.2007320198559908,101
569500,1138.99999998689,-28351.481105021474,13746.838364141811,-14604.642740879663,294.7962243821042,41.72218402505283,1.2052924404025578,101
570000,1139.9999999868664,-27972.40186725133,13492.07554763194,-14480.326319619391,289.3329233356639,41.65739967939515,1.2071668752611564,101
570500,1140.9999999868428,-27969.685036002524,13658.765353151051,-14310.919682851472,292.90752892920904,42.249306180136514,1.1902546467407584,101
571000,1141.9999999868191,-28260.18792093785,13774.624210900814,-14485.563710037035,295.39208231676787,42.24222225972569,1.1904542496199415,101
571500,1142.9999999867955,-28355.559653943994,13893.270036591446,-14462.289617352548,297.9364012740294,42.16124856553064,1.1927406021745177,101
572000,1143.9999999867719,-27963.62920951223,13481.974021376886,-14481.655188135344,289.1162995766871,42.2249236425976,1.1909419523911051,101
572500,1144.9999999867482,-28205.955371095373,13765.612825270578,-14440.342545824795,295.19883624884477,41.623912714125645,1.2081380563104727,101
573000,1145.9999999867246,-27941.667220199302,13565.58223500769,-14376.084985191612,290.9092489846023,42.147142628038296,1.1931397923290517,101
573500,1146.999999986701,-28483.350711739302,13987.338035762477,-14496.012675976825,299.9536571881699,42.151593351550765,1.1930138104881498,101
574000,1147.9999999866773,-28498.98063223534,13898.9103938965,-14600.07023833884,298.0573567980307,41.96680139451518,1.1982669951361318,101
574500,1148.9999999866536,-28277.265683666345,13693.27013658325,-14583.995547083094,293.6474721517515,41.90259917392506,1.2001029528920761,101
575000,1149.99999998663,-28163.166689892998,13595.132667254215,-14568.034022638783,291.5429478486158,41.50690286714344,1.2115438524392457,101
575500,1150.9999999866063,-28039.175544830672,13530.965949094876,-14508.209595735796,290.1669146296827,42.10158186356236,1.1944309637924266,101
576000,1151.9999999865827,-28176.73529715861,13641.864888833446,-14534.870408325165,292.54510428005256,41.97712069335159,1.1979724233550193,101
576500,1152.999999986559,-28206.548077036765,13680.013628705346,-14526.534448331418,293.3631908961363,42.10241163076001,1.1944074235818964,101
577000,1153.9999999865354,-28179.0674137269,13743.820882318354,-14435.246531408548,294.7315155214095,41.981486052510014,1.1978478546371971,101
577500,1154.9999999865117,-28232.293156376716,13698.550278829918,-14533.742877546798,293.7607029876198,41.61751608547366,1.208323747606673,101
578000,1155.999999986488,-28300.51949454388,13836.037691816924,-14464.481802726958,296.7090733092173,41.777949883067876,1.2036835972858844,101
578500,1156.9999999864644,-27973.840676842905,13481.342661020733,-14492.498015822172,289.1027602708273,41.83057732059871,1.202169231781494,101
579000,1157.9999999864408,-27861.42772066218,13408.55238391002,-14452.87533675216,287.54179779381593,42.29134053480189,1.1890716247478275,101
579500,1158.9999999864172,-28323.13272384103,13840.352670227492,-14482.780053613538,296.8016065383155,41.990364115344015,1.197594592519969,101
580000,1159.9999999863935,-27973.853844507714,13707.3618815456,-14266.491962962114,293.9496647795991,41.76328828090349,1.2041061677002758,101
580500,1160.9999999863699,-27874.031357336462,13621.655721273823,-14252.37563606264,292.1117256269636,41.98923556018832,1.1976267805684957,101
581000,1161.9999999863462,-28241.556243586663,13933.910663694867,-14307.645579891796,298.8079255554133,41.83375453640742,1.2020779286907173,101
581500,1162.9999999863226,-28251.519275395796,14076.131025280549,-14175.388250115248,301.8577923331503,41.52004938518583,1.2111602405854285,101
582000,1163.999999986299,-27997.978013806394,13744.386369101769,-14253.591644704626,294.7436421911406,41.59881066994909,1.2088670852027048,101
582500,1164.9999999862753,-28189.883335690676,13827.690426592697,-14362.19290909798,296.5300690751646,41.3520845361267,1.2160797591363883,101
583000,1165.9999999862516,-28190.876627711626,13806.420679407514,-14384.455948304112,296.073946656492,41.58823588337595,1.209174468075524,101
583500,1166.999999986228,-28115.262140039245,13915.388131009462,-14199.874009029783,298.41071620756105,41.42183501817801,1.2140319949710545,101
584000,1167.9999999862043,-27876.238505010522,13520.438284840762,-14355.80022016976,289.94115248776575,42.13101579360652,1.1935965002323008,101
584500,1168.9999999861807,-27918.82143878242,13430.802140577212,-14488.019298205207,288.0189361790332,42.61476147898893,1.180047271349262,101
585000,1169.999999986157,-28308.253574549806,13662.082036435055,-14646.171538114751,292.9786540623993,41.87504600102303,1.2008926032284712,101
585500,1170.9999999861334,-28175.87438955595,13604.365331841691,-14571.509057714258,291.74093916773063,42.28133100699404,1.1893531212194373,101
586000,1171.9999999861097,-27980.01933280971,13504.989236343034,-14475.030096466675,289.6098529520626,41.444018535341755,1.213382166586898,101
586500,1172.999999986086,-27863.0064252954,13504.440473236067,-14358.565952059333,289.59808491582555,42.11541528244593,1.1940386356214032,101
587000,1173.9999999860624,-27789.0211275956,13497.580338682212,-14291.440788913387,289.4509716879211,42.31567705983665,1.1883877677620847,101
587500,1174.9999999860388,-28150.89910638981,13694.716598513633,-14456.182507876178,293.6784910307471,41.71571798724632,1.2054792636639942,101
588000,1175.9999999860152,-27954.723519319552,13583.270674788586,-14371.452844530966,291.28857149676776,41.56142475171867,1.2099545023513907,101
588500,1176.9999999859915,-28100.804639455895,13635.454210970664,-14465.350428485232,292.40762949642465,41.891244278107344,1.2004282486486346,101
589000,1177.9999999859679,-28243.745324342603,13708.321392853817,-14535.423931488785,293.9702411698513,41.65428140025076,1.2072572449221943,101
589500,1178.9999999859442,-28054.03674864822,13555.765929886335,-14498.270818761886,290.69874169481653,42.26806531983165,1.1897263956125832,101
590000,1179.9999999859206,-27935.549648171644,13415.694773700105,-14519.854874471539,287.6949638882595,41.90595321893625,1.2000068997298672,101
590500,1180.999999985897,-28138.200804205648,13683.145249847654,-14455.055554357994,293.43034743529773,42.31819480444693,1.18831706396881,101
591000,1181.9999999858733,-28009.11442485129,13684.451328143296,-14324.663096707995,293.45835583549155,41.6518020787369,1.207329106851588,101
591500,1182.9999999858496,-28074.024754271708,13742.685949261544,-14331.338805010164,294.7071772720455,42.024422701004205,1.1966240050521593,101
592000,1183.999999985826,-28020.685650386113,13856.59263109881,-14164.093019287302,297.1498669180597,41.908013210748145,1.1999479132927093,101
592500,1184.9999999858023,-27868.147728910775,13804.189008019215,-14063.95872089156,296.0260892305221,42.59774815485618,1.1805185762324792,101
593000,1185.9999999857787,-27780.336089353572,13717.742102924101,-14062.59398642947,294.1722650597199,41.82249546782927,1.202401541083618,101
593500,1186.999999985755,-27552.703308286087,13608.096883673516,-13944.606424612572,291.8209610143523,42.381537540316586,1.1865410251962485,101
594000,1187.9999999857314,-28043.365825229193,13997.572292742701,-14045.793532486492,300.1731273119328,42.168015664379354,1.1925491918501612,101
594500,1188.9999999857077,-27716.31030132063,13586.945756493094,-14129.364544827537,291.36738236091605,42.141855089650164,1.193289495573983,101
595000,1189.999999985684,-27779.99128992395,13683.090013822677,-14096.901276101273,293.4291629177249,42.43533159347519,1.1850368811590168,101
595500,1190.9999999856605,-27702.59585568818,13690.03074591797,-14012.565109770212,293.57800453220676,42.090485472503254,1.1947458537947289,101
596000,1191.9999999856368,-27656.388769496873,13770.701980365506,-13885.686789131367,295.30797143088006,42.045548710853865,1.196022754948589,101
596500,1192.9999999856132,-27506.1226106163,13785.83838327157,-13720.284227344731,295.63256638931597,41.93740598931992,1.1991069026846128,101
597000,1193.9999999855895,-27806.31429473127,13999.26428324965,-13807.05001148162,300.20941146687267,42.162132731270674,1.1927155896737527,101
597500,1194.9999999855659,-27996.32837105785,14023.746257558307,-13972.582113499544,300.7344189922713,42.36018328677802,1.1871391741162949,101
598000,1195.9999999855422,-28205.255436648888,13945.74004392092,-14259.515392727968,299.0616025489915,41.95086692761052,1.1987221405759125,101
598500,1196.9999999855186,-28141.16794117497,13843.73878105203,-14297.429160122938,296.8742205212526,41.95759968645299,1.1985297866959972,101
599000,1197.999999985495,-28014.48722517149,13591.270062342057,-14423.217162829435,291.46011561372507,41.954174474715586,1.1986276367513113,101
599500,1198.9999999854713,-27907.75673645875,13618.632810828569,-14289.12392563018,292.04690035134024,41.86370093992328,1.201218045070735,101
600000,1199.9999999854476,-27988.596466769744,13720.069440823037,-14268.527025946707,294.22217402113296,41.99565914839547,1.1974435935101135,101
600500,1200.999999985424,-28011.250107304608,13754.302827765456,-14256.947279539152,294.9562972392222,41.99679514448287,1.1974112031519342,101
601000,1201.9999999854003,-28295.037904728415,14007.880470899188,-14287.157433829227,300.3941826499163,41.53613685582714,1.2106911429204248,101
601500,1202.9999999853767,-28028.780381363194,13711.597449830184,-14317.18293153301,294.0404950858363,42.14085905892662,1.1933176998637438,101
602000,1203.999999985353,-27925.059777202634,13736.850591076363,-14188.20918612627,294.58204002118526,42.62907633259271,1.1796510112050564,101
602500,1204.9999999853294,-28024.46620986848,13834.624479225102,-14189.841730643377,296.67876745086033,42.5710021421238,1.1812602586755023,101
603000,1205.9999999853057,-28018.368089514304,13744.939418358179,-14273.428671156125,294.7555021423795,41.68714834221388,1.2063054203100214,101
603500,1206.999999985282,-27666.641921261184,13350.5961972476,-14316.045724013584,286.2989472884785,42.3314810807136,1.187944095473468,101
604000,1207.9999999852585,-28048.563005660402,13609.888341765793,-14438.67466389461,291.85937821747586,42.03951757092521,1.1961943406615025,101
604500,1208.9999999852348,-28194.71285766944,13757.710204891559,-14437.002652777883,295.0293672706878,41.997945709388084,1.1973783991829734,101
605000,1209.9999999852112,-27889.37752578469,13600.839169391154,-14288.538356393536,291.6653218258051,42.40487519930746,1.1858880085396832,101
605500,1210.9999999851875,-28035.043606424897,13754.759209426395,-14280.284396998502,294.96608418709764,42.0197965512836,1.196755746808688,101
606000,1211.9999999851639,-28090.737457022977,13679.600227319555,-14411.137229703421,293.3543256454905,42.52879848406815,1.182432487983851,101
606500,1212.9999999851402,-28124.576714644212,13671.84786115494,-14452.728853489272,293.188078817324,41.99810422906016,1.1973738797401396,101
607000,1213.9999999851166,-27986.07412739684,13484.469150948771,-14501.60497644807,289.16980677286216,41.83136345246562,1.2021466395572746,101
607500,1214.999999985093,-27965.205904403956,13547.339548787713,-14417.866355616243,290.51804084802706,42.232833241145734,1.190718906196602,101
608000,1215.9999999850693,-28245.311844016458,13645.372590298863,-14599.939253717595,292.62032573249655,42.24019288901167,1.190511443321611,101
608500,1216.9999999850456,-28097.55668505282,13547.4928510647,-14550.063833988119,290.52132836267214,41.86968166368475,1.201046461408777,101
609000,1217.999999985022,-28206.21949831028,13718.010578072079,-14488.208920238203,294.1780224170021,41.89247309661224,1.2003930368710356,101
609500,1218.9999999849983,-28056.851596920627,13580.054809887652,-14476.796787032976,291.21960837915435,42.23383977836305,1.1906905284099563,101
610000,1219.9999999849747,-28165.55315583985,13495.602625510059,-14669.950530329792,289.4085603086193,41.91321568303194,1.1997989699186644,101
610500,1220.999999984951,-28333.123540840956,13570.409844413687,-14762.713696427269,291.0127754092231,41.621551466071914,1.2082065956496761,101
611000,1221.9999999849274,-28423.93023693597,13630.692827605602,-14793.237409330366,292.305523266492,41.89820254317744,1.2002288869231972,101
611500,1222.9999999849038,-28410.493859495287,13438.985680251677,-14971.50817924361,288.19442937493824,41.976880125116224,1.1979792888988863,101
612000,1223.99999998488,-28392.40254992028,13487.640748726604,-14904.761801193676,289.23782059723374,41.80873989449574,1.202797145510263,101
612500,1224.9999999848565,-28322.81973593355,13467.908344543546,-14854.911391390004,288.81466597090736,41.41890360620015,1.214117917765279,101
613000,1225.9999999848328,-28465.370691983193,13532.19179961867,-14933.178892364524,290.1932025728809,41.300244783750344,1.217606173178572,101
613500,1226.9999999848092,-28579.552858877825,13629.318758516154,-14950.234100361671,292.27605682709117,42.11378770050058,1.1940847819271976,101
614000,1227.9999999847855,-28391.504352961958,13475.479222435304,-14916.025130526654,288.977020845434,41.417216233593535,1.2141673819616192,101
614500,1228.9999999847619,-28327.6766403247,13505.350507819738,-14822.32613250496,289.6176002947234,41.80679899393175,1.2028529859408694,101
615000,1229.9999999847382,-28342.716840343503,13582.5406404498,-14760.176199893702,291.2729161612613,41.65591059570446,1.207210028141028,101
615500,1230.9999999847146,-28010.57720175038,13417.249007245104,-14593.328194505277,287.72829389249296,41.74204186350907,1.2047190496074378,101
616000,1231.999999984691,-28099.670238550407,13529.14042996661,-14570.529808583797,290.127766999348,42.19055825802415,1.1919120077752574,101
616500,1232.9999999846673,-28143.899740978035,13691.141746519363,-14452.757994458672,293.60182955828924,41.72189911622601,1.2053006710551033,101
617000,1233.9999999846436,-28144.89605488859,13815.195256605952,-14329.70079828264,296.2621144489785,42.318648082199516,1.188304335828557,101
617500,1234.99999998462,-28066.451501303938,13707.716261960675,-14358.735239343263,293.9572643458115,41.83694395294576,1.2019862889373345,101
618000,1235.9999999845963,-28153.556011792716,13858.072006770857,-14295.484005021859,297.1815916209339,42.04705336765178,1.1959799551891632,101
618500,1236.9999999845727,-28403.705302830556,13986.787858567313,-14416.917444263243,299.94185882729744,42.22419697432917,1.1909624482154992,101
619000,1237.999999984549,-27980.38408529741,13598.9029640544,-14381.48112124301,291.6238005677686,41.455519480924224,1.213045539704799,101
619500,1238.9999999845254,-27934.70662220036,13595.676813116468,-14339.029809083891,291.5546168696268,42.11350748709761,1.1940927270873172,101
620000,1239.9999999845018,-28043.947130483848,13668.946762199212,-14375.000368284636,293.1258657472308,41.66284715083238,1.2070090366225932,101
620500,1240.999999984478,-27972.476873314794,13588.487911070373,-14383.98896224442,291.4004533358379,41.774065716187785,1.2037955161973557,101
621000,1241.9999999844545,-28209.026064715737,13761.852216331084,-14447.173848384653,295.1181912825352,41.99041043725938,1.1975932713879585,101
621500,1242.9999999844308,-28187.597665479632,13759.33311000993,-14428.264555469703,295.0641699132121,41.861412773468956,1.2012837042698148,101
622000,1243.9999999844072,-28194.70033822758,13747.362882939302,-14447.337455288278,294.80747250745645,41.70124527562326,1.2058976337542702,101
622500,1244.9999999843835,-27955.559540530405,13640.26451500717,-14315.295025523235,292.51078481334395,42.04879355955618,1.195930459485252,101
623000,1245.9999999843599,-28119.91637290108,13735.902815503749,-14384.013557397331,294.5617152997499,41.754711399294465,1.2043535044845322,101
623500,1246.9999999843362,-28018.759030041987,13504.127831890852,-14514.631198151135,289.59138042962195,41.97719539157398,1.1979702915687085,101
624000,1247.9999999843126,-28206.297151809533,13739.930606438464,-14466.36654537107,294.64808989212537,41.45118015282681,1.2131725277079024,101
624500,1248.999999984289,-28261.85641270931,13638.212706516682,-14623.643706192626,292.4667844854047,41.877268707732505,1.2008288638269073,101
625000,1249.9999999842653,-28270.4935326292,13706.65759281177,-14563.835939817429,293.9345615497431,42.45436183191242,1.1845056864022883,101
625500,1250.9999999842416,-28006.198821323913,13437.612638730723,-14568.58618259319,288.16498497139065,41.696474322349744,1.2060356137959116,101
626000,1251.999999984218,-28035.98647048671,13643.584017356168,-14392.402453130542,292.58197040041426,41.779251724508214,1.2036460905062432,101
626500,1252.9999999841943,-28250.57725643933,13903.01216898672,-14347.56508745261,298.1453179551951,41.67534275633101,1.2066471365695304,101
627000,1253.9999999841707,-28045.280956672326,13645.074298391704,-14400.206658280622,292.6139289650607,41.922263553607365,1.1995400233619626,101
627500,1254.999999984147,-28062.185328257216,13656.224708488366,-14405.96061976885,292.85304567755384,41.737384953299525,1.2048534679100706,101
628000,1255.9999999841234,-28322.315913240294,13803.637370910801,-14518.678542329493,296.01425956231174,41.598557333297066,1.2088744472450386,101
628500,1256.9999999840998,-28152.006330042408,13723.527084683261,-14428.479245359147,294.2963220054368,42.10350078941865,1.1943765259329373,101
629000,1257.999999984076,-27966.275993354175,13615.802492034047,-14350.473501320128,291.9862051374794,41.821401537172164,1.2024329925381267,101
629500,1258.9999999840525,-27826.434045554444,13498.979349782236,-14327.454695772209,289.48097300016695,42.12895249950138,1.1936549574327942,101
630000,1259.9999999840288,-27905.507362460376,13662.5470054679,-14242.960356992475,292.9886251635141,41.99190875371673,1.1975505399722886,101
630500,1260.9999999840052,-27800.888913864324,13692.169578026838,-14108.719335837486,293.6238710517351,41.96747357416867,1.198247802875436,101
631000,1261.9999999839815,-27988.77905704614,13796.07872472981,-14192.70033231633,295.85216699261883,42.3634465480613,1.18704772864572,101
631500,1262.9999999839579,-28257.534036993813,13840.722070173902,-14416.81196681991,296.8095281932156,41.88053940190071,1.2007350841378674,101
632000,1263.9999999839342,-28102.74078478117,13706.766651621008,-14395.974133160162,293.93690027842723,42.103702090943926,1.1943708155130814,101
632500,1264.9999999839106,-27953.556456083643,13643.799659487131,-14309.756796596512,292.5865947718037,42.11562496092444,1.1940326909344934,101
633000,1265.999999983887,-27988.030873114916,13624.694033330425,-14363.336839784492,292.17688118484944,42.446329386348225,1.1847298395289323,101
633500,1266.9999999838633,-27970.350838700095,13605.177272924115,-14365.17356577598,291.75835096520575,42.00267098500713,1.1972436948219471,101
634000,1267.9999999838396,-27980.421964117842,13494.057455490925,-14486.364508626917,289.37542466858326,42.01190167781625,1.196980641060437,101
634500,1268.999999983816,-28339.42440167852,13833.803129891141,-14505.621271787379,296.66115389666436,41.52714088254462,1.2109534134486533,101
635000,1269.9999999837923,-28050.837880067265,13554.177708716474,-14496.660171350792,290.66468283764834,42.20561890033403,1.191486686197665,101
635500,1270.9999999837687,-28222.331709764192,13538.480638126115,-14683.851071638077,290.32806455340574,42.92510089401223,1.171515778766528,101
636000,1271.999999983745,-28220.25625608639,13382.929874686055,-14837.326381400337,286.99233188912297,41.89954553531193,1.2001904163876789,101
636500,1272.9999999837214,-28214.809322641995,13500.395639921298,-14714.413682720697,289.5113448554667,42.31823717176132,1.1883158742736337,101
637000,1273.9999999836978,-28283.6872140549,13678.389049269339,-14605.29816478556,293.3283523484457,42.07702839588638,1.195127957453308,101
637500,1274.9999999836741,-28230.3481441456,13524.092289641338,-14706.255854504261,290.0195113649526,42.02338155122836,1.1966536519955666,101
638000,1275.9999999836505,-28547.678300488835,13824.383455447758,-14723.294845041077,296.4591522154588,42.0702438254101,1.1953206929622622,101
638500,1276.9999999836268,-28340.16118172151,13633.012614486317,-14707.148567235192,292.3552702989143,41.96580182840155,1.1982955361631404,101
639000,1277.9999999836032,-28486.64759927044,13704.84013780791,-14781.80746146253,293.8955868517849,41.66579391891432,1.2069236722176653,101
639500,1278.9999999835795,-28371.22116642987,13574.335032116764,-14796.886134313107,291.09694971055745,41.71167662996994,1.2055960600334363,101
640000,1279.9999999835559,-28000.260922652702,13254.210700565016,-14746.050222087686,284.2319934366505,42.31861184055846,1.1883053534918813,101
640500,1280.9999999835322,-28330.564751345533,13719.373916235347,-14611.190835110187,294.2072587353789,41.91359782806289,1.1997880308144537,101
641000,1281.9999999835086,-28135.289025144015,13483.357389062227,-14651.931636081788,289.14596542128123,42.10348702242344,1.1943769164700895,101
641500,1282.999999983485,-28387.43478681424,13721.813242292646,-14665.621544521593,294.25956924436144,41.899605559589425,1.2001886970263236,101
642000,1283.9999999834613,-27922.38174237695,13565.347969761155,-14357.033772615796,290.9042252468996,42.329834805588476,1.1879902965234694,101
642500,1284.9999999834376,-28238.560366802216,13750.04572830364,-14488.514638498576,294.8650052042888,42.03570823984179,1.1963027413635365,101
643000,1285.999999983414,-27981.653242684144,13561.835905409032,-14419.817337275112,290.82891023384957,42.02966330566242,1.1964748001135093,101
643500,1286.9999999833904,-27953.90230552768,13513.048905726193,-14440.853399801488,289.78268979214073,41.83671349068297,1.2019929102146023,101
644000,1287.9999999833667,-28079.778839439354,13675.175878071079,-14404.602961368275,293.25944699636045,42.03585735594756,1.1962984976531106,101
644500,1288.999999983343,-28266.017310239924,13852.935525104935,-14413.08178513499,297.0714415368482,41.98235418491928,1.1978230849318252,101
645000,1289.9999999833194,-28148.989427133696,13674.547837878174,-14474.441589255523,293.2459788902604,42.17899472487722,1.1922387750227945,101
645500,1290.9999999832958,-27993.173122446555,13408.779863431948,-14584.393259014607,287.5466760139864,41.82246915045903,1.2024022977115065,101
646000,1291.9999999832721,-27983.35458141262,13590.935364566574,-14392.419216846045,291.4529381349545,42.11003307815021,1.1941912491294946,101
646500,1292.9999999832485,-27995.056568715314,13573.170736724913,-14421.885831990401,291.0719817960093,41.76092514860688,1.204174304652781,101
647000,1293.9999999832248,-27995.59548958642,13681.674113031735,-14313.921376554685,293.3987994118618,42.21095739973434,1.191335996629089,101
647500,1294.9999999832012,-28079.78608797126,13554.308267141925,-14525.477820829336,290.6674826182135,42.05992340962965,1.1956139936994556,101
648000,1295.9999999831775,-28239.983470688905,13689.542050490272,-14550.441420198633,293.56752462670835,42.039698447916045,1.196189194001541,101
648500,1296.9999999831539,-28077.140584896944,13575.89067416128,-14501.249910735665,291.130309919579,41.507637719762,1.2115224032260075,101
649000,1297.9999999831302,-28189.703098936076,13713.137139396287,-14476.565959539788,294.07351319944064,42.1791455905079,1.1922345106439838,101
649500,1298.9999999831066,-27786.69695818154,13396.39372269007,-14390.303235491469,287.28105948248674,41.892804133194026,1.2003835513754728,101
650000,1299.999999983083,-28116.371547295163,13547.971654811809,-14568.399892483354,290.5315961444797,42.14389249701721,1.1932318071008672,101
650500,1300.9999999830593,-28249.850714184657,13573.44952110649,-14676.401193078167,291.0779602312632,42.575637938631544,1.181131638590237,101
651000,1301.9999999830357,-28237.231506696375,13383.654479392193,-14853.577027304182,287.0078707880233,41.646476837309635,1.20748348531201,101
651500,1302.999999983012,-28200.20719671985,13411.232907040498,-14788.974289679352,287.59928069114125,42.015792778681586,1.1968697881620336,101
652000,1303.9999999829884,-28290.78024132585,13504.81573639438,-14785.964504931471,289.6061323052899,42.11674959704114,1.1940008068906964,101
652500,1304.9999999829647,-28212.22009818602,13425.64273130481,-14786.577366881209,287.90829442030605,42.14925649742907,1.1930799539856143,101
653000,1305.999999982941,-28150.734958572088,13435.501603527826,-14715.233355044262,288.11971454695794,41.683894747704606,1.2063995772671816,101
653500,1306.9999999829174,-28148.09067591941,13489.528713479329,-14658.561962440082,289.27830735252445,41.59510258080686,1.2089748523828514,101
654000,1307.9999999828938,-28073.253954611486,13345.290219062532,-14727.963735548954,286.18516240979017,42.31625881553175,1.1883714300382113,101
654500,1308.9999999828701,-28071.464727855124,13217.02194904002,-14854.442778815104,283.43449344074963,42.008641254968715,1.197073542494846,101
655000,1309.9999999828465,-28113.169783444213,13317.860912985363,-14795.30887045885,285.596950367517,41.96752218162876,1.1982464150455328,101
655500,1310.9999999828228,-28055.993563980992,13425.694237250003,-14630.299326730988,287.9093989475998,41.903708708319286,1.2000711763371148,101
656000,1311.9999999827992,-27954.93124986596,13316.705242903168,-14638.226006962792,285.5721674197702,41.975656097298874,1.198014222479694,101
656500,1312.9999999827755,-28131.006678930746,13523.065796085059,-14607.940882845687,289.9974985634103,41.5469488847214,1.2103760770017309,101
657000,1313.999999982752,-28179.01464964292,13542.224075390135,-14636.790574252784,290.4083412790363,42.208491947228325,1.191405584102673,101
657500,1314.9999999827282,-28335.4262601812,13857.371670907485,-14478.054589273715,297.16657315902626,41.511669999755874,1.2114047207153138,101
658000,1315.9999999827046,-28314.987016633197,13727.668836327628,-14587.318180305569,294.3851404460662,41.393920528417134,1.2148506920951823,101
658500,1316.999999982681,-28310.544173276787,13447.787276633164,-14862.756896643623,288.38317658451956,41.643790203328656,1.207561385669957,101
659000,1317.9999999826573,-28056.099436585147,13295.016287366567,-14761.08314921858,285.10705522206956,41.65630222425064,1.207198678648082,101
659500,1318.9999999826337,-28165.87894220387,13302.679833655828,-14863.199108548044,285.2713973385336,41.92887844483158,1.1993507784532518,101
660000,1319.99999998261,-28350.85424308128,13448.137189227939,-14902.717053853343,288.39068033986104,41.76310419818157,1.2041114751395832,101
660500,1320.9999999825864,-28337.234809042788,13460.237982427569,-14876.99682661522,288.6501776913818,41.529562499329785,1.2108828019387896,101
661000,1321.9999999825627,-28331.674247861632,13490.065212820831,-14841.609035040801,289.28981239652575,41.41437846039215,1.2142505784693687,101
661500,1322.999999982539,-28334.369951559773,13453.409043600323,-14880.96090795945,288.50373344511354,41.713597504963666,1.2055405433802882,101
662000,1323.9999999825154,-28385.8758022234,13467.843538317995,-14918.032263905405,288.8132762236722,41.61960869632013,1.2082629937586797,101
662500,1324.9999999824918,-28328.209159949605,13548.05615419291,-14780.153005756696,290.53340820466775,41.81991039298832,1.2024758668758866,101
663000,1325.9999999824681,-28546.853137893308,13755.90793083263,-14790.945207060677,294.9907181228765,41.53893794325772,1.2106095026110988,101
663500,1326.9999999824445,-28364.252308005656,13722.308341088243,-14641.943966917413,294.2701864678838,41.934852108195706,1.1991799296855612,101
664000,1327.9999999824208,-28232.05081708746,13601.118375278467,-14630.932441808993,291.67130930010467,42.061663866817796,1.1955645207405121,101
664500,1328.9999999823972,-28153.629841432405,13609.828806012634,-14543.80103541977,291.8581014937099,42.35019431199393,1.187419179992728,101
665000,1329.9999999823735,-28294.550164584536,13655.802800131107,-14638.74736445343,292.84399799782847,41.74680744309368,1.2045815256898107,101
665500,1330.99999998235,-28527.23774645028,13814.282862618327,-14712.954883831952,296.2425484734737,41.82197334523489,1.20241655235549,101
666000,1331.9999999823262,-28341.614590026416,13627.653455985423,-14713.961134040994,292.2403449866295,41.87002991854992,1.2010364716792667,101
666500,1332.9999999823026,-28026.891404995207,13537.275555076272,-14489.615849918935,290.3022219615494,42.06928674497634,1.1953478866262346,101
667000,1333.999999982279,-28493.14253051605,13760.172109499468,-14732.97042101658,295.08216196892874,41.559736173393574,1.2100036629846174,101
667500,1334.9999999822553,-28225.55162575781,13642.839649919602,-14582.711975838207,292.56600769655176,41.478005135321794,1.2123879352060936,101
668000,1335.9999999822317,-28135.865738534405,13614.329791716893,-14521.535946817512,291.9546235852967,41.9225328960756,1.1995323165978833,101
668500,1336.999999982208,-28221.2085372675,13589.98102828561,-14631.227508981889,291.4324727213833,41.731894966591035,1.2050119708855476,101
669000,1337.9999999821844,-28328.035358747045,13539.492521701568,-14788.542837045477,290.3497640489302,41.26362946191779,1.2186866172034339,101
669500,1338.9999999821607,-28279.03233577645,13583.930680700023,-14695.101655076427,291.30272509671613,41.73068209497936,1.2050469936730472,101
670000,1339.999999982137,-28118.18098401548,13547.385350643948,-14570.79563337153,290.51902305309346,42.13070649578023,1.1936052628862814,101
670500,1340.9999999821134,-28047.213813271865,13751.803971158588,-14295.409842113277,294.9027101180628,41.90617487594972,1.2000005524565516,101
671000,1341.9999999820898,-27900.6155456241,13587.4244438524,-14313.1911017717,291.3776476468272,42.18962500539235,1.1919383733809719,101
671500,1342.9999999820661,-27686.54371190264,13442.339453997938,-14244.204257904701,288.2663499003449,42.195211865681,1.1917805546885107,101
672000,1343.9999999820425,-28071.554681951333,13725.604368053271,-14345.950313898062,294.3408686334126,41.948966700125354,1.1987764409541526,101
672500,1344.9999999820188,-28273.134163472983,13923.05447948513,-14350.079683987853,298.57511841594953,41.61552888090478,1.2083814468967338,101
673000,1345.9999999819952,-28049.256072093922,13753.475223796358,-14295.780848297563,294.93854955652523,41.96796938743967,1.1982336466708048,101
673500,1346.9999999819715,-28117.27257676615,13730.287382903976,-14386.985193862174,294.44129427748754,41.49215047216613,1.2119746127936772,101
674000,1347.999999981948,-28150.589588771367,13680.824955289228,-14469.764633482138,293.38058951590136,41.49962231311632,1.2117564016139672,101
674500,1348.9999999819242,-28112.500381173035,13566.017098989589,-14546.483282183446,290.91857449324567,42.32340759970651,1.1881707039777498,101
675000,1349.9999999819006,-28010.917116766843,13640.097957085329,-14370.819159681514,292.50721303595054,42.22855341688118,1.1908395844404598,101
675500,1350.999999981877,-27891.816875803255,13644.727043032412,-14247.089832770844,292.6064821932209,42.40988432573216,1.1857479406509175,101
676000,1351.9999999818533,-27920.5751216551,13477.441598751677,-14443.133522903423,289.0191033311343,41.87594073451648,1.2008669446088607,101
676500,1352.9999999818297,-27971.778511014134,13532.662649120124,-14439.11586189401,290.20329977862406,42.02398900884512,1.1966363543426624,101
677000,1353.999999981806,-28022.14683546459,13564.660836170548,-14457.485999294044,290.8894899031943,41.909128252771055,1.1999159872564398,101
677500,1354.9999999817824,-28276.95861712522,13845.167770186348,-14431.790846938871,296.90486470214137,42.37530075490169,1.1867156599865223,101
678000,1355.9999999817587,-27915.12613867678,13347.911811570342,-14567.214327106438,286.2413815601649,41.79553207247912,1.2031772418945479,101
678500,1356.999999981735,-28081.081092445027,13585.594576894924,-14495.486515550103,291.3384067787893,41.662291828537725,1.2070251250084802,101
679000,1357.9999999817114,-28149.929124533093,13774.899310304681,-14375.029814228412,295.3979817289412,42.006401418230055,1.1971373720353167,101
679500,1358.9999999816878,-28303.328827996404,13834.615944866775,-14468.712883129629,296.67858443447903,41.5156567627712,1.2112883890969863,101
680000,1359.9999999816641,-28075.044825842553,13501.949703626198,-14573.095122216355,289.54467121753765,42.00483468522683,1.1971820239103739,101
680500,1360.9999999816405,-28153.601131770625,13727.988980788394,-14425.612150982231,294.39200583400424,41.87929768311611,1.200770685864539,101
681000,1361.9999999816168,-27974.95585309019,13527.013447148915,-14447.942405941274,290.0821545837967,41.54778098937737,1.2103518360062997,101
681500,1362.9999999815932,-27503.300552462708,13209.969741936335,-14293.330810526373,283.28326128302314,42.221219561787784,1.1910464341014217,101
682000,1363.9999999815695,-27881.93731105943,13509.715378923976,-14372.221932135455,289.7112034554909,41.61896190632135,1.208281771075183,101
682500,1364.999999981546,-28246.07506612423,13807.006936532063,-14439.068129592168,296.0865187390507,42.229105726826226,1.1908240095772433,101
683000,1365.9999999815223,-28076.20707121936,13619.183396644577,-14457.023674574782,292.0587074749463,42.37917370795025,1.1866072082723669,101
683500,1366.9999999814986,-28016.073023622557,13652.16975931364,-14363.903264308918,292.7660886860547,42.10469103012194,1.1943427625796994,101
684000,1367.999999981475,-28062.28644973649,13694.432133877242,-14367.854315859247,293.6723907843809,41.8751761124607,1.2008888719041497,101
684500,1368.9999999814513,-27882.89542083216,13439.068238654498,-14443.827182177662,288.1961998115141,41.84819434995472,1.2016631489988037,101
685000,1369.9999999814277,-28108.81001989296,13625.58610869656,-14483.2239111964,292.1960114344992,42.38793872214614,1.1863618406197043,101
685500,1370.999999981404,-28002.096071321805,13412.414611103392,-14589.681460218413,287.6246219286571,41.775995884688705,1.203739897458946,101
686000,1371.9999999813804,-28456.46954472018,13859.808207513739,-14596.661337206442,297.2188238491898,41.78548743477033,1.2034664686150245,101
686500,1372.9999999813567,-28282.22938823178,13684.788790549808,-14597.44059768197,293.4655926008245,41.58279834451561,1.2093325847348362,101
687000,1373.999999981333,-28097.963266916075,13508.76476532819,-14589.198501587885,289.6908178736239,42.10759621064789,1.1942603598389259,101
687500,1374.9999999813094,-28151.434681989773,13567.342696876396,-14584.091985113377,290.94700148436374,41.815539263512534,1.2026015660250118,101
688000,1375.9999999812858,-28564.702284693667,13896.175414991223,-14668.526869702444,297.99870611532947,41.586236525839084,1.2092326020229092,101
688500,1376.9999999812621,-28407.766246979787,13779.89937045631,-14627.866876523476,295.50520630053643,41.80192371835963,1.2029932723022987,101
689000,1377.9999999812385,-28113.4025214301,13599.761293631087,-14513.641227799013,291.642207150561,42.18625961105231,1.1920334598544453,101
689500,1378.9999999812148,-28182.065718888614,13730.203607019306,-14451.862111869308,294.43949773243185,41.813523556224446,1.2026595399180284,101
690000,1379.9999999811912,-28183.38225105712,13726.17494135197,-14457.207309705149,294.35310438171587,41.86401193354276,1.2012091216271765,101
690500,1380.9999999811675,-28021.546988500457,13734.432378893354,-14287.114609607102,294.53018229198074,42.0847611371982,1.1949083621632366,101
691000,1381.999999981144,-27955.65816137544,13735.627976191752,-14220.030185183687,294.55582146515735,41.70539036155418,1.205777779959054,101
691500,1382.9999999811203,-28189.10236166393,13846.448373518308,-14342.653988145621,296.93232680049397,41.895476166688645,1.2003069926309702,101
692000,1383.9999999810966,-28015.552373805724,13449.851221806639,-14565.701151999085,288.4274371794545,42.27923206437321,1.18941216637791,101
692500,1384.999999981073,-28086.351573702006,13506.030350791105,-14580.321222910901,289.6321792936046,42.526989911439145,1.182482774050132,101
693000,1385.9999999810493,-28386.316583979813,13712.750391589281,-14673.566192390532,294.0652195256319,42.232519107726056,1.1907277629877613,101
693500,1386.9999999810257,-28053.714419023894,13519.176644325937,-14534.537774697958,289.9140970405097,42.47164908906923,1.1840235564439814,101
694000,1387.999999981002,-27935.914290212626,13624.879364818886,-14311.03492539374,292.1808555549271,42.13893937044306,1.1933720628420221,101
694500,1388.9999999809784,-27808.236289139353,13589.116129546182,-14219.12015959317,291.4139252651535,42.24789581753715,1.1902943810424322,101
695000,1389.9999999809547,-27865.738063941844,13711.706137769874,-14154.03192617197,294.0428258613505,42.24477604792238,1.1903822840825238,101
695500,1390.999999980931,-28040.991471675592,13869.586089386146,-14171.405382289446,297.4285071656067,41.99909387635398,1.1973456653738188,101
696000,1391.9999999809074,-28027.35087959929,13806.784844006052,-14220.566035593238,296.0817560411562,42.5089779341125,1.182983817687275,101
696500,1392.9999999808838,-27924.929042915162,13570.673613290492,-14354.25542962467,291.01843184213743,42.60323528885286,1.1803665299484485,101
697000,1393.9999999808601,-28196.768562518115,13661.185859087282,-14535.582703430833,292.95943584716304,41.87031920949494,1.201028173462715,101
697500,1394.9999999808365,-27933.79191139299,13359.289107420715,-14574.502803972275,286.48536375967313,42.178399210752396,1.1922556081659195,101
698000,1395.9999999808128,-28216.249289738797,13652.974791800783,-14563.274497938013,292.7833523310783,42.112221380478594,1.194129194661567,101
698500,1396.9999999807892,-28006.491447606386,13601.523542141662,-14404.967905464724,291.67999796424334,41.61429414750001,1.2084173006572925,101
699000,1397.9999999807656,-28238.1984450514,13703.485206564555,-14534.713238486844,293.8665308169165,41.9369708168133,1.1991193456042224,101
699500,1398.999999980742,-28083.38053381,13601.1604580354,-14482.2200757746,291.6722117503646,41.99689282533594,1.1974084180852318,101
700000,1399.9999999807183,-27992.381955442004,13502.653586567158,-14489.728368874847,289.55976574530507,41.82524048065143,1.2023226268296954,101
700500,1400.9999999806946,-27857.815205699473,13401.738305316509,-14456.076900382965,287.39567222015313,41.78856142108415,1.2033779410532266,101
701000,1401.999999980671,-27894.62680701941,13594.966688773806,-14299.660118245603,291.53938849714484,42.04416499891737,1.1960621171517005,101
701500,1402.9999999806473,-28144.469555075964,13807.924371307383,-14336.545183768581,296.10619281251513,41.88545152599698,1.2005942677081733,101
702000,1403.9999999806237,-27935.321623065363,13437.647501305999,-14497.674121759364,288.1657325873363,41.94936235802907,1.1987651343371508,101
702500,1404.9999999806,-28417.358528951994,13637.536160030559,-14779.822368921436,292.45227617851657,41.62275034408031,1.2081717951546307,101
703000,1405.9999999805764,-28358.256688025274,13669.517537368745,-14688.73915065653,293.13810582458484,41.39570253837799,1.2147983949749135,101
703500,1406.9999999805527,-28220.12258569342,13773.747001084936,-14446.375584608486,295.3732708537346,41.89766218503083,1.2002443663896643,101
704000,1407.999999980529,-27972.72607376562,13521.363177208663,-14451.362896556959,289.96098648674024,42.139717670979834,1.1933500218277862,101
704500,1408.9999999805054,-28156.580084562098,13955.79163786553,-14200.788446696568,299.2771555267309,42.161762873407255,1.1927260525958319,101
705000,1409.9999999804818,-28093.593578384025,13962.141604196233,-14131.451974187792,299.41332837241794,41.90485282152658,1.2000384112230507,101
705500,1410.9999999804581,-27968.605645309224,13902.081322188049,-14066.524323121175,298.125356265499,42.050065308130456,1.1958942901512537,101
706000,1411.9999999804345,-27577.998098494638,13397.436432189414,-14180.561666305224,287.3034200293551,42.086741283705976,1.1948521427091217,101
706500,1412.9999999804108,-27852.397513815657,13868.270126907575,-13984.127386908081,297.4002868025068,42.38520886218151,1.1864382493901036,101
707000,1413.9999999803872,-27824.472541148585,13938.529283211836,-13885.94325793675,298.90697026368684,42.1176550015973,1.193975139417743,101
707500,1414.9999999803636,-28050.287287403644,13930.51435855789,-14119.772928845754,298.7350929589494,42.07675832090185,1.195135628532961,101
708000,1415.99999998034,-27959.921590834358,13780.925695178386,-14178.995895655971,295.52721548148725,42.23107265793178,1.1907685464161568,101
708500,1416.9999999803163,-27798.976421375923,13661.109757573919,-14137.866663802004,292.95780387636256,42.18173159929353,1.1921614190756162,101
709000,1417.9999999802926,-27853.39915497336,13605.935081221967,-14247.464073751391,291.7746019037194,42.241815383058146,1.1904657161739605,101
709500,1418.999999980269,-27984.402815887443,13734.58814991742,-14249.814665970023,294.53352274805843,41.84565942028566,1.2017359434441728,101
710000,1419.9999999802453,-27666.3930335904,13477.010342746544,-14189.382690843857,289.00985519431276,41.7783868170393,1.2036710087133096,101
710500,1420.9999999802217,-27876.009043940467,13750.637999759634,-14125.371044180833,294.8777062621184,42.267583417619754,1.1897399599504335,101
711000,1421.999999980198,-27880.762728561775,13628.612056324782,-14252.150672236992,292.26090184146756,42.19930388597878,1.1916649890328908,101
711500,1422.9999999801744,-27996.24836868052,13876.579327444168,-14119.669041236353,297.5784747524146,41.992228037592255,1.197541434511697,101
712000,1423.9999999801507,-27865.523296952186,13752.440936317716,-14113.08236063447,294.91636961699635,42.368573559236495,1.1869040842777607,101
712500,1424.999999980127,-27907.541880177578,13754.577759765674,-14152.964120411903,294.9621930614818,42.49502841270915,1.183372146833084,101
713000,1425.9999999801034,-28042.98921032642,13795.013300940063,-14247.975909386358,295.8293193455989,41.900723870679556,1.2001566645408162,101
713500,1426.9999999800798,-27773.13337627475,13743.867527053408,-14029.265849221341,294.7325158017225,42.13080094650154,1.1936025870084084,101
714000,1427.9999999800561,-27852.756430284295,13932.71411507266,-13920.042315211635,298.78226598142453,41.74114341240493,1.2047449804054902,101
714500,1428.9999999800325,-27751.279504019698,13681.947617436505,-14069.331886583193,293.40466461982754,41.787111627724606,1.2034196919491367,101
715000,1429.9999999800089,-27931.14415786827,13857.866554870336,-14073.277602997936,297.17718577553427,42.03729561490181,1.1962575676408196,101
715500,1430.9999999799852,-27990.86591046851,13833.550459367674,-14157.315451100836,296.65573546412315,41.882665366114715,1.2006741348215562,101
716000,1431.9999999799616,-27904.26200149273,13789.341640339433,-14114.920361153298,295.7076925331819,41.92080916709606,1.1995816398017314,101
716500,1432.999999979938,-27815.58351721373,13641.523588639677,-14174.059928574054,292.5377852146908,42.46218288243836,1.1842875139440503,101
717000,1433.9999999799143,-27741.11106283902,13697.143514160593,-14043.967548678427,293.730535402745,41.86657082235706,1.2011357036107355,101
717500,1434.9999999798906,-27734.0204179508,13512.119129769168,-14221.901288181632,289.7627510662758,41.94876971842067,1.1987820701306091,101
718000,1435.999999979867,-27971.33029106086,13629.95339855992,-14341.376892500943,292.2896664647248,42.260811785580465,1.189930597112637,101
718500,1436.9999999798433,-28154.01604670757,13562.732700610151,-14591.283346097418,290.84814169873846,42.166835893050916,1.1925825577718505,101
719000,1437.9999999798197,-28138.888998277314,13527.24350167757,-14611.645496599744,290.08708802410155,42.42597875397909,1.1852981234466895,101
719500,1438.999999979796,-28050.685110873073,13612.071646748172,-14438.613464124901,291.9061984424928,42.46122071981667,1.1843143496581425,101
720000,1439.9999999797724,-28219.22161185015,13867.37029528701,-14351.85131656314,297.38099022264635,42.16612335388305,1.1926027104848753,101
720500,1440.9999999797487,-27823.77624767684,13585.146652897387,-14238.629594779453,291.3288012025989,42.075519217319034,1.1951708246961177,101
721000,1441.999999979725,-27981.485894770827,13795.963547845575,-14185.522346925252,295.84969706391894,41.89016734198166,1.2004591099373163,101
721500,1442.9999999797014,-28181.36764001486,13892.185413247109,-14289.182226767753,297.91314189915954,41.71511797445468,1.2054966027730123,101
722000,1443.9999999796778,-28371.068627031567,14113.749069615225,-14257.319557416342,302.6644983658209,41.735791090720284,1.2048994804764024,101
722500,1444.9999999796541,-28402.098952466964,13860.259985175278,-14541.838967291686,297.22851206588035,41.671756284604626,1.206750986424321,101
723000,1445.9999999796305,-28284.598299269495,13577.799707065156,-14706.798592204339,291.1712484741307,41.766508211595124,1.2040133388148508,101
723500,1446.9999999796069,-28195.630924478082,13532.529725566146,-14663.101198911936,290.2004492786905,41.96727706878138,1.198253413488395,101
724000,1447.9999999795832,-28026.732619769813,13472.99734148657,-14553.735278283242,288.9237977614294,41.90774308073377,1.1999556479480078,101
724500,1448.9999999795596,-28316.672846321755,13883.232789885446,-14433.44005643631,297.72115596789126,41.98237630057412,1.1978224539374833,101
725000,1449.999999979536,-27908.377210020135,13719.560734772018,-14188.816475248117,294.21126499469443,41.91181254617788,1.1998391371662704,101
725500,1450.9999999795123,-27929.758685591234,13684.630853926694,-14245.12783166454,293.46220570421946,41.95180296209029,1.1986953945202958,101
726000,1451.9999999794886,-28294.70161500977,13891.411591107932,-14403.290023901838,297.8965475493221,41.79339283238181,1.2032388278253752,101
726500,1452.999999979465,-28093.145614362886,13725.180086331771,-14367.965528031114,294.3317700577067,42.222746881421564,1.191003350485648,101
727000,1453.9999999794413,-28218.604364673734,13737.632221159052,-14480.972143514682,294.5988018096879,41.70174421623407,1.205883205789367,101
727500,1454.9999999794177,-28119.364978246856,13669.719219022838,-14449.645759224019,293.1424308183455,42.05064710483746,1.195877744214203,101
728000,1455.999999979394,-28055.953240910185,13536.20021013016,-14519.753030780024,290.2791615587408,42.2485342033267,1.1902763954002655,101
728500,1456.9999999793704,-28001.26513983851,13465.201961247085,-14536.063178591425,288.75662851120984,42.32503838660427,1.1881249236715716,101
729000,1457.9999999793467,-28156.127975602325,13613.54674367547,-14542.581231926855,291.9378313891563,41.92481361588717,1.199467061755151,101
729500,1458.999999979323,-28318.665364828586,13762.321067785266,-14556.34429704332,295.1282456408412,42.128375999649236,1.1936712918366288,101
730000,1459.9999999792994,-27975.349463061237,13444.330418650798,-14531.01904441044,288.30904545309625,42.20523387429763,1.1914975557831191,101
730500,1460.9999999792758,-28064.58031018157,13593.825309566022,-14470.755000615547,291.51491201228845,42.01539517449536,1.1968811144969678,101
731000,1461.9999999792522,-28345.24277563186,13703.170286618868,-14642.072489012993,293.8597774669089,42.24504654107916,1.190374662117627,101
731500,1462.9999999792285,-28109.219749853597,13568.208312385399,-14541.011437468198,290.9655643114707,42.11441376018657,1.194067031036781,101
732000,1463.9999999792049,-28044.38951933104,13478.113076114772,-14566.27644321627,289.0335029324212,41.83381792112178,1.2020761073564492,101
732500,1464.9999999791812,-28066.161549682634,13377.301741365414,-14688.85980831722,286.87163850426646,41.96041230127917,1.1984494490047588,101
733000,1465.9999999791576,-28087.485129273547,13690.009159330248,-14397.4759699433,293.5775416152517,42.20271719212137,1.1915686085697927,101
733500,1466.999999979134,-28156.50474453849,13663.671976450209,-14492.832768088283,293.0127497796141,42.28294105293723,1.1893078331406008,101
734000,1467.9999999791103,-28254.257865459727,13638.858147368384,-14615.399718091343,292.4806257426526,41.910201501136264,1.199885259466413,101
734500,1468.9999999790866,-28193.458686735994,13587.581601134763,-14605.87708560123,291.3810178307377,42.369042509253525,1.1868909473585014,101
735000,1469.999999979063,-27909.588200883536,13348.291685053146,-14561.29651583039,286.24952781645356,42.196873432535824,1.191733626494386,101
735500,1470.9999999790393,-28185.406816460923,13586.459212955273,-14598.94760350565,291.3569486019565,41.96829583034961,1.1982243264239214,101
736000,1471.9999999790157,-28153.219505415578,13485.590037077582,-14667.629468337997,289.1938437906827,42.2878114272443,1.189170858108831,101
736500,1472.999999978992,-28372.44388257164,13826.590351114577,-14545.853531457062,296.5064783345961,41.83491168720927,1.2020446792972568,101
737000,1473.9999999789684,-28053.855733068365,13559.96206609805,-14493.893666970314,290.7887263938026,42.423031153445294,1.1853804793106246,101
737500,1474.9999999789447,-27898.2959871813,13628.510878047005,-14269.785109134295,292.2587321080723,42.382595345361295,1.1865114109389814,101
738000,1475.999999978921,-27884.940542409255,13548.887687274148,-14336.052855135107,290.5512401458243,42.43107839365614,1.1851556667011083,101
738500,1476.9999999788974,-28038.322280782446,13692.681417686601,-14345.640863095845,293.63484727733623,42.30203282533103,1.1887710741968818,101
739000,1477.9999999788738,-27917.98261588707,13686.357452219108,-14231.625163667963,293.4992320112251,42.1841056142061,1.1920943272421907,101
739500,1478.9999999788502,-27793.307711954996,13529.019078515928,-14264.288633439068,290.1251646591927,42.119132721422766,1.1939332496488746,101
740000,1479.9999999788265,-28018.186694082193,13706.287306218648,-14311.899387863545,293.9266208810089,42.212216521878105,1.191300461003206,101
740500,1480.9999999788029,-28009.762689026444,13776.921547238977,-14232.841141787467,295.44134790502073,42.116606803105014,1.194004855081847,101
741000,1481.9999999787792,-27887.567401701246,13601.308558086641,-14286.258843614605,291.6753877050663,42.51681172891482,1.182765850908832,101
741500,1482.9999999787556,-27832.791448945947,13474.473031330694,-14358.318417615254,288.9554434229905,42.27914054631173,1.189414740997317,101
742000,1483.999999978732,-27935.28251121351,13348.941141927795,-14586.341369285716,286.26345519593343,42.32268049483513,1.188191116784708,101
742500,1484.9999999787083,-28268.071359817164,13717.856146561284,-14550.21521325588,294.17471068632625,42.27577693627936,1.189509375032346,101
743000,1485.9999999786846,-28259.555263415754,13695.001936258699,-14564.553327157055,293.6846100006288,41.917189119547814,1.199685237935702,101
743500,1486.999999978661,-28250.39502225389,13516.299482049715,-14734.095540204176,289.85239728428235,41.55888800659316,1.2100283577005868,101
744000,1487.9999999786373,-28306.804731698103,13548.658128617986,-14758.146603080117,290.54631733933473,41.89986191689646,1.200181353872236,101
744500,1488.9999999786137,-27882.666486259488,13241.200662202948,-14641.46582405654,283.9529976350989,42.21655294820414,1.191178092256339,101
745000,1489.99999997859,-28001.582977198213,13354.882994663243,-14646.69998253497,286.39087618582545,42.225933931169536,1.1909134581712666,101
745500,1490.9999999785664,-28153.6377840996,13592.809735349201,-14560.828048750398,291.4931333722283,42.17596954771051,1.192324291338321,101
746000,1491.9999999785427,-28157.824074141376,13431.95966822912,-14725.864405912256,288.04375896172405,41.80208617004945,1.202988597217684,101
746500,1492.999999978519,-28234.136305124368,13756.722382394362,-14477.413922730006,295.0081837567176,42.04062913180853,1.1961627130939474,101
747000,1493.9999999784955,-28168.599800787946,13404.222067172239,-14764.377733615707,287.44893563956185,41.5344679638096,1.2107397895718248,101
747500,1494.9999999784718,-28053.785975132025,13544.063700292052,-14509.722274839973,290.4477914028392,42.0595788438213,1.195623788559831,101
748000,1495.9999999784482,-27982.99809706067,13309.559573997169,-14673.438523063502,285.4189310058128,42.360728820299116,1.1871238858001651,101
748500,1496.9999999784245,-27990.44356675199,13268.662315867445,-14721.781250884545,284.54190336026545,42.22516862280164,1.1909350428342698,101
749000,1497.9999999784009,-28419.846037390562,13694.796816157084,-14725.049221233478,293.68021127054277,41.86668406775197,1.2011324546529991,101
749500,1498.9999999783772,-28321.754671710092,13664.650445858537,-14657.104225851555,293.0337327198079,42.32286042905504,1.1881860652300746,101
750000,1499.9999999783536,-28361.848408698042,13714.531490371657,-14647.316918326385,294.1034145769148,41.88149213525813,1.2007077694384682,101
750500,1500.99999997833,-28359.53743753657,13654.054664146235,-14705.482773390337,292.8065098224098,42.01322598170224,1.1969429108914869,101
751000,1501.9999999783063,-28356.580642039575,13661.810168400385,-14694.77047363919,292.97282394582794,41.7868306394949,1.20342778413425,101
751500,1502.9999999782826,-28153.380389548918,13558.037329872828,-14595.34305967609,290.7474510869213,42.11432902114517,1.194069433641736,101
752000,1503.999999978259,-27967.596831641804,13525.270871417568,-14442.325960224236,290.044785646104,42.09986853724721,1.1944795732079188,101
752500,1504.9999999782353,-28012.62006379761,13512.834048182216,-14499.786015615395,289.77808224594963,42.53063499276718,1.1823814295514865,101
753000,1505.9999999782117,-27778.14780959296,13444.152862092571,-14333.994947500389,288.30523781372545,42.46831630545718,1.1841164749924076,101
753500,1506.999999978188,-27979.037829252447,13719.358905311357,-14259.67892394109,294.2069368312727,42.043079820038,1.1960929888517162,101
754000,1507.9999999781644,-28062.61207023767,13858.207775843075,-14204.404294394593,297.18450314202823,41.82886087966209,1.2022185626128574,101
754500,1508.9999999781407,-27870.07912177953,13643.685703618674,-14226.393418160857,292.5841510273675,42.00516253632284,1.1971726798818079,101
755000,1509.999999978117,-27968.743708820184,13656.23758591391,-14312.506122906274,292.8533218295191,42.20996558603995,1.1913639896241004,101
755500,1510.9999999780935,-28184.658632754014,13931.65285431339,-14253.005778440624,298.7595076091625,41.91838924870036,1.199650890785114,101
756000,1511.9999999780698,-28222.46277182654,13740.653972630054,-14481.808799196486,294.66360223150684,41.5330399813667,1.2107814170366868,101
756500,1512.9999999780462,-27937.757830997012,13395.845807924012,-14541.912023073,287.2693096386289,41.87910496308795,1.2007762115929568,101
757000,1513.9999999780225,-28360.336206419466,13729.537696677591,-14630.798509741875,294.4252175140052,41.66112809209797,1.2070588413091663,101
757500,1514.9999999779989,-28289.408980006607,13588.136578651684,-14701.272401354923,291.39291913286047,42.105792769006584,1.1943115114435354,101
758000,1515.9999999779752,-28236.756821748488,13519.309408945068,-14717.44741280342,289.91694413214015,41.45067923893814,1.2131871883836653,101
758500,1516.9999999779516,-27926.50742642741,13355.778127333866,-14570.729299093546,286.41007199831927,42.21391751689797,1.1912524579684125,101
759000,1517.999999977928,-27967.479784406314,13399.125201942707,-14568.354582463608,287.33963511633976,42.427822634823286,1.1852466112933722,101
759500,1518.9999999779043,-28147.825531988983,13510.932723178272,-14636.892808810711,289.73730898466306,41.832779049102996,1.202105959622083,101
760000,1519.9999999778806,-27954.13687692435,13300.95864527801,-14653.17823164634,285.2344870452872,42.145956772049445,1.1931733635675914,101
760500,1520.999999977857,-28359.43591382575,13804.117603844768,-14555.318309980981,296.02455799254034,42.20674054097281,1.1914550225375322,101
761000,1521.9999999778333,-27746.078826807996,13345.71932227921,-14400.359504528786,286.19436438080317,42.36315495028711,1.1870558994364917,101
761500,1522.9999999778097,-27857.307128767607,13561.343793169024,-14295.963335598582,290.8183570559854,41.7182903289727,1.2054049340453603,101
762000,1523.999999977786,-28218.316534854857,13783.686402350846,-14434.630132504011,295.58641789803625,42.21789766883813,1.1911401509601625,101
762500,1524.9999999777624,-27828.03818153731,13284.324768668263,-14543.713412869049,284.8777792779083,42.295357512163505,1.1889586933511231,101
763000,1525.9999999777388,-28170.910576739432,13582.337664796822,-14588.57291194261,291.26856341813925,42.17990772169652,1.1922129686550658,101
763500,1526.999999977715,-28345.120428226208,13607.40321454878,-14737.717213677428,291.80608551836366,41.924432755485526,1.199477958253371,101
764000,1527.9999999776915,-28485.925075529034,13807.14697197303,-14678.778103556004,296.0895217509566,42.21662181147588,1.1911761492202282,101
764500,1528.9999999776678,-28018.61175365022,13345.440540132764,-14673.171213517457,286.18838599348084,42.21219480908071,1.1913010737755498,101
765000,1529.9999999776442,-27829.331239889576,13258.72248916551,-14570.608750724066,284.3287471926345,42.42226384636212,1.185401919723171,101
765500,1530.9999999776205,-28184.184706442655,13653.368454392363,-14530.816252050292,292.7917942900658,42.03093815380287,1.19643850961558,101
766000,1531.9999999775969,-28116.51740878621,13579.375109440825,-14537.142299345385,291.2050324366629,41.9665601423039,1.1982738835863957,101
766500,1532.9999999775732,-27912.437280781178,13466.380425376872,-14446.056855404306,288.7819002694737,42.34857563263817,1.1874645664286252,101
767000,1533.9999999775496,-28064.720100875005,13683.57745842003,-14381.142642454975,293.43961599959647,42.03046361906355,1.1964520177139304,101
767500,1534.999999977526,-27952.661652337483,13546.582172946819,-14406.079479390664,290.5017991834043,42.01816107908491,1.196802328113111,101
768000,1535.9999999775023,-28173.161847156425,13845.311941970282,-14327.849905186144,296.9079564165007,41.83828504552169,1.2019477602336195,101
768500,1536.9999999774786,-28053.439688051025,13771.475574708384,-14281.964113342641,295.32456089570405,42.03164611513388,1.1964183573665481,101
769000,1537.999999977455,-28037.769822614682,13766.641614291337,-14271.128208323345,295.220898275834,41.95721862332432,1.1985406719625924,101
769500,1538.9999999774313,-27845.969740801564,13697.438028914716,-14148.531711886848,293.7368511704321,42.384438044886906,1.186459826345321,101
770000,1539.9999999774077,-27781.633075423284,13703.906312740794,-14077.72676268249,293.87556129414554,42.06869652355405,1.1953646572891758,101
770500,1540.999999977384,-27990.437676136527,13815.318000000809,-14175.119676135719,296.2647466388983,42.31679121515669,1.1883564787981604,101
771000,1541.9999999773604,-27879.33872871743,13553.686971016166,-14325.651757701264,290.6541591363157,42.50446486988947,1.1831094252431016,101
771500,1542.9999999773368,-28219.065387907685,13799.044390917737,-14420.020996989948,295.9157646848169,41.755807833536906,1.2043218802748512,101
772000,1543.999999977313,-28122.534232655955,13657.86688414166,-14464.667348514295,292.8882615700769,41.662770731897645,1.2070112505498758,101
772500,1544.9999999772895,-28249.312880772628,13713.285374380317,-14536.02750639231,294.0766920477297,42.0434996790106,1.1960810443091052,101
773000,1545.9999999772658,-28231.64627365127,13824.402380398602,-14407.243893252667,296.45955805452576,41.85299056673043,1.2015254423050659,101
773500,1546.9999999772422,-28005.59179164334,13615.713158176259,-14389.87863346708,291.9842894036002,41.670754774546054,1.2067799893367386,101
774000,1547.9999999772185,-27969.694470599847,13741.84005865725,-14227.854411942597,294.6890374387412,42.039903103389044,1.1961833708038832,101
774500,1548.9999999771949,-28018.207695756264,13758.461366595553,-14259.746329160711,295.0454756752804,42.34597541116877,1.1875374817607152,101
775000,1549.9999999771712,-27984.531488986784,13689.655189801473,-14294.876299185311,293.5699508603548,41.662423633432155,1.207021306415962,101
775500,1550.9999999771476,-27784.104896306766,13593.32445334995,-14190.780442956817,291.5041713228626,42.14235407983992,1.193275366326464,101
776000,1551.999999977124,-28073.060859017158,13794.187755238596,-14278.873103778562,295.81161580174387,42.0182831315465,1.1967988517057166,101
776500,1552.9999999771003,-27982.776952305765,13705.638358506298,-14277.138593799467,293.91270442033954,42.21768792001524,1.1911460688646445,101
777000,1553.9999999770766,-27899.602615743428,13642.219662907848,-14257.38295283558,292.5527122881539,42.109771882134034,1.1941986563887337,101
777500,1554.999999977053,-27982.46832260145,13548.159689836823,-14434.308632764627,290.5356284909697,42.35358447872349,1.187324133751717,101
778000,1555.9999999770293,-28001.770136748215,13552.817198396166,-14448.95293835205,290.635507161392,42.10554464355098,1.194318549449822,101
778500,1556.9999999770057,-28137.37237312323,13680.465845073046,-14456.906528050185,293.3728885207297,42.335154037631646,1.1878410305955216,101
779000,1557.999999976982,-28065.444393155252,13636.272010985955,-14429.172382169298,292.42516693670154,41.93851675720674,1.199075143587168,101
779500,1558.9999999769584,-27926.394569901066,13336.305653453388,-14590.088916447678,285.9924914880022,41.98646366101045,1.1977058465435504,101
780000,1559.9999999769348,-28012.00969120934,13413.636516760831,-14598.373174448509,287.65082527555205,41.70486755446472,1.2057928954409785,101
780500,1560.999999976911,-27888.265927969052,13351.40320940944,-14536.862718559612,286.31625338694556,42.273717502291255,1.1895673239467273,101
781000,1561.9999999768875,-27953.622920927097,13551.87789606654,-14401.745024860556,290.6153641457406,41.9559603863252,1.1985766155616553,101
781500,1562.9999999768638,-27738.718175598126,13312.50172742159,-14426.216448176536,285.48202447487796,42.37489663049144,1.186726977554336,101
782000,1563.9999999768402,-27891.725521309134,13407.529678242141,-14484.195843066993,287.51986622223865,42.115457339829845,1.1940374432292393,101
782500,1564.9999999768165,-27953.58534328089,13517.364671791694,-14436.220671489196,289.8752399122284,42.23552018583625,1.1906431548899097,101
783000,1565.9999999767929,-27996.981382696024,13402.38267830523,-14594.598704390794,287.40949057744643,42.101386839820464,1.1944364966837036,101
783500,1566.9999999767692,-28073.506112615334,13440.864553985733,-14632.6415586296,288.2347211764578,42.030053783000035,1.1964636843462801,101
784000,1567.9999999767456,-28360.661792226885,13592.296463520572,-14768.365328706313,291.48212643425796,41.72744932630513,1.2051403527983955,101
784500,1568.999999976722,-28482.73081986198,13707.152054523456,-14775.578765338523,293.9451651112199,42.286492642927854,1.1892079446530022,101
785000,1569.9999999766983,-28286.439687407375,13617.222854257248,-14669.216833150127,292.01666431722407,42.009535238294724,1.1970480681880982,101
785500,1570.9999999766746,-28251.84521797213,13629.923621054539,-14621.921596917593,292.2890278963555,41.61666938759962,1.2083483311488763,101
786000,1571.999999976651,-28130.50229924883,13442.181046418946,-14688.321252829885,288.26295290425287,41.90387221595401,1.2000664936958894,101
786500,1572.9999999766274,-28343.217180939857,13496.771892525772,-14846.445288414085,289.4336348379327,41.623559141639404,1.208148318872952,101
787000,1573.9999999766037,-28362.527264109744,13570.259108361035,-14792.268155748709,291.009542926377,41.61770991128433,1.2083181200906365,101
787500,1574.99999997658,-28090.117865539272,13494.842314580097,-14595.275550959175,289.3922557020202,41.75921643620947,1.2042235773101393,101
788000,1575.9999999765564,-28108.958037241926,13709.755412234248,-14399.202625007678,294.0009932226393,41.589882096463334,1.2091266064627004,101
788500,1576.9999999765328,-28148.913658821893,13945.244220035656,-14203.669438786237,299.0509697761704,41.76653645552016,1.2040125246208726,101
789000,1577.9999999765091,-28023.062380663054,13799.452635673493,-14223.60974498956,295.92451935330377,42.43324382081796,1.1850951865671244,101
789500,1578.9999999764855,-28309.623759099588,13944.041663679282,-14365.582095420306,299.02518136838705,42.10269551608862,1.1943993700656124,101
790000,1579.9999999764618,-28168.375429912692,13753.161826745973,-14415.21360316672,294.9318288644839,42.04267302954947,1.196104561837357,101
790500,1580.9999999764382,-27820.930947483692,13491.913445625072,-14329.01750185862,289.3294471138358,41.77779031783413,1.2036881946102784,101
791000,1581.9999999764145,-28235.445877408554,13959.87905925173,-14275.566818156824,299.3648088736455,42.49473007537084,1.1833804547831732,101
791500,1582.9999999763909,-28012.92389108998,13880.288004748654,-14132.635886341326,297.6580060626587,42.22414574621645,1.190963893141322,101
792000,1583.9999999763672,-27928.248808863824,13673.5102376262,-14254.738571237624,293.2237279094459,42.31925713385675,1.18828723395168,101
792500,1584.9999999763436,-27704.06703326324,13429.112987580571,-14274.954045682669,287.9827128735266,42.644978735171314,1.1792111168531578,101
793000,1585.99999997632,-28114.501778370533,13707.228562227425,-14407.273216143109,293.9468057926383,42.30056691817311,1.1888122705248216,101
793500,1586.9999999762963,-28081.97453250048,13820.767962753333,-14261.206569747148,296.38161921715295,41.830229428098065,1.2021792299494687,101
794000,1587.9999999762726,-27838.136766677628,13511.578801809992,-14326.557964867636,289.75116391888423,42.12787007158161,1.1936856270453406,101
794500,1588.999999976249,-28180.206039713637,13961.628169983818,-14218.57786972982,299.4023179521831,41.95677992113866,1.1985532039636988,101
795000,1589.9999999762254,-28071.48054585767,13952.87513477272,-14118.60541108495,299.2146121202119,42.08212055465749,1.1949833406604533,101
795500,1590.9999999762017,-27873.956535970345,13809.443274126632,-14064.513261843713,296.13876516147695,42.33346066394728,1.1878885452260497,101
796000,1591.999999976178,-27933.85907815555,13936.35972104107,-13997.49935711448,298.8604447485421,42.379694303733864,1.1865926318880964,101
796500,1592.9999999761544,-28098.56760230973,13875.989172977997,-14222.578429331732,297.5658190927044,42.028555045254784,1.1965063502262425,101
797000,1593.9999999761308,-28224.015016187703,13927.895865852577,-14296.119150335126,298.6789402827739,41.81149505741788,1.2027178873518638,101
797500,1594.9999999761071,-27820.3670016628,13547.724422084642,-14272.642579578156,290.5262943236114,42.39795768674567,1.1860814941612448,101
798000,1595.9999999760835,-27855.43327301045,13677.508432844515,-14177.924840165935,293.30946783185436,41.70586870215935,1.2057639504311983,101
798500,1596.9999999760598,-27884.070879728704,13700.311729450244,-14183.75915027846,293.79847669082,41.80662596280788,1.2028579643623327,101
799000,1597.9999999760362,-28017.990385528243,13735.807756255315,-14282.182629272927,294.55967678683595,42.1306296054604,1.1936074412703046,101
799500,1598.9999999760125,-28141.11272307166,13799.417935684385,-14341.694787387274,295.9237752239626,42.09864994515687,1.1945141487432833,101
800000,1599.9999999759889,-28042.4366461586,13645.003859741448,-14397.432786417152,292.61241843241345,41.78500186608409,1.203480453672007,101
800500,1600.9999999759652,-28095.07357081112,13690.506043232293,-14404.567527578827,293.5881971197684,42.39916956886353,1.1860475927672385,101
801000,1601.9999999759416,-28011.828956835205,13690.7649827657,-14321.063974069504,293.5937499890733,42.45267574782867,1.1845527311680133,101
801500,1602.999999975918,-27975.488179064785,13500.616855080158,-14474.871323984627,289.5160887385241,42.077825421531095,1.1951053196952666,101
802000,1603.9999999758943,-27964.148831697195,13533.350820294427,-14430.798011402769,290.2180573729551,42.099951280429295,1.1944772255795293,101
802500,1604.9999999758707,-27931.576120104775,13577.527083209721,-14354.049036895054,291.1654021492428,42.0572025103994,1.1956913441888122,101
803000,1605.999999975847,-28201.857953283776,13772.659763545571,-14429.198189738205,295.34995541835076,41.80024100976861,1.2030416999444689,101
803500,1606.9999999758234,-27958.62344576765,13606.505058021612,-14352.118387746039,291.78682486030544,42.196827416398484,1.1917349260939434,101
804000,1607.9999999757997,-28190.23036271031,13772.342260679632,-14417.888102030678,295.343146678506,41.9370778028551,1.1991162865204912,101
804500,1608.999999975776,-28108.11724582257,13637.01268494874,-14471.10456087383,292.44105043528816,42.18231104867889,1.1921450426091693,101
805000,1609.9999999757524,-27864.273903861416,13470.669369067808,-14393.604534793609,288.8738751929567,42.221225052544725,1.1910462792090315,101
805500,1610.9999999757288,-28248.24156593074,13818.921903963128,-14429.319661967613,296.3420311208268,41.49154888090918,1.2119921853681017,101
806000,1611.9999999757051,-28160.436235527693,13652.407348978653,-14508.02888654904,292.77118371476917,42.13545067171941,1.1934708707466748,101
806500,1612.9999999756815,-28085.762699463037,13590.660137097337,-14495.1025623657,291.4470359764634,41.5915351334766,1.20907855026502,101
807000,1613.9999999756578,-28190.416815126566,13645.772580780103,-14544.644234346462,292.6289033909032,41.89088623888214,1.2004385086464204,101
807500,1614.9999999756342,-28350.433260701255,13668.84139688082,-14681.591863820435,293.12360622418856,41.66821858387017,1.2068534415806984,101
808000,1615.9999999756105,-28196.60827904198,13571.161264632665,-14625.447014409314,291.02888935758057,41.980429692770265,1.1978779962593111,101
808500,1616.999999975587,-28364.568590322684,13863.58248282494,-14500.986107497743,297.299761886144,42.08875382056491,1.1947950090627222,101
809000,1617.9999999755632,-28032.795867397217,13553.019781798484,-14479.776085598733,290.6398514928335,41.8345438978874,1.2020552470997539,101
809500,1618.9999999755396,-28333.687112430987,13823.034705676895,-14510.652406754092,296.4302287401436,41.82698309904887,1.2022725350139838,101
810000,1619.999999975516,-28056.16935716896,13556.49597155219,-14499.67338561677,290.7143971874495,42.282851119313236,1.1893103627420978,101
810500,1620.9999999754923,-27838.03250499743,13444.197050031937,-14393.835454965494,288.3061854088992,41.992261582525884,1.197540477872392,101
811000,1621.9999999754687,-28249.654185909436,13692.406579147273,-14557.247606762163,293.6289534593133,41.600975862197124,1.2088041676968642,101
811500,1622.999999975445,-28046.34364058409,13612.379463792548,-14433.964176791544,291.9127994732228,41.18329711031395,1.2210637936001132,101
812000,1623.9999999754214,-28295.166898948843,13829.780522079727,-14465.386376869115,296.5748904545868,41.66323365124609,1.206997839472225,101
812500,1624.9999999753977,-28161.567734013843,13750.372743748103,-14411.19499026574,294.8720179381109,41.5516721268425,1.210238491701871,101
813000,1625.999999975374,-28205.820145855923,13633.431308240277,-14572.388837615646,292.3642490425767,41.86569529288513,1.2011608227375274,101
813500,1626.9999999753504,-28285.35210659025,13660.661674018085,-14624.690432572164,292.94819487849935,41.769139123988666,1.2039375016374154,101
814000,1627.9999999753268,-28032.12493469305,13635.422604423391,-14396.702330269658,292.4069517048805,42.17892332401605,1.1922407932553278,101
814500,1628.9999999753031,-28101.117047124728,13415.471617615138,-14685.64542950959,287.6901783827088,41.956228189782905,1.1985689651370144,101
815000,1629.9999999752795,-28470.39957756501,13500.25739493969,-14970.14218262532,289.50838023934637,42.53738814032401,1.1821937171269277,101
815500,1630.9999999752558,-28217.579906644125,13328.006858215922,-14889.573048428203,285.81452667615815,42.15958595025872,1.1927876393713002,101
816000,1631.9999999752322,-28417.62752748149,13570.80204163192,-14846.825485849571,291.02118594378277,42.005708510081554,1.197157119499873,101
816500,1632.9999999752085,-28214.20349560646,13416.27450446758,-14797.92899113888,287.70739601533353,42.28327878988827,1.1892983335650498,101
817000,1633.999999975185,-28224.62146788499,13480.110741636876,-14744.510726248114,289.0763421830107,42.07355205571302,1.195226705268213,101
817500,1634.9999999751612,-28132.93631995413,13411.713689637825,-14721.222630316304,287.60959090871177,42.37259743138856,1.1867913710956237,101
818000,1635.9999999751376,-28190.75237449828,13663.694706984947,-14527.057667513332,293.01323722811986,42.43594803518817,1.1850196668348696,101
818500,1636.999999975114,-28192.547002849922,13635.235884674168,-14557.311118175754,292.40294756402784,42.1109761019046,1.1941645066784887,101
819000,1637.9999999750903,-27927.211002683212,13439.154533744071,-14488.056468939141,288.1980503800532,42.13634940368195,1.1934454150431535,101
819500,1638.9999999750667,-28244.98806800325,13828.507188731543,-14416.480879271709,296.5475842585378,42.504661984755664,1.183103938587164,101
820000,1639.999999975043,-28145.60350468498,13603.377694654006,-14542.225810030974,291.71975962765924,42.112342192699074,1.1941257689342855,101
820500,1640.9999999750194,-28117.299824327078,13593.057795252636,-14524.242029074441,291.49845293160735,41.92870621708739,1.1993557049462853,101
821000,1641.9999999749957,-28242.681308211882,13820.268922351828,-14422.412385860054,296.3709174672465,42.01393584960093,1.19692268733157,101
821500,1642.999999974972,-27919.64581269738,13515.308790650219,-14404.337022047162,289.83115224768824,42.19145752081479,1.191886603530387,101
822000,1643.9999999749484,-28048.874685315248,13621.846293955601,-14427.028391359647,292.11581239263086,41.754213874397216,1.204367855032608,101
822500,1644.9999999749248,-28105.920505144888,13687.970661152123,-14417.949843992765,293.5338267223867,42.083432598631774,1.1949460844150697,101
823000,1645.9999999749011,-28016.97419117989,13696.682803515245,-14320.291387664643,293.7206556212866,42.33675473997095,1.1877961197390312,101
823500,1646.9999999748775,-28312.861739375836,13901.721089604935,-14411.140649770901,298.1176312015543,41.677710818447125,1.2065785767730466,101
824000,1647.9999999748538,-28143.183337789695,13543.901060938044,-14599.28227685165,290.4443036577863,41.85892445098764,1.2013551151167725,101
824500,1648.9999999748302,-28021.65030940084,13365.56289491077,-14656.08741449007,286.6199029763027,42.07860091711786,1.1950832942742464,101
825000,1649.9999999748065,-28146.86515411072,13567.606215047022,-14579.258939063699,290.9526525409703,42.1389807833066,1.1933708900335327,101
825500,1650.999999974783,-27961.35823617409,13461.269634185146,-14500.088601988942,288.67230110877824,42.12543378837971,1.193754662684383,101
826000,1651.9999999747592,-28023.56624739034,13427.225072493186,-14596.341174897154,287.94222718329206,42.184356054798045,1.1920872500022632,101
826500,1652.9999999747356,-27835.46220863859,13238.02026345356,-14597.44194518503,283.8847950769169,42.18487146638124,1.1920726851700032,101
827000,1653.999999974712,-28227.752281142893,13496.553128164449,-14731.199152978445,289.4289435113862,42.079087290222304,1.195069480847926,101
827500,1654.9999999746883,-28249.574531668488,13414.229271043056,-14835.345260625432,287.6635366874242,42.02129251211284,1.1967131422239081,101
828000,1655.9999999746647,-28298.487953061816,13418.695820981004,-14879.792132080813,287.75932031583693,41.782058590303315,1.2035652310858405,101
828500,1656.999999974641,-28476.166649663483,13486.241195795305,-14989.925453868178,289.2078076656024,41.99953414895972,1.1973331138418377,101
829000,1657.9999999746174,-28663.635149743142,13554.34386663069,-15109.291283112452,290.6682460370157,41.612746980882584,1.208462229748572,101
829500,1658.9999999745937,-28197.39471986408,13239.384067212652,-14958.01065265143,283.9140413798361,42.18436502617459,1.1920869964802872,101
830000,1659.99999997457,-28080.570181405266,13221.512813788147,-14859.057367617119,283.5307984919105,42.734245863547415,1.1767478748320686,101
830500,1660.9999999745464,-28194.298362311005,13363.004281906942,-14831.294080404063,286.5650343997468,41.855768547454495,1.2014456966777836,101
831000,1661.9999999745228,-28547.68830938094,13642.093588007581,-14905.59472137336,292.5500086552455,41.15913866406791,1.2217804996580663,101
831500,1662.9999999744991,-28187.03498922726,13313.338628809419,-14873.696360417842,285.4999715375245,42.13825639565035,1.1933914049578798,101
832000,1663.9999999744755,-28267.64756643856,13475.625398678476,-14792.022167760086,288.9801555447329,41.7401897573029,1.2047725057043421,101
832500,1664.9999999744518,-28422.44342451341,13645.609664405903,-14776.833760107507,292.6254097052475,41.64118414301469,1.2076369593566483,101
833000,1665.9999999744282,-28246.59906971593,13244.210376533472,-15002.388693182456,284.017539924577,41.946857358474524,1.1988367226828964,101
833500,1666.9999999744045,-28414.10768007417,13322.643130417093,-15091.464549657076,285.69950337684935,41.58423238773889,1.2092908805816451,101
834000,1667.999999974381,-28600.597600378052,13679.80201486046,-14920.795585517593,293.3586529099574,41.22026080433886,1.2199688216719693,101
834500,1668.9999999743573,-28528.90004859923,13622.333807256404,-14906.566241342825,292.1262669478242,41.66796901674368,1.2068606699374582,101
835000,1669.9999999743336,-28493.15678415097,13500.22533172491,-14992.93145242606,289.5076926547245,41.56448322255101,1.209865469353336,101
835500,1670.99999997431,-28321.68718675148,13483.81107565964,-14837.876111091839,289.1556945744456,41.733483595910705,1.2049661008267232,101
836000,1671.9999999742863,-28176.035959452194,13470.585579045859,-14705.450380406335,288.87207834473196,41.71080741488059,1.2056211835530226,101
836500,1672.9999999742627,-28309.871575788417,13635.967169051308,-14673.904406737109,292.4186297061772,41.516586008108916,1.2112612774243652,101
837000,1673.999999974239,-27922.90052768261,13488.636659485437,-14434.263868197173,289.2591775611951,41.71198119343705,1.2055872572744817,101
837500,1674.9999999742154,-28134.002298784195,13698.63361314994,-14435.368685634256,293.76249006347336,41.859666911443306,1.201333806808991,101
838000,1675.9999999741917,-28258.560183118305,13741.446811584028,-14517.113371534277,294.68060439040204,42.184856284450916,1.1920731141856746,101
838500,1676.999999974168,-28106.740217385173,13554.722437558372,-14552.017779826801,290.6763643604574,42.06910261319532,1.1953531185309254,101
839000,1677.9999999741444,-28429.49131448645,13754.608437798292,-14674.88287668816,294.9628509413482,41.462961272098106,1.2128278217388377,101
839500,1678.9999999741208,-28264.069163289427,13626.588422529965,-14637.480740759462,292.21750571019425,41.693369390212055,1.206125428046744,101
840000,1679.9999999740971,-28161.578177161828,13473.680163051231,-14687.898014110597,288.9384406352202,42.116050678210186,1.1940206214182856,101
840500,1680.9999999740735,-28125.84754286417,13299.73507415666,-14826.112468707508,285.2082479830911,42.19541165311497,1.1917749118290257,101
841000,1681.9999999740498,-28391.130291525835,13553.010059997858,-14838.120231527977,290.63964301216015,41.62256959661781,1.208177041682857,101
841500,1682.9999999740262,-28323.174489093337,13634.084289089678,-14689.090200003659,292.3782519924841,42.46924189003134,1.1840906680814645,101
842000,1683.9999999740025,-28090.79191507806,13332.634780741515,-14758.157134336547,285.9137708842545,42.146473311739484,1.1931587402468018,101
842500,1684.999999973979,-28462.875590455704,13900.04296134271,-14562.832629112994,298.0816443176884,41.82707000189462,1.2022700370884858,101
843000,1685.9999999739553,-28119.972886167336,13644.572466344085,-14475.40041982325,292.6031673492627,41.93947236274482,1.199047822240875,101
843500,1686.9999999739316,-27964.019239948964,13528.332095477923,-14435.687144471041,290.11043254403614,42.149151610039034,1.193082922943178,101
844000,1687.999999973908,-28104.14035488009,13743.344653076138,-14360.795701803954,294.7213029489746,41.93377435285711,1.199210750249441,101
844500,1688.9999999738843,-28165.3464456027,13789.814766299125,-14375.531679303574,295.7178385567896,42.08461511235295,1.1949125082462697,101
845000,1689.9999999738607,-28005.048507098585,13542.194479665788,-14462.854027432797,290.4077066088987,41.51078332471955,1.2114305964574394,101
845500,1690.999999973837,-28072.754864905983,13603.920128938262,-14468.834735967721,291.7313919444682,41.74399404383662,1.2046627102732956,101
846000,1691.9999999738134,-28339.89674218851,13754.660437426672,-14585.236304761838,294.9639660555083,41.670496287438965,1.2067874751383518,101
846500,1692.9999999737897,-28421.05301424405,13708.747458124559,-14712.305556119492,293.9793779931577,41.435257385935124,1.2136387264134678,101
847000,1693.999999973766,-28287.041293057195,13606.947939044338,-14680.093354012857,291.7963222916341,41.53808190203854,1.2106344515636531,101
847500,1694.9999999737424,-28291.180027904502,13467.94071666698,-14823.239311237521,288.8153601799692,42.27280891899874,1.1895928917058494,101
848000,1695.9999999737188,-28271.961936016618,13471.87649515825,-14800.085440858367,288.89976159711665,42.04789988693981,1.1959558774087535,101
848500,1696.9999999736951,-28110.528578232785,13304.123331314844,-14806.40524691794,285.30235264974846,42.0779654629501,1.1951013422157715,101
849000,1697.9999999736715,-28324.069905711105,13515.10207176566,-14808.967833945446,289.8267192322513,41.68645227817175,1.2063255627251472,101
849500,1698.9999999736478,-28414.120231126035,13525.75800379875,-14888.362227327285,290.0552320326071,41.65257926284904,1.2073065796271862,101
850000,1699.9999999736242,-28380.073152662837,13475.416766325045,-14904.656386337792,288.9756814956136,41.9600592245792,1.1984595334656574,101
850500,1700.9999999736006,-28244.613810459712,13346.207308965755,-14898.406501493957,286.2048290875911,41.55089801244624,1.210261039061474,101
851000,1701.999999973577,-28253.1861870601,13553.275936003847,-14699.910251056252,290.6453446317357,41.565947651438776,1.2098228440303553,101
851500,1702.9999999735533,-28251.163274223214,13599.16222152931,-14652.001052693904,291.6293602552198,41.67895337305831,1.206542605625669,101
852000,1703.9999999735296,-28030.348959660085,13385.629589106327,-14644.719370553757,287.05022633706255,41.65282778623077,1.207299376180748,101
852500,1704.999999973506,-28163.787666447293,13535.522583541031,-14628.265082906262,290.2646300894149,41.675133535480974,1.2066531942763254,101
853000,1705.9999999734823,-28029.140314891134,13315.957689645847,-14713.182625245287,285.5561363970765,41.80179373800728,1.2029970129429612,101
853500,1706.9999999734587,-28318.321638765585,13497.99909970214,-14820.322539063445,289.459951874079,41.700062446520974,1.2059318392381928,101
854000,1707.999999973435,-28075.175056494838,13457.648329790558,-14617.52672670428,288.5946434805597,42.089577571629526,1.1947716252770562,101
854500,1708.9999999734114,-28131.427383584924,13578.708259404928,-14552.719124179996,291.19073206681753,41.496337301916675,1.2118523289562186,101
855000,1709.9999999733877,-28113.88436446869,13476.63162953181,-14637.25273493688,289.0017338195741,41.57337633519266,1.209606662615739,101
855500,1710.999999973364,-28113.444662271373,13606.62952791803,-14506.815134353343,291.78949407445793,41.975394763709446,1.1980216811673061,101
856000,1711.9999999733404,-28355.5450676838,14035.553887886907,-14319.991179796894,300.98762956677325,41.79958298024117,1.2030606388166984,101
856500,1712.9999999733168,-27837.969991432485,13768.059682975269,-14069.910308457216,295.25130827141726,41.77673793372105,1.2037185163250832,101
857000,1713.9999999732931,-27719.90334960155,13752.454935519476,-13967.448414082075,294.91666982506706,41.96442276101307,1.1983349154798797,101
857500,1714.9999999732695,-27747.88861646424,13859.943680400902,-13887.944936063337,297.22172901869743,41.84670368338593,1.2017059547379776,101
858000,1715.9999999732458,-27889.654502215806,14070.110656327093,-13819.543845888713,301.72868758994656,41.82997883176338,1.2021864320020892,101
858500,1716.9999999732222,-27699.68940346961,13937.94050147213,-13761.748901997478,298.8943440416238,41.586310004326556,1.2092304654403991,101
859000,1717.9999999731986,-28031.894360650276,13983.830909426762,-14048.063451223514,299.8784480691847,41.4471280159857,1.213291135228603,101
859500,1718.999999973175,-27937.993266365327,14048.740998276764,-13889.252268088563,301.27042261710693,41.805117868479385,1.2029013567354807,101
860000,1719.9999999731513,-27774.864380607094,13659.539882275621,-14115.324498331473,292.9241384401052,41.65163958655373,1.2073338169072865,101
860500,1720.9999999731276,-27958.487621049368,13630.054689976765,-14328.432931072603,292.29183862434854,42.06615068764908,1.1954370005441282,101
861000,1721.999999973104,-28383.341826201973,14113.339338721493,-14270.00248748048,302.6557118276159,42.03705337890824,1.1962644610031554,101
861500,1722.9999999730803,-28207.809077492268,13893.190662345349,-14314.618415146919,297.93469912060016,41.61713812009459,1.2083347215602878,101
862000,1723.9999999730567,-28026.945624238662,13787.104247072011,-14239.841377166651,295.6597124034806,41.61406564190216,1.2084239361569364,101
862500,1724.999999973033,-27701.23909696749,13491.202813606677,-14210.036283360812,289.3142078544222,42.3785501230373,1.1866246687647746,101
863000,1725.9999999730094,-28144.742050278117,13827.481739960664,-14317.260310317453,296.5255938620594,42.134837492066225,1.1934882390836181,101
863500,1726.9999999729857,-27913.055866002345,13598.144646845818,-14314.911219156527,291.6075387158393,41.90689536299651,1.1999799213683575,101
864000,1727.999999972962,-28054.757002813567,13749.053138663157,-14305.70386415041,294.84371946056916,42.03104126934549,1.1964355743705233,101
864500,1728.9999999729384,-28169.20156462323,13806.672322001286,-14362.529242621942,296.07934304543414,42.12182109506559,1.1938570483214819,101
865000,1729.9999999729148,-28009.46339538617,13798.57872813441,-14210.884667251761,295.9057787064614,41.93753145802766,1.1991033151965491,101
865500,1730.9999999728911,-27753.396937452624,13483.945589696537,-14269.451347756087,289.1585791817388,42.48929728358967,1.1835317648781798,101
866000,1731.9999999728675,-27952.443487547047,13751.161861795357,-14201.28162575169,294.88894030344034,41.89091780768265,1.2004376040015527,101
866500,1732.9999999728439,-28081.40678731831,13654.614162325071,-14426.792624993237,292.81850806857386,41.89894006265377,1.2002077600837393,101
867000,1733.9999999728202,-27840.754342225056,13384.07241527006,-14456.681926954996,287.01683327929334,42.02297572583405,1.1966652083509122,101
867500,1734.9999999727966,-28095.407924155716,13619.946051681209,-14475.461872474507,292.0750623501073,42.47767256249749,1.1838556580163975,101
868000,1735.999999972773,-27955.38900689002,13549.128305400947,-14406.260701489071,290.55640011886095,41.90466357017921,1.2000438308796444,101
868500,1736.9999999727493,-27961.516659361478,13679.721875030193,-14281.794784331285,293.3569343388388,41.9304097341225,1.1993069784280497,101
869000,1737.9999999727256,-28044.09933030323,13589.228581781746,-14454.870748521484,291.41633676469905,42.176549890288456,1.1923078851468525,101
869500,1738.999999972702,-28119.013629099536,13740.841534177147,-14378.172094922389,294.66762442442547,41.68370216551052,1.2064051509342377,101
870000,1739.9999999726783,-28235.37680153738,13887.750297053713,-14347.626504483665,297.81803235659595,41.90043325954477,1.2001649885332686,101
870500,1740.9999999726547,-27912.19670432618,13681.303623257241,-14230.893081068938,293.39085438597294,42.38039687709964,1.186572960803335,101
871000,1741.999999972631,-27914.08938048007,13543.747566180193,-14370.341814299876,290.44101201545527,42.14494952126539,1.1932018800285105,101
871500,1742.9999999726074,-27876.134594977724,13529.48735041502,-14346.647244562704,290.135206589139,41.786646412969915,1.2034330897363448,101
872000,1743.9999999725837,-27966.313541795207,13659.217292640427,-14307.09624915478,292.91722061624193,41.95684022861098,1.1985514812001694,101
872500,1744.99999997256,-28531.463250446588,14095.3305916689,-14436.132658777688,302.269520436088,41.713486844920425,1.2055437415106474,101
873000,1745.9999999725364,-27896.88421983966,13590.085241500705,-14306.798978338955,291.4347075379663,41.955689487974496,1.1985843544984314,101
873500,1746.9999999725128,-28161.816109612,13773.309737049327,-14388.506372562671,295.3638938767643,41.4524599723183,1.2131350717439249,101
874000,1747.9999999724891,-28109.47253543991,13800.743802509165,-14308.728732930744,295.9522079823631,41.93048657382573,1.1993047806383306,101
874500,1748.9999999724655,-28476.607824876664,14042.102385792157,-14434.505439084507,301.12805985384773,41.73613281549791,1.2048896150677204,101
875000,1749.9999999724419,-28286.09167427403,13830.894662846667,-14455.197011427363,296.59878282044025,42.09125177036576,1.1947241026907467,101
875500,1750.9999999724182,-28111.061326583775,13757.210857711092,-14353.850468872683,295.01865894201194,42.09087538890327,1.1947347860514723,101
876000,1751.9999999723946,-28108.333285023487,13596.203938742128,-14512.12934628136,291.5659208975133,41.50466721836323,1.2116091122453687,101
876500,1752.999999972371,-28086.900121551815,13427.568185712176,-14659.331935839638,287.94958512835655,42.247150647395166,1.1903153758744938,101
877000,1753.9999999723473,-28088.96588641917,13509.256996191316,-14579.708890227854,289.7013735953201,41.99728849881507,1.1973971368151393,101
877500,1754.9999999723236,-28124.016308851547,13592.73267837768,-14531.283630473867,291.49148091195593,42.5383893155334,1.182165893246867,101
878000,1755.9999999723,-28199.170809481846,13650.79166615587,-14548.379143325976,292.7365359518917,41.97068008102198,1.1981562582594216,101
878500,1756.9999999722763,-27958.394483166845,13424.25916160216,-14534.135321564685,287.87862424352016,42.91331203737755,1.1718376097067529,101
879000,1757.9999999722527,-28018.395456099675,13624.588141657536,-14393.80731444214,292.1746103743158,42.29341208619741,1.1890133834553396,101
879500,1758.999999972229,-27850.487026879142,13424.884855466391,-14425.602171412751,287.8920420334082,41.95829097979635,1.1985100400465503,101
880000,1759.9999999722054,-27961.024839611102,13679.562881447433,-14281.461958163669,293.3535247760974,42.05422107135542,1.195776112869988,101
880500,1760.9999999721817,-27923.447734690613,13573.104613534299,-14350.343121156315,291.0705638069109,42.033251300306155,1.1963726679909308,101
881000,1761.999999972158,-27892.419928943575,13704.1872932773,-14188.232635666274,293.8815868251872,42.20737250232125,1.1914371831536046,101
881500,1762.9999999721344,-28065.539003096874,13549.265393757574,-14516.2736093393,290.5593399315561,42.00884855912947,1.1970676352078198,101
882000,1763.9999999721108,-28191.868985415364,13615.752038904655,-14576.116946510709,291.9851231874586,42.138691012150616,1.1933790963744042,101
882500,1764.9999999720872,-28034.279288473997,13441.861493761817,-14592.41779471218,288.25610020734047,42.22809497387735,1.190852512612486,101
883000,1765.9999999720635,-28187.191850080024,13641.659659894407,-14545.532190185617,292.5407032159853,42.2069244085093,1.1914498321593443,101
883500,1766.9999999720399,-28097.695992093333,13457.684250569748,-14640.011741523585,288.59541378932465,42.56769048155916,1.1813521577889141,101
884000,1767.9999999720162,-28332.75747240132,13691.560339272237,-14641.197133129084,293.610806136018,41.66361766961812,1.2069867144338515,101
884500,1768.9999999719926,-28122.925307813002,13532.768072755645,-14590.157235057357,290.2055605522572,41.950523978686185,1.198731940226303,101
885000,1769.999999971969,-28124.517312495533,13382.081490204371,-14742.435822291161,286.97413857547514,42.30300320449052,1.1887438052422352,101
885500,1770.9999999719453,-28174.742966121194,13575.922389783977,-14598.820576337217,291.13099005020814,42.3033442676144,1.1887342212085679,101
886000,1771.9999999719216,-28108.547126859143,13781.86590382978,-14326.681223029364,295.54737793289746,42.46030250998465,1.184339960617457,101
886500,1772.999999971898,-28158.13786263156,13697.086517468191,-14461.051345163369,293.72931312826427,42.02824339958712,1.196515222498558,101
887000,1773.9999999718743,-28072.665704670842,13555.579071149887,-14517.086633520956,290.69473457343065,42.14913304197337,1.1930834485350577,101
887500,1774.9999999718507,-28346.985251994185,13752.088827650341,-14594.896424343844,294.9088187676327,41.82312192596135,1.202383530610254,101
888000,1775.999999971827,-28089.64476275532,13585.917312341213,-14503.727450414108,291.3453277295214,42.28992016201374,1.1891115615690009,101
888500,1776.9999999718034,-27986.36320547173,13562.291594489066,-14424.071610982664,290.83868232956553,42.33716625781091,1.1877845743443647,101
889000,1777.9999999717797,-28193.035635657518,13461.266708452278,-14731.76892720524,288.6722383674424,42.32862702836507,1.1880241938577913,101
889500,1778.999999971756,-28303.436006594213,13565.251139053526,-14738.184867540687,290.9021487456521,41.72801461284513,1.2051240268450385,101
890000,1779.9999999717324,-28230.333795779472,13444.96106716812,-14785.372728611352,288.32256949381707,42.13575871969964,1.1934621454667143,101
890500,1780.9999999717088,-28194.97105286255,13428.964859610449,-14766.006193252102,287.97953632011405,41.94913948673179,1.198771503248263,101
891000,1781.9999999716852,-28441.150031426827,13523.744946956645,-14917.405084470181,290.01206272044965,41.83907640026606,1.2019250262933803,101
891500,1782.9999999716615,-28217.05987618589,13453.591105081028,-14763.468771104861,288.50763769099876,41.74765943808295,1.2045569423374056,101
892000,1783.9999999716379,-28153.125402833848,13398.046549023526,-14755.078853810322,287.31650377518554,42.14354315298198,1.1932416982581664,101
892500,1784.9999999716142,-28146.067529752694,13495.354584299725,-14650.71294545297,289.40324115010736,41.58911758109244,1.2091488333318856,101
893000,1785.9999999715906,-28211.865606046227,13586.049349748155,-14625.816256298072,291.34815922633635,41.71228051040559,1.205578606279649,101
893500,1786.999999971567,-28126.33425891574,13408.561556447312,-14717.772702468428,287.5419944957259,41.967059931720776,1.1982596132370666,101
894000,1787.9999999715433,-28208.938385489324,13475.922103020956,-14733.016282468368,288.9865182673898,42.1102640847388,1.194184698088968,101
894500,1788.9999999715196,-28386.390450968218,13533.355239397231,-14853.035211570987,290.2181521390961,41.894788908415215,1.2003266829297599,101
895000,1789.999999971496,-28134.434592366575,13245.649388561418,-14888.785203805157,284.0483990429751,41.92179838168193,1.1995533336769741,101
895500,1790.9999999714723,-28411.584290550858,13498.644063435022,-14912.940227115836,289.4737828996779,42.00576145397447,1.197155610607851,101
896000,1791.9999999714487,-28333.429723846442,13328.406801513987,-15005.022922332455,285.8231033227378,41.9402869827947,1.199024532738894,101
896500,1792.999999971425,-28329.171658935604,13283.533228766406,-15045.638430169198,284.86080497673925,41.68936668082212,1.206241231426854,101
897000,1793.9999999714014,-28309.29405220687,13173.634528476532,-15135.659523730339,282.5040651175973,41.76106372421447,1.2041703088449394,101
897500,1794.9999999713777,-28402.74908353932,13210.064936711344,-15192.684146827974,283.2853027022578,42.3860986393804,1.1864133434483897,101
898000,1795.999999971354,-28728.044926164097,13616.507053814219,-15111.537872349878,292.0013142227204,41.92082681653194,1.19958113475589,101
898500,1796.9999999713305,-28469.49842150228,13304.842212294432,-15164.65620920785,285.3177688052999,42.08061034195011,1.1950262268974043,101
899000,1797.9999999713068,-28431.231318228492,13397.796593580482,-15033.43472464801,287.3111435666109,41.52960433815269,1.2108815820400711,101
899500,1798.9999999712832,-28280.530384050508,13391.16272576111,-14889.367658289397,287.16888255106704,41.87006393746412,1.2010354958518419,101
900000,1799.9999999712595,-28245.14293197538,13487.743891964561,-14757.39904001082,289.2400324685248,41.32182130326185,1.216970390376064,101
900500,1800.9999999712359,-28535.43671919394,13545.701890121436,-14989.734829072502,290.4829218207383,41.803431951041176,1.2029498693163647,101
901000,1801.9999999712122,-28446.174291884658,13589.17073025561,-14857.003561629048,291.41509615860275,41.66688013556835,1.2068922088446303,101
901500,1802.9999999711886,-28322.721731955557,13353.682530524002,-14969.039201431555,286.3651326449195,41.289930163465584,1.2179103428703828,101
902000,1803.999999971165,-28220.705215743717,13332.950556697004,-14887.754659046714,285.9205425910981,42.09707518069246,1.194558833045592,101
902500,1804.9999999711413,-28122.838091387253,13066.300632498638,-15056.537458888615,280.2023266054867,41.961494024977334,1.1984185542237182,101
903000,1805.9999999711176,-28525.177040910457,13428.195219592566,-15096.981821317891,287.96303165443055,41.80132826056292,1.2030104088803262,101
903500,1806.999999971094,-28364.446731785967,13294.9792857278,-15069.467446058166,285.1062617346425,41.50108951658439,1.2117135619387776,101
904000,1807.9999999710703,-28187.74413328517,13285.801333266818,-14901.942800018353,284.9094436982776,41.86717826414043,1.2011182765940576,101
904500,1808.9999999710467,-28504.895140414643,13620.32284251295,-14884.572297901694,292.08314250000336,41.423977052063805,1.213969217375644,101
905000,1809.999999971023,-28380.543224956462,13476.931933096475,-14903.611291859987,289.0081737263139,41.500892699190025,1.2117193084731404,101
905500,1810.9999999709994,-28347.66877670813,13323.782149318806,-15023.886627389325,285.72392924575325,41.932172286719414,1.1992565674544688,101
906000,1811.9999999709758,-28721.464095079264,13761.154620481753,-14960.30947459751,295.103231579287,41.602585693473195,1.2087573924610617,101
906500,1812.999999970952,-28386.51834581178,13410.495402123295,-14976.022943688484,287.58346515164806,41.43301124260071,1.2137045195203156,101
907000,1813.9999999709285,-28338.39199914272,13293.318568145363,-15045.073430997358,285.0706482168212,41.58883619026425,1.2091570144550614,101
907500,1814.9999999709048,-28546.029087746156,13643.923643208767,-14902.105444537388,292.589253560105,41.60358736862088,1.208728289628441,101
908000,1815.9999999708812,-28257.464576625964,13342.65266981629,-14914.811906809673,286.1286010726436,41.72674789947569,1.205160611213423,101
908500,1816.9999999708575,-28076.846967227826,13349.501780316958,-14727.345186910869,286.275477893516,42.07492175302031,1.1951877961334698,101
909000,1817.9999999708339,-28422.702132376337,13810.69955282104,-14612.002579555297,296.1657056263368,41.53273972630025,1.2107901702096586,101
909500,1818.9999999708102,-28420.671135438457,13796.003037829525,-14624.668097608932,295.85054391305334,41.87411592660851,1.2009192764957184,101
910000,1819.9999999707866,-28091.668892291967,13395.360213774667,-14696.3086785173,287.25889623897893,42.14652652558861,1.193157233774634,101
910500,1820.999999970763,-28020.904799557862,13268.344296464235,-14752.560503093628,284.5350835434565,42.49863534920433,1.1832717118862035,101
911000,1821.9999999707393,-28247.51953785334,13420.286948783749,-14827.23258906959,287.79344150474844,42.165079257430385,1.1926322418478277,101
911500,1822.9999999707156,-28386.457481441947,13423.905761635426,-14962.55171980652,287.87104570268554,41.867245145049715,1.2011163578654136,101
912000,1823.999999970692,-28131.221201336593,13220.112181469347,-14911.109019867246,283.5007624131851,41.9241399224019,1.1994863364056696,101
912500,1824.9999999706683,-28376.083209202367,13396.980839277805,-14979.102369924562,287.293649995938,42.07847863701022,1.1950867671876833,101
913000,1825.9999999706447,-28340.844378865433,13465.972983604088,-14874.871395261345,288.77316282068074,42.074058227520304,1.195212326097603,101
913500,1826.999999970621,-28123.854236385396,13345.274177670355,-14778.58005871504,286.1848184076478,41.9855712338272,1.1977313044621538,101
914000,1827.9999999705974,-28152.82393677002,13393.037560354594,-14759.786376415424,287.2090877346052,41.918698415961714,1.199642042877271,101
914500,1828.9999999705738,-27992.540624553756,13467.481285482227,-14525.05933907153,288.8055078361036,42.3021495111125,1.1887677951038953,101
915000,1829.99999997055,-28136.91952358032,13705.960704355302,-14430.958819225018,293.9196170162918,42.05752831657621,1.1956820815516316,101
915500,1830.9999999705265,-28174.820912583553,13603.96068963128,-14570.860222952273,291.7322617545906,41.62847074321446,1.2080057735648988,101
916000,1831.9999999705028,-28236.336386185576,13230.022142113678,-15006.314244071898,283.71327811347476,42.244517954328515,1.190389556743135,101
916500,1832.9999999704792,-28335.392248957018,13309.934688627956,-15025.457560329061,285.4269752101555,41.62708016114848,1.2080461278524877,101
917000,1833.9999999704555,-28338.380454310067,13395.818632862081,-14942.561821447985,287.268726878765,42.07747114222645,1.1951153821127587,101
917500,1834.9999999704319,-28377.467684421343,13396.77756257383,-14980.690121847512,287.2892907968808,41.66397874741012,1.2069762541727118,101
918000,1835.9999999704082,-28380.23989250221,13381.616536777425,-14998.623355724785,286.96416780902354,41.354491601744854,1.2160089764072635,101
918500,1836.9999999703846,-28256.527710095936,13273.29200104371,-14983.235709052226,284.6411853677997,41.67626306351751,1.2066204910416034,101
919000,1837.999999970361,-28451.414551853908,13456.107688911838,-14995.30686294207,288.56160496638324,41.59044041527381,1.2091103748930923,101
919500,1838.9999999703373,-28511.68987521306,13559.596785914357,-14952.093089298702,290.7808930857981,41.78759510191367,1.2034057686219328,101
920000,1839.9999999703136,-28255.719367220878,13349.220357744607,-14906.49900947627,286.26944288316764,41.55394743610587,1.2101722244271362,101
920500,1840.99999997029,-28468.939604291616,13459.14681074713,-15009.792793544486,288.6267778896947,41.71440995887372,1.2055170635772858,101
921000,1841.9999999702663,-28364.224323488834,13501.260507237377,-14862.963816251457,289.52989163783354,41.54183621549693,1.2105250413490656,101
921500,1842.9999999702427,-28486.86255476465,13800.764473869054,-14686.098080895597,295.95265127257187,41.648200195358356,1.2074335209348377,101
922000,1843.999999970219,-28201.52092636695,13567.053563478295,-14634.467362888654,290.94080111800713,41.1609201637079,1.2217276193650208,101
922500,1844.9999999701954,-28390.701161572175,13683.592843540138,-14707.108318032037,293.4399459282098,40.9287092149887,1.2286591482358435,101
923000,1845.9999999701718,-28344.492783926522,13575.038429120134,-14769.454354806388,291.1120338175603,41.01123581237463,1.2261867267922448,101
923500,1846.999999970148,-28342.90503854647,13747.09510065627,-14595.809937890199,294.8017300084248,41.54840300257389,1.2103337160604046,101
924000,1847.9999999701245,-28217.855639945945,13626.279197220716,-14591.576442725229,292.21087447970797,41.419959675737516,1.2140869618455303,101
924500,1848.9999999701008,-28005.206718151945,13628.517579628682,-14376.689138523263,292.25887582118827,42.283674745522625,1.1892871966575096,101
925000,1849.9999999700772,-28036.145246195898,13542.60381381346,-14493.541432382437,290.41648463902084,41.422720575232034,1.2140060407463675,101
925500,1850.9999999700535,-28209.168489650077,13608.584782193144,-14600.583707456934,291.83142383043105,41.72246419562653,1.2052843467417205,101
926000,1851.9999999700299,-28364.542232279317,13811.58583401259,-14552.956398266726,296.18471162190383,41.56915840413357,1.209729398742892,101
926500,1852.9999999700062,-28350.391058832003,13788.671681983324,-14561.71937684868,295.69332550647783,41.645528180552446,1.2075109909630986,101
927000,1853.9999999699826,-28310.347764279035,13658.71065157798,-14651.637112701055,292.9063558727736,41.597885150269285,1.20889398152865,101
927500,1854.999999969959,-28187.58003705553,13460.163129237862,-14727.416907817667,288.64857249045315,41.83363633887102,1.2020813250641185,101
928000,1855.9999999699353,-28379.281399013496,13582.04100790925,-14797.240391104246,291.2622017131365,41.56565277758814,1.2098314267205519,101
928500,1856.9999999699116,-28341.654621604896,13677.252547084907,-14664.402074519989,293.30398044967905,41.43518093273657,1.2136409657318543,101
929000,1857.999999969888,-28005.00182339132,13439.139801737841,-14565.86202165348,288.1977344572425,42.069456468356776,1.1953430641611698,101
929500,1858.9999999698643,-28137.397645808298,13599.69718705433,-14537.700458753969,291.6408324070537,41.62183970704304,1.2081982285365234,101
930000,1859.9999999698407,-28280.791347474966,13771.052838879297,-14509.738508595668,295.3154954711298,41.75559712403286,1.2043279575934287,101
930500,1860.999999969817,-28036.08193284539,13581.747570941941,-14454.33436190345,291.2559090582172,41.67801798647314,1.2065696842590172,101
931000,1861.9999999697934,-28155.840299302243,13845.585609978958,-14310.254689323285,296.9138251328961,41.421335128047346,1.2140466464208621,101
931500,1862.9999999697698,-28110.63081921086,13858.058627718612,-14252.572191492247,297.1813047117564,41.893574125823704,1.200361488648512,101
932000,1863.999999969746,-27832.815124673863,13540.059802017855,-14292.755322656009,290.3619291803574,42.20486063756773,1.1915080927365576,101
932500,1864.9999999697225,-28083.217728157295,13523.738695977314,-14559.479032179981,290.01192867034615,41.92788497921229,1.1993791966232707,101
933000,1865.9999999696988,-28265.21161885994,13630.17792360179,-14635.03369525815,292.29448132708586,41.768528878033905,1.2039550913876387,101
933500,1866.9999999696752,-28294.502261998005,13694.18808501297,-14600.314176985035,293.6671572403581,42.15149348872324,1.193016636905971,101
934000,1867.9999999696515,-27925.455201051696,13209.434260450906,-14716.02094060079,283.27177806659546,42.199253845674235,1.191666402121359,101
934500,1868.9999999696279,-28165.61018032016,13639.580551613799,-14526.029628706361,292.4961174534289,42.107932468288986,1.1942508229382063,101
935000,1869.9999999696042,-28183.071103998263,13517.96790972077,-14665.103194277493,289.8881761423043,42.151421783382304,1.1930186663906495,101
935500,1870.9999999695806,-28276.453668283513,13539.192086408346,-14737.261581875167,290.34332131731685,41.8390924722733,1.2019245645876744,101
936000,1871.999999969557,-28067.162035298257,13454.824690015035,-14612.337345283222,288.53409149596587,41.960771605666224,1.1984391868449318,101
936500,1872.9999999695333,-27918.503397099455,13400.156464931953,-14518.346932167502,287.36175019673294,41.93075675445578,1.1992970529237283,101
937000,1873.9999999695096,-28094.54326639487,13439.708190503115,-14654.835075891755,288.2099233589773,42.08222618079347,1.1949803412594167,101
937500,1874.999999969486,-28138.421711351923,13383.493228301564,-14754.928483050358,287.0044128138015,41.940969611576236,1.1990050174853508,101
938000,1875.9999999694624,-28214.91917496151,13597.020730926311,-14617.898444035198,291.5834367251985,42.03970848743691,1.196188908339085,101
938500,1876.9999999694387,-28385.694376479685,13670.49416101079,-14715.200215468894,293.159049182955,41.998437128340264,1.1973643887940515,101
939000,1877.999999969415,-28214.382298823686,13659.554941838049,-14554.827356985637,292.9244613872459,41.84357338832785,1.201795853709475,101
939500,1878.9999999693914,-28027.62067999321,13401.061624533206,-14626.559055460006,287.3811610333081,41.675150483807755,1.206652703558178,101
940000,1879.9999999693678,-28123.910267610874,13523.643877909579,-14600.266389701295,290.00989532946943,41.73875637780881,1.204813879630031,101
940500,1880.9999999693441,-28123.756184114478,13548.344154446364,-14575.412029668114,290.53958427112684,42.498354459352626,1.18327953263644,101
941000,1881.9999999693205,-27958.889200238787,13453.114795963389,-14505.774404275398,288.49742340566274,41.91573464893528,1.1997268668594818,101
941500,1882.9999999692968,-28128.259700781135,13615.744011328972,-14512.515689452162,291.98495103885693,41.89396396201472,1.2003503189164952,101
942000,1883.9999999692732,-27894.133220696316,13384.67956418587,-14509.453656510446,287.0298533791357,42.32709007855623,1.1880673325085764,101
942500,1884.9999999692495,-28256.214325503825,13907.82594644625,-14348.388379057575,298.2485477584774,41.74941220813626,1.2045063712940216,101
943000,1885.9999999692259,-28187.64277604937,13924.253152335437,-14263.389623713934,298.60082354327983,42.224482558046724,1.1909543931852695,101
943500,1886.9999999692022,-28156.762665789,13887.582551950512,-14269.180113838487,297.81443512050623,41.95602694328681,1.1985747141991192,101
944000,1887.9999999691786,-27869.33948162404,13634.521479566196,-14234.818002057844,292.38762739200496,42.269966028566074,1.1896728984474756,101
944500,1888.999999969155,-28067.05950911846,13770.521641111929,-14296.53786800653,295.3041041175638,41.94039229796164,1.1990215219070464,101
945000,1889.9999999691313,-28165.74196013927,13854.807208175536,-14310.934751963732,297.11157913706126,41.82471837934219,1.2023376355193391,101
945500,1890.9999999691076,-28287.85494762434,13930.900194360449,-14356.95475326389,298.7433670751362,41.91662758280612,1.1997013095373172,101
946000,1891.999999969084,-28115.318482089246,13750.06709674135,-14365.251385347896,294.86546344309187,42.30580675345531,1.188665028787646,101
946500,1892.9999999690604,-27953.6139102277,13627.251553335243,-14326.362356892458,292.2317263224171,42.309016711336525,1.1885748455365597,101
947000,1893.9999999690367,-28030.595236884015,13655.256795290607,-14375.338441593409,292.8322891116679,42.03682500335546,1.196270960008671,101
947500,1894.999999969013,-27939.069117043568,13670.313185221807,-14268.75593182176,293.1551682193557,41.89484576148365,1.2003250540359471,101
948000,1895.9999999689894,-28211.949559129527,13737.876563374575,-14474.072995754952,294.6040416445274,41.4123543995119,1.2143099259063919,101
948500,1896.9999999689658,-28041.88653362282,13429.257295292298,-14612.62923833052,287.98580750281076,42.311408834091175,1.1885076481301873,101
949000,1897.9999999689421,-28420.057501489046,13875.618388077073,-14544.439113411972,297.55786773793056,41.867240153971686,1.201116501052914,101
949500,1898.9999999689185,-28263.42439732292,13742.122788553635,-14521.301608769285,294.6951004842042,41.696938996154465,1.2060221736448886,101
950000,1899.9999999688948,-28048.34695773728,13508.687975303728,-14539.658982433553,289.6891711379396,42.19231229194091,1.191862457182416,101
950500,1900.9999999688712,-28244.847077679424,13647.936417872257,-14596.910659807167,292.6753061337047,42.27712147235684,1.1894715451561972,101
951000,1901.9999999688475,-28297.983837302367,13587.501491941373,-14710.482345360993,291.37929991661633,41.6430914893007,1.2075816468957596,101
951500,1902.9999999688239,-28216.866881841033,13679.512739995684,-14537.35414184535,293.3524495098966,42.294605640094936,1.1889798294941059,101
952000,1903.9999999688002,-28014.80539274971,13456.887048335559,-14557.91834441415,288.57831806138466,41.690514683997066,1.2062080159874689,101
952500,1904.9999999687766,-28449.64003560868,13913.228507687414,-14536.411527921267,298.36440382761134,41.88684322111407,1.20055437782745,101
953000,1905.999999968753,-28114.975432066316,13773.07608920378,-14341.899342862536,295.3588833790136,41.51545340334793,1.2112943224757173,101
953500,1906.9999999687293,-28112.07667211484,13773.949942759373,-14338.126729355467,295.3776228681985,41.94303341133031,1.1989460206494293,101
954000,1907.9999999687057,-28249.158664620983,14036.025625222435,-14213.133039398548,300.99774581181305,41.716217800284035,1.2054648204981357,101
954500,1908.999999968682,-28053.57502920513,13850.014695945682,-14203.56033325945,297.0088053593211,42.019390279941675,1.1967673178372054,101
955000,1909.9999999686584,-28123.446942223476,13876.913192620275,-14246.5337496032,297.58563437637775,42.08109600719769,1.195012434891886,101
955500,1910.9999999686347,-28002.986260262798,13646.185242607606,-14356.801017655192,292.6377527819757,42.28990080510406,1.189112105848478,101
956000,1911.999999968611,-28123.374125308706,13675.199290740906,-14448.1748345678,293.25994907301873,42.13547372573261,1.1934702177507366,101
956500,1912.9999999685874,-28221.140152443117,13636.783533038248,-14584.356619404869,292.43613635131965,41.652024461258115,1.2073226608530034,101
957000,1913.9999999685638,-28186.98589911403,13548.493233464098,-14638.492665649934,290.5427812194286,41.95111934900657,1.198714927821619,101
957500,1914.9999999685401,-28355.609307311184,13577.392023446071,-14778.217283865113,291.1625058390269,41.772513021175065,1.2038402615851513,101
958000,1915.9999999685165,-28137.795706644367,13323.013160119957,-14814.78254652441,285.7074385366603,41.77480786723227,1.2037741301480762,101
958500,1916.9999999684928,-28342.86948122065,13582.952274112018,-14759.91720710863,291.2817435036826,41.90982848037153,1.1998959391120547,101
959000,1917.9999999684692,-28159.352190670696,13398.951573900002,-14760.400616770694,287.33591172263425,41.696350468708594,1.2060391961694392,101
959500,1918.9999999684455,-27919.55601199259,13304.402520677046,-14615.153491315545,285.3083397696726,42.2843584764532,1.1892679660845273,101
960000,1919.999999968422,-28168.122118611966,13474.634429775022,-14693.487688836944,288.95890455716176,41.944821480514264,1.1988949106826425,101
960500,1920.9999999683982,-28270.29098555327,13549.002314460919,-14721.288671092352,290.553698286451,41.9288020910497,1.1993529625120176,101
961000,1921.9999999683746,-28138.82190442155,13508.50574607946,-14630.316158342092,289.6852632948513,41.67535812956732,1.2066466914606602,101
961500,1922.999999968351,-28063.78132271116,13469.442634154086,-14594.338688557073,288.84756828432046,42.212866600932195,1.1912821149504693,101
962000,1923.9999999683273,-27993.675985012193,13385.449092303006,-14608.226892709186,287.04635564514615,42.28601224831857,1.1892214547726743,101
962500,1924.9999999683037,-28199.092430024284,13644.027963725828,-14555.064466298456,292.5914906777419,41.99605603719675,1.1974322769247652,101
963000,1925.99999996828,-28018.10600381338,13581.041073610808,-14437.064930202572,291.24075846575096,42.049451124447735,1.195911757650582,101
963500,1926.9999999682564,-28133.365945303893,13447.389402564168,-14685.976542739725,288.37464431184617,41.83891072363553,1.2019297857597493,101
964000,1927.9999999682327,-28213.290534641015,13596.694982571582,-14616.595552069433,291.5764511636803,41.82987434385642,1.2021894349741522,101
964500,1928.999999968209,-28248.06490317632,13649.299713756509,-14598.765189419812,292.70454154542244,41.57076239630588,1.2096827217907662,101
965000,1929.9999999681854,-27855.59560582103,13445.872278244386,-14409.723327576643,288.3421101021942,42.03242383500541,1.1963962202103653,101
965500,1930.9999999681618,-28266.56230150096,13826.713238119006,-14439.849063381953,296.50911360417393,41.92699985486772,1.1994045168162009,101
966000,1931.9999999681381,-28110.26171147536,13607.2322319831,-14503.02947949226,291.8024188560037,42.060209438515685,1.195605862971071,101
966500,1932.9999999681145,-28126.193361786558,13491.631516214926,-14634.561845571632,289.323401234525,42.06255873477053,1.1955390854743937,101
967000,1933.9999999680908,-28394.930441364562,13688.894487841753,-14706.035953522809,293.5536378682569,42.03591826121725,1.1962967643525042,101
967500,1934.9999999680672,-28231.91869391708,13498.376625039413,-14733.542068877667,289.4680477751938,41.65652482299657,1.2071922277760254,101
968000,1935.9999999680435,-28082.831343974263,13444.219086417479,-14638.612257556784,288.30665797161396,41.85530592583744,1.201458976111268,101
968500,1936.99999996802,-28383.00324337617,13768.497088195727,-14614.506155180443,295.2606882760482,41.97899797506588,1.1979188505726026,101
969000,1937.9999999679962,-28157.7926283897,13654.021020544504,-14503.771607845196,292.8057883469329,41.903917394189506,1.2000651998577467,101
969500,1938.9999999679726,-27907.019324948986,13451.14425713896,-14455.875067810026,288.45516587778235,41.91241000424864,1.1998220335548093,101
970000,1939.999999967949,-27967.103167593028,13587.54103089366,-14379.562136699367,291.3801478158599,41.9384542921611,1.1990769295443486,101
970500,1940.9999999679253,-28087.29403665666,13707.982443333534,-14379.311593323127,293.96297251387466,42.12390635894585,1.1937979486985777,101
971000,1941.9999999679017,-27987.489018600838,13645.41454343894,-14342.074475161899,292.6212254031676,41.92650773818234,1.1994185949497511,101
971500,1942.999999967878,-28209.475496583276,13867.78918759231,-14341.686308990966,297.389973224174,42.53750734370768,1.1821904042508324,101
972000,1943.9999999678544,-27842.04418810972,13479.614171212648,-14362.430016897073,289.06569340091806,42.44390084284744,1.1847976270766092,101
972500,1944.9999999678307,-27974.312733189392,13595.750285410108,-14378.562447779284,291.5561924577139,42.20732359946715,1.1914385635936269,101
973000,1945.999999967807,-28010.63140699806,13656.181332750912,-14354.45007424715,292.85211549977095,42.176867617761616,1.1922989032334723,101
973500,1946.9999999677834,-27644.982285475315,13281.291023789057,-14363.691261686257,284.81272166157225,41.97494269920294,1.1980345837002284,101
974000,1947.9999999677598,-28163.556034820012,13793.663402266435,-14369.892632553578,295.80037123245876,42.19529060312617,1.191778330796822,101
974500,1948.9999999677361,-28033.02384672063,13766.50759451041,-14266.516252210218,295.2180242676902,42.04334777794243,1.196085365705898,101
975000,1949.9999999677125,-27978.683115824166,13585.458347801621,-14393.224768022545,291.3354853927009,41.83630014778265,1.2020047859118774,101
975500,1950.9999999676888,-27735.54565818815,13420.822214330288,-14314.723443857863,287.80492009044076,42.017796156751565,1.1968127222779192,101
976000,1951.9999999676652,-28065.024674801625,13611.941658705273,-14453.083016096352,291.9034108935854,41.85576261931693,1.2014458668415777,101
976500,1952.9999999676415,-28026.119970263826,13444.010846814706,-14582.10912344912,288.3021923448976,41.912890297105335,1.1998082844206421,101
977000,1953.999999967618,-27960.062848527643,13602.18948786948,-14357.873360658163,291.6942789415127,42.28021007109783,1.1893846534328438,101
977500,1954.9999999675942,-28159.59756239755,13747.157367675163,-14412.440194722387,294.80306530324583,41.86021527094075,1.2013180696036683,101
978000,1955.9999999675706,-28097.142318935163,13557.844040145297,-14539.298278789865,290.7433060551418,41.40986634465077,1.2143828860480383,101
978500,1956.999999967547,-28093.397561806778,13624.388487328488,-14469.00907447829,292.170328855844,42.301318879795424,1.1887911378219356,101
979000,1957.9999999675233,-28214.352051221627,13622.544216200724,-14591.807835020903,292.13077909532456,41.93015746821124,1.1993141938616674,101
979500,1958.9999999674997,-28274.33493310086,13616.544841341358,-14657.790091759503,292.0021245632535,41.93007040391094,1.1993166841377418,101
980000,1959.999999967476,-28006.609193988537,13415.929261726269,-14590.679932262268,287.69999240339473,42.285169110494415,1.189245167048418,101
980500,1960.9999999674524,-28362.16812116752,13719.867703213735,-14642.300417953786,294.217847827432,42.624776422537266,1.179770012257278,101
981000,1961.9999999674287,-28018.133815932266,13392.040182252622,-14626.093633679644,287.18769930397445,41.918109389615914,1.1996589000490059,101
981500,1962.999999967405,-28121.102708065442,13538.258454058778,-14582.844254006664,290.3232998924391,41.95625528872924,1.1985681909984305,101
982000,1963.9999999673814,-28157.87269748984,13616.253029723808,-14541.619667766034,291.9958667634013,41.91644329787684,1.1997065840036982,101
982500,1964.9999999673578,-28175.411109643715,13735.356185471217,-14440.054924172498,294.54999300656107,42.46872540251645,1.1841050685147427,101
983000,1965.9999999673341,-27740.436974520133,13641.603120991662,-14098.833853528471,292.5394907586465,42.104620615121036,1.19434475997679,101
983500,1966.9999999673105,-27995.607648062523,14037.557562326954,-13958.05008573557,301.030597676543,42.53260319344757,1.182326714726637,101
984000,1967.9999999672868,-28082.41382566913,14012.425472975778,-14069.988352693352,300.49164865748077,42.03076441041001,1.196443455356847,101
984500,1968.9999999672632,-27791.18186974562,13763.644200416176,-14027.537669329442,295.1566197653939,42.36200558668844,1.1870881065716712,101
985000,1969.9999999672395,-27910.769908946913,13789.835132501437,-14120.934776445476,295.718275302999,42.30837923950531,1.1885927541163006,101
985500,1970.999999967216,-27831.673936409657,13559.729694374133,-14271.944242035524,290.7837432620417,42.07731700649032,1.1951197600057015,101
986000,1971.9999999671923,-27872.515284490546,13468.664160410046,-14403.8511240805,288.83087418241536,42.58153251205095,1.180968134208151,101
986500,1972.9999999671686,-28306.364576296615,13961.994175702264,-14344.370400594351,299.4101668190311,42.22803928499546,1.1908540830677106,101
987000,1973.999999967145,-28065.50284537263,13660.076370034112,-14405.426475338518,292.9356432357128,42.172732849874315,1.192415800548017,101
987500,1974.9999999671213,-27896.283068519806,13585.523519771468,-14310.759548748338,291.3368829831968,42.24398691227254,1.190404520930084,101
988000,1975.9999999670977,-27907.705617822532,13570.072017741548,-14337.633600080984,291.005530832339,41.78979897786966,1.2033423044009115,101
988500,1976.999999967074,-28173.991155650478,13823.947407391155,-14350.043748259322,296.44980131474034,41.92965840222595,1.1993284686481227,101
989000,1977.9999999670504,-28096.61942738936,13982.965730347978,-14113.653697041382,299.8598946011738,41.8810281815112,1.200721070756339,101
989500,1978.9999999670267,-28073.859637893605,13942.327974237916,-14131.531663655689,298.9884318872558,42.07235092876038,1.195260827892182,101
990000,1979.999999967003,-27757.748707438357,13736.537941790708,-14021.21076564765,294.57533536470163,41.8961038956924,1.2002890084404936,101
990500,1980.9999999669794,-27873.333272538748,13996.115193753576,-13877.218078785172,300.14188032486805,42.21471086386883,1.1912300705942076,101
991000,1981.9999999669558,-27800.04642291747,13834.134110258557,-13965.912312658911,296.66825165689653,42.45216540701275,1.1845669713275324,101
991500,1982.9999999669321,-28104.41966616587,14004.003239095528,-14100.416427070344,300.31103674636404,41.977374813656155,1.1979651711359742,101
992000,1983.9999999669085,-27827.60163397947,13633.989988600018,-14193.611645379451,292.3762297508913,42.12700612635205,1.1937101072801808,101
992500,1984.9999999668848,-27989.461492107177,13623.769644366424,-14365.691847740753,292.1570579811986,42.101412712542334,1.194435762662651,101
993000,1985.9999999668612,-28133.741050088618,13875.72009415973,-14258.020955928889,297.56004878992013,42.232462376917205,1.190729362490734,101
993500,1986.9999999668375,-28085.91337566834,13900.614232997263,-14185.299142671078,298.093895041993,42.43164111664985,1.1851399493183434,101
994000,1987.999999966814,-27995.804381319645,13922.37984859225,-14073.424532727395,298.5606511883002,42.17036031634734,1.1924828866825359,101
994500,1988.9999999667903,-27823.940888503184,13712.78558763333,-14111.155300869854,294.06597429270084,42.09110689361343,1.1947282149073335,101
995000,1989.9999999667666,-27912.12871572753,13795.32306124844,-14116.805654479089,295.83596204895764,41.901791717842585,1.2001260791210315,101
995500,1990.999999966743,-27836.953097481943,13782.919747937392,-14054.03334954455,295.56997725761363,42.317237617589015,1.188343942884843,101
996000,1991.9999999667193,-27832.356137112653,14012.520356127778,-13819.835780984875,300.49368339406726,41.91329558388557,1.1997966826978543,101
996500,1992.9999999666957,-27850.842676217064,14005.405116055215,-13845.437560161849,300.3410995159855,42.01350098702543,1.196935076132081,101
997000,1993.999999966672,-28097.397399050067,14144.152308199882,-13953.245090850185,303.31648536867425,41.9491313156205,1.198771736752392,101
997500,1994.9999999666484,-27932.05042490005,13966.186006111138,-13965.864418788913,299.50005918155495,42.31062829603224,1.1885295734829902,101
998000,1995.9999999666247,-27629.305486440444,13767.818390261207,-13861.487096179237,295.24613383208856,42.23944872082326,1.1905324175712966,101
998500,1996.999999966601,-27592.501941614748,13663.623461133922,-13928.878480480826,293.0117093853295,42.246366366546454,1.1903374734330179,101
999000,1997.9999999665774,-27892.45999131735,13670.66805458114,-14221.791936736212,293.1627782708096,42.40345168594094,1.1859278196249663,101
999500,1998.9999999665538,-28201.45610056127,13998.960745612298,-14202.495354948973,300.2029022065556,42.03919656088742,1.196203474765432,101
1000000,1999.9999999665301,-27839.314827160615,13703.345398707064,-14135.96942845355,293.86353268546003,41.84334049256492,1.2018025427825494,101
1000500,2000.9999999665065,-27716.987641910837,13516.832208503387,-14200.15543340745,289.8638214200007,42.029692181129754,1.1964739781048952,101
1001000,2001.9999999664828,-27797.98707657953,13545.196428065552,-14252.79064851398,290.4720823606606,42.165662041815054,1.1926157581164323,101
1001500,2002.9999999664592,-28035.444925135933,13716.860442804276,-14318.584482331657,294.15335816144784,42.48359478723529,1.1836906282137405,101
1002000,2003.9999999664356,-27982.70336276868,13545.395103152941,-14437.308259615738,290.47634287963155,42.6061759663049,1.1802850610730788,101
1002500,2004.999999966412,-28156.60568601768,13861.26671199836,-14295.33897401932,297.2501009766224,42.014797310973314,1.1968981459145724,101
1003000,2005.9999999663883,-27751.54390159784,13591.307802114336,-14160.236099483505,291.4609249301717,42.171449539640165,1.192452086694614,101
1003500,2006.9999999663646,-28082.397798116468,13731.30431031231,-14351.093487804159,294.46310193627465,42.06519032750553,1.1954642927075656,101
1004000,2007.999999966341,-28073.41307868897,13668.590579716294,-14404.822498972675,293.1182275362929,42.11792058855821,1.193967610455623,101
1004500,2008.9999999663173,-28145.94422883948,13814.087525756468,-14331.85670308301,296.238359541602,41.83102550292577,1.2021563516047031,101
1005000,2009.9999999662937,-27727.709167104767,13422.234671437986,-14305.474495666782,287.8352097477002,42.18448835288237,1.1920835114038906,101
1005500,2010.99999996627,-28051.02110162821,13529.00832148613,-14522.012780142079,290.12493397838546,42.20131604152467,1.191608170536658,101
1006000,2011.9999999662464,-28274.757761796063,13631.531146737609,-14643.226615058455,292.3235007321751,41.96152825829961,1.1984175765222311,101
1006500,2012.9999999662227,-28163.536622062325,13607.09161822657,-14556.445003835755,291.7994034423193,42.12469705463306,1.1937755406824868,101
1007000,2013.999999966199,-28066.66365050802,13558.426327032565,-14508.237323475456,290.7557929973263,41.98043116169664,1.197877954344673,101
1007500,2014.9999999661754,-27890.124221610615,13419.216314027093,-14470.907907583522,287.77048211033394,41.839666751475484,1.2019080673176523,101
1008000,2015.9999999661518,-28098.12807007846,13559.050225739316,-14539.077844339143,290.76917229067914,42.094899991494366,1.1946205600355753,101
1008500,2016.9999999661281,-28049.31669822416,13391.917659582356,-14657.399038641805,287.18507184741765,41.92307802777828,1.1995167189098097,101
1009000,2017.9999999661045,-28337.427085456016,13638.55013039907,-14698.876955056947,292.47402042460095,41.66149082726759,1.207048331779026,101
1009500,2018.9999999660808,-28149.247271991633,13449.685000999149,-14699.562270992485,288.42387263136254,41.77970356993575,1.2036330731333111,101
1010000,2019.9999999660572,-28669.741156675293,13775.905681889875,-14893.835474785417,295.41956302172883,41.29441573497025,1.2177780483740934,101
1010500,2020.9999999660336,-28481.198718375243,13597.83829262168,-14883.360425753563,291.60096905478656,41.42211021091283,1.2140239294045454,101
1011000,2021.99999996601,-28230.104636775566,13451.444719511823,-14778.659917263743,288.46160919010936,41.645686228580246,1.207506408382093,101
1011500,2022.9999999659863,-28415.02036143899,13531.664820443006,-14883.355540995984,290.18190168556424,42.02594871602336,1.1965805541305317,101
1012000,2023.9999999659626,-28234.938727823912,13419.796327165068,-14815.142400658844,287.7829202927464,41.91173609791269,1.199841325708886,101
1012500,2024.999999965939,-28329.514679016535,13293.914328720502,-15035.600350296032,285.0834240976117,41.50361185330866,1.211639921369196,101
1013000,2025.9999999659153,-28487.0052661498,13403.43050327308,-15083.57476287672,287.4319608237789,42.18326320396694,1.192118133661871,101
1013500,2026.9999999658917,-28484.68495928258,13420.298946805406,-15064.386012477173,287.79369879819956,41.72181130435519,1.205303207850691,101
1014000,2027.999999965868,-28452.39659154261,13454.1689224509,-14998.22766909171,288.5200287859188,41.247338575007376,1.2191679448853152,101
1014500,2028.9999999658444,-28319.055272699945,13306.617162950382,-15012.438109749562,285.3558320121245,41.959482677225445,1.1984760009869067,101
1015000,2029.9999999658207,-28534.779549984883,13365.866617165088,-15168.912932819796,286.62641619566716,41.8368348085522,1.2019894246923497,101
1015500,2030.999999965797,-28707.33380272065,13560.38395950535,-15146.949843215298,290.7977737529312,41.80508063163399,1.2029024281902216,101
1016000,2031.9999999657734,-28692.652041095607,13726.769773782507,-14965.8822673131,294.3658603587644,42.002630961901225,1.1972448356412266,101
1016500,2032.9999999657498,-28376.269108741722,13557.902087511156,-14818.367021230566,290.7445508609536,41.96823778012929,1.1982259838007812,101
1017000,2033.9999999657261,-28332.490672285898,13728.549136395515,-14603.941535890383,294.4040181784918,42.15913945541951,1.1928002718285118,101
1017500,2034.9999999657025,-28100.088105808554,13509.352640353165,-14590.73546545539,289.70342465150117,42.31404787788168,1.18843352325001,101
1018000,2035.9999999656789,-27952.82298642267,13391.045413770928,-14561.777572651743,287.1663668357538,41.9271753117061,1.1993994975483178,101
1018500,2036.9999999656552,-28204.86631855285,13765.974492964942,-14438.891825587907,295.2065920882572,42.12714432038694,1.1937061914292755,101
1019000,2037.9999999656316,-27789.330927553445,13317.72656070928,-14471.604366844165,285.5940692291289,42.308885300994476,1.1885785372203725,101
1019500,2038.999999965608,-28321.916609828302,13875.166701158885,-14446.749908669417,297.54818146720004,41.92518246608759,1.1994565090600855,101
1020000,2039.9999999655843,-27817.799687447343,13386.034867894408,-14431.764819552935,287.05891740139197,42.0984693064555,1.1945192742380615,101
1020500,2040.9999999655606,-28107.271421632355,13609.464239123465,-14497.80718250889,291.85028348206134,41.834699993663236,1.2020507619296337,101
1021000,2041.999999965537,-27843.80001307952,13469.753127080694,-14374.046885998825,288.85422669842535,42.1347102592984,1.1934918430199237,101
1021500,2042.9999999655133,-28083.653778394288,13631.328146580943,-14452.325631813344,292.3191474635799,42.26911435337247,1.1896968690205905,101
1022000,2043.9999999654897,-27969.21692051537,13595.11213298222,-14374.10478753315,291.5425074982099,42.27772211591245,1.1894546462226119,101
1022500,2044.999999965466,-28043.920547049656,13603.775502211094,-14440.145044838562,291.72829047400757,42.218924219946295,1.1911111884447847,101
1023000,2045.9999999654424,-28068.43132732775,13937.607912612739,-14130.823414715012,298.887211787834,41.88558944099146,1.2005903145597512,101
1023500,2046.9999999654187,-27903.49848875117,13817.613394739104,-14085.885094012066,296.31397059020924,42.03425862766551,1.1963439975930268,101
1024000,2047.999999965395,-27742.953754631493,13632.038627901227,-14110.915126730266,292.3343834913243,42.15308879427191,1.1929714865714416,101
1024500,2048.9999999653714,-27731.316092857796,13461.820276226668,-14269.495816631128,288.68410943812114,41.94508192376807,1.1988874665657832,101
1025000,2049.999999965348,-27894.160873298293,13550.703085395291,-14343.457787903002,290.5901707346395,42.3824774019484,1.1865147128036628,101
1025500,2050.999999965324,-28159.57575408539,13671.123640133505,-14488.452113951884,293.1725481464103,42.00475583980082,1.1971842710922656,101
1026000,2051.9999999653005,-28449.582991287676,13771.344085492156,-14678.23890579552,295.3217411546506,41.80250380188332,1.2029765786473046,101
1026500,2052.999999965277,-28174.102649876913,13550.608014966547,-14623.494634910367,290.5881319819677,41.45092487300954,1.213179999156661,101
1027000,2053.999999965253,-28139.177252896323,13667.37897980583,-14471.798273090493,293.0922451926001,41.80248661812275,1.2029770731552434,101
1027500,2054.9999999652296,-28215.994166501252,13826.89492307471,-14389.099243426543,296.5130097756098,41.98061668816651,1.1978726605189567,101
1028000,2055.999999965206,-28125.496309231716,13580.594205925227,-14544.90210330649,291.23117554180743,41.721551481482905,1.2053107139316088,101
1028500,2056.9999999651823,-28159.364153894414,13650.506772214652,-14508.857381679762,292.730426499231,41.627957039105944,1.2080206807948741,101
1029000,2057.9999999651586,-27949.81678672936,13600.219978451514,-14349.596808277845,291.6520434889002,42.325010913614136,1.1881256948785626,101
1029500,2058.999999965135,-27960.603914606374,13601.378712143272,-14359.225202463102,291.6768921347012,41.48247836021693,1.2122571984683501,101
1030000,2059.9999999651113,-28018.592827031047,13738.422575025474,-14280.170252005573,294.6157506767347,42.01679985944635,1.1968411009572582,101
1030500,2060.9999999650877,-28070.301899659375,13843.75234471961,-14226.549554939764,296.8745113894425,41.91480864307525,1.199753371909728,101
1031000,2061.999999965064,-28030.77328129486,13734.850624464703,-14295.922656830156,294.53915142452104,41.80665126862163,1.2028572362652792,101
1031500,2062.9999999650404,-27990.687038963548,13729.286340727864,-14261.400698235684,294.4198272720461,42.328335483803876,1.188032376603187,101
1032000,2063.9999999650167,-28172.564959789972,13827.131946985744,-14345.433012804227,296.51809267192465,41.70245087814188,1.2058627716971528,101
1032500,2064.999999964993,-27847.68434320806,13514.26277634,-14333.42156686806,289.80872083028635,42.07984218346673,1.195048041844572,101
1033000,2065.9999999649694,-27825.93730663481,13579.892391608428,-14246.044915026381,291.2161253749742,41.79526837469558,1.2031848330689612,101
1033500,2066.999999964946,-28154.35943921058,13780.931514203461,-14373.42792500712,295.52734026848015,42.000053245188084,1.1973183155009912,101
1034000,2067.999999964922,-27922.4446382975,13511.751309897008,-14410.693328400492,289.75486329552496,41.70004755323661,1.2059322699399992,101
1034500,2068.9999999648985,-28056.0804795983,13562.628947096937,-14493.451532501362,290.84591674030423,41.8364200535722,1.2020013408911825,101
1035000,2069.999999964875,-28249.498414505037,13842.979005750789,-14406.519408754248,296.85792740102727,41.91210056651256,1.1998308918608533,101
1035500,2070.999999964851,-28063.07032133513,13729.065759311363,-14334.004562023767,294.41509697937585,42.024564653663056,1.196619963036244,101
1036000,2071.9999999648276,-27806.96402789114,13523.183103944633,-14283.780923946506,290.00001419014404,41.980922341581845,1.1978639390843289,101
1036500,2072.999999964804,-27910.85785744233,13693.764009533137,-14217.093847909193,293.6580630874339,42.0163605885351,1.1968536136421664,101
1037000,2073.9999999647803,-28017.30965273719,13860.938821068703,-14156.370831668486,297.24306946832127,41.91559653796485,1.1997308199331707,101
1037500,2074.9999999647566,-27989.756913432568,13735.444517484246,-14254.312395948322,294.5518872562236,41.615305082930576,1.2083879453068582,101
1038000,2075.999999964733,-28197.01737233933,13826.980480553299,-14370.036891786032,296.51484452633485,41.75510028077552,1.204342287872157,101
1038500,2076.9999999647093,-28222.356114804326,13810.953883571598,-14411.402231232729,296.1711596618774,41.77049801499562,1.2038983347631464,101
1039000,2077.9999999646857,-28149.37333133301,13764.838424361707,-14384.534906971301,295.18222948749025,41.919772409822976,1.1996113077822146,101
1039500,2078.999999964662,-28088.425698657436,13746.392325871233,-14342.033372786203,294.7866592446803,41.37536200445469,1.2153956017850989,101
1040000,2079.9999999646384,-28307.97669622633,13923.031185976975,-14384.945510249356,298.57461889467237,42.25294644637867,1.1901521013758902,101
1040500,2080.9999999646147,-28172.12278502679,13819.51752685087,-14352.60525817592,296.35480404895844,41.89683581357394,1.2002680399599095,101
1041000,2081.999999964591,-28127.080527732975,13874.298414382141,-14252.782113350833,297.52956135567445,41.62090889544041,1.208225248728039,101
1041500,2082.9999999645675,-27985.445505181266,13885.575378802918,-14099.870126378348,297.77139198215565,41.77939429780719,1.20364198303181,101
1042000,2083.999999964544,-28165.373871256703,13919.962688066891,-14245.411183189812,298.5088160115326,42.15873410738016,1.192811740371431,101
1042500,2084.99999996452,-27949.032754310098,13670.941867609388,-14278.09088670071,293.1686500970999,41.62106465714468,1.2082207270939713,101
1043000,2085.9999999644965,-27711.979299818184,13687.631354619152,-14024.347945199032,293.52655041039566,41.703313401169076,1.2058378316067044,101
1043500,2086.999999964473,-27804.69135752668,13841.46513240499,-13963.22622512169,296.8254629073952,42.17213451963803,1.1924327183169612,101
1044000,2087.999999964449,-27822.258328693475,13787.575694373507,-14034.682634319968,295.6698224288403,42.16458555734749,1.1926462062359242,101
1044500,2088.9999999644256,-27753.814430390776,13694.894982758582,-14058.919447632194,293.6823164195753,42.53845412322994,1.1821640922070775,101
1045000,2089.999999964402,-27924.645735597842,13816.98704440963,-14107.658691188211,296.3005387226497,42.07632767353985,1.1951478606367143,101
1045500,2090.9999999643783,-28056.480508861216,13908.163506111785,-14148.31700274943,298.2557866094967,41.72383505244908,1.2052447465403542,101
1046000,2091.9999999643546,-27924.78173194585,13787.382465197235,-14137.399266748616,295.6656786955616,42.073352066591205,1.1952323865920775,101
1046500,2092.999999964331,-28203.86044431706,14039.41487092285,-14164.445573394209,301.070427021086,41.53362637278415,1.2107643226509237,101
1047000,2093.9999999643073,-28026.917458134223,13766.673428985963,-14260.24402914826,295.2215805310266,41.92349893724428,1.1995046758324326,101
1047500,2094.9999999642837,-27805.096185562972,13579.727776212836,-14225.368409350136,291.21259525438865,41.657822888682375,1.207154611436563,101
1048000,2095.99999996426,-28059.122636443066,13724.534690673587,-14334.58794576948,294.3179297696182,42.19803019787258,1.1917009577621416,101
1048500,2096.9999999642364,-28277.09824229961,13954.40186679186,-14322.696375507749,299.24735236367474,41.33767527670831,1.2165036535282612,101
1049000,2097.9999999642127,-27907.020632464875,13604.95685073913,-14302.063781725745,291.75362408720065,41.82819689785718,1.2022376466592732,101
1049500,2098.999999964189,-27823.77646224493,13679.841237828752,-14143.935224416176,293.35949403303283,42.17637956365994,1.192312700206474,101
1050000,2099.9999999641655,-27839.46307370106,13785.636649385819,-14053.82642431524,295.6282402754654,41.555749623488616,1.210119741747036,101
1050500,2100.999999964142,-28014.098173930623,13941.141159211296,-14072.957014719326,298.96298104687924,41.640771630489645,1.2076489227605895,101
1051000,2101.999999964118,-28024.348350257816,13900.315783052243,-14124.032567205573,298.08749488548955,42.07673269373805,1.1951363564396817,101
1051500,2102.9999999640945,-27901.032027833688,13705.635864428325,-14195.396163405363,293.91265093569456,41.69043956890042,1.206210189253873,101
1052000,2103.999999964071,-27826.907909572106,13494.97241632417,-14331.935493247936,289.3950456892102,42.161496186895384,1.1927335970138282,101
1052500,2104.999999964047,-27968.684996915472,13597.274315147142,-14371.41068176833,291.5888747516656,42.29930844548187,1.1888476396084413,101
1053000,2105.9999999640236,-28034.381225060566,13687.025164419734,-14347.356060640832,293.5135508698968,42.031113108626606,1.1964335294313055,101
1053500,2106.999999964,-28137.455440945887,13539.911444862206,-14597.543996083681,290.35874771214,41.77571324531307,1.2037480415279902,101
1054000,2107.9999999639763,-28075.20570197742,13471.252511429055,-14603.953190548364,288.8863804804868,42.11525204606599,1.1940432636488973,101
1054500,2108.9999999639526,-28108.534471903007,13549.525130022615,-14559.009341880392,290.5649098864971,41.53982285656997,1.2105837132747193,101
1055000,2109.999999963929,-28197.021626460515,13706.10139431712,-14490.920232143395,293.9226340641725,41.69679748840615,1.206026266560712,101
1055500,2110.9999999639053,-28346.94575635064,13828.093088370824,-14518.852667979816,296.5387040186149,42.03833540477356,1.1962279790167492,101
1056000,2111.9999999638817,-28003.115473124486,13597.164302365582,-14405.951170758904,291.58651556537285,41.81552669964046,1.202601927358072,101
1056500,2112.999999963858,-27968.087719448944,13699.578760018047,-14268.508959430897,293.78275841324404,42.05332966299769,1.1958014598479692,101
1057000,2113.9999999638344,-27928.96410554211,13790.636335108022,-14138.327770434087,295.7354568175502,41.88032553157172,1.2007412159337458,101
1057500,2114.9999999638108,-27626.228570334202,13536.79396970194,-14089.434600632263,290.2918945287019,41.96225240143746,1.198396895414458,101
1058000,2115.999999963787,-27941.131626520575,13662.048638010809,-14279.082988509766,292.9779378446693,41.89081540622717,1.200440538452856,101
1058500,2116.9999999637635,-28091.280196281084,13734.80235994372,-14356.477836337364,294.5381164084555,41.835191405866155,1.2020366421803725,101
1059000,2117.99999996374,-28231.421598636218,13689.58241311626,-14541.839185519957,293.56839018935136,41.72397776124412,1.2052406242338356,101
1059500,2118.999999963716,-27924.876676083593,13462.375497078214,-14462.50117900538,288.6960159584713,41.93064693569022,1.1993001939513899,101
1060000,2119.9999999636925,-28006.713063064046,13690.831859421643,-14315.881203642402,293.5951841359767,41.8231122773577,1.2023838080004694,101
1060500,2120.999999963669,-28192.026696853234,13752.832605825735,-14439.194091027499,294.92476883499194,41.90621080117146,1.199999523723934,101
1061000,2121.999999963645,-28125.3606711532,13602.731830018976,-14522.628841134225,291.70590928252346,41.947140609925015,1.1988286274412263,101
1061500,2122.9999999636216,-28033.73240913879,13517.616089991257,-14516.116319147532,289.8806314891138,41.483694577729686,1.212221657554028,101
1062000,2123.999999963598,-28245.871094774066,13637.532428397231,-14608.338666376834,292.4521961549223,42.190046534720224,1.1919264644824836,101
1062500,2124.9999999635743,-28392.69768698363,13633.223411112034,-14759.474275871595,292.359790760109,42.14903843602678,1.193086126479637,101
1063000,2125.9999999635506,-28401.830050159977,13589.143776851493,-14812.686273308484,291.41451815211445,41.63260534860908,1.207885804441028,101
1063500,2126.999999963527,-28415.159797767283,13538.908821450234,-14876.25097631705,290.33724679763895,41.764661163177344,1.204066586485741,101
1064000,2127.9999999635033,-28198.27715648415,13274.02599645845,-14924.2511600257,284.65692564721866,42.10636384117885,1.194295313462827,101
1064500,2128.9999999634797,-28349.97586977892,13617.750247112344,-14732.225622666574,292.027974075754,41.88518167139106,1.200602002803977,101
1065000,2129.999999963456,-28251.52248776035,13568.753200020055,-14682.769287740295,290.9772492395359,41.38418030881394,1.215136620496755,101
1065500,2130.9999999634324,-28442.121917415145,13745.892449486117,-14696.229467929028,294.77593956739264,42.22701637492458,1.1908829303967217,101
1066000,2131.9999999634088,-28086.877792871666,13353.571611443382,-14733.306181428285,286.36275402335485,41.79322292314809,1.2032437195607553,101
1066500,2132.999999963385,-28186.2995700984,13473.365371238071,-14712.934198860328,288.9316900329706,41.71897216112441,1.2053852335638457,101
1067000,2133.9999999633615,-28086.731954230065,13637.231813023609,-14449.500141206456,292.4457495615466,41.70513641360756,1.2057851220952422,101
1067500,2134.999999963338,-28188.723418431655,13773.183710864982,-14415.539707566673,295.36119128855205,41.871324295178475,1.2009993437984283,101
1068000,2135.999999963314,-27990.903298033147,13627.080642026587,-14363.82265600656,292.2280611881396,42.039677321754596,1.196189795121427,101
1068500,2136.9999999632905,-28067.184889985063,13357.250936080443,-14709.93395390462,286.4416558757336,42.00540509003591,1.1971657669933817,101
1069000,2137.999999963267,-28147.264452176878,13692.28359599176,-14454.980856185119,293.6263161278086,41.649002896056814,1.20741025008408,101
1069500,2138.999999963243,-28133.18226698217,13734.997053383366,-14398.185213598805,294.54229154235895,42.26260233966167,1.1898801829173662,101
1070000,2139.9999999632196,-27925.25112751023,13595.685947707634,-14329.565179802596,291.5548127577951,42.42294626826471,1.1853828511693685,101
1070500,2140.999999963196,-28111.974534762474,13580.113405136737,-14531.861129625737,291.2208649341337,42.11990955511126,1.1939112294788425,101
1071000,2141.9999999631723,-28011.45160822285,13404.97094548518,-14606.480662737671,287.464995077618,41.994030702071385,1.197490028029152,101
1071500,2142.9999999631486,-27894.27560574127,13307.713525736239,-14586.562080005031,285.37934313528336,42.089279950194566,1.194780073738184,101
1072000,2143.999999963125,-27975.392269978987,13435.73427995103,-14539.657990027958,288.1247042128903,41.78597712626203,1.2034523651446558,101
1072500,2144.9999999631013,-28020.684661258827,13571.037678076247,-14449.64698318258,291.02623908635087,41.88629822231452,1.2005699987040246,101
1073000,2145.9999999630777,-28299.820074975283,13614.598738397555,-14685.221336577728,291.9603910544354,41.60100172842919,1.2088034160993588,101
1073500,2146.999999963054,-28372.479272996065,13647.925793431725,-14724.55347956434,292.6750782962287,41.963550025329035,1.1983598378146567,101
1074000,2147.9999999630304,-28407.670200602923,13546.573470427247,-14861.096730175675,290.5016125608629,41.6507144349489,1.207360634378089,101
1074500,2148.9999999630068,-28414.747002248318,13459.751156774992,-14954.995845473326,288.6397378825683,41.568908148618576,1.2097366816249104,101
1075000,2149.999999962983,-28319.263063013637,13597.598030300232,-14721.665032713405,291.5958167118734,41.70180682067223,1.2058813954687515,101
1075500,2150.9999999629595,-28416.580465939143,13732.742347442498,-14683.838118496646,294.4939401483254,41.28931465933276,1.2179284983872674,101
1076000,2151.999999962936,-28215.39809628265,13588.373599413528,-14627.024496869122,291.398001961642,41.864187888762174,1.201204072944156,101
1076500,2152.999999962912,-28176.223884864783,13635.727450375234,-14540.496434489549,292.4134890215522,42.17580411793534,1.19232896809419,101
1077000,2153.9999999628885,-28043.55397809911,13623.326737897163,-14420.227240201946,292.1475600041777,42.31004921809672,1.1885458403336422,101
1077500,2154.999999962865,-28283.90660880317,13716.096072870328,-14567.81053593284,294.1369665109032,41.59833095853749,1.2088810258422094,101
1078000,2155.9999999628412,-27959.77220745819,13405.676926401233,-14554.095281056958,287.4801345957403,41.754436140888984,1.2043614439624877,101
1078500,2156.9999999628176,-28011.704035268747,13542.882132171246,-14468.821903097501,290.42245308055465,42.23885446718718,1.190549167036379,101
1079000,2157.999999962794,-28139.114683685144,13739.863985572421,-14399.250698112723,294.6466612305485,42.04330753212147,1.196086510654769,101
1079500,2158.9999999627703,-28122.69088284013,13479.853264084155,-14642.837618755973,289.07082066537913,41.470868118389376,1.212596583677052,101
1080000,2159.9999999627466,-28192.817063755276,13475.563073173738,-14717.253990581537,288.97881899570297,41.57435105000629,1.2095783032666947,101
1080500,2160.999999962723,-28233.690516493145,13662.196536048159,-14571.493980444986,292.98110946725257,41.73321307056652,1.204973911724691,101
1081000,2161.9999999626993,-28108.67878135564,13378.262434693464,-14730.416346662176,286.89224024252775,42.398141900812305,1.186076340801083,101
1081500,2162.9999999626757,-27903.52751532087,13513.107123793015,-14390.420391527856,289.78393825857614,42.03450280500894,1.1963370480615783,101
1082000,2163.999999962652,-27970.09879273101,13615.415709876032,-14354.683082854977,291.97791072702506,42.49094834213394,1.1834857767251952,101
1082500,2164.9999999626284,-27974.421427787467,13600.496924371682,-14373.924503415785,291.65798249898097,42.16247824062819,1.1927058157132484,101
1083000,2165.9999999626048,-28210.148330531712,13605.667220368548,-14604.481110163164,291.76885771977277,41.86721150848757,1.2011173228550454,101
1083500,2166.999999962581,-28009.043398396967,13628.074984491133,-14380.968413905834,292.2493845205689,42.105082384298875,1.194331661520104,101
1084000,2167.9999999625575,-28137.912810176684,13844.255260804639,-14293.657549372045,296.8852962520502,42.075249846298746,1.1951784763294564,101
1084500,2168.999999962534,-28289.887293873035,13769.180819576724,-14520.70647429631,295.27535066053764,42.28252637972356,1.1893194969209715,101
1085000,2169.99999996251,-27994.567656254392,13527.290630655596,-14467.277025598796,290.0880986888386,42.164797106831145,1.192640222483922,101
1085500,2170.9999999624865,-28095.673882457068,13608.256990031678,-14487.41689242539,291.8243944401798,42.18730167296967,1.1920040156230423,101
1086000,2171.999999962463,-28170.474650494954,13750.365706572678,-14420.108943922276,294.87186702830235,42.06045649920134,1.1955988400514723,101
1086500,2172.9999999624392,-28147.94995682353,13801.675663190515,-14346.274293633014,295.9721914144247,41.34004395816558,1.2164339509016813,101
1087000,2173.9999999624156,-28144.352682909765,13388.351525440743,-14756.001157469022,287.10859732631394,41.54054121615238,1.210562778679616,101
1087500,2174.999999962392,-28164.412976192714,13444.909682962494,-14719.50329323022,288.32146757718647,42.15326943453084,1.1929663743065775,101
1088000,2175.9999999623683,-27996.712123406516,13313.880332470895,-14682.831790935621,285.5115881863791,41.82824392633126,1.202236294955336,101
1088500,2176.9999999623446,-28251.974418520105,13613.524211503147,-14638.450207016958,291.93734819446445,42.330710495218526,1.187965720730361,101
1089000,2177.999999962321,-28204.890563357712,13522.538472964996,-14682.352090392716,289.98619030032427,42.14118121679956,1.193308577274371,101
1089500,2178.9999999622974,-28159.809182688718,13479.532296941614,-14680.276885747104,289.06393763531327,41.58413022405268,1.2092938515615212,101
1090000,2179.9999999622737,-28229.072116494186,13611.37313248521,-14617.698984008975,291.89121904418,41.863298836552275,1.2012295829532875,101
1090500,2180.99999996225,-28211.572335313045,13650.933244433449,-14560.639090879597,292.73957204939853,41.87705152161227,1.200835091661784,101
1091000,2181.9999999622264,-28408.133116777437,13762.521512604735,-14645.611604172702,295.1325441111085,42.06719407313077,1.1954073503229017,101
1091500,2182.9999999622028,-28067.62583396051,13419.057755189282,-14648.568078771226,287.76708187054857,42.29342331248817,1.1890130678457502,101
1092000,2183.999999962179,-28090.509677782746,13422.244479476105,-14668.26519830664,287.835420077707,41.79079676201143,1.2033135737721252,101
1092500,2184.9999999621555,-28196.37782994631,13532.088881697367,-14664.28894824894,290.19099553342807,41.590799436985094,1.2090999375636395,101
1093000,2185.999999962132,-28156.504366639474,13559.991691958327,-14596.512674681147,290.7893617101948,41.87981757675407,1.200755779566557,101
1093500,2186.999999962108,-28248.708948345586,13529.059590878454,-14719.649357467131,290.1260334328843,41.895490703319965,1.2003065761560723,101
1094000,2187.9999999620845,-28266.58440371248,13604.081894206724,-14662.502509505757,291.73486094505694,42.092971656619845,1.194675287188282,101
1094500,2188.999999962061,-28262.725140012815,13690.390368354481,-14572.334771658334,293.5857165117674,41.97164863122644,1.1981286092504655,101
1095000,2189.9999999620372,-28048.408709889012,13464.089630825747,-14584.319079063265,288.7327749675957,41.8636929367561,1.2012182747100277,101
1095500,2190.9999999620136,-28112.985509394406,13794.14695344974,-14318.838555944667,295.81074082140407,41.72345650718242,1.2052556813892894,101
1096000,2191.99999996199,-28034.601541772987,13695.007369520612,-14339.594172252375,293.68472651506335,42.04105013446242,1.1961507346187408,101
1096500,2192.9999999619663,-28301.64664245342,13752.8846423306,-14548.762000122819,294.9258847399555,41.49598207439033,1.2118627030523021,101
1097000,2193.9999999619426,-28077.6935605302,13525.9672537767,-14551.726306753499,290.05971932647185,41.91970217159076,1.199613317781648,101
1097500,2194.999999961919,-27850.038244771513,13334.531884717806,-14515.506360053707,285.95445362705374,42.21844413137368,1.191124733208976,101
1098000,2195.9999999618954,-28193.025557356905,13493.577858492317,-14699.447698864587,289.3651398757698,42.2799138163168,1.189392987434933,101
1098500,2196.9999999618717,-28404.735592641216,13587.76169006222,-14816.973902578997,291.3848797758963,41.193589662445454,1.2207587009181085,101
1099000,2197.999999961848,-28333.01367408407,13561.499761615702,-14771.51391246837,290.82170174572315,41.91986185311341,1.1996087482035835,101
1099500,2198.9999999618244,-28364.450717186875,13608.572483368294,-14755.878233818581,291.83116008635886,41.68169255949577,1.206463315535977,101
1100000,2199.9999999618008,-28151.239420825135,13500.716039960325,-14650.52338086481,289.51821572419266,41.930281558324,1.1993106445644048,101
1100500,2200.999999961777,-28053.084850760446,13311.762494283601,-14741.322356476845,285.466171874284,42.32766399072146,1.1880512237458678,101
1101000,2201.9999999617535,-28522.560531689225,13778.208983519427,-14744.351548169798,295.4689565336054,42.08327461913217,1.194950570211058,101
1101500,2202.99999996173,-28178.8835125111,13285.189250736525,-14893.694261774575,284.8963177987681,41.81992188404473,1.2024755364659434,101
1102000,2203.999999961706,-28522.434707089535,13550.805731450306,-14971.628975639229,290.5923719440132,41.65601857124047,1.2072068989617561,101
1102500,2204.9999999616825,-28319.45743781412,13338.60609581735,-14980.85134199677,286.0418236839108,41.81972032995449,1.2024813319103143,101
1103000,2205.999999961659,-28262.295904729628,13376.470595919183,-14885.825308810445,286.85381487580946,42.1622721183055,1.1927116465966583,101
1103500,2206.9999999616352,-28102.963307194375,13230.788288265105,-14872.17501892927,283.7297078543928,41.85522229543403,1.2014613767316287,101
1104000,2207.9999999616116,-28130.367451658887,13177.702919109273,-14952.664532549614,282.59131035654417,42.095129794181155,1.1946140384494506,101
1104500,2208.999999961588,-28346.720718550037,13478.549262544733,-14868.171456005304,289.0428568005088,42.05203929859601,1.1958381529468294,101
1105000,2209.9999999615643,-28279.97170468552,13269.410813757126,-15010.560890928393,284.55795464027557,42.08647956439103,1.194859573026114,101
1105500,2210.9999999615407,-28262.276816533533,13352.01435174259,-14910.262464790943,286.3293591242504,41.96849695458724,1.1982185842131765,101
1106000,2211.999999961517,-28303.809992830913,13530.917388679838,-14772.892604151075,290.16587326827084,42.32466377491456,1.1881354396555286,101
1106500,2212.9999999614934,-28355.683952424104,13593.41371652461,-14762.270235899494,291.5060855409664,41.562416704025395,1.2099256248881722,101
1107000,2213.9999999614697,-28031.673284849065,13270.59065203894,-14761.082632810125,284.5832558667574,42.01805048756954,1.1968054780970236,101
1107500,2214.999999961446,-28714.58253500767,13975.530027310208,-14739.052507697463,299.70043850493573,41.29765513626457,1.2176825254739903,101
1108000,2215.9999999614224,-28275.193372266676,13428.077292471073,-14847.116079795604,287.9605027478378,41.934256798615884,1.1991969535546978,101
1108500,2216.9999999613988,-28047.537819358145,13351.950309406302,-14695.587509951843,286.32798575835795,42.325187908424354,1.1881207263930749,101
1109000,2217.999999961375,-28015.57417556339,13445.898987614617,-14569.675187948773,288.34268287545973,42.238596322976264,1.1905564431630034,101
1109500,2218.9999999613515,-28274.35426792184,13758.890972293306,-14515.463295628535,295.05468842182734,42.270972390312615,1.1896445754345855,101
1110000,2219.999999961328,-27883.34748550284,13411.191724310731,-14472.155761192109,287.59839754165455,42.28460829848138,1.1892609397610658,101
1110500,2220.999999961304,-28150.00492605516,13720.781829086127,-14429.223096969034,294.23745094261045,42.72992875156088,1.176866764624399,101
1111000,2221.9999999612805,-28101.834056617026,13674.029747932458,-14427.804308684568,293.234868629425,42.207072711890916,1.1914456457510534,101
1111500,2222.999999961257,-27889.62218584951,13724.67207751956,-14164.950108329947,294.3208759833148,42.36677835152495,1.1869543769704758,101
1112000,2223.9999999612332,-27960.725463048133,13898.824403521901,-14061.901059526232,298.0555127639995,41.78775900332195,1.2034010485817843,101
1112500,2224.9999999612096,-27792.336770992133,13942.313459944744,-13850.02331104739,298.9881206332268,42.097806326862425,1.1945380861898343,101
1113000,2225.999999961186,-27892.938752048456,13831.015899905105,-14061.92285214335,296.60138270749326,42.084944095968424,1.1949031674559805,101
1113500,2226.9999999611623,-27955.057583347945,13761.968187272,-14193.089396075946,295.12067823950764,41.82050795540715,1.2024586850093162,101
1114000,2227.9999999611387,-28298.15644431794,13908.995939027158,-14389.160505290783,298.273637847287,41.7364364592961,1.2048808491717755,101
1114500,2228.999999961115,-28130.291048770978,13761.060920119025,-14369.230128651952,295.10122220721007,41.81885501729168,1.2025062135653208,101
1115000,2229.9999999610914,-27955.040381593917,13677.607184260942,-14277.433197332975,293.311585522042,42.018419999681036,1.196794953329094,101
1115500,2230.9999999610677,-27930.413360018472,13924.352968157284,-14006.060391861189,298.60296405927596,42.44087949023648,1.1848819724400186,101
1116000,2231.999999961044,-28040.641943792885,13878.1091091475,-14162.532834645386,297.6112803953069,42.17161627065771,1.192447372178848,101
1116500,2232.9999999610204,-27927.47476623674,13724.771349717643,-14202.703416519098,294.3230048414861,42.236095405213135,1.1906269393518236,101
1117000,2233.999999960997,-27934.330070213615,13768.30745771925,-14166.022612494366,295.2566217156499,42.42559491159879,1.1853088473423476,101
1117500,2234.999999960973,-27868.407109201493,13665.726198089247,-14202.680911112246,293.0568018566948,41.74308658216069,1.20468889868751,101
1118000,2235.9999999609495,-27973.394095092026,13690.361859724273,-14283.032235367753,293.58510515399,42.034966831697204,1.1963238416203628,101
1118500,2236.999999960926,-27952.449937698373,13652.150948197503,-14300.29898950087,292.7656852881339,42.21667383544165,1.1911746813237414,101
1119000,2237.999999960902,-28012.99559459438,13825.211432350785,-14187.784162243595,296.47690789559573,42.14313125642458,1.1932533607078468,101
1119500,2238.9999999608785,-27991.94068993021,13659.591962723514,-14332.348727206694,292.9252552874119,41.89770742556434,1.2002430703833,101
1120000,2239.999999960855,-27900.965944773692,13779.808675381077,-14121.157269392615,295.503261375817,41.90547730638189,1.2000205279805307,101
1120500,2240.9999999608312,-27921.139476512613,13614.087046244185,-14307.052430268428,291.94941799205816,42.37995471505979,1.1865853406542413,101
1121000,2241.9999999608076,-28009.900618698226,13667.013398809902,-14342.887219888324,293.0844054337806,41.667699275051866,1.2068684827191707,101
1121500,2242.999999960784,-27927.840706509633,13623.320976050163,-14304.51973045947,292.1474364433489,41.898022724987754,1.2002340380728607,101
1122000,2243.9999999607603,-27880.358898397073,13530.341421339981,-14350.017477057092,290.15352184660867,42.05492943865921,1.1957559713856885,101
1122500,2244.9999999607367,-27983.984485295154,13610.95942036273,-14373.025064932424,291.88234712989265,42.188337127704756,1.1919747595232228,101
1123000,2245.999999960713,-27986.821343123716,13467.950894310108,-14518.870448813608,288.8155784360283,42.12335346418194,1.1938136180264143,101
1123500,2246.9999999606894,-28190.751963110957,13749.360452249619,-14441.391510861338,294.8503096948172,42.1375458500067,1.1934115285566052,101
1124000,2247.9999999606657,-27969.413361234823,13755.613581860694,-14213.799779374129,294.9844059103314,42.337315564962765,1.1877803854927704,101
1124500,2248.999999960642,-28119.27995958243,13690.074891096781,-14429.205068485648,293.57895121039513,42.05285383039112,1.1958149904713098,101
1125000,2249.9999999606184,-27987.49364761468,13559.498282864774,-14427.995364749906,290.778780721752,41.81229376665597,1.2026949127240474,101
1125500,2250.999999960595,-28094.80628295612,13661.524519387423,-14433.281763568697,292.96669830091315,41.7102184404492,1.2056382076799061,101
1126000,2251.999999960571,-28124.622260348224,13804.24145619366,-14320.380804154564,296.0272139635984,41.685705105679816,1.2063471848441567,101
1126500,2252.9999999605475,-28077.4340218824,13906.408506863278,-14171.025515019122,298.2181512537481,41.650034086779165,1.2073803564651369,101
1127000,2253.999999960524,-28496.11372900228,14251.621433701945,-14244.492295300337,305.62112383145666,41.43250652077055,1.213719304606177,101
1127500,2254.9999999605,-28256.26384026529,13952.770030303689,-14303.4938099616,299.2123581909945,41.91671920936941,1.1996986870871342,101
1128000,2255.9999999604765,-28053.560935049605,13515.467318197916,-14538.09361685169,289.83455181646787,41.66677573643611,1.206895232800698,101
1128500,2256.999999960453,-28220.602485375126,13573.761064308004,-14646.841421067122,291.0846411681525,41.71331061455379,1.2055488346910357,101
1129000,2257.9999999604292,-28058.767244983243,13605.3576113596,-14453.409633623643,291.76221826097833,41.84665780767714,1.2017072721457547,101
1129500,2258.9999999604056,-28235.908709750507,13779.729952233421,-14456.178757517086,295.5015731849701,41.78765608531514,1.2034040124148613,101
1130000,2259.999999960382,-28229.54316461125,13728.24265566882,-14501.300508942428,294.39744580463525,41.78813871225595,1.2033901138490248,101
1130500,2260.9999999603583,-28154.71409602493,13699.010060373595,-14455.704035651335,293.77056284481216,41.74224244809325,1.2047132605540607,101
1131000,2261.9999999603347,-27718.03275133583,13341.9621124084,-14376.070638927431,286.1137923063533,42.26988343593771,1.1896752229916567,101
1131500,2262.999999960311,-28077.95759358846,13634.411475684396,-14443.546117904065,292.38526839656447,41.828965688142894,1.2022155502815919,101
1132000,2263.9999999602874,-28040.81885438804,13547.195445826119,-14493.62340856192,290.51495060953914,42.419177696438354,1.1854881620372102,101
1132500,2264.9999999602637,-28163.37293998787,13772.382023840519,-14390.99091614735,295.34399938582595,41.489471891710885,1.2120528584632906,101
1133000,2265.99999996024,-28124.94388837709,13818.658434671192,-14306.285453705897,296.33638111240697,41.71162982317206,1.205597412895728,101
1133500,2266.9999999602164,-28015.606966295818,13793.2975220537,-14222.309444242119,295.79252505703766,41.98613078353527,1.1977153422815658,101
1134000,2267.999999960193,-27688.70752276797,13610.74815738911,-14077.959365378862,291.8778166680275,42.53993173844745,1.1821230299960945,101
1134500,2268.999999960169,-28112.05048691097,13844.198343164375,-14267.852143746597,296.8840756728154,41.77131990154402,1.2038746470307664,101
1135000,2269.9999999601455,-27988.13104432077,13709.510707211128,-14278.620337109642,293.9957456075156,41.6137852104577,1.2084320796139234,101
1135500,2270.999999960122,-28084.66254472323,13511.198070684775,-14573.464474038454,289.7429992707488,41.775832933579906,1.2037445927752863,101
1136000,2271.999999960098,-28663.29125219426,13945.858123298613,-14717.433128895647,299.0641347206661,41.85291382929996,1.2015276453052075,101
1136500,2272.9999999600745,-28196.01502959851,13590.945654536044,-14605.069375062467,291.4531587998135,42.025001711710665,1.1966075182447278,101
1137000,2273.999999960051,-28419.715696155003,13708.493246286818,-14711.222449868184,293.97392650766164,41.67205626867813,1.2067422994021526,101
1137500,2274.9999999600273,-28382.68393999182,13891.521681298915,-14491.162258692906,297.8989083956334,41.476454565956445,1.2124332595138465,101
1138000,2275.9999999600036,-28131.379259964782,13538.29175257199,-14593.087507392793,290.32401396761134,42.00354192314613,1.1972188701250823,101
1138500,2276.99999995998,-28054.400854855347,13261.454929889847,-14792.9459249655,284.3873434449178,41.683414596835036,1.2064134737728225,101
1139000,2277.9999999599563,-28256.101431278094,13458.026353717014,-14798.07507756108,288.60275007374815,41.531375397230974,1.2108299453485798,101
1139500,2278.9999999599327,-28122.816606624543,13458.764316346294,-14664.052290278249,288.61857542871957,41.70699500214155,1.2057313887010657,101
1140000,2279.999999959909,-28349.488356982034,13599.236796420508,-14750.251560561526,291.6309594881326,41.50956754199207,1.2114660783109474,101
1140500,2280.9999999598854,-28002.45583843471,13510.005469484453,-14492.450368950258,289.71742434786574,42.213429534179554,1.1912662287190758,101
1141000,2281.9999999598617,-28123.245962908466,13540.097927851475,-14583.148035056991,290.36274677575676,41.941917113751316,1.198977930982392,101
1141500,2282.999999959838,-28329.735104380612,13654.726784174602,-14675.00832020601,292.82092320543256,41.48777507556345,1.212102430436192,101
1142000,2283.9999999598144,-27932.347153184735,13309.869889131847,-14622.477264052888,285.42558560723086,41.932937354722654,1.1992346869737462,101
1142500,2284.999999959791,-28129.42711044324,13598.24869341822,-14531.178417025021,291.6097699588271,41.88412043478558,1.2006324229914076,101
1143000,2285.999999959767,-28223.022749117805,13672.270600196522,-14550.752148921283,293.1971443107892,41.377298577669556,1.2153387178741433,101
1143500,2286.9999999597435,-28190.816173511983,13603.369450988634,-14587.44672252335,291.7195828450884,41.81888401994907,1.2025053795909924,101
1144000,2287.99999995972,-28253.873771632458,13624.567157445414,-14629.306614187044,292.17416037509844,41.95997244892443,1.1984620119494278,101
1144500,2288.999999959696,-28369.359087430854,13791.514502285854,-14577.844585145,295.75428881088163,41.787556443384474,1.2034068819173969,101
1145000,2289.9999999596726,-28140.68917482276,13469.840306426975,-14670.848868395786,288.85609622954564,41.749778973442154,1.2044957898931477,101
1145500,2290.999999959649,-28012.60018408477,13294.783836228933,-14717.816347855838,285.10207038730886,42.09282482398155,1.1946794545808261,101
1146000,2291.9999999596253,-28268.914230512295,13546.590255045314,-14722.323975466981,290.501972501229,41.72005564498922,1.2053539293042697,101
1146500,2292.9999999596016,-28156.261485156785,13346.208050000805,-14810.05343515598,286.2048449788331,41.929278588943,1.1993393326767523,101
1147000,2293.999999959578,-28343.75672941953,13755.299200107607,-14588.457529311921,294.9776641016792,41.64507021931675,1.2075242696830677,101
1147500,2294.9999999595543,-28221.278506544895,13462.446070878967,-14758.832435665929,288.6975293893746,41.53159640557019,1.2108235019768232,101
1148000,2295.9999999595307,-27928.918661241052,13396.302399988013,-14532.616261253039,287.27910109852564,41.91648036807623,1.1997055230042564,101
1148500,2296.999999959507,-28202.19149864007,13482.867090169953,-14719.324408470116,289.1354511300361,41.85306226039106,1.2015233841102135,101
1149000,2297.9999999594834,-28105.230637322125,13399.654622744492,-14705.576014577633,287.3509883634895,42.01991191194273,1.1967524612584457,101
1149500,2298.9999999594597,-28029.74603769917,13357.658155147217,-14672.087882551952,286.4503885486727,42.16898659020022,1.1925217338319196,101
1150000,2299.999999959436,-27925.843191062915,13456.043207091252,-14469.799983971663,288.56022217590106,42.0003130174432,1.1973109100781132,101
1150500,2300.9999999594124,-28136.13099265776,13722.588417816132,-14413.542574841627,294.2761926170602,42.2947277390205,1.1889763970766996,101
1151000,2301.999999959389,-28175.51276064279,13736.36950326397,-14439.143257378819,294.5717232583825,41.83658118870562,1.2019967113387444,101
1151500,2302.999999959365,-28092.665367355,13713.571587564595,-14379.093779790404,294.0828297911045,41.70362940170001,1.2058286946226942,101
1152000,2303.9999999593415,-27972.58465716113,13629.273710051455,-14343.310947109674,292.27509077824743,42.09586283160239,1.1945932360062836,101
1152500,2304.999999959318,-28118.232443727917,13871.206791504948,-14247.025652222968,297.4632625655623,41.94927789128082,1.1987675481043931,101
1153000,2305.999999959294,-27846.531179996484,13491.816610322498,-14354.714569673986,289.32737051405115,42.43669400274045,1.1849988361306631,101
1153500,2306.9999999592706,-27902.93896935651,13729.828542295003,-14173.110427061507,294.4314545983165,42.27186607097605,1.1896194248450267,101
1154000,2307.999999959247,-27927.551199855647,13803.975032303324,-14123.576167552323,296.02150059483125,42.452426070902995,1.1845596979190707,101
1154500,2308.9999999592233,-27875.70011169977,13778.032962262429,-14097.667149437342,295.46518181824183,41.92309890137485,1.1995161216679853,101
1155000,2309.9999999591996,-27503.119061809713,13177.466172161603,-14325.65288964811,282.58623339961355,42.24316712463473,1.1904276223918513,101
1155500,2310.999999959176,-28243.2323413666,13733.453338018411,-14509.77900334819,294.50918709688176,42.13250497022502,1.1935543124724861,101
1156000,2311.9999999591523,-28235.940420196068,13623.15773325053,-14612.782686945538,292.1439357576119,41.96187063382662,1.198407798386911,101
1156500,2312.9999999591287,-28346.386921322926,13735.672383936893,-14610.714537386033,294.5567737739904,42.14088931428627,1.193316843112575,101
1157000,2313.999999959105,-28133.67731513511,13568.7023258638,-14564.974989271312,290.9761582607388,42.013523053361915,1.1969344474780137,101
1157500,2314.9999999590814,-28175.98999309767,13721.46834284427,-14454.521650253402,294.25217299422155,41.99797629284866,1.1973775272367917,101
1158000,2315.9999999590577,-28128.24798954088,13738.977093013009,-14389.27089652787,294.6276421244077,42.26478086385996,1.1898188509355465,101
1158500,2316.999999959034,-28049.835421942695,13562.494043686573,-14487.341378256122,290.8430237830309,41.859164011039745,1.2013482397598279,101
1159000,2317.9999999590104,-28174.44572966187,13565.732340704068,-14608.713388957804,290.91246794967475,41.75255683086862,1.204415653062518,101
1159500,2318.999999958987,-28079.152624592425,13551.33507140957,-14527.817553182855,290.6037234575229,42.34454460794212,1.1875776081211806,101
1160000,2319.999999958963,-28236.630113163785,13785.760566286215,-14450.86954687757,295.6308976308082,41.862332080519444,1.201257323785879,101
1160500,2320.9999999589395,-28389.826852755836,13924.788529371457,-14465.038323384379,298.6123045198258,42.06157629790743,1.1955670098122866,101
1161000,2321.999999958916,-28185.20494624973,13808.388291800544,-14376.816654449187,296.1161414280568,42.2557969399758,1.1900718160377768,101
1161500,2322.999999958892,-28105.687762343117,13682.044722391354,-14423.643039951763,293.4067470022125,42.225708942791975,1.190919803634575,101
1162000,2323.9999999588686,-28044.235877172876,13750.16065121081,-14294.075225962066,294.8674696865379,42.096979966565975,1.1945615348754124,101
1162500,2324.999999958845,-28077.58794091536,13705.239012829597,-14372.348928085763,293.90414058954474,41.600668073271336,1.2088131112199734,101
1163000,2325.9999999588213,-27754.959964743204,13381.085748341296,-14373.874216401908,286.95278523342535,41.15939916884005,1.2217727668034308,101
1163500,2326.9999999587976,-27949.55964089998,13550.643615843293,-14398.916025056687,290.58889543053465,41.840538436406334,1.2018830273638252,101
1164000,2327.999999958774,-27942.997241098637,13565.116329201039,-14377.880911897599,290.8992577946952,42.136056625887086,1.1934537075684841,101
1164500,2328.9999999587503,-28055.290710585105,13750.268031018191,-14305.022679566913,294.86977240960425,41.763734573016855,1.2040933004820589,101
1165000,2329.9999999587267,-27827.739117851397,13807.615566148315,-14020.123551703082,296.09957059200514,41.88524326245388,1.2006002373527673,101
1165500,2330.999999958703,-27989.03649639333,13761.088484108115,-14227.948012285216,295.10181330748327,41.80375724014826,1.2029405087584943,101
1166000,2331.9999999586794,-28179.938728791913,13793.968098858742,-14385.97062993317,295.8069053461666,41.876579008950024,1.200848641235305,101
1166500,2332.9999999586557,-27929.321281232376,13612.831731468017,-14316.48954976436,291.9224981980937,41.702390012846315,1.2058645316728758,101
1167000,2333.999999958632,-27952.12923975055,13510.137588649086,-14441.991651101464,289.7202575979462,41.699602382480805,1.2059451440622782,101
1167500,2334.9999999586084,-28232.398027781957,13661.452785973892,-14570.945241808065,292.9651600025124,41.70311618740597,1.2058435340059064,101
1168000,2335.999999958585,-28294.710449963088,13765.442571181698,-14529.26787878139,295.1951852084195,41.42341232516476,1.2139857674624954,101
1168500,2336.999999958561,-28015.794705275883,13470.254241125116,-14545.540464150767,288.8649729168916,41.87356379810548,1.2009351113495557,101
1169000,2337.9999999585375,-28314.212080293342,13547.413744776597,-14766.798335516745,290.51963195550996,41.54193165701054,1.2105222601990904,101
1169500,2338.999999958514,-28094.452553187268,13387.70296268293,-14706.749590504338,287.09468912086237,42.013194644961395,1.196943803665534,101
1170000,2339.99999995849,-28422.285685804025,13546.11587157602,-14876.169814228006,290.49179951075996,41.38486675773801,1.2151164650802686,101
1170500,2340.9999999584666,-28507.13332070021,13647.571861651511,-14859.561459048698,292.6674883508368,41.5207810424558,1.2111388981594702,101
1171000,2341.999999958443,-28566.998257656745,13919.287143255006,-14647.71111440174,298.49432918520426,41.60203535810341,1.2087733825908917,101
1171500,2342.9999999584193,-28383.923393288496,13666.587655620431,-14717.335737668065,293.0752755173964,41.35744657883654,1.2159220929324408,101
1172000,2343.9999999583956,-28208.174464896878,13425.738721711337,-14782.43574318554,287.9103529015852,41.68307032875805,1.2064234377616407,101
1172500,2344.999999958372,-28230.549164087308,13483.808395865448,-14746.74076822186,289.15563710718004,41.271211058039164,1.2184627422675331,101
1173000,2345.9999999583483,-28347.54060874226,13627.130337813902,-14720.410270928358,292.22912689721977,41.50168634077614,1.2116961366235435,101
1173500,2346.9999999583247,-28254.148723627997,13746.542540090852,-14507.606183537146,294.78988053699635,41.792208805089004,1.2032729171365806,101
1174000,2347.999999958301,-28298.883513434397,13719.288744898487,-14579.59476853591,294.2054322653305,41.90579840519463,1.2000113329483044,101
1174500,2348.9999999582774,-27939.073179370444,13420.707731238244,-14518.3654481322,287.802465039876,41.73258956534231,1.2049919146221104,101
1175000,2349.9999999582537,-28173.996092891102,13458.925125214533,-14715.07096767657,288.6220239196342,41.9021374405687,1.2001161772190023,101
1175500,2350.99999995823,-28231.443941250498,13525.172939750395,-14706.271001500103,290.0426855351574,41.880597836551225,1.2007334087908426,101
1176000,2351.9999999582064,-28233.43851295164,13497.476824804267,-14735.961688147374,289.4487518683829,41.51176105863185,1.2114020634165288,101
1176500,2352.999999958183,-27992.614894739792,13318.66501392002,-14673.949880819773,285.6141940357176,41.7354048989409,1.2049106298177223,101
1177000,2353.999999958159,-28394.865667090708,13645.084781442532,-14749.780885648175,292.61415377048303,41.87891657482219,1.2007816131688942,101
1177500,2354.9999999581355,-28224.089004784346,13560.489472304691,-14663.599532479655,290.8000364386518,41.36086820923935,1.215821504231556,101
1178000,2355.999999958112,-28272.58496373923,13623.633007096036,-14648.951956643195,292.15412784189283,41.803122958733155,1.2029587610505286,101
1178500,2356.999999958088,-28204.55534687585,13495.066640861933,-14709.488706013919,289.39706630204057,41.49232209925806,1.2119695996329822,101
1179000,2357.9999999580646,-28255.07055289797,13596.323537935394,-14658.747014962577,291.56848566111057,41.570258461242524,1.2096973861580713,101
1179500,2358.999999958041,-28366.87933547657,13564.555845260185,-14802.323490216384,290.8872384092035,41.50428860638625,1.21162016483142,101
1180000,2359.9999999580173,-28089.093356266574,13270.760605982712,-14818.332750283862,284.586900470674,41.90330289538413,1.2000827984378282,101
1180500,2360.9999999579936,-27889.343401754108,12992.072103163413,-14897.271298590695,278.61052130380074,42.11794330616432,1.1939669664525272,101
1181000,2361.99999995797,-27937.38810974768,13329.801584913315,-14607.586524834365,285.85301397339515,41.668695865675225,1.2068396180333791,101
1181500,2362.9999999579463,-28294.829942007746,13607.161038961884,-14687.668903045862,291.8008921461305,42.10534723199371,1.1943241490304033,101
1182000,2363.9999999579227,-27997.860823859315,13504.492047584115,-14493.3687762752,289.599190909995,41.50748181996469,1.211526953636893,101
1182500,2364.999999957899,-28041.55580969437,13573.831635140243,-14467.724174554129,291.086154535397,41.63316723759241,1.2078695025891233,101
1183000,2365.9999999578754,-28306.740354283753,13859.136424042295,-14447.603930241457,297.2044176835146,41.84254276373577,1.2018254551696081,101
1183500,2366.9999999578517,-28089.253800372684,13628.6340942012,-14460.619706171485,292.26137443615363,41.828211755060856,1.2022372196295525,101
1184000,2367.999999957828,-27864.229041606504,13516.030256385891,-14348.198785220613,289.84662383244563,42.13976249100427,1.1933487525758024,101
1184500,2368.9999999578044,-27820.138134607467,13587.397634897487,-14232.74049970998,291.3770727380024,42.03838681666408,1.1962265160599959,101
1185000,2369.999999957781,-28022.023975443215,13641.669823938073,-14380.354151505142,292.54092118040865,41.95550494970083,1.1985896263855862,101
1185500,2370.999999957757,-28073.53825224335,13582.649435673356,-14490.888816569994,291.27524923744113,42.24177590739231,1.1904668286846396,101
1186000,2371.9999999577335,-27959.881578079836,13470.269471053129,-14489.612107026707,288.86529951746377,41.96003240493393,1.198460299486504,101
1186500,2372.99999995771,-27763.364422897328,13435.638911768952,-14327.725511128376,288.12265907500057,42.02726255702373,1.1965431470643413,101
1187000,2373.999999957686,-28091.347970053615,13525.24521875268,-14566.102751300936,290.0442355335215,41.628709227075234,1.2079988531033694,101
1187500,2374.9999999576626,-28076.0171963941,13516.070835763961,-14559.946360630138,289.84749404326254,41.80878632439438,1.2027958097683182,101
1188000,2375.999999957639,-28172.483313924153,13718.800830500779,-14453.682483423374,294.1949691087518,41.9979976038264,1.1973769196534003,101
1188500,2376.9999999576153,-27930.91549690438,13459.872720123814,-14471.042776780567,288.6423447668065,42.102298609117774,1.1944106299125,101
1189000,2377.9999999575916,-28071.683208448965,13626.399881273826,-14445.283327175139,292.2134625077518,42.38690535905407,1.1863907632912123,101
1189500,2378.999999957568,-28048.87273445308,13561.957233761808,-14486.915500691273,290.83151207867826,42.18356127887638,1.1921097099893794,101
1190000,2379.9999999575443,-27950.17266826032,13385.186977279458,-14564.98569098086,287.0407346785465,42.605478452025096,1.1803043840736476,101
1190500,2380.9999999575207,-28091.18489904471,13631.162141441395,-14460.022757603316,292.3155875404128,41.99973672836469,1.1973273386858807,101
1191000,2381.999999957497,-27860.57588680628,13444.42383796323,-14416.15204884305,288.3110487981462,41.703799650456546,1.2058237720296072,101
1191500,2382.9999999574734,-27968.208529680076,13617.936493511448,-14350.272036168628,292.03196806577597,42.11681577736178,1.1939989306957661,101
1192000,2383.9999999574497,-28055.456463631617,13646.54551706967,-14408.910946561948,292.6454787440002,42.48809710122457,1.1835651966873137,101
1192500,2384.999999957426,-27947.11672927444,13542.015020525498,-14405.101708748942,290.4038581693094,42.30713220387771,1.188627788812199,101
1193000,2385.9999999574025,-27810.53554619247,13488.78688607842,-14321.74866011405,289.26239911885364,42.10018769367272,1.1944705180028992,101
1193500,2386.999999957379,-28037.319032003725,13826.28633403757,-14211.032697966155,296.49995879286047,42.40483180693791,1.1858892220450437,101
1194000,2387.999999957355,-27921.752653677904,13777.679166615992,-14144.073487061913,295.4575947921919,42.546378903708174,1.1819438997685812,101
1194500,2388.9999999573315,-28001.44686117609,13954.063421211007,-14047.383439965082,299.2400945145059,42.40980199423426,1.18575024258112,101
1195000,2389.999999957308,-27539.14622513414,13487.221174214565,-14051.925050919575,289.22882296601705,41.95923164195123,1.1984831712743447,101
1195500,2390.999999957284,-27854.925371715097,13760.195285313988,-14094.730086401109,295.0826589663063,41.42620624136,1.2139038923693057,101
1196000,2391.9999999572606,-27957.988871357582,13891.488491108947,-14066.500380248635,297.8981966434159,41.629137568906884,1.2079864234333932,101
1196500,2392.999999957237,-27993.93257819169,13790.391905192906,-14203.540672998783,295.73021510202307,41.71123917737083,1.2056087038949075,101
1197000,2393.9999999572133,-27736.55947355235,13531.586215411811,-14204.973258140537,290.18021602768425,41.60681236904148,1.2086345994604017,101
1197500,2394.9999999571896,-28041.259240441395,13882.501356159195,-14158.7578842822,297.70547062300164,42.021120363278456,1.1967180448245704,101
1198000,2395.999999957166,-28250.686810964533,14049.907281303533,-14200.779529661,301.29543315580287,42.07375977986306,1.1952208042635786,101
1198500,2396.9999999571423,-27846.953467512827,13853.614042169957,-13993.33942534287,297.0859921021236,41.95802071791883,1.1985177599429637,101
1199000,2397.9999999571187,-27591.827235689376,13594.475527262643,-13997.351708426733,291.528855707334,41.63934921381942,1.207690176526365,101
1199500,2398.999999957095,-27588.62105504472,13694.970729550438,-13893.650325494284,293.6839407834949,42.333595892615456,1.1878847506845625,101
1200000,2399.9999999570714,-27499.05717849694,13628.389607400872,-13870.667571096068,292.2561315007427,41.963800514460075,1.1983526845990096,101
1200500,2400.9999999570477,-27648.92864200305,13799.364893092523,-13849.563748910528,295.92263774380905,41.72629165973076,1.2051737885687062,101
1201000,2401.999999957024,-27906.21357985924,13992.543886633988,-13913.66969322525,300.06529487102944,42.31554577642559,1.1883914547191345,101
1201500,2402.9999999570005,-27670.30639400868,13490.29762417552,-14180.008769833159,289.2947963781549,42.22315876629941,1.1909917323053918,101
1202000,2403.999999956977,-27892.186445897183,13697.252325409136,-14194.934120488047,293.7328688225751,41.922929764111394,1.1995209610929833,101
1202500,2404.999999956953,-27804.172731521267,13705.395951384966,-14098.7767801363,293.90750608292996,42.0392988219134,1.1962005649881988,101
1203000,2405.9999999569295,-27714.126453195695,13652.438559598413,-14061.687893597282,292.77185301578385,41.80715654853459,1.2028426985724574,101
1203500,2406.999999956906,-27852.36170749697,13903.04399745272,-13949.31771004425,298.14600050571005,42.47052546425181,1.1840548816568883,101
1204000,2407.999999956882,-28014.35014998955,13902.017010940102,-14112.333139049448,298.12397713288846,42.01074144899312,1.1970136985926914,101
1204500,2408.9999999568586,-27717.61609487769,13433.462275541442,-14284.153819336247,288.07598185914003,42.097760336421885,1.1945393911840283,101
1205000,2409.999999956835,-28062.904661744313,13798.842226211927,-14264.062435532385,295.91142933217816,41.718482654709256,1.2053993770265756,101
1205500,2410.9999999568113,-28178.439326651573,13603.31575230992,-14575.123574341653,291.71843129537785,41.53537645106121,1.2107133075278942,101
1206000,2411.9999999567876,-28219.97768085712,13561.698066523752,-14658.279614333367,290.8259543263254,42.08751387907934,1.1948302089536624,101
1206500,2412.999999956764,-27971.240024671944,13306.54500772869,-14664.695016943255,285.3542846681927,41.97244863262065,1.1981057727329625,101
1207000,2413.9999999567403,-27944.923239459727,13228.369848547578,-14716.55339091215,283.67784524578883,42.37140006124208,1.1868249085420097,101
1207500,2414.9999999567167,-28172.95866637981,13522.593256911205,-14650.365409468606,289.98736512322324,41.888185203248845,1.200515915370338,101
1208000,2415.999999956693,-28638.931075218396,13944.654080731432,-14694.276994486963,299.03831444160284,41.57491381063727,1.209561930339206,101
1208500,2416.9999999566694,-28498.884699405004,13965.541657516202,-14533.343041888802,299.486241347378,41.76047699016167,1.2041872274190673,101
1209000,2417.9999999566458,-27987.95138050312,13612.76378345543,-14375.18759704769,291.9210410763153,41.69917404947453,1.2059575315044935,101
1209500,2418.999999956622,-27933.343870469344,13594.408640172487,-14338.935230296856,291.52742133667255,41.51793494032171,1.2112219231222408,101
1210000,2419.9999999565985,-28298.35868124143,13921.151312915026,-14377.207368326403,298.5343056629095,41.705574597166,1.2057724533999752,101
1210500,2420.999999956575,-28110.495918735047,13866.919700935461,-14243.576217799586,297.37132738163183,41.705982132630574,1.2057606710365867,101
1211000,2421.999999956551,-28088.608530309913,13806.720458141095,-14281.888072168818,296.08037530840954,42.00327152655037,1.1972265772368165,101
1211500,2422.9999999565275,-28027.754767989492,13622.82919110833,-14404.925576881162,292.13689028428166,41.8778777490073,1.2008113998487562,101
1212000,2423.999999956504,-28147.788474014575,13727.847228323564,-14419.94124569101,294.3889660011116,42.01972321530309,1.1967578354768038,101
1212500,2424.99999995648,-27993.31296434944,13700.784545476195,-14292.528418873244,293.80861606800516,42.02252863086082,1.1966779401644592,101
1213000,2425.9999999564566,-28213.710508642172,13862.562357218438,-14351.148151423735,297.2778856430962,41.90087156821725,1.2001524340754925,101
1213500,2426.999999956433,-28145.359574993236,13858.851013529471,-14286.508561463765,297.19829715315325,41.45140584179476,1.2131659223913838,101
1214000,2427.9999999564093,-28025.639747930774,13685.002064250417,-14340.637683680357,293.47016618203884,41.837569160972265,1.2019683268164307,101
1214500,2428.9999999563856,-28519.924349875535,13960.133346663188,-14559.791003212347,299.37026197979395,41.586593439554804,1.2092222238778034,101
1215000,2429.999999956362,-28209.014023668504,13600.221593496684,-14608.79243017182,291.65207812298877,41.331563942089716,1.216683527217577,101
1215500,2430.9999999563383,-28171.790218492053,13526.087879123541,-14645.702339368512,290.06230609557986,41.787349680434524,1.2034128363499894,101
1216000,2431.9999999563147,-28124.633518594354,13641.772769702056,-14482.860748892297,292.54312881693824,41.300765623273946,1.2175908180777741,101
1216500,2432.999999956291,-28104.756400798076,13488.031339163546,-14616.72506163453,289.24619667492084,41.81218305755293,1.2026980971852566,101
1217000,2433.9999999562674,-28298.113877234264,13599.677805480234,-14698.43607175403,291.6404167758581,41.8573312993802,1.2014008404598209,101
1217500,2434.9999999562438,-28267.275714531108,13482.489520790456,-14784.786193740652,289.1273542844509,41.714586393265236,1.2055119647692196,101
1218000,2435.99999995622,-28358.141454198147,13634.809144959298,-14723.33230923885,292.3937962774989,42.0192317818147,1.1967718320886624,101
1218500,2436.9999999561965,-28164.879999920948,13430.811784177666,-14734.068215743282,288.01914298273067,42.24355858523627,1.1904165909937217,101
1219000,2437.999999956173,-28413.156342609494,13730.999527049415,-14682.15681556008,294.45656596394593,42.08893145678129,1.1947899664337598,101
1219500,2438.999999956149,-28055.52973719853,13503.131723864833,-14552.398013333695,289.5700192353336,42.27493134081444,1.1895331679446255,101
1220000,2439.9999999561255,-28094.9676332939,13597.14371938907,-14497.823913904831,291.58607417051525,41.99807348907808,1.197374756143473,101
1220500,2440.999999956102,-28070.364615873863,13474.114057708357,-14596.250558165506,288.9477453570269,41.9831548863832,1.1978002400860719,101
1221000,2441.999999956078,-27843.126137534608,13256.765847322262,-14586.360290212346,284.2867876807396,41.98870329657995,1.1976419621078542,101
1221500,2442.9999999560546,-28257.83106385309,13581.388327277902,-14676.442736575187,291.24820520130214,41.88888701658308,1.2004958017283347,101
1222000,2443.999999956031,-28292.89520388509,13541.132769037065,-14751.762434848026,290.38493858934083,41.68712300109952,1.2063061536089734,101
1222500,2444.9999999560073,-28205.596649971132,13583.614972494135,-14621.981677476997,291.2959548427394,41.740154495551394,1.2047735234866006,101
1223000,2445.9999999559836,-28361.43523038672,13596.074601096747,-14765.360629289973,291.56314729615724,41.6226300600933,1.2081752866139717,101
1223500,2446.99999995596,-28046.909744757446,13489.863600885159,-14557.046143872287,289.28548889785264,41.75989778633309,1.2042039293242301,101
1224000,2447.9999999559363,-28172.952817901285,13626.300064900704,-14546.65275300058,292.21132197993376,42.14075072959333,1.1933207674719046,101
1224500,2448.9999999559127,-27971.28803848119,13356.715989398406,-14614.572049082784,286.4301841279809,41.682616823878526,1.206436563591003,101
1225000,2449.999999955889,-28337.271549425746,13721.707300043949,-14615.564249381798,294.2572973492469,41.93611740117959,1.1991437481302463,101
1225500,2450.9999999558654,-27904.965140871693,13287.394036761154,-14617.571104110539,284.94359867735375,42.01863346948877,1.1967888731792298,101
1226000,2451.9999999558418,-28431.086789590227,13746.987622660747,-14684.09916692948,294.7994251797475,41.92646981398614,1.199419679872625,101
1226500,2452.999999955818,-28156.709734106404,13370.481841588513,-14786.22789251789,286.7253880973264,41.37326533232196,1.2154571943634958,101
1227000,2453.9999999557945,-28541.598491456964,13643.009581923929,-14898.588909533035,292.56965182998454,41.90359408796407,1.2000744589334533,101
1227500,2454.999999955771,-28475.69198306176,13586.008838032763,-14889.683145028996,291.3472904665223,41.747258317715975,1.2045685160872093,101
1228000,2455.999999955747,-28182.268021508713,13376.804559090702,-14805.46346241801,286.86097660125046,41.30831429198686,1.2173683159042747,101
1228500,2456.9999999557235,-28405.445075819032,13639.278712748168,-14766.166363070864,292.48964462268754,41.641698231032954,1.2076220504620163,101
1229000,2457.9999999557,-28478.87540857328,13550.121474215233,-14928.753934358047,290.5776982827639,42.09362091230633,1.1946568604122791,101
1229500,2458.9999999556762,-28225.569100202894,13406.167848472254,-14819.40125173064,287.4906622508396,42.14782350937224,1.1931205176300106,101
1230000,2459.9999999556526,-28582.554666883832,13762.47394111552,-14820.080725768312,295.13152395687104,41.4892213104306,1.21206017886477,101
1230500,2460.999999955629,-28457.646545906373,13656.204062718149,-14801.442483188224,292.85260293610685,41.735392783351166,1.2049109795976545,101
1231000,2461.9999999556053,-28463.913039380248,13456.549061205433,-15007.363978174815,288.57107004353423,41.665827555217376,1.2069226978832337,101
1231500,2462.9999999555816,-28602.288607506154,13567.42627213342,-15034.862335372734,290.9487937270286,42.06482743269885,1.195474606021797,101
1232000,2463.999999955558,-28558.517213373678,13632.41120308405,-14926.106010289628,292.3423732380781,42.372149669051566,1.186803912363461,101
1232500,2464.9999999555343,-28537.928977045925,13543.500628940834,-14994.428348105092,290.4357165312215,41.56899917582604,1.2097340325606059,101
1233000,2465.9999999555107,-28486.834591035913,13506.904787076428,-14979.929803959485,289.65093127922836,41.65402316908289,1.20726472922802,101
1233500,2466.999999955487,-28080.550116765662,13121.098601648242,-14959.45151511742,281.37745022163745,41.825541194904226,1.2023139824573807,101
1234000,2467.9999999554634,-28178.29152673816,13367.439153526651,-14810.85237321151,286.6601386975118,41.83832698921261,1.2019465552589232,101
1234500,2468.9999999554398,-28125.266828400516,13398.264797850476,-14727.00203055004,287.3211840462745,41.997365452470575,1.1973949427706847,101
1235000,2469.999999955416,-28417.220282362396,13569.316523844449,-14847.903758517947,290.98932952535415,42.097583554461394,1.1945444074580667,101
1235500,2470.9999999553925,-28421.513796029372,13636.914022951845,-14784.599773077527,292.4389346626716,41.79544902352017,1.2031796326480795,101
1236000,2471.999999955369,-28182.95325007407,13358.175160249099,-14824.778089824973,286.46147554540494,42.203122753011456,1.191557157909416,101
1236500,2472.999999955345,-28350.911558657794,13558.880713194936,-14792.030845462858,290.76553715242073,42.67937300040254,1.1782608193894095,101
1237000,2473.9999999553215,-28267.072686519205,13406.948479729246,-14860.124206789958,287.5074026198684,42.09055343972738,1.1947439245361997,101
1237500,2474.999999955298,-28145.118646073883,13349.041014386572,-14796.07763168731,286.265596926489,42.378526920287804,1.186625318455949,101
1238000,2475.9999999552742,-28109.54647896534,13333.998238844275,-14775.548240121067,285.94300977469237,41.86149723736292,1.2012812804410913,101
1238500,2476.9999999552506,-28042.560028581378,13289.011586060604,-14753.548442520774,284.9782864661818,42.326421798214604,1.188086090579992,101
1239000,2477.999999955227,-28184.731022500604,13473.672036744283,-14711.05898575632,288.93826636936046,42.33795333348652,1.18776249306096,101
1239500,2478.9999999552033,-28242.80320633718,13443.902863986004,-14798.900342351175,288.29987669024626,42.25815961568245,1.1900052785029078,101
1240000,2479.9999999551796,-28222.80209185243,13369.153488833483,-14853.648603018948,286.69690202900597,42.40405703036956,1.185910889763801,101
1240500,2480.999999955156,-28428.874082850583,13691.553361124073,-14737.32072172651,293.61065649202885,42.112251427400416,1.1941283426551952,101
1241000,2481.9999999551324,-28247.667792347103,13581.534108120737,-14666.133684226366,291.2513314213767,42.05140769078678,1.19585611431263,101
1241500,2482.9999999551087,-27905.144846415966,13435.364105900968,-14469.780740514998,288.11676595760343,41.8587651133993,1.2013596881381279,101
1242000,2483.999999955085,-28234.144369959937,13823.517310093786,-14410.62705986615,296.4405780260086,41.73644394513327,1.204880633064676,101
1242500,2484.9999999550614,-27979.14621762344,13619.770517998022,-14359.37569962542,292.07129809059654,41.76860913502129,1.2039527780281425,101
1243000,2485.9999999550378,-28059.549351145743,13859.382517408809,-14200.166833736934,297.20969507118525,42.1635173732586,1.1926764211179017,101
1243500,2486.999999955014,-27706.491789165324,13484.027599352077,-14222.464189813247,289.1603378506178,41.8067548918884,1.2028542548332926,101
1244000,2487.9999999549905,-27745.558699596593,13544.611287368392,-14200.9474122282,290.4595342195036,42.313930664127625,1.1884368153278793,101
1244500,2488.999999954967,-27869.111846445983,13740.23745530597,-14128.874391140012,294.6546701606352,42.291217901934225,1.1890750727275838,101
1245000,2489.999999954943,-28239.08661921708,14069.791414650288,-14169.295204566792,301.72184156190036,42.07119960693851,1.1952935374390175,101
1245500,2490.9999999549195,-27858.31485574897,13674.65519317293,-14183.65966257604,293.248281087662,42.091626198018595,1.1947134749773043,101
1246000,2491.999999954896,-27934.71190584659,13855.623486871122,-14079.088418975469,297.1290839531599,42.03579044466811,1.1963004018842966,101
1246500,2492.9999999548722,-27738.367729175152,13701.051686890596,-14037.316042284556,293.81434482382923,42.25854719773815,1.1899943641501267,101
1247000,2493.9999999548486,-27742.814438567813,13671.543008347642,-14071.271430220171,293.1815413536394,42.13253481805314,1.193553466926304,101
1247500,2494.999999954825,-27874.28019990013,13691.616294989224,-14182.663904910907,293.61200608713864,42.57123167822911,1.1812538895415017,101
1248000,2495.9999999548013,-27551.485207469592,13674.892496644889,-13876.592710824703,293.2533699790647,42.25398245971477,1.1901229203762016,101
1248500,2496.9999999547776,-27790.682723683374,13928.239572701146,-13862.443150982228,298.6863109580207,42.09428468126181,1.194638022317217,101
1249000,2497.999999954754,-27944.584268639883,13955.568266096998,-13989.016002542885,299.2723653959203,41.87270287093502,1.200959803275236,101
1249500,2498.9999999547304,-27916.50355235766,13899.474858825559,-14017.0286935321,298.0694615544463,41.9690159402363,1.1982037671335832,101
1250000,2499.9999999547067,-28081.267468923477,14112.072778083464,-13969.194690840013,302.62855087000867,41.61176417957755,1.2084907716352213,101
1250500,2500.999999954683,-27641.387704430716,13704.748543527208,-13936.639160903507,293.89362264391315,41.766283855797326,1.2040198064090024,101
1251000,2501.9999999546594,-27879.295523017798,13863.37340927068,-14015.922113747118,297.2952783756246,41.909426909904035,1.1999074363528606,101
1251500,2502.9999999546358,-28174.75713804383,13944.1341110408,-14230.623027003032,299.02716387028374,41.461313370744755,1.2128760262081693,101
1252000,2503.999999954612,-27786.02151420535,13818.147742157804,-13967.873772047546,296.3254294869656,42.08511660431095,1.1948982695067403,101
1252500,2504.9999999545885,-28096.171654129288,13727.79483738777,-14368.376816741518,294.38784249549855,42.04019576801008,1.1961750435221827,101
1253000,2505.999999954565,-28200.62131320566,13819.312087554954,-14381.309225650704,296.35039847386025,42.031285451620924,1.1964286236347124,101
1253500,2506.999999954541,-28374.361548238023,13992.492712327432,-14381.86883591059,300.0641974556123,41.72058028622428,1.2053387718359454,101
1254000,2507.9999999545175,-28071.67467255959,13692.64123134373,-14379.03344121586,293.6339854950241,41.58080503711603,1.209390557917115,101
1254500,2508.999999954494,-28059.070048528385,13759.692794521201,-14299.377254007184,295.07188322394455,42.24880400212541,1.1902687943533437,101
1255000,2509.9999999544702,-27816.433212348173,13552.247276304362,-14264.18593604381,290.62328537799687,42.1308380455141,1.1936015359617302,101
1255500,2510.9999999544466,-28058.24861209465,13684.40924597405,-14373.8393661206,293.45745339783434,41.50416388421157,1.211623805813136,101
1256000,2511.999999954423,-28216.233749305808,13998.957742348917,-14217.27600695689,300.20283780260456,42.08440891786825,1.19491836277471,101
1256500,2512.9999999543993,-28112.388552048025,13909.26349470767,-14203.125057340356,298.27937548690545,41.63183851888086,1.207908052863776,101
1257000,2513.9999999543757,-27771.068755265773,13641.878997058384,-14129.189758207389,292.5454068260878,42.35225936652562,1.1873612826008217,101
1257500,2514.999999954352,-27945.584625586678,13727.6726577031,-14217.911967883578,294.38522239414993,42.13094778952293,1.1935984268311655,101
1258000,2515.9999999543284,-27892.36225985772,13629.013277414659,-14263.348982443062,292.26950588985346,42.003551518795994,1.1972185966221838,101
1258500,2516.9999999543047,-27977.605668900185,13747.625088174154,-14229.98058072603,294.81309540860656,41.73427725644473,1.2049431859926363,101
1259000,2517.999999954281,-28374.88972295852,13962.984400928071,-14411.905322030449,299.43140185869066,41.73581108462301,1.204898903258843,101
1259500,2518.9999999542574,-28141.26989901867,13739.977053348082,-14401.292845670587,294.64908593013985,42.01818542395695,1.196801634699075,101
1260000,2519.9999999542338,-27851.34186500974,13413.743238244882,-14437.598626764859,287.65311388110086,41.808651416558455,1.2027996909406178,101
1260500,2520.99999995421,-28068.521923061064,13615.48851563266,-14453.033407428404,291.97947202145497,42.23900867352693,1.190544820574776,101
1261000,2521.9999999541865,-28250.221656396825,13545.565911748627,-14704.655744648198,290.4800058112647,41.9916728923266,1.1975572664472214,101
1261500,2522.999999954163,-28415.808621266802,13662.987706013077,-14752.820915253726,292.99807583525114,42.02155225607425,1.1967057450908765,101
1262000,2523.999999954139,-28040.688429287784,13378.930266295098,-14661.758162992686,286.90656166171294,42.391677342314175,1.1862572126223712,101
1262500,2524.9999999541155,-28321.545095304147,13635.268892351458,-14686.27620295269,292.4036554023237,41.43615631776845,1.2136123972704613,101
1263000,2525.999999954092,-27928.314075163038,13389.638582835665,-14538.675492327373,287.1361978298287,42.28305134360809,1.1893047309624323,101
1263500,2526.9999999540682,-28064.13287571099,13534.907873474116,-14529.225002236875,290.2514478432856,41.853018398711825,1.2015246432985658,101
1264000,2527.9999999540446,-27832.65825515623,13328.862571967675,-14503.795683188557,285.8328771634838,42.37389167615244,1.1867551223949004,101
1264500,2528.999999954021,-28159.964859406704,13526.037212776975,-14633.927646629729,290.06121957319016,42.28989442842312,1.1891122851487246,101
1265000,2529.9999999539973,-28078.812583035517,13604.058018717347,-14474.75456431817,291.7343489433925,41.75619059790974,1.2043108406780252,101
1265500,2530.9999999539737,-28106.83389837366,13661.41656948235,-14445.417328891312,292.96438335229766,41.739568606408945,1.2047904346275178,101
1266000,2531.99999995395,-28062.340743403907,13615.28899151413,-14447.051751889778,291.975193295303,41.89277963153906,1.2003842534387847,101
1266500,2532.9999999539264,-27749.024178119536,13409.0252401919,-14339.998937927636,287.5519380342757,41.9648327852671,1.19832320695283,101
1267000,2533.9999999539027,-27808.745123343,13590.066947478004,-14218.678175864996,291.43431522893655,42.3509547512836,1.1873978590991832,101
1267500,2534.999999953879,-28185.265800485857,13963.228291791636,-14222.03750869422,299.43663201444247,41.90605986182161,1.2000038459424516,101
1268000,2535.9999999538554,-27886.70464508042,13453.00278669992,-14433.701858380498,288.4950214055016,42.29199658897583,1.1890531792861456,101
1268500,2536.999999953832,-27998.758952272405,13738.762778326809,-14259.996173945596,294.6230462196151,42.18865322375834,1.1919658287210129,101
1269000,2537.999999953808,-28005.505732622456,13594.358653088422,-14411.147079534034,291.52634938083366,41.864956864123236,1.2011820092325247,101
1269500,2538.9999999537845,-27990.76314891225,13610.723975931629,-14380.039172980622,291.8772981049822,41.869816608119784,1.2010425904929407,101
1270000,2539.999999953761,-28230.850420176095,13813.211490710477,-14417.638929465618,296.2195732711052,41.78482292862587,1.2034856074029143,101
1270500,2540.999999953737,-28093.10042734577,13683.059328438241,-14410.041098907528,293.4285048802013,41.800642105216205,1.2030301562330614,101
1271000,2541.9999999537135,-28034.960386529507,13644.030947482373,-14390.929439047133,292.5915546633756,41.54919902704331,1.2103105277613109,101
1271500,2542.99999995369,-28203.376174016634,13545.55063146016,-14657.825542556473,290.47967813072984,41.472774928655994,1.2125408316416748,101
1272000,2543.9999999536662,-28185.768305945297,13700.130507379763,-14485.637798565534,293.7945904457986,41.566741228130574,1.2097997465446768,101
1272500,2544.9999999536426,-28143.69763113796,13741.87059187859,-14401.827039259368,294.68969221317957,41.75507166072811,1.2043431133607023,101
1273000,2545.999999953619,-28060.38549010304,13582.830692517058,-14477.55479758598,291.27913622816226,42.12443768860902,1.1937828909245924,101
1273500,2546.9999999535953,-28208.220273824045,13723.893232991937,-14484.327040832108,294.30417393008315,41.810160149957056,1.202756287517645,101
1274000,2547.9999999535717,-28327.09738428417,13609.254257796012,-14717.843126488158,291.84578050465774,41.85863392992331,1.2013634531568353,101
1274500,2548.999999953548,-28289.826952157437,13436.201194555135,-14853.625757602302,288.13471703611214,42.11778753537421,1.1939713822869906,101
1275000,2549.9999999535244,-28225.58564013591,13275.811008868139,-14949.77463126777,284.69520462489436,42.00521088343029,1.1971713019614267,101
1275500,2550.9999999535007,-28535.0111642057,13709.365533317305,-14825.645630888397,293.992632403254,41.52635002410518,1.210976475738651,101
1276000,2551.999999953477,-28694.41715134259,13672.258415976426,-15022.158735366163,293.1968830243766,41.78900321011725,1.2033652190657131,101
1276500,2552.9999999534534,-28233.237514108612,13269.30758123845,-14963.929932870162,284.5557408543902,41.743719178943444,1.2046706424722873,101
1277000,2553.99999995343,-28364.514421719236,13292.220374456234,-15072.294047263002,285.0470978305709,41.64520478685079,1.2075203678277617,101
1277500,2554.999999953406,-28375.090738186438,13473.278891730955,-14901.811846455483,288.9298355096607,42.11514591479922,1.1940462726690821,101
1278000,2555.9999999533825,-28391.685351151238,13547.71469014791,-14843.970661003328,290.52608562557276,42.04040150953865,1.1961691895609203,101
1278500,2556.999999953359,-28262.39184024247,13319.08111590983,-14943.310724332641,285.62311719988855,41.79803440206213,1.2031052110909688,101
1279000,2557.999999953335,-28107.580658165098,13358.794026764412,-14748.786631400686,286.4747469251417,42.271923483684624,1.1896178091325698,101
1279500,2558.9999999533115,-28042.751074460924,13283.231004385596,-14759.520070075328,284.85432387875744,42.34125735818021,1.18766980812782,101
1280000,2559.999999953288,-28331.184004241728,13606.648968809175,-14724.535035432553,291.7899109776873,41.806209082699965,1.2028699589336893,101
1280500,2560.9999999532643,-28063.857277127034,13454.175738029971,-14609.681539097062,288.52017494366964,42.098348785476404,1.194522693959657,101
1281000,2561.9999999532406,-28204.40741108553,13599.767499238244,-14604.639911847285,291.6423402276738,41.65773080916325,1.2071572797099897,101
1281500,2562.999999953217,-27999.332393409353,13492.590453216475,-14506.741940192878,289.3439653089681,42.23727767856873,1.190593612239277,101
1282000,2563.9999999531933,-27926.423890812253,13551.300218789871,-14375.123672022382,290.6029760550711,42.08599182203625,1.1948734204750284,101
1282500,2564.9999999531697,-27953.938696364745,13827.224449526382,-14126.714246838363,296.5200763571185,42.14168456081389,1.1932943242909917,101
1283000,2565.999999953146,-27971.128381294147,13834.840659192148,-14136.287722101999,296.68340335595974,41.34300603017692,1.216346797951144,101
1283500,2566.9999999531224,-27934.38048516961,14017.424059310622,-13916.956425858989,300.59884162358156,41.51435611666628,1.2113263388009583,101
1284000,2567.9999999530987,-27722.78743513687,13872.68956299194,-13850.09787214493,297.4950600905209,41.76127321839585,1.204164268160505,101
1284500,2568.999999953075,-27943.744590739858,13963.950882323037,-13979.79370841682,299.4521277200578,41.95017420920982,1.1987419349367168,101
1285000,2569.9999999530514,-27640.967782716863,13765.014854948886,-13875.952927767978,295.18601298079886,41.95959888668853,1.1984726817403863,101
1285500,2570.999999953028,-27538.866444473762,13747.810253126638,-13791.056191347125,294.8170662073775,42.95550381242111,1.1706866068217157,101
1286000,2571.999999953004,-27551.167888079653,13857.831876401375,-13693.336011678279,297.17644210768526,42.27826216905933,1.1894394523926903,101
1286500,2572.9999999529805,-27638.406486454885,13919.479494098,-13718.926992356886,298.4984540829276,42.75001156697404,1.1763139040020618,101
1287000,2573.999999952957,-27748.85497642063,13911.70776073791,-13837.147215682719,298.33179193191,42.41726351584272,1.1855416600294908,101
1287500,2574.999999952933,-27845.695671295933,13760.905890666625,-14084.789780629308,295.0978976538819,42.12346457692092,1.1938104690000402,101
1288000,2575.9999999529095,-28040.271981911457,13983.610732480287,-14056.66124943117,299.8737264502351,41.960439776866934,1.1984486642631502,101
1288500,2576.999999952886,-27981.619855560453,13833.543589943223,-14148.07626561723,296.6555881516766,42.60731879098955,1.1802534031574676,101
1289000,2577.9999999528623,-27764.950804382137,13537.048917378106,-14227.90188700403,290.2973617940001,42.42665650278113,1.1852791887851009,101
1289500,2578.9999999528386,-27751.84645149279,13513.94089918694,-14237.90555230585,289.8018182853576,42.32331792020394,1.1881732216101788,101
1290000,2579.999999952815,-28048.47638263401,13604.370594918433,-14444.105787715576,291.7410520326026,42.22090402693135,1.191055335300348,101
1290500,2580.9999999527913,-27701.86973196243,13389.512145347064,-14312.357586615366,287.1334864213381,42.26797749238565,1.1897288677117224,101
1291000,2581.9999999527677,-27792.127407809727,13445.734759246388,-14346.392648563338,288.339161054543,42.15264837111333,1.19298395108531,101
1291500,2582.999999952744,-28116.765232132067,13849.676271974895,-14267.088960157173,297.0015479735728,42.215374065656,1.191211356418881,101
1292000,2583.9999999527204,-28297.037016835333,13905.299622472216,-14391.737394363117,298.19437160906887,41.53895536816184,1.2106089947804537,101
1292500,2584.9999999526967,-28203.46746951288,13789.713098254164,-14413.754371258718,295.7156583205054,41.72024779032115,1.2053483779678535,101
1293000,2585.999999952673,-28151.768206659468,13669.650882384603,-14482.117324274865,293.14096536262355,41.97170676477045,1.1981269497644065,101
1293500,2586.9999999526494,-28029.45242123804,13754.345777297167,-14275.106643940871,294.95721827716943,42.04712535540851,1.1959779075839265,101
1294000,2587.999999952626,-27847.32189378995,13572.337287716578,-14274.984606073373,291.0541087684546,42.27124853749717,1.1896368037928313,101
1294500,2588.999999952602,-27724.269241677594,13498.170166320691,-14226.099075356902,289.4636203389239,42.329056993568514,1.188012126282927,101
1295000,2589.9999999525785,-27797.471528028957,13533.134938537722,-14264.336589491235,290.2134278628741,42.651873985937684,1.1790204814695902,101
1295500,2590.999999952555,-28346.506891346533,13813.68987935677,-14532.817011989762,296.2298321512185,41.84423996794471,1.2017767090764186,101
1296000,2591.999999952531,-27892.38352382261,13435.913438633423,-14456.470085189187,288.12854620926333,42.20789949477207,1.1914223073031438,101
1296500,2592.9999999525076,-27941.83482782804,13609.686841010429,-14332.14798681761,291.8550571030263,41.80520183970226,1.2028989405505688,101
1297000,2593.999999952484,-27748.698753269047,13510.885230728436,-14237.813522540611,289.7362905253979,41.902331442888524,1.200110620837903,101
1297500,2594.9999999524603,-28146.458637709104,13605.133048980493,-14541.32558872861,291.7574025979331,41.74848350478814,1.2045331657786578,101
1298000,2595.9999999524366,-28288.149410912596,13539.165271304872,-14748.984139607725,290.3427462766383,41.8407763286981,1.201876193869495,101
1298500,2596.999999952413,-28259.13624664557,13538.664622449454,-14720.471624196114,290.33201003399046,41.89629709670897,1.2002834734153798,101
1299000,2597.9999999523893,-28557.3975650149,13678.808350050967,-14878.589214963933,293.33734410960784,41.591585742765794,1.2090770790394123,101
1299500,2598.9999999523657,-28172.015364040763,13411.616218514755,-14760.399145526007,287.6075006739751,41.673293232336626,1.2067064803858534,101
1300000,2599.999999952342,-28231.409970026783,13415.123733782882,-14816.286236243901,287.6827181334823,41.82360023801255,1.202369779653149,101
1300500,2600.9999999523184,-28349.688019039848,13671.867121882731,-14677.820897157117,293.1884918570122,41.69294156544979,1.2061378044899773,101
1301000,2601.9999999522947,-28173.720495893842,13497.519900334464,-14676.200595559378,289.4496756083243,41.53747240677001,1.2106522156674224,101
1301500,2602.999999952271,-28342.62988126822,13572.975218319112,-14769.65466294911,291.0677889709902,42.11973426388047,1.1939161982226518,101
1302000,2603.9999999522474,-28022.062466441213,13320.590781664947,-14701.471684776267,285.6554914631845,41.92278336418136,1.1995251499795667,101
1302500,2604.999999952224,-28066.259599210585,13167.391675113911,-14898.867924096674,282.3701892726996,41.71895623395816,1.2053856937472431,101
1303000,2605.9999999522,-28010.890973757767,13158.839411850044,-14852.051561907723,282.186788926138,41.81498014158181,1.2026176464083385,101
1303500,2606.9999999521765,-28500.60711642856,13468.451850146052,-15032.155266282509,288.8263212617681,41.6452346907472,1.2075195007522306,101
1304000,2607.999999952153,-28458.857058137204,13558.520910008767,-14900.336148128437,290.75782129674593,41.65711730192814,1.207175058177944,101
1304500,2608.999999952129,-28317.98926013348,13529.062490895565,-14788.926769237914,290.1260956227545,42.06182145773585,1.1955600413788514,101
1305000,2609.9999999521056,-28065.513225952363,13279.979909212965,-14785.533316739398,284.784605260075,41.737845761017574,1.2048401656955694,101
1305500,2610.999999952082,-28454.097556318105,13656.215455230482,-14797.882101087624,292.8528472446186,42.0621889501064,1.1955495959121578,101
1306000,2611.9999999520583,-28265.90196702824,13504.893855748427,-14761.008111279813,289.60780754799043,41.449484294245764,1.2132221632842293,101
1306500,2612.9999999520346,-28377.510068798423,13621.206386499798,-14756.303682298625,292.1020897971563,41.99179039550432,1.1975539153925754,101
1307000,2613.999999952011,-28569.53164169862,13939.829944995709,-14629.701696702912,298.93486250864726,41.571793858801115,1.2096527076335013,101
1307500,2614.9999999519873,-28220.46087901323,13546.258244062039,-14674.20263495119,290.4948526397939,41.33205079228947,1.2166691959030906,101
1308000,2615.9999999519637,-28541.146354728684,13626.731426621487,-14914.414928107197,292.2205723837911,41.71123032643587,1.2056089597196373,101
1308500,2616.99999995194,-28199.49332839854,13400.89485432267,-14798.59847407587,287.3775847034567,41.6631408129939,1.2070005290334926,101
1309000,2617.9999999519164,-28388.38203994871,13539.061012826029,-14849.32102712268,290.3405104893897,41.71740516361533,1.2054305104848593,101
1309500,2618.9999999518927,-28303.426978742973,13343.495310320073,-14959.9316684229,286.1466712086593,41.52249191268607,1.211088995049369,101
1310000,2619.999999951869,-28336.857981030866,13467.151879143068,-14869.706101887798,288.79844383036647,41.41292818811928,1.2142931012762148,101
1310500,2620.9999999518454,-28318.459326343356,13410.529625515252,-14907.929700828105,287.5841990605271,41.83478645185852,1.2020482777018335,101
1311000,2621.999999951822,-28206.26773026553,13371.754787118396,-14834.512943147132,286.75268597674517,41.80358607769219,1.202945434131442,101
1311500,2622.999999951798,-28149.42863935341,13516.556250259124,-14632.872389094286,289.8579035902903,41.42416770043563,1.2139636302687065,101
1312000,2623.9999999517745,-28016.61181937685,13374.681453221794,-14641.930366155055,286.81544732553357,42.23820433492032,1.1905674920206193,101
1312500,2624.999999951751,-28241.7853302004,13438.208682230656,-14803.576647969745,288.1777669194061,41.8856023334829,1.200589945015099,101
1313000,2625.999999951727,-28322.001944963482,13672.8731228948,-14649.128822068682,293.21006520298647,41.75822557489021,1.2042521517657363,101
1313500,2626.9999999517036,-27964.92732655038,13404.953269713304,-14559.974056837076,287.4646160267647,42.08431567597977,1.1949210102323895,101
1314000,2627.99999995168,-27984.09504098863,13493.096015641117,-14490.999025347515,289.35480692141937,42.06885133080682,1.1953602585211371,101
1314500,2628.9999999516563,-27945.54889853647,13464.937262980548,-14480.61163555592,288.75095214785205,42.11003121882518,1.1941913018577783,101
1315000,2629.9999999516326,-28248.64845307467,13700.585095163246,-14548.063357911426,293.8043389245885,42.02278136997364,1.1966707429416417,101
1315500,2630.999999951609,-28148.473683215863,13530.857192150215,-14617.616491065648,290.16458237438064,41.89936689221002,1.2001955335470722,101
1316000,2631.9999999515853,-28437.692144367782,13783.152164841084,-14654.539979526699,295.57496135823925,41.85158628230236,1.2015657581835892,101
1316500,2632.9999999515617,-28301.153602124046,13675.344833072017,-14625.80876905203,293.2630701782913,41.83306907749616,1.20209762542936,101
1317000,2633.999999951538,-28279.826156195762,13698.559087832149,-14581.267068363613,293.7608918936453,41.73799037196683,1.2048359912473388,101
1317500,2634.9999999515144,-28167.020557171498,13618.328882230318,-14548.69167494118,292.0403827070011,41.62108141909725,1.208220240510302,101
1318000,2635.9999999514907,-28044.087499370406,13497.14702928768,-14546.940470082725,289.44167951686956,41.83051542375821,1.2021710106378252,101
1318500,2636.999999951467,-28147.829752790512,13557.277338593129,-14590.552414197384,290.7311533351122,41.856426097030244,1.2014268223929534,101
1319000,2637.9999999514434,-28003.201759834265,13438.065847107031,-14565.135912727234,288.1747038692677,42.007181214168995,1.1971151491002356,101
1319500,2638.99999995142,-28227.377811359864,13588.535553216821,-14638.842258143042,291.4014750052954,42.151338856941514,1.1930210134760444,101
1320000,2639.999999951396,-28364.801670066365,13674.524740373772,-14690.276929692593,293.24548357221636,41.65712414090892,1.2071748599922267,101
1320500,2640.9999999513725,-28155.861672124105,13570.613851751456,-14585.24782037265,291.0171502764709,41.98806565290956,1.197660149866796,101
1321000,2641.999999951349,-28403.11067952353,13769.665474341344,-14633.445205182185,295.28574391540496,41.3701563970416,1.2155485350322874,101
1321500,2642.999999951325,-28279.145049315986,13544.32901949003,-14734.816029825957,290.4534810818583,41.816585498591,1.20257147739083,101
1322000,2643.9999999513016,-28075.055706000006,13448.811985588716,-14626.24372041129,288.40515111591253,42.58575668273476,1.1808509914975447,101
1322500,2644.999999951278,-28290.854837121246,13637.747469535048,-14653.107367586197,292.4568076382202,41.82691957182748,1.2022743610397653,101
1323000,2645.9999999512543,-28125.11822404915,13611.039267494416,-14514.078956554735,291.8840594241908,41.96293942946888,1.198377274952424,101
1323500,2646.9999999512306,-28199.8363748034,13717.577291633166,-14482.259083170233,294.168730738226,41.766410058577975,1.2040161683025117,101
1324000,2647.999999951207,-28343.373333748557,13677.032555437956,-14666.340778310601,293.29926280441407,42.24482446589319,1.1903809197522084,101
1324500,2648.9999999511833,-28385.433449301945,13559.373220221125,-14826.06022908082,290.77609879633894,41.71822703692554,1.2054067628034681,101
1325000,2649.9999999511597,-28202.612093628493,13311.168488318166,-14891.443605310327,285.45343362049556,41.95019178700255,1.1987414326449184,101
1325500,2650.999999951136,-28227.312262035095,13440.351146641275,-14786.96111539382,288.22371133239716,41.70596722870245,1.2057611019238572,101
1326000,2651.9999999511124,-28300.328658426737,13456.061940545802,-14844.266717880935,288.5606239083958,41.843917813187005,1.2017859615103388,101
1326500,2652.9999999510887,-28502.018680259273,13609.939420601186,-14892.079259658087,291.86047358554674,41.562634046148865,1.2099192978636564,101
1327000,2653.999999951065,-28312.92826570018,13555.629141405048,-14757.29912429513,290.6958083128451,41.6063155320127,1.2086490322313788,101
1327500,2654.9999999510414,-28217.040786365527,13382.374401137662,-14834.666385227865,286.98041994977575,42.576425960192395,1.1811097777323463,101
1328000,2655.999999951018,-28204.066044543368,13356.212747106169,-14847.8532974372,286.4193922699717,42.16314875978999,1.192686848152064,101
1328500,2656.999999950994,-28232.93465393272,13265.490545211345,-14967.444108721375,284.47388582857883,42.088058235693964,1.1948147553130133,101
1329000,2657.9999999509705,-28428.36756201167,13386.65290898514,-15041.71465302653,287.0721710801822,42.04685848122371,1.1959854985346101,101
1329500,2658.999999950947,-28328.425036986708,13436.26276621172,-14892.162270774988,288.1360374191275,42.020986892441016,1.196721845948043,101
1330000,2659.999999950923,-28459.89274911036,13615.471240873936,-14844.421508236424,291.9791015701909,41.934861231681815,1.199179668788038,101
1330500,2660.9999999508996,-28267.781486800217,13661.523585077013,-14606.257901723204,292.96667826494746,42.20774366194408,1.1914267060861956,101
1331000,2661.999999950876,-28024.54238596178,13461.13283891707,-14563.40954704471,288.66936758126644,41.890763405622884,1.200442028605537,101
1331500,2662.9999999508523,-28510.022735283055,13935.735118335044,-14574.287616948011,298.84705035816677,41.970713511222485,1.1981553039129118,101
1332000,2663.9999999508286,-28184.494885411903,13528.700407697315,-14655.794477714588,290.1183308730042,42.13984623795532,1.1933463809648808,101
1332500,2664.999999950805,-28037.24798023215,13251.751633600566,-14785.496346631584,284.17925959069845,42.298745678620186,1.1888634567217962,101
1333000,2665.9999999507813,-28204.7436381954,13489.284492701061,-14715.459145494338,289.27307012186515,41.72256884109357,1.2052813237365008,101
1333500,2666.9999999507577,-28355.42694284955,13446.120783120161,-14909.306159729389,288.34743920385233,41.62259414836897,1.208176329020355,101
1334000,2667.999999950734,-28185.751054623226,13335.231185281744,-14850.519869341482,285.96944988732076,41.2809349330817,1.2181757289169632,101
1334500,2668.9999999507104,-28016.747670325432,13411.309244921362,-14605.43842540407,287.6009177307616,41.80278108833495,1.202968599056038,101
1335000,2669.9999999506867,-28369.59978245076,13496.43872294778,-14873.161059502982,289.42649013083206,41.67313602091433,1.2067110326720547,101
1335500,2670.999999950663,-28307.461450661696,13397.88203290898,-14909.579417752717,287.31297578364786,41.66124387066962,1.2070554868354262,101
1336000,2671.9999999506394,-28197.249773324143,13480.013796008843,-14717.2359773153,289.07426321733453,41.54640223555256,1.2103920025943424,101
1336500,2672.999999950616,-28256.239700484137,13509.817952547746,-14746.42174793639,289.71340311160145,41.47440744587027,1.2124931035630215,101
1337000,2673.999999950592,-28216.479701061056,13582.368282093003,-14634.111418968054,291.26921999553366,41.63677157939008,1.2077649417797915,101
1337500,2674.9999999505685,-28285.107980116183,13611.227097230982,-14673.880882885202,291.88808736834056,41.34371266690402,1.2163260084461653,101
1338000,2675.999999950545,-28120.669418176585,13557.885695117175,-14562.78372305941,290.7441993316982,42.28100804963502,1.1893622059210727,101
1338500,2676.999999950521,-28143.572795092015,13439.446134421587,-14704.126660670428,288.20430365636895,42.061655889087675,1.1955647475002744,101
1339000,2677.9999999504976,-28139.433921843036,13463.184839086754,-14676.249082756281,288.7133720197002,41.21273072289898,1.2201917252364785,101
1339500,2678.999999950474,-28200.301597210422,13551.179575392209,-14649.122021818213,290.6003888988695,42.18177245822653,1.1921602643009184,101
1340000,2679.9999999504503,-28326.836546384657,13807.849292070285,-14518.987254314372,296.10458276407786,41.88655772668913,1.2005625606813368,101
1340500,2680.9999999504266,-28098.746267152685,13648.206185165422,-14450.540081987263,292.6810912005964,42.10463744715842,1.194344282517373,101
1341000,2681.999999950403,-28164.474562211588,13746.35686507661,-14418.117697134978,294.78589880012635,41.50660100583544,1.211552663524787,101
1341500,2682.9999999503793,-28082.52809568156,13553.426128824169,-14529.10196685739,290.64856546515114,42.206322274223346,1.1914668299159663,101
1342000,2683.9999999503557,-28072.649290024783,13519.367478912875,-14553.281811111909,289.918189422643,41.95095334453414,1.1987196712666022,101
1342500,2684.999999950332,-27891.00211795907,13455.357604619565,-14435.644513339505,288.54551966651474,42.05707150083702,1.1956950688180872,101
1343000,2685.9999999503084,-27870.60957278528,13462.014984059946,-14408.594588725335,288.688284880691,42.881461410761645,1.1727080036003685,101
1343500,2686.9999999502847,-27885.234353521493,13396.468031213957,-14488.766322307536,287.2826530032441,42.39122293775301,1.1862699284784086,101
1344000,2687.999999950261,-27936.193386411433,13478.804610088146,-14457.388776323287,289.0483326408227,42.37803043861496,1.1866392204168723,101
1344500,2688.9999999502375,-27953.427555800678,13470.91998328781,-14482.507572512868,288.8792495287768,42.46999866829645,1.1840695686204423,101
1345000,2689.999999950214,-28105.7305701588,13605.135407533795,-14500.595162625006,291.7574531762981,42.33019670207458,1.1879801399556447,101
1345500,2690.99999995019,-28186.518892629676,13807.567399836014,-14378.951492793662,296.09853768199105,41.66752965108723,1.206873395749018,101
1346000,2691.9999999501665,-27779.117652298264,13378.419805367863,-14400.697846930401,286.8956150025571,41.9004410701079,1.2001647648133227,101
1346500,2692.999999950143,-28004.545381646578,13484.452210949828,-14520.09317069675,289.16944350040654,42.06566044560173,1.1954509324181655,101
1347000,2693.999999950119,-28095.284033214517,13759.610503756123,-14335.673529458394,295.0701185267681,41.55570085587104,1.2101211618808703,101
1347500,2694.9999999500956,-27860.189924027873,13509.74130296643,-14350.448621061443,289.7117593876721,41.87231082187979,1.2009710478219782,101
1348000,2695.999999950072,-28330.143409088876,13838.381567219663,-14491.761841869213,296.759336911716,41.394023935199826,1.2148476572657656,101
1348500,2696.9999999500483,-28089.58192918306,13639.803681875235,-14449.778247307824,292.50090240520285,41.66404814618097,1.2069742437423236,101
1349000,2697.9999999500246,-28270.84005914775,13735.516781998882,-14535.32327714887,294.55343694390507,41.783943122161496,1.203510948104104,101
1349500,2698.999999950001,-28191.530280139614,13544.599737129862,-14646.930543009752,290.4592865286078,42.15266437641012,1.1929834981112812,101
1350000,2699.9999999499773,-28191.548870455943,13559.532042886442,-14632.016827569501,290.7795046938145,41.82786792747929,1.2022471020915613,101
1350500,2700.9999999499537,-28122.085613719275,13507.508424961974,-14614.577188757301,289.66387608623336,42.13842800405191,1.1933865448811958,101
1351000,2701.99999994993,-28295.80767620633,13714.057976561693,-14581.749699644635,294.09326023599124,41.621454024025944,1.2082094242419343,101
1351500,2702.9999999499064,-28350.79017164047,13827.50233015557,-14523.2878414849,296.526035411713,41.99457055093381,1.197474634047956,101
1352000,2703.9999999498827,-27741.374664058992,13259.159500099107,-14482.215163959885,284.33811874191923,42.09685376715834,1.1945651159733945,101
1352500,2704.999999949859,-27999.958344965657,13274.926809127624,-14725.031535838032,284.67624326532945,41.87036763862726,1.2010267843000297,101
1353000,2705.9999999498355,-28303.114905387727,13539.729467873616,-14763.38543751411,290.3548452781592,42.22623186487151,1.1909050554973917,101
1353500,2706.999999949812,-28314.07972464902,13365.709476579406,-14948.370248069612,286.6230463698113,41.3246269911116,1.216887765576123,101
1354000,2707.999999949788,-28337.548490447407,13528.408623478786,-14809.13986696862,290.1120736607145,41.540774393033516,1.2105559835426143,101
1354500,2708.9999999497645,-28377.122721511878,13627.13470428276,-14749.988017229118,292.2292205346438,42.05844610901444,1.195655989575477,101
1355000,2709.999999949741,-28261.27516355481,13417.2031029168,-14844.07206063801,287.72730948994825,42.19887746083691,1.191677030962501,101
1355500,2710.999999949717,-28181.096057765095,13361.296067643118,-14819.799990121977,286.5284023319163,42.38299544638335,1.186500210116029,101
1356000,2711.9999999496936,-28298.10988960834,13433.61703254519,-14864.49285706315,288.0793005699005,41.99758423444826,1.1973887050682446,101
1356500,2712.99999994967,-28249.199849404824,13390.137073972899,-14859.062775431925,287.1468878009517,42.61317015348026,1.1800913384608516,101
1357000,2713.9999999496463,-28267.211560145515,13529.005004589708,-14738.206555555807,290.12486284868163,42.412606246642824,1.1856718427074036,101
1357500,2714.9999999496226,-28466.95668503108,13747.373169095525,-14719.583515935556,294.80769309054165,42.168143218239535,1.1925455845238415,101
1358000,2715.999999949599,-28221.73792085635,13462.66734114162,-14759.070579714731,288.7022744541138,41.8537775074279,1.2015028510522352,101
1358500,2716.9999999495753,-27948.09885164309,13453.877475945275,-14494.221375697816,288.5137788157663,41.65082447590893,1.2073574445463156,101
1359000,2717.9999999495517,-27910.85060982854,13450.428618869411,-14460.421990959128,288.4398192610333,41.90051353080761,1.200162689307051,101
1359500,2718.999999949528,-28115.687847579924,13766.754964128897,-14348.932883451027,295.2233290241458,42.21689503560474,1.1911684400302127,101
1360000,2719.9999999495044,-28275.52017328782,13747.93002561606,-14527.590147671759,294.81963468725127,42.28319890772395,1.1893005804084145,101
1360500,2720.9999999494808,-27980.443188581554,13562.010368599998,-14418.432819981555,290.8326515370225,42.19344911814361,1.1918303446033385,101
1361000,2721.999999949457,-28081.2210782926,13603.389255872766,-14477.831822419836,291.72000755402235,41.97837998940974,1.1979364857616466,101
1361500,2722.9999999494335,-28047.102335300373,13615.69806230547,-14431.404272994903,291.9839656778391,41.84343236364454,1.20179990411524,101
1362000,2723.99999994941,-27839.007457378895,13532.76428441367,-14306.243172965225,290.20547931256544,42.42659749836713,1.185280837201615,101
1362500,2724.999999949386,-27732.537996940904,13557.787849279051,-14174.750147661853,290.7421010613261,42.4894949586136,1.1835262587014137,101
1363000,2725.9999999493625,-27896.386194943607,13695.635622472559,-14200.750572471048,293.6981991837079,42.29828683639198,1.188876353243105,101
1363500,2726.999999949339,-28363.57009902403,14072.642415330964,-14290.927683693066,301.78298029170213,41.579193490577914,1.2094374320626482,101
1364000,2727.999999949315,-28056.370663480215,13869.275176515637,-14187.095486964578,297.4218397459491,42.09762917708544,1.1945431128899051,101
1364500,2728.9999999492916,-27917.56176339476,13714.865508449488,-14202.696254945271,294.1105774798028,42.20124332773967,1.1916102237069792,101
1365000,2729.999999949268,-28262.349540153908,13986.182637062451,-14276.166903091456,299.9288800601205,42.09173154667001,1.1947104848068173,101
1365500,2730.9999999492443,-27896.101135859823,13588.633328794407,-14307.467807065415,291.40357176895446,42.478453742740754,1.1838338868696292,101
1366000,2731.9999999492206,-28014.769057980968,13751.103440798172,-14263.665617182796,294.887687485233,42.121934392893245,1.1938538371344352,101
1366500,2732.999999949197,-28082.030303893163,13733.950426455947,-14348.079877437216,294.51984698759173,41.9596121275282,1.1984723035485054,101
1367000,2733.9999999491733,-28018.449171116394,13536.487888870559,-14481.961282245835,290.2853307304629,42.37952021199196,1.1865975063174712,101
1367500,2734.9999999491497,-28024.562597558157,13413.17193763798,-14611.390659920176,287.64086253592313,41.93260612657508,1.1992441597998014,101
1368000,2735.999999949126,-28183.054460630177,13470.03147934869,-14713.022981281487,288.860195867152,41.9836695257344,1.197785557350013,101
1368500,2736.9999999491024,-28030.159457291003,13509.463473300435,-14520.695983990568,289.7058014259658,42.007883970792996,1.1970951223690318,101
1369000,2737.9999999490788,-28126.818519977147,13788.305036566822,-14338.513483410325,295.6854629215249,42.26018205812141,1.189948328507413,101
1369500,2738.999999949055,-27982.586817183495,13587.260153962638,-14395.326663220858,291.3741245066023,42.58801406559782,1.180788400347182,101
1370000,2739.9999999490315,-28127.989999504833,13773.066150514023,-14354.92384899081,295.35867024722734,42.334744920585635,1.1878525097248867,101
1370500,2740.999999949008,-28082.06120096161,13761.23970052537,-14320.82150043624,295.10505609158315,41.987530530099114,1.1976754138096204,101
1371000,2741.999999948984,-27938.13807623727,13778.981751907975,-14159.156324329293,295.48552828612276,42.16319707626733,1.19268548140497,101
1371500,2742.9999999489605,-27851.95843875776,13728.066673501973,-14123.891765255787,294.39367192754645,42.04398048997512,1.1960673660399723,101
1372000,2743.999999948937,-27663.3405257894,13687.293205537222,-13976.047320252179,293.5192989195444,42.22989353242194,1.1908017945598757,101
1372500,2744.9999999489132,-27598.33554081917,13652.634076188682,-13945.701464630489,292.77604580186954,42.66557197083014,1.1786419513340016,101
1373000,2745.9999999488896,-27979.14745716542,13993.504350773273,-13985.643106392148,300.0858916944165,42.10722226839615,1.1942709657251385,101
1373500,2746.999999948866,-27875.833701625445,13622.92633394014,-14252.907367685304,292.138973478925,42.30993348962123,1.1885490913101109,101
1374000,2747.9999999488423,-28040.63193311889,13700.939307359105,-14339.692625759784,293.81193488339756,42.62041259512012,1.1798908067876908,101
1374500,2748.9999999488186,-27958.319981867724,13538.361462369274,-14419.95851949845,290.3255088702571,41.954298166382564,1.1986241029000266,101
1375000,2749.999999948795,-28095.04255779926,13585.220508080769,-14509.822049718492,291.3303850016249,41.993101881913944,1.1975165145906712,101
1375500,2750.9999999487713,-28202.55301953747,13532.705706157856,-14669.847313379614,290.20422312200094,41.749276401138,1.2045102894552155,101
1376000,2751.9999999487477,-28162.324317689152,13542.283859751424,-14620.040457937728,290.4096233341181,42.11428632001885,1.194070644349887,101
1376500,2752.999999948724,-27963.975262918266,13533.544390356714,-14430.430872561552,290.22220841641723,41.71894007706947,1.205386160568367,101
1377000,2753.9999999487004,-28043.36707969007,13597.719175490347,-14445.647904199723,291.5984146288418,41.81496742923245,1.2026180120213381,101
1377500,2754.9999999486768,-27899.04652173,13433.13466590569,-14465.91185582431,288.06895638309,41.97837245840586,1.1979367006738453,101
1378000,2755.999999948653,-28210.95275249153,13728.355261874465,-14482.597490617063,294.3998606060162,42.43227274703994,1.1851223077837274,101
1378500,2756.9999999486295,-28064.567645222905,13554.300543880225,-14510.26710134268,290.66731699552054,42.44943572848894,1.1846431440013536,101
1379000,2757.999999948606,-28136.22478006316,13501.249137436274,-14634.975642626885,289.5296478163563,42.32006707068245,1.1882644920786891,101
1379500,2758.999999948582,-28391.98950999816,13723.937147606232,-14668.052362391927,294.3051156638947,42.005410736016145,1.197165606081391,101
1380000,2759.9999999485585,-28209.04925680982,13569.193596409783,-14639.855660400037,290.98669338876385,42.17070199102473,1.192473224969869,101
1380500,2760.999999948535,-27899.67313962802,13505.564827969512,-14394.108311658507,289.62219631668046,42.544282335144906,1.182002145584183,101
1381000,2761.9999999485112,-27865.928565854272,13504.106393633281,-14361.822172220991,289.59092069355603,41.95865474650843,1.1984996493879532,101
1381500,2762.9999999484876,-27861.771038790157,13730.838950410198,-14130.93208837996,294.45312245310276,41.857502304013565,1.2013959322570151,101
1382000,2763.999999948464,-27950.59212243064,13860.30916615207,-14090.28295627857,297.22956673502574,42.25226382771853,1.1901713292221454,101
1382500,2764.9999999484403,-28008.450999567925,13760.38626706765,-14248.064732500276,295.0867545043794,42.01386395996167,1.1969247353779078,101
1383000,2765.9999999484166,-28014.228265255737,13856.730356047754,-14157.497909207983,297.1528203822582,41.70167469935658,1.2058852160020428,101
1383500,2766.999999948393,-27886.847216501606,13733.262584498349,-14153.584632003258,294.50509645319977,41.60980646358719,1.208547630388215,101
1384000,2767.9999999483694,-28048.95551768875,13982.550553673766,-14066.404964014986,299.85099128007784,41.65078175401701,1.207358682952705,101
1384500,2768.9999999483457,-27820.913854657247,13573.58668186046,-14247.327172796786,291.08090159649447,41.769127026568334,1.2039378503288785,101
1385000,2769.999999948322,-27772.19935218846,13442.495190421585,-14329.704161766876,288.2696896144285,41.616302783748154,1.2083589756588997,101
1385500,2770.9999999482984,-28188.90645749599,13905.023618958152,-14283.882838537837,298.1884528085631,41.43763751743493,1.213569016363977,101
1386000,2771.9999999482748,-28112.29234199814,13754.96530585419,-14357.327036143952,294.9705038541631,41.568716519057595,1.2097422584463429,101
1386500,2772.999999948251,-28115.4249603218,13753.606563355383,-14361.818396966419,294.9413660882314,41.49592260585851,1.2118644397939187,101
1387000,2773.9999999482275,-28104.86516607115,13612.433960038452,-14492.4312060327,291.91396812648765,41.86523427906475,1.2011740497443584,101
1387500,2774.999999948204,-28329.236932183445,13642.95924971667,-14686.277682466774,292.5685724730974,41.59665991283853,1.20892958972794,101
1388000,2775.99999994818,-28087.794890021,13616.44337802846,-14471.35151199254,291.99994871737806,41.38955975410319,1.2149786878923072,101
1388500,2776.9999999481565,-28042.689479111155,13532.215006071285,-14510.47447303987,290.1937002272819,41.782418802417084,1.20355485498057,101
1389000,2777.999999948133,-28156.935941487915,13725.027736256045,-14431.90820523187,294.3285029626905,42.01004599105339,1.1970335146309987,101
1389500,2778.9999999481092,-27928.09031196671,13664.066008620543,-14264.024303346167,293.021199664091,42.24184735134174,1.190464815239271,101
1390000,2779.9999999480856,-27781.861792248274,13506.50616796664,-14275.355624281634,289.64238302941123,41.91240949081121,1.1998220482529272,101
1390500,2780.999999948062,-28214.14415009398,13907.124106333602,-14307.020043760378,298.2334970384611,41.579614197057445,1.209425194860017,101
1391000,2781.9999999480383,-27876.02950923591,13485.25360091528,-14390.77590832063,289.18662903280415,41.79687666773821,1.2031385359781186,101
1391500,2782.9999999480146,-28143.86480304548,13724.00106538985,-14419.863737655629,294.306486358798,41.5297557699119,1.2108771667497629,101
1392000,2783.999999947991,-28093.505594854094,13790.73400561836,-14302.771589235734,295.73755132807827,41.788271101449034,1.2033863013953883,101
1392500,2784.9999999479674,-27744.834990584914,13510.64233043433,-14234.192660150584,289.7310816120676,41.361254916790955,1.215810136893741,101
1393000,2785.9999999479437,-28096.741713068164,13808.550767509041,-14288.190945559123,296.11962566378793,42.184708937077275,1.1920772779892659,101
1393500,2786.99999994792,-28199.04180788928,13739.917005388328,-14459.124802500952,294.64779822227945,41.8534594767726,1.2015119808767192,101
1394000,2787.9999999478964,-27974.85450365588,13574.15980533594,-14400.69469831994,291.09319203246235,41.732923544187,1.2049822713531195,101
1394500,2788.9999999478728,-27737.68324081916,13616.507726522363,-14121.175514296796,292.00132864871534,42.45716799607913,1.184427397680517,101
1395000,2789.999999947849,-27868.395787143472,13590.625323693133,-14277.770463450339,291.4462894149744,41.62267802199239,1.2081738944310576,101
1395500,2790.9999999478255,-27856.1214145838,13601.45773360622,-14254.66368097758,291.678586722817,42.085581206212915,1.1948850784804375,101
1396000,2791.999999947802,-27865.70687907955,13685.704987019573,-14180.001892059976,293.4852401192519,41.947121650940474,1.1988291692799158,101
1396500,2792.999999947778,-27981.542359488467,13744.583726045457,-14236.95863344301,294.74787444297294,42.22123119820392,1.1910461058421185,101
1397000,2793.9999999477545,-27696.258881586306,13444.562930115691,-14251.695951470614,288.31403158155433,41.949145263796645,1.1987713381583505,101
1397500,2794.999999947731,-28016.34842366775,13698.870184383872,-14317.478239283879,293.7675632522833,41.617352908015285,1.208328485322656,101
1398000,2795.9999999477072,-28106.21940967907,13624.342678789024,-14481.876730890046,292.16934650745804,42.023552556640844,1.1966487824821885,101
1398500,2796.9999999476836,-27895.245704516557,13538.84256105328,-14356.403143463278,290.3358258661978,41.641376854735036,1.207631370545385,101
1399000,2797.99999994766,-28063.556909733732,13655.431329340887,-14408.125580392845,292.8360319343945,41.71969532592903,1.2053643395431652,101
1399500,2798.9999999476363,-27945.17887375817,13513.118592895114,-14432.060280863056,289.7841842095291,41.741333899581804,1.2047394825344657,101
1400000,2799.9999999476127,-28177.445865686965,13875.397117645181,-14302.048748041783,297.5531226695621,41.78810848856356,1.2033909842136798,101
1400500,2800.999999947589,-27905.623054705113,13398.485540772988,-14507.137513932124,287.3259178023857,41.49095269319057,1.212009600607065,101
1401000,2801.9999999475654,-28044.630886890176,13675.843061142263,-14368.787825747913,293.2737545080331,41.98497729401466,1.1977482481489745,101
1401500,2802.9999999475417,-27915.16333718346,13417.30756114495,-14497.855776038512,287.7295495607521,41.841807423637306,1.201846576399855,101
1402000,2803.999999947518,-28290.948102141767,13784.8743432374,-14506.073758904367,295.6118928820921,42.2127649052558,1.191284984893737,101
1402500,2804.9999999474944,-28092.18905362616,13717.43867021397,-14374.750383412189,294.165758049531,41.94409094875423,1.1989157915931448,101
1403000,2805.9999999474708,-27956.306561568592,13466.370717489735,-14489.935844078856,288.78169208717037,42.00202941191457,1.1972619824940096,101
1403500,2806.999999947447,-28358.37130607081,13531.71489808326,-14826.65640798755,290.18297558334945,41.92195069676926,1.1995489753380193,101
1404000,2807.9999999474235,-28143.54785904152,13500.310978990092,-14643.236880051427,289.5095293308922,41.57017438722675,1.2096998327226727,101
1404500,2808.9999999474,-28419.801554270525,13809.51066220349,-14610.290892067036,296.1402102756261,42.06081181316441,1.1955887400808871,101
1405000,2809.999999947376,-28180.29635216744,13715.063030319252,-14465.233321848187,294.1148132684182,42.04393826360893,1.1960685672970544,101
1405500,2810.9999999473525,-28220.43810826564,13867.56737844778,-14352.87072981786,297.38521660329803,41.45017555514123,1.21320193048599,101
1406000,2811.999999947329,-27853.258120310547,13608.62538118311,-14244.632739127437,291.8322944618184,42.214980628142335,1.1912224583364313,101
1406500,2812.9999999473052,-27982.96289469947,13685.47626366256,-14297.48663103691,293.4803352254655,41.929072734239334,1.1993452209453646,101
1407000,2813.9999999472816,-28353.04647348442,14041.171879556912,-14311.874593927509,301.10810546741726,42.03065008856279,1.1964467096397482,101
1407500,2814.999999947258,-27981.421180676392,13707.290224010692,-14274.1309566657,293.94812810838937,41.883087777731724,1.2006620254301597,101
1408000,2815.9999999472343,-28000.90136983202,13613.240426517006,-14387.660943315013,291.9312625229642,41.723181564935466,1.205263623633691,101
1408500,2816.9999999472107,-28183.271346611633,13854.421053953287,-14328.850292658346,297.1032981924737,42.11094670183871,1.194165340393186,101
1409000,2817.999999947187,-27777.407533112557,13400.871346193388,-14376.53618691917,287.3770805797032,42.110610695983816,1.1941748687885108,101
1409500,2818.9999999471634,-28174.28051758792,13746.085721584419,-14428.1947960035,294.7800842211194,42.04773479486755,1.1959605730917695,101
1410000,2819.9999999471397,-27950.358543866765,13347.72177353493,-14602.636770331836,286.23730625980534,42.39864061974663,1.1860623894403775,101
1410500,2820.999999947116,-28187.737541562037,13536.023979143703,-14651.713562418334,290.27538234580095,41.981145395358155,1.1978575746063567,101
1411000,2821.9999999470924,-28207.793075969188,13535.8868216246,-14671.906254344589,290.2724410499403,41.48705846732143,1.212123367148119,101
1411500,2822.9999999470688,-28354.70586097938,13563.397582371688,-14791.30827860769,290.8623998596166,41.80854380442545,1.2028027868590245,101
1412000,2823.999999947045,-28351.041648515667,13764.713649671849,-14586.327998843819,295.17955373714716,41.95206545389632,1.198687894348002,101
1412500,2824.9999999470215,-28030.8748438924,13505.245650217463,-14525.629193674939,289.61535165947873,41.88623114153224,1.2005719214163932,101
1413000,2825.999999946998,-27984.786205335222,13421.952175885033,-14562.834029450189,287.8291517276516,41.663772259347404,1.2069822360167684,101
1413500,2826.999999946974,-28191.86192243984,13631.199298589216,-14560.662623850623,292.31638436267815,41.89990132169922,1.20018022516052,101
1414000,2827.9999999469505,-28083.66160092576,13617.347081591206,-14466.314519334554,292.0193283297079,41.76616793523802,1.2040231481244688,101
1414500,2828.999999946927,-28189.958335350824,13862.920557326934,-14327.03777802389,297.2855671213213,41.95725067051788,1.1985397565102145,101
1415000,2829.9999999469032,-28039.813869199574,13730.286686506763,-14309.527182692811,294.44127934348865,42.085190341072675,1.1948961759453647,101
1415500,2830.9999999468796,-27939.2408154662,13663.42384381904,-14275.81697164716,293.00742866061375,41.781410344096486,1.203583904620058,101
1416000,2831.999999946856,-28078.211135398626,13811.182251204267,-14267.028884194358,296.1760569272775,42.27737778865109,1.1894643337122877,101
1416500,2832.9999999468323,-27912.840611057352,13759.384574210224,-14153.456036847128,295.0652735453009,41.732706938212814,1.2049885255929693,101
1417000,2833.9999999468087,-27920.91458209792,13677.95544273195,-14242.95913936597,293.3190538052678,41.98859966137057,1.19764491809773,101
1417500,2834.999999946785,-27820.45636841893,13851.598894505096,-13968.857473913835,297.0427779529907,41.73666634037266,1.2048742128174372,101
1418000,2835.9999999467614,-27644.141342727267,13684.265529506793,-13959.875813220475,293.4543714475846,41.792377411263715,1.2032680626809056,101
1418500,2836.9999999467377,-27802.912105984335,14046.014880317449,-13756.897225666886,301.2119619543467,41.620661891859285,1.2082324191080778,101
1419000,2837.999999946714,-27703.93004264224,13811.394159198591,-13892.53588344365,296.18060122139,41.9938425232791,1.1974953941069795,101
1419500,2838.9999999466904,-27763.293437565004,13907.005811900472,-13856.287625664532,298.2309602549965,41.868272122894396,1.201086895940527,101
1420000,2839.999999946667,-27638.295749166682,13782.506705587866,-13855.789043578816,295.56111970637716,42.54774538334246,1.1819059400070628,101
1420500,2840.999999946643,-27858.84547069909,13887.079207911314,-13971.766262787774,297.8036410805685,41.95657905543629,1.1985589419966023,101
1421000,2841.9999999466195,-27630.45539194048,13652.025418919016,-13978.429973021463,292.76299335589704,42.03048306630369,1.1964514641231077,101
1421500,2842.999999946596,-27763.651498071835,13613.046980589112,-14150.604517482723,291.9271141415215,41.793613885367655,1.2032324637062946,101
1422000,2843.999999946572,-27874.471753399503,13789.084591109633,-14085.38716228987,295.7021802007882,41.88023270707619,1.2007438772894843,101
1422500,2844.9999999465485,-28148.859238105484,13927.45808812869,-14221.401149976795,298.669552289935,41.63261981619223,1.2078853846935227,101
1423000,2845.999999946525,-27928.49858966917,13853.251423687063,-14075.247165982106,297.07821587337804,41.94190675235774,1.1989782271797562,101
1423500,2846.9999999465012,-27879.11615399024,13623.070956432637,-14256.045197557602,292.1420748585746,41.76867730471185,1.2039508130847059,101
1424000,2847.9999999464776,-28029.724596794647,13701.309427313208,-14328.415169481439,293.81987197861525,42.062905091374155,1.1955292411030587,101
1424500,2848.999999946454,-28056.788573457845,13873.073990169729,-14183.714583288116,297.50330399923365,42.20020166322961,1.191639637264994,101
1425000,2849.9999999464303,-28101.25431408925,13880.53201122963,-14220.722302859618,297.66323869778626,42.01177820315151,1.1969841590449088,101
1425500,2850.9999999464067,-27978.548064323513,13728.75649120123,-14249.791573122284,294.40846483103934,42.20717094822983,1.1914428726853485,101
1426000,2851.999999946383,-28180.595649698018,13858.557932433483,-14322.037717264535,297.1920121297722,41.632193463731134,1.2078977545655771,101
1426500,2852.9999999463594,-28233.611322971898,13880.192945224273,-14353.418377747625,297.6559675438272,41.64832021276321,1.207430041489881,101
1427000,2853.9999999463357,-28108.27361688535,13843.205062703088,-14265.068554182264,296.862775114681,41.85157201692537,1.2015661677449914,101
1427500,2854.999999946312,-27831.112841827024,13634.104582151629,-14197.008259675395,292.37868717022354,41.857920102492066,1.201383940705802,101
1428000,2855.9999999462884,-28204.29615286083,13935.581680813264,-14268.714472047564,298.84375994324364,42.25414799305985,1.190118257993041,101
1428500,2856.999999946265,-28162.379400801576,13877.785474785669,-14284.593926015907,297.6043401676399,42.01590928639421,1.1968664693105868,101
1429000,2857.999999946241,-27991.28916250439,13749.509101639214,-14241.780060865174,294.8534974298912,42.32348025923855,1.188168664166118,101
1429500,2858.9999999462175,-28145.310309006592,13764.73028871034,-14380.580020296253,295.17991055560935,42.343899416395345,1.187595703172521,101
1430000,2859.999999946194,-28288.98290418764,13843.811207246976,-14445.171696940664,296.8757736761127,42.267781724705515,1.189734378066203,101
1430500,2860.99999994617,-28073.383115319095,13712.447412671801,-14360.935702647294,294.05872224687045,41.972631271853885,1.1981005593090468,101
1431000,2861.9999999461465,-28092.094815695407,13745.620775242172,-14346.474040453235,294.77011360659674,41.92807274346367,1.199373825507399,101
1431500,2862.999999946123,-28286.231971515663,13992.963817159,-14293.268154356663,300.074300136822,41.51019157181297,1.2114478661338595,101
1432000,2863.9999999460993,-27986.970694785272,13625.827921311538,-14361.142773473734,292.20119702292436,42.23990993191692,1.1905194183305496,101
1432500,2864.9999999460756,-28186.176159310417,13681.599557189797,-14504.57660212062,293.39720058745377,41.789205584199216,1.2033593914858853,101
1433000,2865.999999946052,-28187.007708604422,13748.873879326455,-14438.133829277967,294.8398753056991,41.87821172058381,1.2008018235832036,101
1433500,2866.9999999460283,-27968.52243960367,13622.60570583173,-14345.91673377194,292.13209771932947,42.182380278726555,1.192143086051536,101
1434000,2867.9999999460047,-28236.67320284679,13737.120020191809,-14499.55318265498,294.58781783597203,41.751288130203775,1.2044522517642162,101
1434500,2868.999999945981,-28201.606700795237,13794.948855167777,-14406.65784562746,295.8279373281601,41.77232687120917,1.203845626256943,101
1435000,2869.9999999459574,-28183.099106380836,13763.270394256502,-14419.828712124334,295.14860362076456,42.03096296980017,1.1964378032121878,101
1435500,2870.9999999459337,-27977.00838542518,13436.37053430884,-14540.637851116338,288.1383484689338,42.122214905584315,1.1938458866704496,101
1436000,2871.99999994591,-28052.50244905749,13550.25863082987,-14502.24381822762,290.58063955922853,41.97225600785489,1.1981112712423536,101
1436500,2872.9999999458864,-28296.34912380895,13688.33505149573,-14608.014072313219,293.54164094807635,41.30882507823006,1.217353263067805,101
1437000,2873.999999945863,-28138.887557570284,13671.791929812347,-14467.095627757937,293.1868793889039,42.670223858034305,1.1785134563575062,101
1437500,2874.999999945839,-27797.227177905206,13598.534486115459,-14198.692691789747,291.6158986850018,42.091266023281385,1.1947236981340905,101
1438000,2875.9999999458155,-27798.376322034306,13704.88380758436,-14093.492514449947,293.896523335133,42.36615760219012,1.1869717682370355,101
1438500,2876.999999945792,-27728.95062130703,13651.903820246225,-14077.046801060806,292.7603857141485,42.487040392357116,1.1835946335185683,101
1439000,2877.999999945768,-27622.15137845419,13696.267851654717,-13925.883526799473,293.71175712124284,42.666803915118265,1.178607919696137,101
1439500,2878.9999999457445,-27558.270411121764,13462.928776463854,-14095.34163465791,288.7078808447524,42.55488378821462,1.181707680198328,101
1440000,2879.999999945721,-28079.089786525834,14047.222064985297,-14031.867721540537,301.23784961467896,42.39634707389275,1.1861265527153644,101
1440500,2880.9999999456973,-27748.860091802035,13687.814072673167,-14061.046019128868,293.5304687362698,42.187548265643095,1.1919970481772193,101
1441000,2881.9999999456736,-27845.178056025128,13657.74075164295,-14187.437304382178,292.8855567019897,41.93228261814208,1.1992534119934501,101
1441500,2882.99999994565,-27951.36495486743,13721.566710487106,-14229.798244380323,294.2542824545165,41.84211586331393,1.2018377169728942,101
1442000,2883.9999999456263,-27652.705249486102,13319.713371807891,-14332.99187767821,285.6366757103369,41.684067613998714,1.2063945742567734,101
1442500,2884.9999999456027,-28021.486176485098,13588.926571587377,-14432.55960489772,291.40986025987183,41.790963218658796,1.2033087808808445,101
1443000,2885.999999945579,-28129.551013698798,13741.545922243908,-14388.00509145489,294.6827297844421,41.813312020497165,1.2026656242353944,101
1443500,2886.9999999455554,-27974.937230858864,13606.132889687668,-14368.804341171197,291.77884383828604,42.19000960858268,1.1919275076972393,101
1444000,2887.9999999455317,-28029.390130836666,13734.38222875548,-14295.007902081186,294.5291068395089,42.251878032306585,1.1901821964938413,101
1444500,2888.999999945508,-28024.9453300428,13605.86905730013,-14419.07627274267,291.7731860434058,41.9199550417876,1.1996060814557619,101
1445000,2889.9999999454844,-27766.615419489182,13382.88861966548,-14383.726799823702,286.9914471893848,42.068513627081614,1.1953698542395848,101
1445500,2890.999999945461,-28064.527762369067,13517.49556784674,-14547.032194522328,289.8780469331441,42.461732652596396,1.1843000711702145,101
1446000,2891.999999945437,-28006.081813552344,13584.613933260453,-14421.467880291892,291.3173772130631,41.78342340217811,1.2035259178849171,101
1446500,2892.9999999454135,-27830.622080450255,13429.626109773271,-14400.995970676984,287.9937166026058,42.05632603322294,1.1957162630600526,101
1447000,2893.99999994539,-27916.412321560943,13344.36000914449,-14572.052312416454,286.1652143777804,42.63902290268303,1.1793758294427577,101
1447500,2894.999999945366,-28174.946742911838,13707.401959340657,-14467.54478357118,293.9505242341407,42.05457227315616,1.1957661268280093,101
1448000,2895.9999999453426,-27986.249061708673,13584.701110999516,-14401.547950709157,291.31924670971716,41.9151142635231,1.1997446240112841,101
1448500,2896.999999945319,-28167.689420000504,13842.914613223178,-14324.774806777326,296.8565465254023,42.309157951724195,1.1885708777248591,101
1449000,2897.9999999452953,-27892.0293620151,13524.307261523714,-14367.722100491384,290.0241213630914,42.12799747281207,1.1936820171652898,101
1449500,2898.9999999452716,-27813.350712351585,13385.18119808935,-14428.169514262234,287.0406107458008,42.333810357367405,1.1878787328135927,101
1450000,2899.999999945248,-28071.17290963562,13503.520476302847,-14567.652433332774,289.5783558977654,41.935744141086275,1.1991544214237932,101
1450500,2900.9999999452243,-28282.422890952923,13716.038770870364,-14566.38412008256,294.13573768920674,41.62397982371815,1.208136108451258,101
1451000,2901.9999999452007,-28076.16319824855,13535.293256326038,-14540.86994192251,290.25971224610157,41.65521466092864,1.2072301970309771,101
1451500,2902.999999945177,-27972.14077900317,13347.351616244878,-14624.789162758292,286.22936836393103,41.64622310169232,1.2074908420791963,101
1452000,2903.9999999451534,-28148.033005417237,13656.254403164847,-14491.77860225239,292.8536824696859,41.6069455086615,1.2086307319053735,101
1452500,2904.9999999451297,-28042.937346298542,13520.067343789275,-14522.870002509268,289.93319778439684,41.813896014752984,1.20264882719223,101
1453000,2905.999999945106,-28008.540969549133,13608.033076706324,-14400.507892842808,291.8195926958693,41.59475277239361,1.2089850197608638,101
1453500,2906.9999999450824,-28089.267928460442,13503.28306591697,-14585.984862543472,289.5732647136304,42.088023610935124,1.194815738257072,101
1454000,2907.999999945059,-28130.58195812558,13619.972346239952,-14510.609611885626,292.07562622788305,41.783864486469355,1.2035132130673276,101
1454500,2908.999999945035,-28083.0661739885,13521.629359540288,-14561.436814448212,289.9666946753638,41.94930185094463,1.198766863419162,101
1455000,2909.9999999450115,-28300.4804681061,13501.42161538537,-14799.05885272073,289.53334654669965,41.697491650293266,1.2060061891547103,101
1455500,2910.999999944988,-28476.23346637124,13507.179579537387,-14969.053886833852,289.6568241091165,42.07706248384618,1.1951269892423313,101
1456000,2911.999999944964,-28291.278261948377,13461.617291165752,-14829.660970782625,288.67975649324904,42.503867956404136,1.183126040530239,101
1456500,2912.9999999449406,-28095.513881163017,13316.909119783353,-14778.604761379664,285.5765394894,41.883429973374405,1.2006522157915103,101
1457000,2913.999999944917,-28211.120973832072,13395.505985109823,-14815.61498872225,287.26202225516454,42.22281086341456,1.1910015457084089,101
1457500,2914.9999999448933,-28261.582024395386,13483.666695383017,-14777.915329012369,289.15259838903216,42.16865561825152,1.192531093657039,101
1458000,2915.9999999448696,-27948.59319727511,13479.492951723394,-14469.100245551715,289.06309389063017,42.345031358984016,1.1875639570594259,101
1458500,2916.999999944846,-28027.286610360134,13506.767157728264,-14520.51945263187,289.64797986515566,41.79439453712056,1.2032099892682189,101
1459000,2917.9999999448223,-27595.25005176068,13110.62335999847,-14484.626691762209,281.15281226445467,42.0586944005967,1.1956489310749288,101
1459500,2918.9999999447987,-27794.38775390396,13337.601934605693,-14456.785819298268,286.02028979182415,42.113883009371236,1.194082079567218,101
1460000,2919.999999944775,-28189.47684965684,13585.12514737436,-14604.35170228248,291.3283400240483,41.7446633847942,1.2046433945086763,101
1460500,2920.9999999447514,-28216.6798756871,13700.695737693086,-14515.984137994014,293.80671161561673,41.78702511423864,1.2034221834409897,101
1461000,2921.9999999447277,-28089.075867245723,13488.252647198758,-14600.823220046965,289.2509425496797,41.93236685490909,1.1992510028465828,101
1461500,2922.999999944704,-28356.817432848362,13728.166382382875,-14628.651050465487,294.3958101502308,41.44362021239676,1.2133938286462338,101
1462000,2923.9999999446804,-28223.711656757176,13627.927538449323,-14595.784118307853,292.2462225908747,42.28149331539898,1.189348555581072,101
1462500,2924.999999944657,-28250.857540859506,13776.370848680406,-14474.4866921791,295.4295383636892,41.627094421072954,1.2080457140199399,101
1463000,2925.999999944633,-28504.756074981247,13817.873690505632,-14686.882384475615,296.31955254346735,41.94753513037684,1.1988173523469856,101
1463500,2926.9999999446095,-28157.549682450564,13702.684339513056,-14454.865342937508,293.8493564982288,41.79470898306645,1.203200936818462,101
1464000,2927.999999944586,-28452.06717635754,14090.227502453956,-14361.839673903585,302.1600864416377,41.718871101143016,1.2053881534944688,101
1464500,2928.999999944562,-28318.399135122723,13623.585756238403,-14694.81337888432,292.15311456348945,41.9844033758798,1.197764621120491,101
1465000,2929.9999999445386,-28206.35493139116,13543.517733628818,-14662.837197762343,290.43608333537696,41.92332652961369,1.1995096087367645,101
1465500,2930.999999944515,-28047.534554141846,13327.44027439072,-14720.094279751127,285.80237648074296,41.60925687604759,1.2085635932476493,101
1466000,2931.9999999444913,-28316.43244712947,13633.078720769208,-14683.353726360263,292.3566879254324,41.88160684153152,1.2007044809134078,101
1466500,2932.9999999444676,-28110.12011506235,13511.659352087374,-14598.460762974975,289.75289129190026,41.63876266406183,1.2077071888085502,101
1467000,2933.999999944444,-28096.780834098554,13511.132522311731,-14585.648311786823,289.74159360841566,41.75542816042277,1.2043328309142975,101
1467500,2934.9999999444203,-28049.499036325004,13647.96930657694,-14401.529729748063,292.67601142067383,42.02313964904426,1.1966605404178607,101
1468000,2935.9999999443967,-27917.28443294286,13551.795463872299,-14365.48896907056,290.6135964156643,42.92433063791414,1.171536801043619,101
1468500,2936.999999944373,-28196.935380445117,13997.553546373721,-14199.381834071395,300.1727253024925,41.87496001239389,1.2008950692155114,101
1469000,2937.9999999443494,-27806.49672635189,13693.109912251297,-14113.386814100591,293.64403619601666,41.88488237959954,1.2006105818020285,101
1469500,2938.9999999443257,-27692.462255217746,13558.099499330237,-14134.362755887509,290.74878428956987,42.61613405081151,1.1800092646255167,101
1470000,2939.999999944302,-28109.776535829908,13818.757624184207,-14291.0189116457,296.3385081974254,42.02124243338956,1.1967145684041642,101
1470500,2940.9999999442784,-27904.930285067163,13598.42007999037,-14306.510205076793,291.61344528496693,41.94065969959816,1.199013877289163,101
1471000,2941.999999944255,-28046.914512825595,13557.325072223279,-14489.589440602316,290.7321769664063,41.76638890334318,1.2040167781528102,101
1471500,2942.999999944231,-28076.547882031122,13687.876394036048,-14388.671487995074,293.53180519647896,41.74219842417948,1.2047145311194527,101
1472000,2943.9999999442075,-28184.191910934904,13683.70639015217,-14500.485520782733,293.4423808962826,42.036684582439214,1.1962749560770085,101
1472500,2944.999999944184,-28354.298955162747,13795.52343178465,-14558.775523378097,295.84025892624584,41.442213673833045,1.2134350109350562,101
1473000,2945.99999994416,-28178.298990113886,13719.174076583517,-14459.12491353037,294.2029732427237,41.85903477072876,1.2013519489380484,101
1473500,2946.9999999441366,-28036.31421625375,13600.673258811446,-14435.640957442305,291.6617639304413,42.26364168799624,1.189850921359747,101
1474000,2947.999999944113,-28122.79918749087,13815.466078063066,-14307.333109427804,296.26792212205385,41.677136449950765,1.206595205092118,101
1474500,2948.9999999440893,-27880.16656626541,13874.140230059798,-14006.02633620561,297.5261691472445,41.71269519452071,1.2055666210963558,101
1475000,2949.9999999440656,-27976.32329844876,13919.454853466485,-14056.868444982274,298.49792567305286,42.30601825958939,1.1886590861356237,101
1475500,2950.999999944042,-27768.800157287173,13603.746094243812,-14165.05406304336,291.7276598302558,41.81742048425188,1.2025474651507593,101
1476000,2951.9999999440183,-27914.27034401073,13690.413246485507,-14223.857097525222,293.5862071254247,42.429314905295854,1.1852049252910246,101
1476500,2952.9999999439947,-27989.950334438512,13844.273958307222,-14145.67637613129,296.8856972135673,42.12135531807238,1.1938702499656857,101
1477000,2953.999999943971,-27945.68756197084,13742.174333859253,-14203.513228111588,294.6962058555688,41.86665988511242,1.2011331484402101,101
1477500,2954.9999999439474,-27976.917572575127,13765.87620832453,-14211.041364250597,295.2044844079207,41.962188055001256,1.1983987330824384,101
1478000,2955.9999999439237,-27867.135199821878,13719.616744099138,-14147.51845572274,294.2124660954659,42.331561919144235,1.1879418269170525,101
1478500,2956.9999999439,-27555.46063805478,13377.03150557863,-14178.42913247615,286.86584339069003,42.6588796309436,1.1788268570936258,101
1479000,2957.9999999438764,-27989.57764867199,13560.270823649593,-14429.306825022399,290.79534759338554,41.817562128017386,1.202543391901567,101
1479500,2958.999999943853,-28080.45590602557,13528.757661201395,-14551.698244824176,290.11955865472305,41.903343313040885,1.2000816409040662,101
1480000,2959.999999943829,-28264.97777567662,13672.382385478073,-14592.595390198547,293.19954150773515,41.70100786665505,1.2059044990778596,101
1480500,2960.9999999438055,-28036.78029236368,13438.19351398467,-14598.58677837901,288.17744164158375,41.655913736801246,1.2072099371104108,101
1481000,2961.999999943782,-28251.490910098753,13680.729710793014,-14570.76119930574,293.37854703041245,41.925282937872254,1.1994536346242406,101
1481500,2962.999999943758,-28018.667022854148,13579.042464427745,-14439.624558426403,291.19789897867656,42.03618653450071,1.1962891296337672,101
1482000,2963.9999999437346,-28529.923365556097,13909.752144834334,-14620.171220721762,298.2898544209388,41.78676365968714,1.203429713103009,101
1482500,2964.999999943711,-28381.644706758674,13702.185246220375,-14679.459460538299,293.83865361408925,41.59145816735942,1.2090807876975478,101
1483000,2965.9999999436873,-28025.84886516636,13623.926429367879,-14401.922435798482,292.16042018167286,41.797675701182456,1.2031155359449308,101
1483500,2966.9999999436636,-28076.49525979277,13579.27905048983,-14497.21620930294,291.20297248547104,41.70473530907274,1.2057967190008914,101
1484000,2967.99999994364,-28317.292791568587,13734.095380174113,-14583.197411394474,294.522955470262,41.33562563304849,1.2165639743523062,101
1484500,2968.9999999436163,-28272.37843898894,13511.05948772727,-14761.31895126167,289.7400274068515,41.62939933520389,1.2079788275963659,101
1485000,2969.9999999435927,-28294.623717574756,13588.94090283907,-14705.682814735686,291.4101675886391,41.504105858648245,1.211625499745638,101
1485500,2970.999999943569,-28398.13894233192,13629.59796897722,-14768.5409733547,292.2820443994733,41.649982787800845,1.2073818435576777,101
1486000,2971.9999999435454,-28468.84986959909,13551.706317356644,-14917.143552242445,290.61168469927287,41.6214447800962,1.208209692579641,101
1486500,2972.9999999435217,-28228.33018359939,13376.6590350036,-14851.671148595791,286.85785588721444,41.55466928149816,1.210151202547786,101
1487000,2973.999999943498,-28475.096493235123,13749.751891396863,-14725.34460183826,294.85870397280513,41.249781816072876,1.219095733080609,101
1487500,2974.9999999434744,-28626.29778746416,13837.105528340086,-14789.192259124073,296.73197269647613,41.602270396384235,1.2087665534439476,101
1488000,2975.999999943451,-28366.17233474204,13637.320561085671,-14728.85177365637,292.44765273323776,40.9206828374708,1.2289001432897073,101
1488500,2976.999999943427,-28322.04814890316,13727.537101070258,-14594.5110478329,294.382315428745,41.670128942244546,1.2067981136362624,101
1489000,2977.9999999434035,-28103.896957018944,13599.905948874384,-14503.99100814456,291.6453092325402,41.432190621470895,1.213728558596192,101
1489500,2978.99999994338,-27982.08902638619,13478.384405063991,-14503.7046213222,289.0393214884904,41.626404491009104,1.2080657365769396,101
1490000,2979.999999943356,-28121.15352413549,13470.797870393297,-14650.355653742194,288.87663085972014,42.33264144295654,1.1879115332371384,101
1490500,2980.9999999433326,-28072.255113143085,13547.913789029633,-14524.341324113451,290.53035523266755,41.7883486663994,1.2033840677441021,101
1491000,2981.999999943309,-28128.95047250982,13717.091911917272,-14411.858560592547,294.1583219370277,41.68220510902021,1.2064484801356663,101
1491500,2982.9999999432853,-28297.11536141505,13864.994834955975,-14432.120526459075,297.330049292215,41.60308122744105,1.2087429949614248,101
1492000,2983.9999999432616,-28330.843366553938,13741.315295507466,-14589.528071046472,294.67778407333793,42.13662516539869,1.193437604580042,101
1492500,2984.999999943238,-27964.888802492806,13573.847467149306,-14391.0413353435,291.0864940473904,41.904007178557556,1.200062628573928,101
1493000,2985.9999999432143,-27840.81976681348,13530.768474247452,-14310.05129256603,290.16267984944534,42.77236670240234,1.1756990991956522,101
1493500,2986.9999999431907,-28058.7220046896,13745.398005298577,-14313.323999391023,294.76533638171503,42.15788183801979,1.192835854412618,101
1494000,2987.999999943167,-27915.12145437075,13670.61508935197,-14244.50636501878,293.16164244967246,42.0450617469588,1.1960366072269575,101
1494500,2988.9999999431434,-28102.543959384213,13948.553414331862,-14153.990545052351,299.12193431059114,42.02060663217179,1.1967326755339962,101
1495000,2989.9999999431197,-28059.68127544582,13702.56623286754,-14357.115042578278,293.8468237418051,41.75774204696878,1.2042660962347442,101
1495500,2990.999999943096,-28169.671833898108,13703.8382278675,-14465.833606030608,293.8741012374363,41.33951777739818,1.2164494340080207,101
1496000,2991.9999999430725,-27937.296224571324,13450.52996408131,-14486.766260490014,288.44199257427346,41.788740934014875,1.2033727716727631,101
1496500,2992.999999943049,-28134.811485395654,13634.430013072455,-14500.381472323199,292.38566592448075,41.92367104921664,1.1994997514279029,101
1497000,2993.999999943025,-28167.016681635127,13740.147670858525,-14426.869010776601,294.65274476401567,42.144070304030905,1.193226772822433,101
1497500,2994.9999999430015,-28354.790216891823,13894.313466369458,-14460.476750522364,297.9587772670263,41.67958382186973,1.206524355363025,101
1498000,2995.999999942978,-27978.107932448387,13519.798530042008,-14458.30940240638,289.92743316596915,42.34291102439753,1.187623424698067,101
1498500,2996.999999942954,-28183.043450162735,13601.09069655001,-14581.952753612724,291.6707157392852,41.75254749141471,1.2044159224732525,101
1499000,2997.9999999429306,-28212.601963486624,13666.238541704495,-14546.363421782129,293.06778888944814,41.7667649543683,1.2040059376736834,101
1499500,2998.999999942907,-28160.270384309446,13636.67273225016,-14523.597652059287,292.43376026649764,41.68651511466561,1.2063237443608967,101
1500000,2999.9999999428833,-28151.44130716644,13707.036006773458,-14444.40530039298,293.942676507103,41.71098910978499,1.2056159318140838,101
1500500,3000.9999999428596,-28353.314406433255,13819.94932739379,-14533.365079039466,296.3640638632056,41.448487379673395,1.213251343573561,101
1501000,3001.999999942836,-28101.255472252706,13728.699626729023,-14372.555845523682,294.4072453919753,41.7954807179526,1.203178720250497,101
1501500,3002.9999999428123,-28318.473028799992,13850.588431688095,-14467.884597111897,297.021108925143,41.78245618514214,1.20355377816115,101
1502000,3003.9999999427887,-28140.789732617937,13510.3952084202,-14630.394524197738,289.72578216540234,42.299967620504944,1.1888291133845612,101
1502500,3004.999999942765,-28338.69010047922,13614.969022140598,-14723.721078338622,291.96833166205056,42.01587725165856,1.1968673818537363,101
1503000,3005.9999999427414,-28074.81460162521,13496.909124133177,-14577.905477492033,289.43657772259144,41.73654000079574,1.2048778600603156,101
1503500,3006.9999999427177,-28056.2206584471,13652.56988191862,-14403.650776528479,292.7746691778095,41.96622693205337,1.1982833978355942,101
1504000,3007.999999942694,-28049.076755635906,13493.32996001222,-14555.746795623685,289.3598237780587,42.29389079721139,1.1889999253933903,101
1504500,3008.9999999426705,-28292.554969842873,13704.653956768052,-14587.901013074821,293.8915942633694,41.98524553225672,1.197740595892082,101
1505000,3009.999999942647,-28238.94815197404,13626.905899493595,-14612.042252480445,292.22431389457284,41.71216046210865,1.2055820759550844,101
1505500,3010.999999942623,-28121.87514931404,13594.901840336268,-14526.973308977773,291.53799784468816,41.57914262015637,1.2094389117610769,101
1506000,3011.9999999425995,-27958.2447434633,13397.37509857312,-14560.86964489018,287.302104751032,41.8333268702437,1.202090217650136,101
1506500,3012.999999942576,-28246.21546109592,13662.402576413298,-14583.81288468262,292.98552793207364,41.72377475302167,1.2052464883666518,101
1507000,3013.999999942552,-28231.428569882086,13708.594844661624,-14522.833725220462,293.9761052498933,41.93248630826118,1.1992475865322902,101
1507500,3014.9999999425286,-28077.634593377148,13566.553364224399,-14511.081229152749,290.9300745169094,42.01281446671647,1.1969546349321445,101
1508000,3015.999999942505,-28358.436157557626,13862.580925981692,-14495.855231575933,297.27828384384276,42.036245055588275,1.1962874642104921,101
1508500,3016.9999999424813,-27896.172813933288,13474.877379396696,-14421.295434536592,288.9641145283048,41.583879267946834,1.2093011495741444,101
1509000,3017.9999999424576,-28169.547413691103,13659.62693990282,-14509.920473788283,292.9260053610016,42.285038345189335,1.1892488447560225,101
1509500,3018.999999942434,-28215.18471791892,13450.322186734564,-14764.862531184357,288.4375368604787,42.025161130283436,1.1966029790244703,101
1510000,3019.9999999424103,-28401.05235857507,13612.483678451088,-14788.568680123983,291.91503432076007,42.08682874307592,1.1948496597229072,101
1510500,3020.9999999423867,-28313.353447629255,13609.084854303263,-14704.268593325993,291.8421477049742,41.72313164533182,1.2052650656702786,101
1511000,3021.999999942363,-28270.56408897588,13693.700599122878,-14576.863489853002,293.656703272978,41.3864771188019,1.2150691845099066,101
1511500,3022.9999999423394,-27930.857171596093,13456.128284956685,-14474.728886639408,288.5620466414868,41.98963011827844,1.1976155269962712,101
1512000,3023.9999999423158,-27914.45074055319,13636.501272807558,-14277.949467745633,292.43008337767606,41.7840112864009,1.2035089847596123,101
1512500,3024.999999942292,-28006.37307591973,13755.492049679517,-14250.881026240215,294.98179969447267,41.817938214344736,1.2025325769224684,101
1513000,3025.9999999422685,-28165.755641012864,14057.154710181316,-14108.600930831548,301.4508517773836,41.69744594330667,1.2060075111279744,101
1513500,3026.999999942245,-27770.485117526187,13535.384545942969,-14235.100571583218,290.2616699205634,41.64040095107454,1.2076596731517029,101
1514000,3027.999999942221,-28347.392221667153,13931.32225162263,-14416.069970044522,298.75241794807647,41.771916394517675,1.2038574559887913,101
1514500,3028.9999999421975,-27884.6151550982,13618.03197635791,-14266.58317874029,292.0340156626041,41.4111997325666,1.2143437844649905,101
1515000,3029.999999942174,-27969.96910997585,13773.55296141843,-14196.416148557419,295.3691097397715,41.845679257923884,1.2017353737413194,101
1515500,3030.99999994215,-27977.53525184747,13851.368540459758,-14126.16671138771,297.0378380896536,41.889233986038846,1.2004858579949373,101
1516000,3031.9999999421266,-28149.52091129371,13915.081371254459,-14234.43954003925,298.40413785003824,41.7548452436562,1.2043496439522954,101
1516500,3032.999999942103,-28055.17878639741,13730.844478077346,-14324.334308320063,294.45324099202514,41.93647237639902,1.1991335978650715,101
1517000,3033.9999999420793,-28031.01602907327,13637.704645666176,-14393.311383407095,292.45588929506937,42.10846140728032,1.1942358215393287,101
1517500,3034.9999999420556,-28065.51728832249,13591.38329427816,-14474.133994044332,291.4625438336807,41.84980002156566,1.2016170442049154,101
1518000,3035.999999942032,-28397.23270585963,13825.461627269256,-14571.771078590375,296.48227323963863,41.65062076346494,1.2073633497100629,101
1518500,3036.9999999420083,-28255.526526708534,13607.419896006097,-14648.106630702438,291.8064432464829,41.68901127496733,1.2062515148368662,101
1519000,3037.9999999419847,-28241.100321247533,13536.032672064957,-14705.067649182576,290.2755687625098,41.3644989865129,1.2157147852528567,101
1519500,3038.999999941961,-28225.40139616404,13596.804386597445,-14628.597009566596,291.5787972954164,41.42252845300028,1.2140116714395823,101
1520000,3039.9999999419374,-28150.997715143254,13568.88297833392,-14582.114736809333,290.98003229087624,41.738760070758715,1.2048137730308581,101
1520500,3040.9999999419138,-28047.15342779305,13437.548403020608,-14609.605024772443,288.1636074586629,41.3619332182238,1.2157901986148998,101
1521000,3041.99999994189,-28139.54330306731,13660.773227842292,-14478.770075225017,292.95058711192206,41.66488146460179,1.2069501036551467,101
1521500,3042.9999999418665,-28029.105905539946,13626.628110527916,-14402.47779501203,292.2183568056708,41.9463665305694,1.1988507506563741,101
1522000,3043.999999941843,-28138.195831017194,13848.238260990804,-14289.95757002639,296.9707103222161,41.96082561562613,1.1984376442715559,101
1522500,3044.999999941819,-28006.788513076808,13777.895087480967,-14228.893425595841,295.46222514093637,41.535983583690125,1.210695610497757,101
1523000,3045.9999999417955,-27969.54815279097,13702.665723242459,-14266.88242954851,293.84895727870366,41.64399728944591,1.2075553807421167,101
1523500,3046.999999941772,-28035.637577188663,13712.03512023202,-14323.602456956643,294.04988077719077,42.080734637643516,1.1950226970965396,101
1524000,3047.9999999417482,-28034.993756658056,13763.731825383737,-14271.261931274319,295.1584988527094,41.772829141108545,1.2038311514072861,101
1524500,3048.9999999417246,-28274.114174744176,13787.351357555952,-14486.762817188224,295.665011602885,41.339720724619,1.2164434621478446,101
1525000,3049.999999941701,-28398.31468621449,13825.498373413066,-14572.816312801424,296.48306124806413,41.367289150314775,1.2156327870495203,101
1525500,3050.9999999416773,-28472.216474112145,13851.153887096048,-14621.062587016097,297.03323492203816,41.886795782512166,1.2005557375070368,101
1526000,3051.9999999416536,-28232.408645743668,13511.919878787581,-14720.488766956087,289.7584781974517,41.29941468325905,1.2176306465395217,101
1526500,3052.99999994163,-28330.09213913758,13572.957288766043,-14757.134850371538,291.0674044778864,41.17872531163199,1.2211993601529854,101
1527000,3053.9999999416063,-28182.329648265375,13592.909751124796,-14589.419897140579,291.49527817616377,42.26668982235455,1.1897651132330658,101
1527500,3054.9999999415827,-28122.40116049591,13645.136517367475,-14477.264643128434,292.6152632296135,41.50422966556634,1.2116218854725813,101
1528000,3055.999999941559,-28238.088405484814,13643.720089960214,-14594.3683155246,292.5848884306444,42.12881310753407,1.1936589068892476,101
1528500,3056.9999999415354,-28118.509155078962,13559.186552325598,-14559.322602753364,290.77209576747094,41.90339931782343,1.2000800369694826,101
1529000,3057.9999999415118,-28029.908170208004,13553.923984694056,-14475.984185513948,290.6592418131842,41.73804033024525,1.2048345491208894,101
1529500,3058.999999941488,-28285.029749907422,13719.285082984072,-14565.74466692335,294.20535373683435,41.748539283481286,1.2045315564460444,101
1530000,3059.9999999414645,-28127.686869362584,13591.942237687024,-14535.74463167556,291.47453018299336,41.968396921737,1.1982214402007523,101
1530500,3060.999999941441,-28179.623676138526,13673.6047624078,-14506.018913730726,293.2257549609023,41.81203427032477,1.2027023769606684,101
1531000,3061.999999941417,-28138.792436928972,13502.141827867252,-14636.65060906172,289.54879125586024,41.845944374276876,1.201727760107446,101
1531500,3062.9999999413935,-28197.706150890277,13531.414802193272,-14666.291348697005,290.17654013012174,41.8555750808916,1.2014512500495627,101
1532000,3063.99999994137,-28257.34406688867,13504.306206570727,-14753.037860317942,289.59520561333034,41.93358032535594,1.1992162990211757,101
1532500,3064.9999999413462,-28258.406566560963,13692.93713327355,-14565.469433287413,293.6403310102173,41.75125199836139,1.2044532941061064,101
1533000,3065.9999999413226,-28289.69762098242,13767.553686479638,-14522.143934502783,295.24045735046286,41.65294199619852,1.2072960658353988,101
1533500,3066.999999941299,-28172.499775845088,13539.83678893902,-14632.662986906069,290.35714674152405,42.05262251880178,1.1958215680840583,101
1534000,3067.9999999412753,-28246.553996221184,13544.190921594358,-14702.363074626826,290.45051961994534,42.154790091432595,1.192923340227966,101
1534500,3068.9999999412516,-28095.282915262364,13527.209608267012,-14568.073306995351,290.0863611915602,41.93167893472222,1.199270677445715,101
1535000,3069.999999941228,-27933.240861086404,13474.964236844942,-14458.276624241462,288.96597715643236,41.7658649912492,1.2040318813705109,101
1535500,3070.9999999412044,-27941.5290152473,13515.210255645005,-14426.318759602294,289.8290391983647,42.468141167893364,1.1841213582594636,101
1536000,3071.9999999411807,-28066.1081002996,13544.239208150715,-14521.868892148885,290.45155510855193,42.18500102674237,1.192069024025904,101
1536500,3072.999999941157,-27847.97277305457,13423.480775082307,-14424.491997972264,287.8619320121078,41.99568435089669,1.197442874898806,101
1537000,3073.9999999411334,-28020.79665864305,13721.047301039993,-14299.749357603056,294.2431438974271,42.40040944934766,1.1860129101478338,101
1537500,3074.9999999411098,-27673.306807193287,13391.784905659715,-14281.521901533572,287.18222498516974,42.23331391739081,1.1907053540918846,101
1538000,3075.999999941086,-27969.240600764624,13630.628200258532,-14338.612400506092,292.30413735524434,41.99527576467895,1.1974545252248558,101
1538500,3076.9999999410625,-28115.56397382541,13778.310772135623,-14337.253201689788,295.47113935549834,41.91517695543597,1.1997428295709194,101
1539000,3077.999999941039,-27820.240936648534,13518.51830994154,-14301.722626706993,289.8999792858842,42.27943104582982,1.1894065685976296,101
1539500,3078.999999941015,-27850.172673850782,13556.172387548624,-14294.000286302158,290.7074580396982,42.18493260344793,1.1920709575430342,101
1540000,3079.9999999409915,-28037.859696342544,13607.646124849609,-14430.213571492935,291.81129464628464,41.834102563365704,1.202067928344122,101
1540500,3080.999999940968,-27845.56930733628,13338.950811010935,-14506.618496325347,286.04921598277,42.24755738311206,1.1903039161876448,101
1541000,3081.9999999409442,-28477.69307900405,13686.494801736362,-14791.198277267687,293.5021774244201,41.19111507399119,1.22083203895184,101
1541500,3082.9999999409206,-28375.305787945774,13595.052719104795,-14780.253068840979,291.54123338802714,41.27135582966239,1.2184584681450696,101
1542000,3083.999999940897,-28380.807075937963,13623.954417223766,-14756.852658714197,292.1610203716239,41.65446203168352,1.2072520097422106,101
1542500,3084.9999999408733,-28170.430323547993,13439.613241738873,-14730.81708180912,288.2078872153588,41.834966759343835,1.2020430969088518,101
1543000,3085.9999999408496,-28239.850729127036,13566.83483988712,-14673.015889239916,290.9361106657625,42.252547951334954,1.1901633260176379,101
1543500,3086.999999940826,-28140.602958654228,13711.797838580984,-14428.805120073244,294.04479235373014,41.8955683679458,1.200304351067244,101
1544000,3087.9999999408024,-28072.86189345782,13512.188288081368,-14560.67360537645,289.7642341425135,41.933251628310224,1.1992256991711605,101
1544500,3088.9999999407787,-28329.52812143772,13764.108387775304,-14565.419733662417,295.16657410378446,41.437612310518915,1.2135697545902058,101
1545000,3089.999999940755,-28013.646237425193,13422.075332138975,-14591.570905286218,287.8317927711926,41.63328051231747,1.2078662162498264,101
1545500,3090.9999999407314,-28111.990298423258,13420.509564184153,-14691.480734239105,287.7982154155045,41.98801016623455,1.1976617325609804,101
1546000,3091.9999999407078,-28316.059547550078,13494.822020960557,-14821.23752658952,289.3918205123234,41.620927199517865,1.2082247173739815,101
1546500,3092.999999940684,-28241.94914116125,13447.324314743282,-14794.624826417969,288.37324852589586,41.761831926046135,1.2041481583358686,101
1547000,3093.9999999406605,-28284.167700684768,13433.035282065568,-14851.1324186192,288.0668251307936,42.01300943568891,1.196949080247575,101
1547500,3094.999999940637,-28150.151752729333,13286.139272941173,-14864.01247978816,284.91669069845534,41.747453663067986,1.2045628796509682,101
1548000,3095.999999940613,-28435.823006428207,13509.171577683943,-14926.651428744264,289.699541824785,41.55958274681077,1.2100081299863275,101
1548500,3096.9999999405895,-28229.209530511962,13513.779045004174,-14715.430485507788,289.7983473780322,42.20821744521791,1.1914133324333975,101
1549000,3097.999999940566,-28220.896777284048,13496.287415870594,-14724.609361413453,289.42324540256107,42.1520986667651,1.1929995087558893,101
1549500,3098.9999999405422,-28276.421322776547,13574.78723394217,-14701.634088834377,291.1066470232964,41.813728893596256,1.202653633940359,101
1550000,3099.9999999405186,-28154.088543652146,13403.740563901527,-14750.347979750619,287.43860996739835,42.136491002539714,1.1934414044930683,101
1550500,3100.999999940495,-28198.718985995623,13363.466113983179,-14835.252872012445,286.57493822990523,42.12424872850129,1.1937882459718747,101
1551000,3101.9999999404713,-28234.215465321726,13476.728358223441,-14757.487107098284,289.0038081331237,42.008213166998324,1.1970857413660807,101
1551500,3102.9999999404477,-28393.478115628684,13611.025578436518,-14782.452537192166,291.8837658670487,41.99740078845902,1.1973939353003875,101
1552000,3103.999999940424,-28329.257346887323,13574.023240436392,-14755.234106450931,291.09026344512444,41.942611752734344,1.1989580739259085,101
1552500,3104.9999999404004,-28287.11878495617,13535.812658640047,-14751.306126316122,290.270850650224,41.93020641233579,1.1993127939309658,101
1553000,3105.9999999403767,-28263.454458348428,13790.533489340614,-14472.920969007813,295.7332513254128,42.24588447860941,1.1903510513063784,101
1553500,3106.999999940353,-28176.462904978416,13640.935149580018,-14535.527755398398,292.52516634128364,42.21257596591466,1.1912903169682436,101
1554000,3107.9999999403294,-28065.69220105153,13536.931736608869,-14528.760464442661,290.294848892675,42.01271334547765,1.1969575159061607,101
1554500,3108.9999999403058,-27804.489876597396,13308.153254275348,-14496.336622322047,285.3887729626843,42.41529179768291,1.1855967711444027,101
1555000,3109.999999940282,-27857.449076606277,13509.41805300444,-14348.031023601838,289.7048274033276,42.39734180207686,1.1860987237652048,101
1555500,3110.9999999402585,-28120.621598955488,13772.464011259188,-14348.1575876963,295.3457575778429,41.92530670078122,1.1994529547840729,101
1556000,3111.999999940235,-28133.5083763603,13698.977482728877,-14434.530893631423,293.7698642284171,41.974005988013396,1.198061319590063,101
1556500,3112.999999940211,-27976.652843198703,13384.66772906494,-14591.985114133762,287.0295995790347,42.139775633724554,1.1933483803894627,101
1557000,3113.9999999401875,-28062.729373537357,13269.231857265673,-14793.497516271684,284.5541169798178,41.64984826932633,1.2073857430956234,101
1557500,3114.999999940164,-28494.890731254403,13814.06645759212,-14680.824273662283,296.237907742058,41.64397394704683,1.2075560576045037,101
1558000,3115.9999999401402,-28330.262546691614,13475.132795871192,-14855.129750820422,288.9695918468221,41.7272735976929,1.2051454280794642,101
1558500,3116.9999999401166,-28062.24875513244,13169.348539903734,-14892.900215228707,282.4121535656072,42.1560447904467,1.1928878350057297,101
1559000,3117.999999940093,-28173.644906604084,13239.486018393898,-14934.158888210186,283.9162276878806,41.53749330424694,1.2106516065893407,101
1559500,3118.9999999400693,-28396.246510297122,13301.171197243231,-15095.07531305389,285.23904514913426,42.0093632117187,1.1970529700496064,101
1560000,3119.9999999400457,-28287.866111316005,13224.214612681715,-15063.65149863429,283.5887376406635,41.859080045525445,1.2013506495553297,101
1560500,3120.999999940022,-28436.835127245853,13485.857674352777,-14950.977452893076,289.19958318007116,41.936483809829966,1.1991332709370617,101
1561000,3121.9999999399984,-28032.088815315525,13313.507100961377,-14718.581714354148,285.50358436492485,42.26105477771184,1.189923755263244,101
1561500,3122.9999999399747,-28067.54475318841,13290.27748636658,-14777.26726682183,285.0054332631952,42.278786175377306,1.1894247103945328,101
1562000,3123.999999939951,-28081.573198812785,13395.989261924038,-14685.583936888746,287.27238596035903,42.1724679006849,1.1924232919189404,101
1562500,3124.9999999399274,-28138.83300073137,13444.796870294615,-14694.036130436756,288.3190483482938,42.498832646808474,1.1832662186371126,101
1563000,3125.999999939904,-28126.816290010272,13272.190287054695,-14854.626002955578,284.6175594899282,42.29588198311824,1.1889439502065946,101
1563500,3126.99999993988,-28244.217553586695,13548.707302843966,-14695.51025074273,290.54737186371125,42.4934798649003,1.183415271292433,101
1564000,3127.9999999398565,-27963.833820379623,13331.580812315207,-14632.253008064416,285.8911688935667,42.26597451535615,1.1897852487515699,101
1564500,3128.999999939833,-28090.235637830512,13478.243233480509,-14611.992404350003,289.0362941123986,42.12105906874286,1.1938786467930425,101
1565000,3129.999999939809,-28102.606427937848,13346.085327845498,-14756.52110009235,286.2022132443881,41.759303613682995,1.2042210633513337,101
1565500,3130.9999999397855,-28180.48672906295,13305.718576960033,-14874.768152102919,285.336562144376,42.29695495555736,1.1889137895462925,101
1566000,3131.999999939762,-28321.512955489306,13358.321845212176,-14963.19111027713,286.4646211540273,42.04497632939303,1.1960390370662504,101
1566500,3132.9999999397382,-28195.38739646553,13220.055224103724,-14975.332172361805,283.4995409820537,42.07167753767604,1.1952799590044185,101
1567000,3133.9999999397146,-28005.07213424654,13144.687746003117,-14860.384388243423,281.8833113155135,41.67787173943154,1.2065739180943702,101
1567500,3134.999999939691,-28286.32609112854,13608.29797822329,-14678.02811290525,291.8252734178626,42.31641106520664,1.1883671544118217,101
1568000,3135.9999999396673,-28366.99331539899,13495.351031472252,-14871.64228392674,289.4031649609432,42.30561810717214,1.1886703292004432,101
1568500,3136.9999999396437,-28390.034140068583,13313.254351008389,-15076.779789060194,285.4981642290449,41.517213448465164,1.211242971903732,101
1569000,3137.99999993962,-28400.78863195883,13348.224387694308,-15052.56424426452,286.24808464772116,42.05601346503114,1.1957251498479207,101
1569500,3138.9999999395964,-28656.65411334584,13600.618565216886,-15056.035548128955,291.6605910451023,41.34772660725682,1.2162079303691327,101
1570000,3139.9999999395727,-28494.391856136626,13581.493190962961,-14912.898665173665,291.25045396699,42.25310926354655,1.1901475152709182,101
1570500,3140.999999939549,-28261.156950564095,13168.561749982917,-15092.595200581178,282.3952811261491,41.89403376234562,1.2003483189933097,101
1571000,3141.9999999395254,-28358.458766353244,13412.696460489955,-14945.762305863289,287.63066609188957,42.06945922762123,1.1953429857606463,101
1571500,3142.999999939502,-28174.43538098418,13311.581582064815,-14862.853798919366,285.4622922739257,41.422407576925984,1.2140152140865115,101
1572000,3143.999999939478,-28403.165098827165,13746.280218036409,-14656.884880790756,294.78425513069027,41.978198575621185,1.1979416627869528,101
1572500,3144.9999999394545,-28291.93663429829,13669.50068278379,-14622.4359515145,293.1377443838028,41.80297352490832,1.2029630612883733,101
1573000,3145.999999939431,-28195.105350922113,13678.616454336721,-14516.488896585392,293.33322897196405,41.95701017366543,1.1985466265192495,101
1573500,3146.999999939407,-28348.109152614932,13729.018757267866,-14619.090395347066,294.4140890367061,42.011074366961324,1.1970042128231781,101
1574000,3147.9999999393835,-28201.675119844283,13391.008967412654,-14810.66615243163,287.16558525612606,41.99222485781721,1.1975415251930643,101
1574500,3148.99999993936,-28301.55774729146,13201.470398506266,-15100.087348785193,283.1009957841105,42.36490483258586,1.1870068680952377,101
1575000,3149.9999999393362,-28619.741867909044,13433.097900435161,-15186.643967473883,288.06816796020956,41.599938382009334,1.20883431462553,101
1575500,3150.9999999393126,-28590.66287454686,13359.591089137535,-15231.071785409324,286.4918396538092,41.71727145293198,1.205434374086952,101
1576000,3151.999999939289,-28478.869337471315,13337.827278674118,-15141.042058797197,286.02512221792813,41.87727720798252,1.2008286200826563,101
1576500,3152.9999999392653,-28346.196094654155,13243.742386961307,-15102.453707692848,284.0075040490346,41.6302131934065,1.2079552119719912,101
1577000,3153.9999999392417,-28362.622037026056,13365.923985119203,-14996.698051906853,286.62764643172767,41.91462208947178,1.1997587117721351,101
1577500,3154.999999939218,-28169.880291290076,13188.482230505542,-14981.398060784533,282.8224689849418,42.060279964353654,1.1956038582030228,101
1578000,3155.9999999391944,-28454.6292101251,13430.336066657599,-15024.2931434675,288.00894138400133,41.8616838413208,1.2012759255718914,101
1578500,3156.9999999391707,-28402.303360006714,13463.53048865067,-14938.772871356045,288.72078435580994,42.05665704151062,1.1957068521362981,101
1579000,3157.999999939147,-28135.244165679786,13304.665217043832,-14830.578948635954,285.3139732029782,42.088144972931254,1.1948122929823257,101
1579500,3158.9999999391234,-28223.380120126654,13369.391743265893,-14853.988376860761,286.70201131342884,42.24353287890009,1.1904173153945237,101
1580000,3159.9999999391,-28468.28047682405,13552.707241045227,-14915.573235778822,290.6331491637899,41.89801742190115,1.200234189988045,101
1580500,3160.999999939076,-28111.65274889877,13258.581764186569,-14853.070984712202,284.3257293938237,42.48187251601871,1.18373861659508,101
1581000,3161.9999999390525,-28102.26714757675,13380.054008269037,-14722.213139307712,286.9306599221509,42.02783881391356,1.1965267408856766,101
1581500,3162.999999939029,-28348.473586442142,13603.220805898203,-14745.252780543939,291.71639520220856,41.84009253702656,1.2018958361045322,101
1582000,3163.999999939005,-28428.34586202682,13796.838158982515,-14631.507703044306,295.8684527991755,42.026477284862494,1.1965655046846753,101
1582500,3164.9999999389815,-28228.1104375189,13539.247724327914,-14688.862713190985,290.344514453381,41.72913902416926,1.2050915542099818,101
1583000,3165.999999938958,-28296.94099957393,13378.740594532755,-14918.200405041174,286.90249421595354,41.63611283914989,1.207784050272722,101
1583500,3166.9999999389343,-28524.07658742546,13454.908501793972,-15069.168085631489,288.5358888107619,41.706924001281294,1.205733441309065,101
1584000,3167.9999999389106,-28518.671731362414,13391.081204022325,-15127.59052734009,287.1671343453951,41.102539419362124,1.2234629225558675,101
1584500,3168.999999938887,-28536.360288318563,13357.072668236793,-15179.28762008177,286.4378329830913,41.58628838133986,1.2092310941854805,101
1585000,3169.9999999388633,-28608.79869232239,13689.512944386675,-14919.285747935715,293.56690045631956,41.614723763317585,1.2084048253807644,101
1585500,3170.9999999388397,-28320.606626223944,13323.312838740312,-14997.293787483632,285.7138650416841,41.87477709204168,1.2009003150499797,101
1586000,3171.999999938816,-28215.254331921966,13427.181647998128,-14788.072683923838,287.9412959599191,41.67055308002586,1.2067858304137806,101
1586500,3172.9999999387924,-28296.725421937128,13392.727322932276,-14903.998099004852,287.20243479970196,41.758875200468296,1.2042334177122807,101
1587000,3173.9999999387687,-28271.69406828282,13282.674108006298,-14989.019960276522,284.8423814272903,41.697091371203555,1.2060177664384897,101
1587500,3174.999999938745,-28546.214648090994,13404.53974398441,-15141.674904106585,287.45574810962376,41.96131659953365,1.1984236215085637,101
1588000,3175.9999999387214,-28477.82499250619,13551.082613028722,-14926.742379477468,290.5983095743073,41.16492196199373,1.2216088505866556,101
1588500,3176.999999938698,-27967.636359978118,13115.703157685177,-14851.933202292941,281.2617467800864,41.8867882689005,1.2005559528615666,101
1589000,3177.999999938674,-28470.82171436579,13553.425756907222,-14917.395957458568,290.64855748952004,41.67622945083481,1.2066214642042967,101
1589500,3178.9999999386505,-28572.940406893085,13530.558801496943,-15042.381605396142,290.15818348936835,41.317860039700015,1.2170870648712726,101
1590000,3179.999999938627,-28424.362466069582,13625.72916613576,-14798.633299933823,292.1990792521187,41.779303611677236,1.2036445956563357,101
1590500,3180.999999938603,-28298.846659933202,13488.423461057784,-14810.423198875418,289.2546055941834,41.63951541530629,1.207685356107563,101
1591000,3181.9999999385795,-28023.40542422098,13433.087140754818,-14590.31828346616,288.0679372225624,42.24436206776822,1.1903939494176679,101
1591500,3182.999999938556,-27728.318066655578,13245.764530540135,-14482.553536115443,284.0508682231382,41.95946672955196,1.1984764564956496,101
1592000,3183.9999999385323,-27976.875530103975,13429.02053146287,-14547.854998641105,287.9807301838566,41.73238413841529,1.204997846173619,101
1592500,3184.9999999385086,-27965.02580507973,13514.495845569108,-14450.529959510623,289.8137189198063,42.188252609818235,1.1919771474672887,101
1593000,3185.999999938485,-28116.10271703188,13667.497707684157,-14448.605009347724,293.094791271148,42.105020075774114,1.1943334289351002,101
1593500,3186.9999999384613,-28048.361312122543,13731.698846793157,-14316.662465329386,294.4715626355172,42.37142845338148,1.1868241132773825,101
1594000,3187.9999999384377,-28059.529870476807,13728.890602874222,-14330.639267602584,294.4113408097769,41.85768188988557,1.201390777797275,101
1594500,3188.999999938414,-28185.88756403588,13794.330294691455,-14391.557269344423,295.8146725113243,41.84352305626177,1.2017972993064014,101
1595000,3189.9999999383904,-28055.035166577614,13459.092859702036,-14595.942306875579,288.6256209280739,42.227449802577176,1.190870707030275,101
1595500,3190.9999999383667,-28253.483931877043,13621.490088346623,-14631.99384353042,292.1081736857625,41.89215427270007,1.2004021725674638,101
1596000,3191.999999938343,-28291.210151049578,13646.521534134317,-14644.68861691526,292.64496443819365,41.76734427915842,1.2039892377733379,101
1596500,3192.9999999383194,-28332.548928187844,13841.666896085046,-14490.882032102798,296.8297896601744,41.882317031040856,1.2006841208238377,101
1597000,3193.999999938296,-28137.786921359668,13622.519066427116,-14515.267854932552,292.1302397670726,41.8745882290153,1.2009057313579956,101
1597500,3194.999999938272,-28067.02900972392,13421.900395547553,-14645.128614176367,287.82804131610953,42.019316476727454,1.196769419853186,101
1598000,3195.9999999382485,-28412.511507731422,13772.871363877259,-14639.640143854163,295.3544931147437,41.54583976071181,1.210408389675524,101
1598500,3196.999999938225,-27968.284533932285,13342.410390564104,-14625.87414336818,286.12340547734385,42.16604271194799,1.1926049913199774,101
1599000,3197.999999938201,-28219.745222587735,13701.744079899741,-14518.001142687994,293.82919295395766,41.83273215482743,1.202107307176623,101
1599500,3198.9999999381776,-28197.447180805942,13715.408543339952,-14482.03863746599,294.1222226764056,42.08125493517771,1.1950079216968146,101
1600000,3199.999999938154,-28056.88761077016,13569.610541998132,-14487.27706877203,290.9956346436155,42.3293048791776,1.1880051691379807,101
1600500,3200.9999999381303,-28137.308159594064,13763.796077062372,-14373.512082531692,295.15987670787655,42.230412972065366,1.1907871475409142,101
1601000,3201.9999999381066,-28114.69856497231,13543.488458822176,-14571.210106150134,290.4354555472093,41.95535565319034,1.1985938915204168,101
1601500,3202.999999938083,-28020.343057890103,13605.641483416624,-14414.701574473478,291.76830579968373,42.066211891686265,1.1954352612486854,101
1602000,3203.9999999380593,-27845.12970133893,13440.119613377872,-14405.010087961058,288.21874618113384,42.22998078024053,1.1907993343442413,101
1602500,3204.9999999380357,-27874.454952835815,13409.736755899277,-14464.718196936537,287.5671962440958,41.83249351444407,1.2021141647967295,101
1603000,3205.999999938012,-28036.036195175326,13656.518425125763,-14379.517770049562,292.85934432990206,42.199112446945044,1.1916703950990568,101
1603500,3206.9999999379884,-28130.634012029244,13659.541381509225,-14471.09263052002,292.92417059065457,42.05462522743213,1.1957646211451234,101
1604000,3207.9999999379647,-27946.00434795734,13468.926315272092,-14477.078032685247,288.8364960033379,41.951343929334726,1.1987085106781703,101
1604500,3208.999999937941,-28431.54668339685,13877.521112993698,-14554.025570403152,297.59867101986356,41.5214334623408,1.2111198677206156,101
1605000,3209.9999999379174,-28320.998569973435,13775.415682091343,-14545.582887882092,295.40905514444614,42.15447546482403,1.1929322438003787,101
1605500,3210.999999937894,-28180.20383017751,13496.12157255079,-14684.08225762672,289.4196889495628,41.35912197057065,1.2158728378775274,101
1606000,3211.99999993787,-28344.67550986681,13580.086301870415,-14764.589207996396,291.22028371390195,41.72287121116428,1.2052725889349756,101
1606500,3212.9999999378465,-28229.378993228594,13497.481458721946,-14731.897534506648,289.448851241155,41.91367684792224,1.1997857688539535,101
1607000,3213.999999937823,-28161.352557923085,13460.049981870001,-14701.302576053084,288.64614608403446,42.30886148539074,1.1885792062697031,101
1607500,3214.999999937799,-28243.468996991818,13464.260324150458,-14779.20867284136,288.73643542728246,41.942145772756234,1.1989713944283944,101
1608000,3215.9999999377756,-28484.015638152465,13884.774135496846,-14599.24150265562,297.7542095948179,42.064101006351784,1.1954952512805874,101
1608500,3216.999999937752,-28432.731711383993,13672.520129170705,-14760.211582213287,293.20249537388565,41.970106377553044,1.1981726362594083,101
1609000,3217.9999999377283,-28377.976573766726,13555.158066348664,-14822.818507418062,290.68570627015396,41.79240882847325,1.2032671581308712,101
1609500,3218.9999999377046,-28331.152291666436,13448.577352157638,-14882.574939508799,288.40011948261883,41.315306090048274,1.2171623004045322,101
1610000,3219.999999937681,-28442.075176086302,13541.176386953292,-14900.89878913301,290.38587396056425,41.91630981509815,1.1997104044776175,101
1610500,3220.9999999376573,-28365.931319362913,13459.127618182261,-14906.803701180652,288.62636631173694,41.725641501506104,1.2051925672770158,101
1611000,3221.9999999376337,-28273.226560030533,13556.258910616416,-14716.967649414117,290.70931349715187,41.49160817370729,1.2119904533935864,101
1611500,3222.99999993761,-27907.665333277546,13406.12154004529,-14501.543793232257,287.48966918253797,41.922628134861334,1.1995295915301487,101
1612000,3223.9999999375864,-27984.986846790376,13609.350735760992,-14375.636111029384,291.8478494414605,41.6160667217074,1.2083658299271725,101
1612500,3224.9999999375627,-28136.859381241757,13806.165334021804,-14330.694047219953,296.06847086244926,41.71910970336901,1.2053812595722673,101
1613000,3225.999999937539,-27977.864207234183,13686.420323233939,-14291.443884000244,293.50058025853144,41.31697407978827,1.2171131628702814,101
1613500,3226.9999999375154,-27840.62736621354,13634.960363099906,-14205.667003113633,292.3970390985555,41.83178873158976,1.202134418041402,101
1614000,3227.999999937492,-27695.51037778576,13645.776974984125,-14049.733402801634,292.6289976230983,42.20284002615797,1.191565140433952,101
1614500,3228.999999937468,-27822.034961924,13846.790527633715,-13975.244434290285,296.9396641779117,42.48158335875382,1.1837466738894098,101
1615000,3229.9999999374445,-27763.54514744679,13894.303375197975,-13869.241772248817,297.95856086532183,42.00107156781577,1.1972892863289317,101
1615500,3230.999999937421,-27467.06746571744,13668.160231996893,-13798.907233720545,293.1089988773467,42.47141961422272,1.184029953772499,101
1616000,3231.999999937397,-27606.31224514466,13866.707667268895,-13739.604577875767,297.3667803925213,42.36748559928676,1.1869345629358545,101
1616500,3232.9999999373736,-27709.96223869966,13808.524481803113,-13901.437756896546,296.11906197585785,42.0141666519036,1.1969161121086305,101
1617000,3233.99999993735,-27786.610431361623,13793.697282706029,-13992.913148655594,295.80109778684226,42.3545004058667,1.187298457556945,101
1617500,3234.9999999373263,-27704.424809097036,13490.615547462254,-14213.809261634782,289.30161413377914,42.35587626648562,1.187259890129361,101
1618000,3235.9999999373026,-28110.221544923807,13965.732926076726,-14144.488618847081,299.4903430359257,42.30295597899844,1.1887451323128824,101
1618500,3236.999999937279,-28069.28412772694,13716.123134333495,-14353.160993393445,294.1375468346806,42.02339806710542,1.1966531816912716,101
1619000,3237.9999999372553,-28017.83771202585,13548.235289268257,-14469.60242275759,290.5372496947958,41.81825644487146,1.2025234258337358,101
1619500,3238.9999999372317,-28241.678866841594,13765.84509010738,-14475.833776734215,295.2038170884482,41.74770073673218,1.2045557507370597,101
1620000,3239.999999937208,-28261.94714103013,13670.384312637208,-14591.562828392922,293.1566935223348,42.149267218848294,1.1930796505044108,101
1620500,3240.9999999371844,-28061.16806546747,13448.252993588794,-14612.915071878677,288.3931637245814,42.121674482024865,1.193861203783348,101
1621000,3241.9999999371607,-27746.334083635913,13286.288835316282,-14460.045248319631,284.9198980121899,42.27807882637972,1.1894446105035243,101
1621500,3242.999999937137,-28223.330069160947,13810.916378471251,-14412.413690689697,296.17035537788973,42.01006614043971,1.1970329404950133,101
1622000,3243.9999999371134,-28019.498230778834,13718.557873350104,-14300.94035742873,294.189758976152,41.79047024823588,1.2033229754001955,101
1622500,3244.99999993709,-27808.94726323705,13479.337542596788,-14329.609720640261,289.05976119531914,41.70396373356432,1.2058190277488667,101
1623000,3245.999999937066,-28156.71071827105,13811.336596291652,-14345.374121979397,296.17936680463316,42.054367547597806,1.1957719479567588,101
1623500,3246.9999999370425,-28270.182337385446,14012.351601391132,-14257.830735994314,300.49006450673534,41.652172785923355,1.2073183615399656,101
1624000,3247.999999937019,-27969.755554674477,13866.854856820377,-14102.9006978541,297.3699368218687,42.009343453249095,1.1970535330656589,101
1624500,3248.999999936995,-27964.524913689947,13818.342953493771,-14146.181960196176,296.3296157269777,42.246686467297536,1.1903284543133863,101
1625000,3249.9999999369716,-27876.615649478852,13772.093145394703,-14104.522504084149,295.3378044868334,41.53629119896168,1.2106866441589665,101
1625500,3250.999999936948,-27923.775760280023,13737.419339896742,-14186.356420383281,294.594236644178,42.19027740009926,1.1919199422557534,101
1626000,3251.9999999369243,-27944.53569267807,13919.326309630473,-14025.209383047597,298.4951690946659,42.142018183783485,1.1932848774155638,101
1626500,3252.9999999369006,-27995.7239474921,13876.587089080156,-14119.136858411945,297.578641198031,42.58224228234726,1.1809484495683193,101
1627000,3253.999999936877,-28006.434583377268,13825.31808872846,-14181.116494648808,296.4791951049607,42.30630372104791,1.1886510656675948,101
1627500,3254.9999999368533,-28106.766045986726,13660.942842992647,-14445.82320299408,292.95422445053026,41.658791831619524,1.2071265341956405,101
1628000,3255.9999999368297,-28177.199601035056,13659.465820461523,-14517.733780573533,292.92255020995447,42.0989611033446,1.194505319953974,101
1628500,3256.999999936806,-28228.61729180225,13742.599735615626,-14486.017556186624,294.70532845003754,41.919137178107626,1.1996294863803463,101
1629000,3257.9999999367824,-28110.196076964723,13615.952711327369,-14494.243365637354,291.9894265385992,41.90548654978962,1.2000202632829946,101
1629500,3258.9999999367587,-28093.755563530885,13590.496133343268,-14503.259430187618,291.44351897232,42.301071904767205,1.188798078585174,101
1630000,3259.999999936735,-27987.11647806352,13615.179787195571,-14371.936690867948,291.9728514462214,42.01998929493148,1.1967502573482636,101
1630500,3260.9999999367114,-27856.927155393845,13578.202611944358,-14278.724543449487,291.1798886308,42.111774882782754,1.1941418556319356,101
1631000,3261.999999936688,-28026.975719916838,13597.300046391898,-14429.67567352494,291.5894265493664,41.594899243186255,1.2089807624841937,101
1631500,3262.999999936664,-28295.14779261668,13810.428544551567,-14484.719248065114,296.1598939471346,41.42122631279078,1.2140498357710836,101
1632000,3263.9999999366405,-28345.857675679476,13670.81941342309,-14675.038262256385,293.16602410915823,41.92588390485554,1.1994364416168368,101
1632500,3264.999999936617,-28376.6183813508,13635.468431332565,-14741.149950018234,292.40793444719856,41.65821361183401,1.2071432892214848,101
1633000,3265.999999936593,-28609.581599329482,13522.875802899729,-15086.705796429753,289.99342422484534,41.54098285333322,1.2105499087498242,101
1633500,3266.9999999365696,-28577.223832489923,13215.69856315272,-15361.525269337202,283.40611388520074,41.93977029229177,1.1990393045076597,101
1634000,3267.999999936546,-28484.974646042872,13077.95106848246,-15407.023577560412,280.45216620128747,41.64864412950458,1.2074206508647445,101
1634500,3268.9999999365223,-28411.61900559092,13023.320534677458,-15388.298470913463,279.28063317855964,42.07145681460737,1.1952862299035136,101
1635000,3269.9999999364986,-28364.23778127346,13231.278281684747,-15132.959499588713,283.74021559488244,41.2251975165258,1.2198227305599199,101
1635500,3270.999999936475,-28453.556449659507,13250.491946582246,-15203.064503077261,284.1522460355036,42.079874730597304,1.1950471175218427,101
1636000,3271.9999999364513,-28529.70190941292,13416.000853802376,-15113.701055610545,287.701527670863,41.60444623737221,1.2087033370320073,101
1636500,3272.9999999364277,-28588.924822073157,13497.058915936614,-15091.865906136543,289.4397899563376,41.40718667242721,1.2144614750165248,101
1637000,3273.999999936404,-28494.15324990375,13434.624947232423,-15059.528302671326,288.10091495398103,41.376685487048405,1.2153567259083944,101
1637500,3274.9999999363804,-28307.305987144577,13296.122566118307,-15011.18342102627,285.130778989709,41.780464779118184,1.2036111438284938,101
1638000,3275.9999999363567,-28513.314213456157,13551.739809660281,-14961.574403795876,290.6124029302141,41.468358244303204,1.21266997613509,101
1638500,3276.999999936333,-28316.012923402035,13234.820840723056,-15081.19208267898,283.8161845559978,41.81790541153233,1.2025335202133898,101
1639000,3277.9999999363095,-28560.93345192884,13473.398894309297,-15087.534557619541,288.93240892371233,41.637607069921486,1.2077407070496033,101
1639500,3278.999999936286,-28379.68435259833,13476.518166105107,-14903.166186493225,288.99930063538216,41.80008994504379,1.2030460477141411,101
1640000,3279.999999936262,-28212.544746738775,13413.981408404383,-14798.563338334392,287.6582213583201,41.513045992755806,1.2113645674484086,101
1640500,3280.9999999362385,-28379.355305686837,13395.461311340954,-14983.893994345883,287.2610642415441,41.71692782652032,1.205444303367703,101
1641000,3281.999999936215,-28407.620829797437,13554.075745325605,-14853.545084471833,290.6624962677726,41.70719336114065,1.205725654254507,101
1641500,3282.999999936191,-28504.91881042961,13725.39836255808,-14779.520447871531,294.33645091636555,41.544018835243,1.2104614433647485,101
1642000,3283.9999999361676,-28246.671784847662,13685.155231996629,-14561.516552851033,293.47345081171767,41.83392927578316,1.2020729076384162,101
1642500,3284.999999936144,-28107.09580109352,13692.146681040373,-14414.949120053148,293.6233800337293,41.209163581604955,1.2202973472853489,101
1643000,3285.9999999361203,-28017.7826943145,13592.42167414508,-14425.361020169421,291.4848115330698,41.65003582617893,1.2073803060422006,101
1643500,3286.9999999360966,-28167.548940156918,13738.467617396094,-14429.081322760823,294.61671659489303,41.401031834082026,1.214642021580802,101
1644000,3287.999999936073,-28061.662751397376,13667.1676484867,-14394.495102910676,293.08771326508895,41.78830539940386,1.2033853137102306,101
1644500,3288.9999999360493,-28112.942525818667,13740.69013605263,-14372.252389766038,294.66437774367574,41.26112599150835,1.2187605595840942,101
1645000,3289.9999999360257,-28193.140083346327,13721.681546791631,-14471.458536554695,294.2567450796016,41.65385961913601,1.2072694694389907,101
1645500,3290.999999936002,-27904.049348574103,13406.082837967428,-14497.966510606675,287.4888392297789,42.001883295958066,1.1972661475234325,101
1646000,3291.9999999359784,-28100.963700450066,13782.88287371754,-14318.080826732525,295.5691865026414,42.074618918830275,1.1951963985578644,101
1646500,3292.9999999359547,-28072.47679377427,13664.299982773457,-14408.176811000812,293.026217159391,41.73698726916437,1.2048649481615386,101
1647000,3293.999999935931,-28223.492795640912,13685.771641073025,-14537.721154567887,293.4866694925214,41.66996638750387,1.2068028213615478,101
1647500,3294.9999999359075,-27723.94764118057,13343.990285519021,-14379.957355661549,286.15728578169404,42.238177435844705,1.1905682502248538,101
1648000,3295.999999935884,-28150.02637232017,13613.857072634797,-14536.169299685374,291.94448628703924,41.77154051013823,1.203868288991531,101
1648500,3296.99999993586,-28119.036209456463,13594.884073376827,-14524.152136079636,291.5376168383488,41.84006732024684,1.2018965604805785,101
1649000,3297.9999999358365,-28196.85835496715,13639.633415632868,-14557.22493933428,292.4972511041502,42.09406398570683,1.1946442857015607,101
1649500,3298.999999935813,-28224.72121980494,13708.531736462723,-14516.189483342216,293.9747519162561,41.8405118028732,1.2018837924211836,101
1650000,3299.999999935789,-28213.100605302665,13572.117910111163,-14640.982695191502,291.0494042910994,41.54073880966942,1.2105570204922582,101
1650500,3300.9999999357656,-28079.516626011726,13618.092164288677,-14461.424461723049,292.03530637209474,41.93785441875886,1.1990940809787087,101
1651000,3301.999999935742,-28014.43707430477,13588.357974410912,-14426.079099893857,291.39766688883066,41.641543602883985,1.2076265347425248,101
1651500,3302.9999999357183,-28178.82342581836,13721.264460848524,-14457.558964969834,294.24780081489035,42.36011386412445,1.1871411196812167,101
1652000,3303.9999999356946,-28074.418645102363,13646.231675819745,-14428.186969282619,292.6387485262524,41.75726750677859,1.2042797818204272,101
1652500,3304.999999935671,-28127.394541917107,13496.542682104737,-14630.85185981237,289.4287194992256,42.04341150373465,1.1960835527824276,101
1653000,3305.9999999356473,-27709.955008437206,13342.893108583186,-14367.06189985402,286.13375719936874,42.174958569709986,1.192352872602391,101
1653500,3306.9999999356237,-27999.96860461988,13512.137593389063,-14487.831011230817,289.76314701225914,41.75972500465703,1.2042089117414567,101
1654000,3307.9999999356,-28155.42391830961,13759.859895329308,-14395.564022980303,295.0754666433474,42.12005869717219,1.193907001982803,101
1654500,3308.9999999355764,-28101.537135444803,13649.24241067983,-14452.294724764974,292.7033127006363,42.0001317601757,1.1973160772358056,101
1655000,3309.9999999355528,-27779.49776007656,13397.037229842137,-14382.460530234423,287.2948592722105,42.11707321267597,1.1939916325274362,101
1655500,3310.999999935529,-27994.68806801881,13594.31344535956,-14400.374622659252,291.5253799166246,41.93693924749229,1.199120248278195,101
1656000,3311.9999999355055,-28149.91213918807,13577.075853011916,-14572.836286176152,291.15572567272386,42.13953131672925,1.1933552991966145,101
1656500,3312.999999935482,-28091.793872589315,13550.69046747567,-14541.103405113645,290.5899001476896,42.295118948352965,1.1889653996218115,101
1657000,3313.999999935458,-28143.06668080425,13590.038601632408,-14553.028079171843,291.4337073620193,41.8712950713621,1.2010001820286342,101
1657500,3314.9999999354345,-28089.0073108159,13630.69793665086,-14458.309374165041,292.30563282821174,42.09489116158269,1.1946208106216618,101
1658000,3315.999999935411,-28125.100105020025,13484.34055839053,-14640.759546629495,289.1670491496437,41.98763795326095,1.1976723496201096,101
1658500,3316.999999935387,-28088.641956119864,13554.520916010028,-14534.121040109836,290.6720428001096,41.915724472357574,1.1997271581371307,101
1659000,3317.9999999353636,-27958.73926646693,13566.939610819458,-14391.799655647474,290.93835744240016,42.065081023990224,1.1954673990477043,101
1659500,3318.99999993534,-28260.88344610747,13937.324664354417,-14323.558781753052,298.88113762627745,42.15501979989429,1.1929168398257195,101
1660000,3319.9999999353163,-28109.71497169436,13678.158664393668,-14431.556307300692,293.3234118239627,42.349522583477196,1.1874380142859116,101
1660500,3320.9999999352926,-28042.97385973089,13627.365597592101,-14415.608262138789,292.2341719623122,42.22723192339469,1.190876851547078,101
1661000,3321.999999935269,-27954.320920170372,13700.666756254775,-14253.654163915597,293.80609011863214,42.103626265133144,1.1943729664949208,101
1661500,3322.9999999352453,-27824.448081301205,13577.285617292318,-14247.162464008887,291.160223995628,42.44347812986318,1.184809426989405,101
1662000,3323.9999999352217,-27778.228971413388,13569.620673345544,-14208.608298067844,290.99585190687895,42.18524846666457,1.1920620318787132,101
1662500,3324.999999935198,-27653.3675632192,13503.687283352396,-14149.680279866803,289.58193301761685,42.13005588070603,1.1936236957499569,101
1663000,3325.9999999351744,-28230.830836473713,14065.722070859392,-14165.10876561432,301.6345758828045,42.21971128809212,1.191088983516187,101
1663500,3326.9999999351508,-27843.221873739727,13532.124487114594,-14311.097386625133,290.1917590793641,42.19302107871366,1.1918424354744888,101
1664000,3327.999999935127,-28096.470936724436,13684.716392216851,-14411.754544507585,293.46404004345516,41.5946081193926,1.2089892242315678,101
1664500,3328.9999999351035,-28214.286578177802,13668.395274291499,-14545.891303886303,293.1140392785782,42.055625215870954,1.195736188544477,101
1665000,3329.99999993508,-28175.31373875709,13739.794445086145,-14435.519293670945,294.64516995871907,42.100204273663586,1.194470047594011,101
1665500,3330.999999935056,-27946.080659791765,13442.963048094836,-14503.117611696929,288.27972266144405,42.187377524734345,1.1920018724320363,101
1666000,3331.9999999350325,-27972.1088677259,13618.590434082766,-14353.518433643134,292.04599159659,41.810126164007464,1.202757265195024,101
1666500,3332.999999935009,-28088.825472737826,13684.885750545676,-14403.93972219215,293.4676718746139,41.604869850295046,1.2086910302430358,101
1667000,3333.999999934985,-28340.196330579733,13738.252499734805,-14601.943830844928,294.61210347057556,41.53065518558982,1.2108509431830277,101
1667500,3334.9999999349616,-28064.318883824006,13242.763375928167,-14821.555507895839,283.9865094938828,42.0071853159471,1.1971150322083117,101
1668000,3335.999999934938,-28441.40364470311,13545.304252085894,-14896.099392617216,290.47439460972123,41.48328213347005,1.2122337099722158,101
1668500,3336.9999999349143,-28167.829680230796,13296.863786493952,-14870.965893736844,285.14667420593156,41.692157608027934,1.206160484071411,101
1669000,3337.9999999348906,-28639.75360147428,13563.446625799454,-15076.306975674826,290.8634515790704,41.43200597910826,1.21373396759591,101
1669500,3338.999999934867,-28264.279754500716,13311.743576163917,-14952.536178336799,285.4657661817089,41.608400083103,1.20858847977916,101
1670000,3339.9999999348433,-28362.695108370648,13592.03045149918,-14770.664656871468,291.4764218978788,41.47611480121663,1.21244319154516,101
1670500,3340.9999999348197,-28280.864434705447,13536.837409856253,-14744.027024849194,290.2928260878822,41.654081672777416,1.2072630336091494,101
1671000,3341.999999934796,-28376.010708191086,13674.035510193671,-14701.975197997415,293.23499219913646,42.018498676902254,1.196792712399402,101
1671500,3342.9999999347724,-28302.28685801171,13572.740966357283,-14729.545891654427,291.0627655181735,41.87573812551843,1.2008727548096911,101
1672000,3343.9999999347488,-28392.368869802907,13567.67130784747,-14824.697561955438,290.9540484337056,41.862260402691135,1.2012593806149985,101
1672500,3344.999999934725,-28542.08248995545,13833.697657835273,-14708.384832120177,296.65889208467354,41.677549036973424,1.2065832603992384,101
1673000,3345.9999999347015,-28541.67564876195,13805.313863809912,-14736.361784952038,296.0502113763776,41.641801606146565,1.2076190525593835,101
1673500,3346.999999934678,-28016.546276945413,13559.087211308579,-14457.459065636835,290.76996543350117,41.809964300251046,1.2027619215685048,101
1674000,3347.999999934654,-28080.006858318993,13756.160591476855,-14323.846266842138,294.99613634356075,41.8527924447186,1.2015311300650453,101
1674500,3348.9999999346305,-27879.81107849907,13427.14019480892,-14452.67088369015,287.9404070105226,41.38188369116623,1.2152040583211867,101
1675000,3349.999999934607,-28018.719104285734,13619.543675764087,-14399.175428521647,292.0664335368481,41.761821981009085,1.2041484450881577,101
1675500,3350.9999999345832,-28023.99163195803,13842.995943264867,-14180.995688693163,296.8582906201959,42.478519507223815,1.1838320540792093,101
1676000,3351.9999999345596,-28066.177137532883,13845.697532926828,-14220.479604606055,296.91622528204897,41.909410852431,1.199907896094024,101
1676500,3352.999999934536,-27909.4394666831,13680.974418313614,-14228.465048369486,293.38379469909376,42.0069053730195,1.1971230100368095,101
1677000,3353.9999999345123,-27837.351780910787,13641.417633118153,-14195.934147792634,292.5355130349452,42.09155396470369,1.1947155252250743,101
1677500,3354.9999999344886,-28171.40662181791,13762.28517008219,-14409.12145173572,295.12747582693567,41.996479095669514,1.1974202143928285,101
1678000,3355.999999934465,-28176.164692675804,13687.469351684218,-14488.695340991586,293.52307631313107,41.810981766547854,1.202732652470613,101
1678500,3356.9999999344413,-28184.778394830213,13715.433280437763,-14469.34511439245,294.12275315496686,41.59322010969937,1.2090295694791304,101
1679000,3357.9999999344177,-27762.495179157373,13531.303701225916,-14231.191477931457,290.1741576080585,41.575164477574084,1.2095546375915338,101
1679500,3358.999999934394,-27914.106644260093,13730.2240170503,-14183.882627209794,294.4399354185322,40.77828153803966,1.2331915692810729,101
1680000,3359.9999999343704,-28245.298454305223,13963.880829768023,-14281.4176245372,299.4506254670902,41.56975487089058,1.2097120408495494,101
1680500,3360.9999999343468,-27912.75115696558,13702.988811267405,-14209.762345698175,293.85588579036386,41.601871063180226,1.208778156302385,101
1681000,3361.999999934323,-27902.268756839476,13827.748267414114,-14074.520489425362,296.53130945170193,41.996342734223084,1.1974241023969212,101
1681500,3362.9999999342995,-27716.232761358726,13802.499137448047,-13913.733623910679,295.9898505368764,42.429871133501415,1.1851893880199655,101
1682000,3363.999999934276,-27816.936386989786,14068.363909287164,-13748.572477702623,301.6912291999749,41.984246238176084,1.1977691040872944,101
1682500,3364.999999934252,-27789.319214857645,13973.273201777465,-13816.04601308018,299.6520416569829,41.931811311457004,1.199266891405202,101
1683000,3365.9999999342285,-27647.650673406886,13874.261938278447,-13773.38873512844,297.5287791381663,41.9890243086932,1.1976328059632781,101
1683500,3366.999999934205,-27736.1951901487,13950.412076980429,-13785.783113168272,299.1617926923283,42.28951339384616,1.1891229992208472,101
1684000,3367.9999999341812,-27895.44819266313,14009.659999961703,-13885.788192701428,300.4323440390962,42.29652363719632,1.1889259134823282,101
1684500,3368.9999999341576,-27836.457595005013,13884.998688231584,-13951.458906773429,297.75902505104295,41.746762232669944,1.2045828302135222,101
1685000,3369.999999934134,-27749.244431711933,13699.62865901153,-14049.615772700403,293.78382848001064,41.94740419816738,1.1988210942663649,101
1685500,3370.9999999341103,-27951.75388182652,13818.572952177983,-14133.180929648537,296.3345479697176,41.6741449459465,1.2066818183721804,101
1686000,3371.9999999340866,-27760.76892667483,13751.615103386786,-14009.153823288045,294.89865991360426,41.99891865858177,1.197350660651001,101
1686500,3372.999999934063,-27631.472964836677,13650.741303828956,-13980.731661007721,292.7354559490989,42.00895344288341,1.1970646464890582,101
1687000,3373.9999999340394,-27705.88077742102,13481.052937413599,-14224.827840007423,289.0965472476408,42.56921160465456,1.1813099446028277,101
1687500,3374.9999999340157,-27933.8597100442,13609.523913091516,-14324.335796952682,291.85156316979817,42.11690728166334,1.1939963365822552,101
1688000,3375.999999933992,-27865.768366206747,13543.403534141577,-14322.36483206517,290.4336343666197,42.286687569327846,1.189202462832675,101
1688500,3376.9999999339684,-28028.878257261193,13611.410432983721,-14417.467824277472,291.89201894055157,42.76441032249334,1.1759178397002288,101
1689000,3377.9999999339448,-28074.387238172298,13786.158517728985,-14288.228720443312,295.6394315627355,42.322523943766704,1.188195511905119,101
1689500,3378.999999933921,-27999.41002428996,13584.306082257066,-14415.103942032893,291.31077545409374,42.01928209103537,1.196770399207014,101
1690000,3379.9999999338975,-28039.75318346738,13918.406163850035,-14121.347019617344,298.4754368846284,42.052208007301225,1.1958333553793297,101
1690500,3380.999999933874,-27851.35909323648,13606.591417716336,-14244.767675520143,291.78867681427977,42.161263332920406,1.1927401844055996,101
1691000,3381.99999993385,-27969.206703828222,13560.114489242624,-14409.092214585598,290.7919950557551,41.949708355901834,1.1987552470172462,101
1691500,3382.9999999338265,-27995.14574531289,13650.844448919855,-14344.301296393034,292.73766786012567,42.06443236921613,1.195485833758266,101
1692000,3383.999999933803,-28030.14607741785,13619.81296637707,-14410.333111040778,292.07220838149715,41.83173830426028,1.202135867190561,101
1692500,3384.9999999337792,-28287.829806044203,13774.094334155565,-14513.735471888638,295.3807192920673,41.73786079083651,1.204839731832185,101
1693000,3385.9999999337556,-27848.223785624683,13453.920528768547,-14394.303256856136,288.51470206876553,42.40019909961205,1.1860187940235556,101
1693500,3386.999999933732,-27854.368522711186,13492.101695619112,-14362.266827092073,289.33348407026267,42.33534292220108,1.1878357308902132,101
1694000,3387.9999999337083,-28238.206371532448,13934.371775589025,-14303.834595943423,298.81781394151454,42.12136540561426,1.1938699640486448,101
1694500,3388.9999999336846,-27948.654202063124,13695.070959476512,-14253.583242586612,293.68609017981385,42.08765677943772,1.1948261521427557,101
1695000,3389.999999933661,-28315.9840033775,14059.104892535996,-14256.879110841504,301.49267276776607,41.84628965391126,1.2017178444823078,101
1695500,3390.9999999336374,-27651.428433805217,13528.917680699604,-14122.510753105613,290.1229902178687,42.349407722756865,1.1874412348737076,101
1696000,3391.9999999336137,-27951.885740973,13771.17744755319,-14180.708293419812,295.3181676613175,42.26543620913663,1.1898004022400168,101
1696500,3392.99999993359,-27979.715458702216,13727.405642101608,-14252.309816600608,294.3794963363404,42.06443150898981,1.1954858582061982,101
1697000,3393.9999999335664,-28012.634165190895,13687.64122749369,-14324.992937697205,293.52676213079707,42.15975545170147,1.192782843821051,101
1697500,3394.9999999335428,-28324.97510951875,13750.517633875425,-14574.457475643325,294.87512505709736,41.686290524472405,1.2063302435835286,101
1698000,3395.999999933519,-28074.87472962846,13536.448858574448,-14538.425871054013,290.2844937391762,42.13750923847118,1.1934125654624252,101
1698500,3396.9999999334955,-28139.241114785444,13674.052815280089,-14465.188299505355,293.2353633007675,41.32157720897964,1.2169775792476893,101
1699000,3397.999999933472,-27974.54339836876,13717.59385802927,-14256.949540339492,294.1690859988971,41.394289189904605,1.2148398725190535,101
1699500,3398.999999933448,-27897.46422554112,13512.331653881938,-14385.132571659182,289.7673085728366,41.880094385071004,1.2007478431186747,101
1700000,3399.9999999334245,-28114.443561363867,13740.874403612248,-14373.569157751619,294.6683292981651,41.90383242749994,1.200067633180939,101
1700500,3400.999999933401,-28082.405518907293,13674.886195384955,-14407.519323522338,293.25323485071095,41.781411386802255,1.2035838745831628,101
1701000,3401.9999999333772,-28083.893410254514,13643.551242580408,-14440.342167674105,292.58126755661175,41.73652812323513,1.204878202949637,101
1701500,3402.9999999333536,-27962.135447327535,13414.435151099977,-14547.700296227558,287.66795171449064,41.959276246786715,1.1984818972260418,101
1702000,3403.99999993333,-28192.524868284996,13732.966565434921,-14459.558302850075,294.49874842611655,41.955130529054024,1.1986003229725712,101
1702500,3404.9999999333063,-28036.437796520462,13399.71872496495,-14636.719071555512,287.3523630135774,41.75357074645841,1.2043864058440077,101
1703000,3405.9999999332827,-28067.853214905805,13341.472453899614,-14726.38076100619,286.1032917479119,42.14985436977617,1.1930630308070405,101
1703500,3406.999999933259,-28342.08234735802,13389.707871476003,-14952.374475882018,287.13768370090855,41.86657582044229,1.2011355602176226,101
1704000,3407.9999999332354,-28511.049304390097,13613.309238115451,-14897.740066274646,291.93273816404457,41.98152776751491,1.1978466643939691,101
1704500,3408.9999999332117,-28326.80842048507,13343.843261998933,-14982.965158486139,286.1541329128329,41.58104264751047,1.209383646984892,101
1705000,3409.999999933188,-28312.921948234743,13374.682088870506,-14938.239859364237,286.8154609568017,41.933882549287375,1.1992076560851415,101
1705500,3410.9999999331644,-28234.345548253477,13236.666441072175,-14997.679107181302,283.8557628212124,41.87719143557857,1.2008310796066588,101
1706000,3411.9999999331408,-28585.133224049856,13587.921573054868,-14997.211650994988,291.3883084117271,41.72494726667679,1.2052126197087392,101
1706500,3412.999999933117,-28387.390438515642,13539.255074792847,-14848.135363722795,290.34467208157537,42.217125662695935,1.191161932819972,101
1707000,3413.9999999330935,-28383.923709233,13551.735880066064,-14832.187829166936,290.6123186614166,42.28492392911823,1.189252062668407,101
1707500,3414.99999993307,-28197.907260922206,13526.107752989576,-14671.79950793263,290.062732283807,41.8364779197537,1.2019996783413884,101
1708000,3415.999999933046,-28001.792098787217,13397.290638781047,-14604.50146000617,287.30029353981706,42.28708111067039,1.1891913956149458,101
1708500,3416.9999999330225,-28018.521289724824,13395.481897816266,-14623.039391908558,287.2615057114322,42.240281211982044,1.1905089540032656,101
1709000,3417.999999932999,-28284.367453994484,13671.815237722272,-14612.552216272212,293.18737921902203,41.752767834986564,1.20440956636035,101
1709500,3418.9999999329752,-28131.046470905276,13509.944639990546,-14621.10183091473,289.716119880274,41.75657657034916,1.204299708759866,101
1710000,3419.9999999329516,-28089.108276103118,13517.217956379889,-14571.890319723228,289.8720936506434,41.70893964315634,1.2056751725821386,101
1710500,3420.999999932928,-28215.382151194546,13710.990606195122,-14504.391544999424,294.0274815326346,41.833873168208825,1.20207451985813,101
1711000,3421.9999999329043,-28405.190815441725,13933.551984186983,-14471.638831254742,298.8002337966331,42.00710210994607,1.1971174034062664,101
1711500,3422.9999999328807,-27834.307164391157,13575.367609769559,-14258.939554621598,291.11909298345864,41.848789359985794,1.2016460636389028,101
1712000,3423.999999932857,-27969.39110218092,13715.2335862241,-14254.157515956822,294.11847078118313,41.83678652789333,1.2019908118170837,101
1712500,3424.9999999328334,-28045.408091011286,13859.029205550207,-14186.37888546108,297.2021184197992,41.61345440982631,1.2084416858843137,101
1713000,3425.9999999328097,-27784.547094078625,13630.939228277934,-14153.607865800692,292.3108072442303,42.22138843194837,1.191041670349919,101
1713500,3426.999999932786,-27999.863850983795,13727.910193427899,-14271.953657555896,294.39031626613496,41.77198297821501,1.203855537064317,101
1714000,3427.9999999327624,-28141.882646751146,13718.375398299031,-14423.507248452115,294.1858458613924,41.38654475403115,1.2150671988045683,101
1714500,3428.999999932739,-28298.2378696153,13949.461298983391,-14348.776570631908,299.141403584933,41.489097206039105,1.2120638044435625,101
1715000,3429.999999932715,-28186.682524554464,13615.06220475059,-14571.620319803875,291.97032993109804,41.86405910166587,1.2012077682280806,101
1715500,3430.9999999326915,-28353.092433485443,13762.16330402661,-14590.929129458833,295.12486245125507,41.66460349079757,1.2069581560661555,101
1716000,3431.999999932668,-28177.599804405218,13497.60769655264,-14679.992107852577,289.4515583680504,41.717053234746295,1.2054406796066781,101
1716500,3432.999999932644,-28197.29847836732,13590.95111862339,-14606.34735974393,291.45327597528876,41.895210453833826,1.2003146053626934,101
1717000,3433.9999999326205,-28442.691492964233,13786.768944405061,-14655.922548559172,295.65252195302037,41.92115892696635,1.1995716313589906,101
1717500,3434.999999932597,-27835.695031948413,13491.026875163501,-14344.668156784912,289.3104349149726,42.22460679611454,1.1909508890230311,101
1718000,3435.9999999325732,-27963.917945354493,13572.113566449043,-14391.80437890545,291.049311142758,41.58787330083478,1.20918501022439,101
1718500,3436.9999999325496,-27854.102191424623,13336.47920381913,-14517.622987605493,285.99621321595197,42.38041130185194,1.186572556937008,101
1719000,3437.999999932526,-28202.91491721231,13752.796153517509,-14450.118763694802,294.92398712776946,41.848364632194446,1.2016582593957281,101
1719500,3438.9999999325023,-28041.22537989258,13580.91192308816,-14460.31345680442,291.2379888771776,41.55167251516204,1.2102384803916342,101
1720000,3439.9999999324787,-28101.91752131921,13803.950733153493,-14297.966788165717,296.020979507914,41.94048218018923,1.1990189522960235,101
1720500,3440.999999932455,-28288.82096614167,13750.075243038396,-14538.745723103273,294.86563813763246,41.84542082714318,1.2017427954712172,101
1721000,3441.9999999324314,-28106.252331223157,13622.711585887626,-14483.540745335531,292.13436828074066,41.95178055415371,1.1986960347860969,101
1721500,3442.9999999324077,-28131.52864271778,13645.60974464806,-14485.918898069722,292.62541142601293,41.85067826072489,1.2015918281944113,101
1722000,3443.999999932384,-28239.42398129138,13833.526964657565,-14405.897016633815,296.6552316281393,41.742409218044564,1.2047084474640744,101
1722500,3444.9999999323604,-28363.19573062516,13674.720728446842,-14688.475002178318,293.24968646908866,42.00070633684795,1.197299697752047,101
1723000,3445.999999932337,-28340.43533900903,13666.64850938019,-14673.78682962884,293.07658050536094,42.06083776168017,1.195588002488511,101
1723500,3446.999999932313,-28288.160838156513,13534.897082690184,-14753.263755466329,290.2512164386325,41.89784706593978,1.2002390701206447,101
1724000,3447.9999999322895,-28345.324012859386,13695.215726140355,-14650.10828671903,293.6891946511684,41.57182010322989,1.2096519439757099,101
1724500,3448.999999932266,-28077.357934056476,13509.798828391617,-14567.559105664859,289.7129930006456,42.223563687857315,1.1909803107628794,101
1725000,3449.999999932242,-27998.427282902794,13264.601158971382,-14733.826123931412,284.45481324631567,41.77812917458196,1.2036784316583442,101
1725500,3450.9999999322185,-28307.854281840537,13590.335932088354,-14717.518349752183,291.4400835114643,41.55182823741129,1.2102339448256605,101
1726000,3451.999999932195,-28274.343474300123,13616.147459515476,-14658.196014784648,291.9936028465646,42.13969674261149,1.1933506144962378,101
1726500,3452.9999999321712,-28535.964960637906,13731.392808013492,-14804.572152624414,294.46499973906276,41.71777526158226,1.2054198165449643,101
1727000,3453.9999999321476,-28155.681307649164,13312.207185612431,-14843.474122036732,285.47570812700496,41.604447523038694,1.208703299680487,101
1727500,3454.999999932124,-28284.329486430954,13507.61850078826,-14776.710985642694,289.6662366244986,41.36680377656764,1.2156470505697132,101
1728000,3455.9999999321003,-28377.544070814958,13715.450454950042,-14662.093615864917,294.12312145648036,41.31872432367243,1.2170616064656605,101
1728500,3456.9999999320767,-28406.078036951254,13533.069179098868,-14873.008857852386,290.2120176743072,41.59862595827857,1.2088724529727597,101
1729000,3457.999999932053,-28163.44119212029,13305.557931377072,-14857.88326074322,285.333117155058,41.819447239243644,1.2024891843929126,101
1729500,3458.9999999320294,-28342.926904634845,13267.032422546876,-15075.89448208797,284.5069508581467,41.31017089322425,1.2173136037723036,101
1730000,3459.9999999320057,-28595.95997012455,13315.070268745309,-15280.889701379241,285.53710596084187,41.644216192125285,1.2075490332314056,101
1730500,3460.999999931982,-28735.923785475326,13551.724022819682,-15184.199762655644,290.6120643868429,41.56822084517666,1.2097566838325629,101
1731000,3461.9999999319584,-28513.802254701677,13398.176057119554,-15115.626197582123,287.3192810317972,41.93339975206605,1.1992214630773619,101
1731500,3462.999999931935,-28358.505930509233,13404.938641981724,-14953.567288527509,287.464302340088,41.655170417416485,1.2072314792752548,101
1732000,3463.999999931911,-28306.054243887007,13311.00111180872,-14995.053132078287,285.4498442887723,41.71618226805505,1.2054658472663995,101
1732500,3464.9999999318875,-28659.105717599712,13616.30136861948,-15042.804348980231,291.9969033744065,41.73919818033785,1.2048011268738152,101
1733000,3465.999999931864,-28242.332358936117,13371.088608071277,-14871.24375086484,286.7383999960236,41.56776949787148,1.209769819500552,101
1733500,3466.99999993184,-28244.66911142876,13395.618842729134,-14849.050268699626,287.26444244802525,41.59874165171044,1.208869090885417,101
1734000,3467.9999999318165,-28338.02744136137,13602.246586549389,-14735.780854811981,291.6955034030804,41.891812725990114,1.2004119595254872,101
1734500,3468.999999931793,-28347.900603796523,13931.7250278458,-14416.175575950723,298.7610553457613,42.04513950373467,1.1960343953196717,101
1735000,3469.9999999317693,-28111.069021215913,13682.785883659923,-14428.28313755599,293.4226409509042,41.74135411178451,1.2047388991696193,101
1735500,3470.9999999317456,-28009.982657411445,13715.411307067432,-14294.571350344013,294.1222819435916,42.071153294884944,1.1952948532217806,101
1736000,3471.999999931722,-27951.301778410536,13515.37821101676,-14435.923567393776,289.8326409435912,41.95207244446718,1.198687694607866,101
1736500,3472.9999999316983,-27729.558903105826,13197.820337129759,-14531.738565976068,283.0227214722975,41.811781424526096,1.2027096499883347,101
1737000,3473.9999999316747,-28046.793440330028,13514.745888451274,-14532.047551878753,289.81908100348284,41.83703421363146,1.2019836957299361,101
1737500,3474.999999931651,-28111.29590878507,13663.47296535236,-14447.82294343271,293.0084820550143,41.71200139862999,1.2055866732909202,101
1738000,3475.9999999316274,-28148.462238655837,13718.180834361978,-14430.281404293859,294.18167350462755,41.9267886962992,1.1994105574539105,101
1738500,3476.9999999316037,-28092.317841765325,13803.46577112356,-14288.852070641766,296.0105796638475,41.98366499384071,1.1977856866440326,101
1739000,3477.99999993158,-28014.554870872205,13639.562237300051,-14374.992633572154,292.4957247092646,42.23611058428554,1.1906265114570134,101
1739500,3478.9999999315564,-28232.850570347106,13875.047078323769,-14357.803492023337,297.54561619661143,42.41008600753049,1.1857423018088509,101
1740000,3479.999999931533,-28181.13014837478,13817.662370154248,-14363.467778220533,296.3150208511558,41.60012520219187,1.2088288859243852,101
1740500,3480.999999931509,-27883.69362325106,13698.849674023393,-14184.843949227667,293.7671234146516,41.82319908026519,1.2023813124857132,101
1741000,3481.9999999314855,-28074.377845288134,13734.511109850037,-14339.866735438098,294.5318706502896,41.770417284543484,1.203900661559554,101
1741500,3482.999999931462,-27982.329301870206,13736.708147429264,-14245.621154440942,294.5789853661264,41.66072043696836,1.2070706525242205,101
1742000,3483.999999931438,-28107.197227729117,13717.910230252824,-14389.286997476293,294.1758704925045,41.86269765126543,1.20124683367032,101
1742500,3484.9999999314145,-27899.982015639132,13512.455356260441,-14387.526659378691,289.7699613278312,42.471082810178565,1.184039343363026,101
1743000,3485.999999931391,-28069.483564032726,13633.246613471125,-14436.2369505616,292.36028832672577,42.269418891398175,1.189688297624409,101
1743500,3486.9999999313673,-28141.53393387495,13814.760595490712,-14326.773338384239,296.2527932907409,41.98667262254546,1.1976998857365477,101
1744000,3487.9999999313436,-27938.713446531343,13652.205799674713,-14286.50764685663,292.76686155921203,41.941802810073085,1.1989811985478862,101
1744500,3488.99999993132,-27980.596328563974,13577.364802130844,-14403.23152643313,291.16192208727693,41.94596535049969,1.1988622167180965,101
1745000,3489.9999999312963,-28074.367209360258,13623.000575950768,-14451.36663340949,292.14056557332833,41.77107881493798,1.2038815953323423,101
1745500,3490.9999999312727,-28043.00759465742,13710.370922978553,-14332.636671678869,294.01419263902005,41.86797006768452,1.2010955611457865,101
1746000,3491.999999931249,-27921.867174902553,13568.566361997397,-14353.300812905156,290.97324256235015,42.39759177128143,1.1860917307228613,101
1746500,3492.9999999312254,-28265.647393392108,13825.776229199853,-14439.871164192255,296.48901976992187,42.09027611615319,1.1947517964412089,101
1747000,3493.9999999312017,-28177.46766976789,13719.443837984541,-14458.02383178335,294.20875818326056,41.705887675416804,1.2057634018930632,101
1747500,3494.999999931178,-28227.573410079494,13515.562444673578,-14712.010965405916,289.83659177104664,41.77261265998841,1.2038373901053114,101
1748000,3495.9999999311544,-28420.6689673483,13584.152296504111,-14836.51667084419,291.30747757147276,41.91603665741868,1.1997182227289662,101
1748500,3496.999999931131,-28137.758825910394,13282.67403233586,-14855.084793574533,284.84237980456385,42.07755767595633,1.1951129243229683,101
1749000,3497.999999931107,-28210.53559823038,13268.940287898033,-14941.595310332348,284.5478643749316,41.89364958667071,1.2003593264999397,101
1749500,3498.9999999310835,-28208.90351681116,13412.475493659187,-14796.428023151972,287.6259275341428,41.88408161843309,1.2006335356855276,101
1750000,3499.99999993106,-28246.247331916766,13556.058017928877,-14690.189313987888,290.70500542250784,42.32749200697338,1.1880560509986222,101
1750500,3500.999999931036,-28190.689550591334,13563.563404015433,-14627.126146575902,290.8659558477792,41.713884678306684,1.2055322440068146,101
1751000,3501.9999999310126,-28405.644691585727,13800.564776893927,-14605.0799146918,295.9483688395695,41.57087742444861,1.2096793745543015,101
1751500,3502.999999930989,-28148.44289946035,13556.004624207928,-14592.438275252423,290.70386041251174,41.82839312030644,1.2022320068056234,101
1752000,3503.9999999309653,-28078.63013962293,13463.115310484543,-14615.514829138385,288.7118810027205,41.63941545929074,1.2076882551736257,101
1752500,3504.9999999309416,-28451.614842848187,13708.908713391158,-14742.706129457029,293.98283605693183,41.582654427923195,1.2093367702065692,101
1753000,3505.999999930918,-28197.275773176196,13624.952922173932,-14572.322851002264,292.18243296712683,41.661014425673315,1.2070621346054227,101
1753500,3506.9999999308943,-28251.955547296213,13630.56304298083,-14621.392504315383,292.3027400798165,41.82763777903874,1.202253717222379,101
1754000,3507.9999999308707,-27803.78151618113,13492.351059700817,-14311.430456480313,289.3388315972966,42.43263457551705,1.1851122020949312,101
1754500,3508.999999930847,-27874.41111795728,13529.903533118078,-14344.5075848392,290.14413148417776,42.417067478723986,1.1855471391958967,101
1755000,3509.9999999308234,-28129.309494652767,13692.054288443434,-14437.255206209333,293.62139870624026,42.50224524924646,1.1831712114872828,101
1755500,3510.9999999307997,-27892.845495999132,13579.008678264632,-14313.8368177345,291.1971744460198,42.08484461445136,1.1949059920067404,101
1756000,3511.999999930776,-27815.10259178635,13576.21458565576,-14238.888006130592,291.1372560902604,41.731685335352644,1.2050180240355632,101
1756500,3512.9999999307524,-28040.033636603483,13700.52326215056,-14339.510374452922,293.80301293688143,41.63460256985424,1.2078278618874443,101
1757000,3513.999999930729,-27979.486350010084,13597.615661480064,-14381.87068853002,291.5961948064656,42.06360735610526,1.1955092813783987,101
1757500,3514.999999930705,-28045.746772639563,13676.258966053923,-14369.48780658564,293.2826734459308,41.72377705310115,1.2052464219258137,101
1758000,3515.9999999306815,-27973.66263912282,13636.171132752781,-14337.49150637004,292.4230036376597,41.678512502653106,1.2065553682915007,101
1758500,3516.999999930658,-28233.439291132756,13932.81934451943,-14300.619946613326,298.78452259074663,42.15058032395739,1.1930424828314488,101
1759000,3517.999999930634,-28224.900219614963,13954.658463507825,-14270.241756107138,299.2528549920647,41.91251314574543,1.1998190809415887,101
1759500,3518.9999999306106,-28312.210304416963,13711.70999988263,-14600.500304534333,294.04290868303127,41.718486608529126,1.2053992627862855,101
1760000,3519.999999930587,-28061.069165146164,13638.328031782361,-14422.741133363803,292.46925759609366,41.64440322334183,1.2075436099488694,101
1760500,3520.9999999305633,-27882.365323817816,13384.541027036337,-14497.824296781479,287.0268824975746,42.160903201273,1.1927503726002284,101
1761000,3521.9999999305396,-28280.97089028141,13646.719390308648,-14634.251499972761,292.6492073958555,41.77423821155057,1.2037905454509539,101
1761500,3522.999999930516,-28147.23215692873,13419.968771317781,-14727.26338561095,287.7866182983379,41.9647938079796,1.198324319966476,101
1762000,3523.9999999304923,-28221.986649884726,13565.463152838092,-14656.523497046634,290.9066953083999,41.85190887106495,1.2015564966798358,101
1762500,3524.9999999304687,-27913.922137482587,13270.161175263416,-14643.76096221917,284.57404588490334,41.98499765625056,1.1977476672549947,101
1763000,3525.999999930445,-28254.665344443547,13671.082865420465,-14583.582479023082,293.1716737467021,41.54255462725147,1.2105041072628817,101
1763500,3526.9999999304214,-28270.52625134713,13856.151544262291,-14414.37470708484,297.14040796243756,41.927023770662686,1.1994038326581105,101
1764000,3527.9999999303977,-27827.318549409654,13347.709721547559,-14479.608827862095,286.237047809078,41.79976605270102,1.2030553697137514,101
1764500,3528.999999930374,-28128.076856651893,13638.33702420006,-14489.739832451833,292.4694504354008,41.97238816992121,1.1981074986464115,101
1765000,3529.9999999303504,-28199.823355801444,13679.662146706243,-14520.1612090952,293.35565348545833,41.96626345636961,1.1982823549387966,101
1765500,3530.999999930327,-28514.61937388923,13943.203959489438,-14571.415414399791,299.0072170899273,41.51990598514438,1.2111644236495411,101
1766000,3531.999999930303,-28221.282206029147,13636.269595255846,-14585.012610773301,292.4251151321996,41.55547091898303,1.2101278577860763,101
1766500,3532.9999999302795,-28295.18859551466,13822.681215826658,-14472.507379688002,296.42264827178815,42.07436956117867,1.1952034820001183,101
1767000,3533.999999930256,-27943.433066888043,13309.782274269375,-14633.650792618668,285.4237067366155,42.22029478708143,1.1910725222569383,101
1767500,3534.999999930232,-28122.849343398448,13524.478154130675,-14598.371189267773,290.0277860963175,42.47544706017967,1.183917686168971,101
1768000,3535.9999999302086,-28054.898470414904,13638.091015890699,-14416.807454524205,292.46417487175154,42.80996738804786,1.174666463691825,101
1768500,3536.999999930185,-27914.918639136715,13630.941001406154,-14283.97763773056,292.31084526835565,42.263895773776014,1.1898437681100609,101
1769000,3537.9999999301613,-27967.98599230801,13715.881824662252,-14252.104167645759,294.13237203171104,41.918584732404646,1.1996452963166586,101
1769500,3538.9999999301376,-28315.13927758295,14079.5618091641,-14235.577468418851,301.9313643144853,42.05902832363314,1.195639438351547,101
1770000,3539.999999930114,-28161.312540681236,13779.509483075435,-14381.8030576058,295.49684529964503,42.05647385042196,1.195712060438847,101
1770500,3540.9999999300903,-27865.93041185524,13297.005044537183,-14568.925367318056,285.1497034361229,42.50175716633196,1.1831847988232365,101
1771000,3541.9999999300667,-28166.555072717074,13534.903005300166,-14631.652067416908,290.25134344696824,41.97719384295694,1.197970335764069,101
1771500,3542.999999930043,-28114.509460956644,13358.0701994459,-14756.439261510744,286.45922469705187,42.128930391371696,1.1936555838308147,101
1772000,3543.9999999300194,-28236.271776566202,13436.28852137016,-14799.983255196043,288.136589729649,41.898827443607,1.2002109860989316,101
1772500,3544.9999999299957,-28022.15532531649,13382.362504130124,-14639.792821186365,286.9801648225377,41.617771651339886,1.2083163275480544,101
1773000,3545.999999929972,-28351.658736329427,13668.585777647128,-14683.0729586823,293.1181245575699,41.94925447827464,1.1987682171687748,101
1773500,3546.9999999299484,-28083.95872433784,13408.533173358213,-14675.425550979628,287.54138583013446,42.084210912144854,1.194923984851724,101
1774000,3547.999999929925,-28081.830210834567,13692.783373511942,-14389.046837322625,293.6370336849718,42.69462662983947,1.1778398588297858,101
1774500,3548.999999929901,-28017.612160073826,13458.499437888673,-14559.112722185153,288.6128952012259,42.55814424999754,1.1816171472862902,101
1775000,3549.9999999298775,-28032.61083529772,13428.13678341687,-14604.47405188085,287.96177851072537,42.04113040027268,1.196148450902604,101
1775500,3550.999999929854,-28098.837022658732,13539.0608875451,-14559.776135113632,290.34050780278324,41.884587612173426,1.200619031232025,101
1776000,3551.99999992983,-28107.94254385421,13580.024594812752,-14527.917949041457,291.21896042725706,41.55684918013705,1.2100877230730103,101
1776500,3552.9999999298066,-28163.178051644427,13578.459108589346,-14584.71894305508,291.18538911320235,42.28374156594901,1.1892853172429962,101
1777000,3553.999999929783,-28202.934417310564,13591.241330116383,-14611.69308719418,291.45949946101985,41.8322781575361,1.2021203534051665,101
1777500,3554.9999999297593,-28189.824099754776,13618.114437779117,-14571.70966197566,292.03578401944253,42.024942828255824,1.1966091948772233,101
1778000,3555.9999999297356,-28355.39353347354,13811.70174440469,-14543.69178906885,296.1871972804279,41.96303961001243,1.198374414004125,101
1778500,3556.999999929712,-27937.913740082844,13500.403908918048,-14437.509831164796,289.51152218126026,42.14063556698665,1.1933240285980915,101
1779000,3557.9999999296883,-28070.38518839228,13608.794512830827,-14461.590675561452,291.83592143187866,42.10398009849024,1.1943629292253948,101
1779500,3558.9999999296647,-28089.324596765415,13448.618363702792,-14640.706233062623,288.40099896111036,41.5874340390086,1.2091977820827182,101
1780000,3559.999999929641,-28261.26744645426,13547.0903917576,-14714.177054696662,290.5126977611434,41.739860725145185,1.2047820028346685,101
1780500,3560.9999999296174,-28110.99576508434,13486.302767634588,-14624.69299744975,289.2091280525356,42.177457829057936,1.1922822187693651,101
1781000,3561.9999999295937,-27878.97748790969,13288.798284626053,-14590.179203283638,284.97371229022264,42.18292932868786,1.1921275692032354,101
1781500,3562.99999992957,-28194.357278236883,13449.482546553296,-14744.874731683587,288.41953106534817,41.979549957686366,1.1979030993226027,101
1782000,3563.9999999295464,-28181.902670123072,13471.227617593137,-14710.675052529936,288.8858466407307,41.756165487034465,1.2043115649135714,101
1782500,3564.999999929523,-28305.07374405063,13527.540925868623,-14777.532818182008,290.09346618366374,41.38466163502988,1.2151224877942446,101
1783000,3565.999999929499,-28359.2043718645,13598.864971862014,-14760.339400002485,291.6229858382596,42.03301651484516,1.1963793506164395,101
1783500,3566.9999999294755,-28267.87596081029,13581.533250499826,-14686.342710310462,291.25131302999097,41.982251541279425,1.197826013524667,101
1784000,3567.999999929452,-28238.10007748495,13449.851531638877,-14788.248545846072,288.4274438237004,41.94944587292061,1.1987627477802345,101
1784500,3568.999999929428,-28220.172128884158,13686.143411346718,-14534.02871753744,293.4946419782755,41.68554009666959,1.206351960076875,101
1785000,3569.9999999294046,-28206.750435895985,13434.352307401969,-14772.398128494016,288.09506828651433,42.11530396853493,1.1940417915551824,101
1785500,3570.999999929381,-28197.78373171495,13494.12654919754,-14703.65718251741,289.3769063593763,41.68271233781041,1.2064337990996037,101
1786000,3571.9999999293573,-28183.130952688472,13512.412316076463,-14670.71863661201,289.7690383458773,41.73717690104652,1.2048594738859693,101
1786500,3572.9999999293336,-28152.796604743315,13383.987115337415,-14768.8094894059,287.0150040515526,42.20489015859136,1.1915072593132638,101
1787000,3573.99999992931,-28443.778827571696,13552.96574653039,-14890.813081041306,290.63869272507935,42.20662361690163,1.191458323198896,101
1787500,3574.9999999292863,-28410.56686142981,13600.508216667553,-14810.058644762255,291.6582246583851,41.66613475309251,1.2069137994315189,101
1788000,3575.9999999292627,-28096.27421202733,13364.327110749346,-14731.947101277983,286.5934020096593,42.11915388522108,1.1939326497279321,101
1788500,3576.999999929239,-28046.38684417296,13245.2971387165,-14801.089705456461,284.04084516610754,41.78403135220446,1.2035084068025774,101
1789000,3577.9999999292154,-28287.8664618827,13485.914394433792,-14801.952067448907,289.20079952271567,41.95236305767915,1.1986793910355353,101
1789500,3578.9999999291917,-28376.450557495646,13793.020855974604,-14583.429701521041,295.7865920480525,41.812917202312036,1.2026769803973376,101
1790000,3579.999999929168,-28165.155876504217,13603.129896430364,-14562.025980073853,291.71444567991335,41.744328956365806,1.204653045328495,101
1790500,3580.9999999291445,-28372.742480427165,13774.40734219448,-14598.335138232685,295.38743164189117,41.28924906512644,1.2179304332505796,101
1791000,3581.999999929121,-27941.457933466118,13439.671344368731,-14501.786589097386,288.2091332062882,41.748434352222674,1.204534583937116,101
1791500,3582.999999929097,-28235.00207429575,13731.618231259617,-14503.383843036132,294.4698338631054,42.163842657431175,1.1926672198986024,101
1792000,3583.9999999290735,-28207.50809723371,13677.189318830679,-14530.31877840303,293.30262454149664,41.96750423472002,1.1982469274614949,101
1792500,3584.99999992905,-28011.188892082002,13400.517452061995,-14610.671440020007,287.3694914416772,42.00501469004859,1.1971768936053755,101
1793000,3585.999999929026,-28009.852130616026,13544.793638377178,-14465.058492238848,290.463444674219,41.8016157272239,1.2030021358655312,101
1793500,3586.9999999290026,-28246.517687121297,13607.411672677701,-14639.106014443596,291.8062669000316,41.74615984426229,1.204600212093333,101
1794000,3587.999999928979,-28102.15093486106,13723.375528944378,-14378.775405916682,294.2930719447012,41.7855495486117,1.2034646796730069,101
1794500,3588.9999999289553,-27776.17611329794,13497.510187274172,-14278.665926023768,289.4494673150844,42.229775662725366,1.1908051182679467,101
1795000,3589.9999999289316,-27789.753644796376,13434.26611674568,-14355.487528050695,288.0932199575111,42.33522026052038,1.187839172514616,101
1795500,3590.999999928908,-27693.820251474255,13447.582329925994,-14246.237921548262,288.37878157281773,42.3379056916381,1.1877638296221273,101
1796000,3591.9999999288843,-27911.491496413506,13703.352059111878,-14208.139437301628,293.86367551555225,42.673679557707366,1.1784180207492334,101
1796500,3592.9999999288607,-27782.8226421895,13764.332935141872,-14018.489707047629,295.1713894448909,42.82772818837373,1.174179325629788,101
1797000,3593.999999928837,-27735.260716023677,13720.681136267784,-14014.579579755893,294.2352916197259,42.219017811477116,1.1911085479778747,101
1797500,3594.9999999288134,-27601.881966815283,13670.365458314198,-13931.516508501085,293.15628919785746,42.26084596413066,1.1899296347537038,101
1798000,3595.9999999287897,-27664.889940710556,13694.038601411678,-13970.851339298879,293.66395161590106,42.28991760884724,1.1891116333591574,101
1798500,3596.999999928766,-28072.335331789665,13906.63389738545,-14165.701434404215,298.22298467603673,41.83284853093637,1.2021039629967298,101
1799000,3597.9999999287425,-27947.067929146207,13662.78404926334,-14284.283879882867,292.9937084862431,41.844434656316054,1.2017711176052435,101
1799500,3598.999999928719,-28095.631469001277,13674.97072117891,-14420.660747822367,293.25504747731355,41.846869470073166,1.2017011938836581,101
1800000,3599.999999928695,-27815.233264170118,13449.856733628665,-14365.376530541453,288.4275553785837,42.363588817397286,1.1870437421918607,101
1800500,3600.9999999286715,-27986.301704746536,13708.545315799523,-14277.756388947013,293.97504312046703,41.705855321407064,1.205764337284042,101
1801000,3601.999999928648,-28165.826331094824,13773.950843195678,-14391.875487899146,295.37764217774566,41.71626465068925,1.205463466673296,101
1801500,3602.999999928624,-28133.367190214165,13710.338637227076,-14423.028552987089,294.0135002821752,42.59862945853814,1.1804941530202517,101
1802000,3603.9999999286006,-27943.6393238661,13473.378972394868,-14470.260351471232,288.93198170510385,42.34972870787641,1.1874322347932262,101
1802500,3604.999999928577,-27941.8796551654,13507.639658517213,-14434.239996648188,289.6666903447248,41.77713109374764,1.203707188261344,101
1803000,3605.9999999285533,-27934.27489190925,13388.528379673233,-14545.746512236015,287.11238990455075,42.08664095987459,1.194854990932267,101
1803500,3606.9999999285296,-27925.840475168778,13444.51795109466,-14481.322524074118,288.3130670219062,42.32499735375552,1.1881260755239835,101
1804000,3607.999999928506,-27775.853761805374,13298.415429392247,-14477.438332413127,285.1799486546368,42.46103532391119,1.1843195206821076,101
1804500,3608.9999999284823,-28026.75066468518,13442.50649071547,-14584.24417396971,288.26993194534725,42.314677614682644,1.188415836707957,101
1805000,3609.9999999284587,-27899.80875953449,13493.628576433233,-14406.180183101258,289.3662275045827,42.59170573204795,1.1806860546710145,101
1805500,3610.999999928435,-27887.24784813549,13476.368470187288,-14410.8793779482,288.9960904578701,42.5218449115646,1.182625850479125,101
1806000,3611.9999999284114,-28069.10548146221,13701.255805434621,-14367.84967602759,293.818722075857,42.07603509665232,1.1951561711308092,101
1806500,3612.9999999283878,-28288.475864664597,13867.782264951542,-14420.693599713055,297.3898247705218,41.812079194437324,1.2027010847422954,101
1807000,3613.999999928364,-27987.288372459414,13617.989333314763,-14369.299039144651,292.0331011971988,41.82412340149493,1.2023547396257708,101
1807500,3614.9999999283405,-28117.42887368269,13757.004438809763,-14360.424434872926,295.0142323596124,41.43794574036663,1.2135599896182403,101
1808000,3615.999999928317,-27932.627457318813,13661.456533828527,-14271.170923490286,292.96524037396705,42.30338354159027,1.188733117601357,101
1808500,3616.999999928293,-27715.082688501334,13518.128346874115,-14196.954341627219,289.8916166619208,42.11946210036687,1.1939239129562038,101
1809000,3617.9999999282695,-27803.044646166578,13619.6721701817,-14183.372475984877,292.06918905547445,42.371648691306135,1.1868179444430864,101
1809500,3618.999999928246,-28126.361659812603,13637.708482997903,-14488.6531768147,292.45597158532956,41.69382145341845,1.2061123506911717,101
1810000,3619.999999928222,-28201.06863107781,13796.11035468202,-14404.958276395791,295.85284528607383,42.13220878163286,1.193562703135632,101
1810500,3620.9999999281986,-27897.8338077977,13725.672709538303,-14172.161098259396,294.34233419307236,42.37836570546318,1.1866298325892677,101
1811000,3621.999999928175,-27945.551340003483,13615.025629591451,-14330.525710412032,291.96954558938,42.27768316665826,1.1894557420341108,101
1811500,3622.9999999281513,-27725.590005332626,13456.221731033966,-14269.36827429866,288.5640505604997,42.112073422847665,1.1941333901454818,101
1812000,3623.9999999281276,-27908.807511518233,13800.241185881801,-14108.566325636431,295.9414295415221,42.07430451804963,1.195205329678296,101
1812500,3624.999999928104,-27937.76784911142,13754.268566356652,-14183.499282754769,294.9555625150849,41.90599184761311,1.2000057935711361,101
1813000,3625.9999999280803,-27850.343729005854,13881.17064708425,-13969.173081921605,297.6769340242104,42.14693728417447,1.1931456054189422,101
1813500,3626.9999999280567,-27946.046779873504,13920.674977722529,-14025.371802150976,298.52409081840716,42.08548595392762,1.1948877828696538,101
1814000,3627.999999928033,-28086.246692623237,13980.299739847085,-14105.946952776152,299.80272335109555,41.628530764634576,1.208004031821419,101
1814500,3628.9999999280094,-27730.053372547147,13555.214992199886,-14174.83838034726,290.68692702546986,41.79974222619731,1.2030560554740384,101
1815000,3629.9999999279858,-27890.501512135383,13543.252960465845,-14347.248551669538,290.4304053658908,41.962131073183585,1.1984003604292,101
1815500,3630.999999927962,-28055.736986487867,13866.50907713695,-14189.227909350917,297.3625216953907,41.72621647869964,1.2051759600142804,101
1816000,3631.9999999279385,-28158.016299160623,13730.657278461402,-14427.359020699221,294.4492265605956,41.82749893788768,1.2022577079532188,101
1816500,3632.999999927915,-28032.06088381846,13722.26708020864,-14309.79380360982,294.2693016425007,41.85778536805084,1.2013878077951028,101
1817000,3633.999999927891,-28261.263882781564,13858.598752353613,-14402.665130427951,297.19288749893093,41.66050651602184,1.2070768506652925,101
1817500,3634.9999999278675,-27901.484764757606,13317.990749383778,-14583.494015373828,285.5997346644605,42.029807244833805,1.1964707025550714,101
1818000,3635.999999927844,-28260.122876275982,13583.407707616276,-14676.715168659706,291.29151011866384,42.056658686426566,1.1957068053699278,101
1818500,3636.99999992782,-28238.712926901742,13682.692906707905,-14556.020020193837,293.4206470921213,42.07017594020949,1.1953226217534598,101
1819000,3637.9999999277966,-28255.320193170013,13676.804706151132,-14578.515487018882,293.2943766547625,41.88191837843748,1.200695549523122,101
1819500,3638.999999927773,-28071.422160286158,13572.9693244005,-14498.452835885659,291.06766257793106,42.0989539238027,1.194505523664522,101
1820000,3639.9999999277493,-28179.23799384271,13686.746379884733,-14492.491613957978,293.5075724313528,41.81881520807083,1.2025073582853514,101
1820500,3640.9999999277256,-28103.599565319637,13600.582038487442,-14503.017526832195,291.6598077419425,41.79341402213779,1.2032382177690366,101
1821000,3641.999999927702,-28094.596153173887,13617.753323928571,-14476.842829245315,292.0280400570205,42.1403375673534,1.1933324673089185,101
1821500,3642.9999999276783,-28069.129788916514,13549.566622493043,-14519.563166423472,290.56579967826576,41.83979935014304,1.2019042582313104,101
1822000,3643.9999999276547,-28154.796757251486,13595.067716868802,-14559.729040382685,291.541555009922,42.08682650892719,1.194849723150637,101
1822500,3644.999999927631,-27887.952584660106,13448.891152888056,-14439.06143177205,288.4068488314397,42.2554809962888,1.1900807141894125,101
1823000,3645.9999999276074,-28180.749299922016,13795.912620560082,-14384.836679361933,295.84860494578356,42.21873981457175,1.1911163910468945,101
1823500,3646.9999999275838,-27963.40201072131,13688.540859672008,-14274.861151049303,293.54605443368706,42.179450511924294,1.1922258918063449,101
1824000,3647.99999992756,-28103.27269835332,13836.34100649699,-14266.93169185633,296.71557778829197,41.889858425986766,1.2004679627010688,101
1824500,3648.9999999275365,-28002.749960754772,13856.168432325516,-14146.581528429257,297.14077012114956,41.83167993372531,1.20213754461097,101
1825000,3649.999999927513,-27911.850833714077,13658.892103485272,-14252.958730228806,292.91024704656644,41.935831762949675,1.1991519158780464,101
1825500,3650.999999927489,-27984.269916719964,13756.504262370298,-14227.765654349667,295.00350624776223,41.95157764535009,1.1987018325651546,101
1826000,3651.9999999274655,-27915.603900921902,13785.086121575749,-14130.517779346153,295.6164343957767,41.75443498993837,1.2043614771604114,101
1826500,3652.999999927442,-27835.4264460713,13722.446229894384,-14112.980216176915,294.2731434459436,41.74904413743455,1.204516990543263,101
1827000,3653.9999999274182,-27945.4794086736,13855.59478867757,-14089.88461999603,297.12846853026184,41.71470395692152,1.2055085673006816,101
1827500,3654.9999999273946,-27846.841108992063,13767.757510649648,-14079.083598342415,295.244828289741,41.9194226452764,1.1996213170208598,101
1828000,3655.999999927371,-27966.932699777193,13838.866110582017,-14128.066589195176,296.7697277776,41.88588540842219,1.200581831138014,101
1828500,3656.9999999273473,-27898.715000769284,13491.949753742701,-14406.765247026582,289.3302257289404,42.0322757948297,1.1964004339890224,101
1829000,3657.9999999273236,-27916.498376492775,13594.161188474276,-14322.337188018499,291.52211482004543,42.41678227969478,1.1855551104958166,101
1829500,3658.9999999273,-27675.032685984817,13180.836016467409,-14494.196669517409,282.6584985526467,42.03765835084783,1.1962472453336908,101
1830000,3659.9999999272763,-28230.011185431977,13619.672955757229,-14610.338229674748,292.06920590187167,41.52693743901816,1.210959345998656,101
1830500,3660.9999999272527,-27995.18321017554,13396.62579877145,-14598.557411404088,287.28603627429493,41.54739219485275,1.2103631623048192,101
1831000,3661.999999927229,-28506.313055959014,13693.418243157068,-14812.894812801946,293.6506482463277,41.69175625196823,1.2061720954752657,101
1831500,3662.9999999272054,-28286.74483017708,13365.705450548729,-14921.03937962835,286.622960032967,41.82686265671933,1.2022759970117445,101
1832000,3663.9999999271818,-28482.24650871458,13661.469412583914,-14820.777096130665,292.9655165544503,42.06037669568677,1.1956011085282894,101
1832500,3664.999999927158,-28206.99140170539,13568.874568893996,-14638.116832811393,290.9798519533271,41.295947300704185,1.2177328839632413,101
1833000,3665.9999999271345,-28218.34549563575,13750.362493153185,-14467.983002482564,294.87179811762564,41.58688605874842,1.2092137153871327,101
1833500,3666.999999927111,-27985.687904064678,13683.358795443135,-14302.329108621543,293.4349268472042,41.84469321065337,1.2017636919770198,101
1834000,3667.999999927087,-27945.384127012818,13620.506710094925,-14324.877416917892,292.0870854771096,41.62655320269931,1.2080614207380398,101
1834500,3668.9999999270635,-28141.800277070244,13591.801399873968,-14549.998877196276,291.4715099644937,41.46555716076592,1.2127518944822413,101
1835000,3669.99999992704,-28211.92964042122,13639.943203077142,-14571.986437344076,292.5038943894289,41.78042499975036,1.2036122897931507,101
1835500,3670.9999999270162,-28036.245130275216,13594.289838280616,-14441.9552919946,291.52487367092965,41.955404221713096,1.1985925040010788,101
1836000,3671.9999999269926,-27954.40624402313,13253.077565897442,-14701.328678125687,284.20769375312557,42.12590760072416,1.1937412358948458,101
1836500,3672.999999926969,-28191.997449298433,13599.21464994316,-14592.782799355273,291.63048456453686,41.99305396803375,1.1975178809514708,101
1837000,3673.9999999269453,-28046.43609281288,13432.426042692003,-14614.010050120878,288.053760201803,41.9843854243003,1.1977651332577202,101
1837500,3674.9999999269216,-28179.701206272417,13499.420738351198,-14680.280467921219,289.4904384263376,42.06632211460737,1.195432128948074,101
1838000,3675.999999926898,-28080.428128752592,13502.72634806045,-14577.701780692141,289.561326090523,41.59672415466378,1.208927722661602,101
1838500,3676.9999999268744,-28158.73776820298,13543.453998286146,-14615.283769916834,290.4347165528571,42.076358373026665,1.1951469886404817,101
1839000,3677.9999999268507,-28238.843184341946,13750.687687553176,-14488.15549678877,294.8787717997748,41.70113425321367,1.205900844258335,101
1839500,3678.999999926827,-28007.858085283588,13452.754798019068,-14555.10328726452,288.4897033734663,41.68349635181834,1.206411107601027,101
1840000,3679.9999999268034,-28195.36191057887,13592.847503150668,-14602.514407428203,291.49394328975114,41.86168142702773,1.2012759948532017,101
1840500,3680.9999999267798,-28245.495668865373,13438.871337429428,-14806.624331435945,288.19197733241094,41.784813282097296,1.2034858852420955,101
1841000,3681.999999926756,-28185.275229472118,13559.916893107298,-14625.35833636482,290.78775767454033,41.95888111945083,1.198493183345846,101
1841500,3682.9999999267325,-28230.824895316826,13618.427931058548,-14612.396964258278,292.0425067750826,41.412996416472815,1.214291100715372,101
1842000,3683.999999926709,-27977.014449435665,13423.883831048697,-14553.130618386967,287.87057540879,41.885190765284364,1.2006017421355566,101
1842500,3684.999999926685,-28305.042356329635,13797.630673544207,-14507.411682785429,295.88544800158974,41.55452977012819,1.2101552653985284,101
1843000,3685.9999999266615,-27987.744901244285,13563.053982218044,-14424.690919026241,290.85503147240576,41.94855574581765,1.198788184918483,101
1843500,3686.999999926638,-28235.15413921617,13687.878431203888,-14547.275708012283,293.5318488828432,41.96809873702749,1.1982299536031422,101
1844000,3687.9999999266142,-28050.440814893453,13508.353425638314,-14542.087389255139,289.68199683533845,41.76432327385568,1.20407632784416,101
1844500,3688.9999999265906,-28502.188866950917,13897.493892441205,-14604.694974509712,298.0269804111269,41.70864884227232,1.2056835787860263,101
1845000,3689.999999926567,-27971.347092425123,13445.731176570695,-14525.615915854429,288.33908422529396,41.65389902705349,1.207268327265587,101
1845500,3690.9999999265433,-28085.726332445844,13628.240094833542,-14457.486237612302,292.25292525511884,41.788914554889864,1.2033677720063256,101
1846000,3691.9999999265196,-28121.76152649012,13427.183523766511,-14694.57800272361,287.9413361851274,41.29706202241332,1.2177000139910155,101
1846500,3692.999999926496,-28250.48142275612,13504.17766074404,-14746.303762012078,289.59244899225405,41.636301583810045,1.2077785751757169,101
1847000,3693.9999999264724,-28556.202163575323,13731.893809365796,-14824.308354209526,294.4757435408852,41.06731339366807,1.2245123638945923,101
1847500,3694.9999999264487,-28402.905278158836,13728.61215038251,-14674.293127776325,294.4053694917871,41.32792181781974,1.2167907504315312,101
1848000,3695.999999926425,-28183.5457990638,13546.213163558868,-14637.33263550493,290.4938859038961,41.62684813287699,1.208052861507989,101
1848500,3696.9999999264014,-28186.24746171684,13514.666541374958,-14671.580920341883,289.81737943270025,42.027201959086966,1.1965448723289933,101
1849000,3697.9999999263778,-28208.220758825846,13504.320387567906,-14703.90037125794,289.59550971994133,42.06270152117616,1.1955350270872092,101
1849500,3698.999999926354,-28411.810499207575,13781.832661345536,-14629.97783786204,295.54666505924723,41.73110314279628,1.205034835297932,101
1850000,3699.9999999263305,-28084.30230498315,13473.78394140695,-14610.5183635762,288.9406661263934,41.89146895525594,1.2004218103736652,101
1850500,3700.999999926307,-28122.29278544375,13573.767719160025,-14548.525066283726,291.08478387916705,41.853367270062286,1.201514627915043,101
1851000,3701.999999926283,-28122.379258093857,13588.640040798702,-14533.739217295155,291.4037157055799,41.59420285259974,1.2090010038342986,101
1851500,3702.9999999262595,-28004.831515403697,13497.218751101067,-14507.61276430263,289.4432175665092,42.26602275863314,1.1897838907070801,101
1852000,3703.999999926236,-28077.78166389294,13591.408116159368,-14486.373547733572,291.4630761303927,41.65382988006816,1.2072703313781874,101
1852500,3704.9999999262122,-28015.62252741623,13541.104059560414,-14474.518467855818,290.3843229244805,41.88725204483977,1.2005426602978986,101
1853000,3705.9999999261886,-28146.362112922045,13608.438392374888,-14537.923720547156,291.82828455108796,41.72125642437096,1.2053192380157025,101
1853500,3706.999999926165,-28284.72148948621,13500.433827795492,-14784.28766169072,289.5121637813049,41.55857255479875,1.2100375424630379,101
1854000,3707.9999999261413,-28214.420888176228,13397.61848737524,-14816.802400800987,287.3073241402488,41.364639444546455,1.215710657163977,101
1854500,3708.9999999261177,-28127.50942186038,13203.614274317497,-14923.895147542884,283.14697046410265,41.93187853448379,1.1992649688023238,101
1855000,3709.999999926094,-28481.90273388737,13539.828406491742,-14942.074327395629,290.35696698282294,41.40654268893583,1.2144803631701846,101
1855500,3710.9999999260704,-28480.914269857254,13524.294222432814,-14956.62004742444,290.02384174426817,41.176338449911235,1.2212701492060165,101
1856000,3711.9999999260467,-28591.29946780034,13476.242324144814,-15115.057143655527,288.99338529934147,41.45666527824277,1.2130120130253776,101
1856500,3712.999999926023,-28424.97316053202,13297.364782577115,-15127.608377954904,285.1574178947591,41.7434659097792,1.2046779515425852,101
1857000,3713.9999999259994,-28216.134463901722,13440.64887773856,-14775.485586163162,288.23009607345807,41.7906502413784,1.2033177926647611,101
1857500,3714.9999999259758,-28149.87348556042,13394.594785387864,-14755.278700172556,287.24248189027657,41.852211941725216,1.2015477956696883,101
1858000,3715.999999925952,-28510.26243540931,13477.54388524023,-15032.71855016908,289.0212968297289,41.42225317901953,1.214019739224404,101
1858500,3716.9999999259285,-28463.276930288044,13471.771208646225,-14991.505721641819,288.8975037640498,41.78904050302932,1.20336414517187,101
1859000,3717.999999925905,-28288.391123755402,13370.059544442725,-14918.331579312677,286.71633208016465,41.66361043141126,1.2069869241233004,101
1859500,3718.999999925881,-28464.883034746083,13668.028277606803,-14796.85475713928,293.1061691607996,41.506877586247846,1.211544590363065,101
1860000,3719.9999999258575,-28345.298977010636,13568.652268284513,-14776.646708726123,290.97508479315417,41.35049253027488,1.2161265785567716,101
1860500,3720.999999925834,-28357.39529356822,13682.44297806484,-14674.95231550338,293.41528745826304,41.48209016530599,1.2122685429322697,101
1861000,3721.9999999258102,-27909.017627458164,13430.832690856538,-14478.184936601627,288.0195913192742,41.62516026266832,1.2081018471796976,101
1861500,3722.9999999257866,-28205.152644150377,13782.743448890486,-14422.409195259892,295.5661965851409,41.62038240552053,1.2082405325475916,101
1862000,3723.999999925763,-27993.185326612205,13609.344570226438,-14383.840756385767,291.84771722369084,42.133772323180835,1.1935184112345378,101
1862500,3724.9999999257393,-28050.25947497262,13696.038701542137,-14354.220773430483,293.70684307583,41.81922635861452,1.2024955356956673,101
1863000,3725.9999999257157,-28222.63109417286,13816.90028953115,-14405.73080464171,296.2986782940955,41.55797221520456,1.2100550224652726,101
1863500,3726.999999925692,-27908.95053509269,13559.815282638338,-14349.13525245435,290.7855786729537,41.61880032731523,1.2082864620553686,101
1864000,3727.9999999256684,-27840.25218742732,13601.563543438264,-14238.688643989055,291.6808557783018,42.09972282570515,1.1944837074265997,101
1864500,3728.9999999256447,-27929.687248664595,13677.973868096728,-14251.713380567868,293.3194489308832,41.862184463707436,1.2012615597276677,101
1865000,3729.999999925621,-28011.761113167497,13659.2424423719,-14352.518670795596,292.9177599435902,41.98480077396317,1.197753283937606,101
1865500,3730.9999999255974,-27960.220653488712,13523.203190862077,-14437.017462626634,290.00044494718543,41.946510511014395,1.1988466356283909,101
1866000,3731.999999925574,-27817.793731155012,13561.91589209018,-14255.877839064833,290.83062552073795,42.22679551038681,1.1908891592332882,101
1866500,3732.99999992555,-28104.074651701678,13766.193220664172,-14337.881431037506,295.2112826285976,41.6403492827249,1.2076611716449506,101
1867000,3733.9999999255265,-28117.107484512122,13624.379224889273,-14492.728259622849,292.1701302260182,41.62047996541256,1.208237700388616,101
1867500,3734.999999925503,-28012.030409052168,13660.570453712357,-14351.459955339811,292.94623869039236,41.911542392022504,1.1998468711104344,101
1868000,3735.999999925479,-28028.656416300677,13581.107351517534,-14447.549064783143,291.2421797726832,42.4174690458173,1.1855359155955882,101
1868500,3736.9999999254555,-27905.124443105335,13407.263155887289,-14497.861287218046,287.5141507419338,42.10122787809309,1.1944410065210247,101
1869000,3737.999999925432,-28258.45597943234,13862.109106854086,-14396.346872578253,297.26816584479997,42.073167441098605,1.195237631511383,101
1869500,3738.9999999254082,-28081.406478260207,13545.576529923987,-14535.82994833622,290.48023351438616,41.552000275927035,1.2102289340716608,101
1870000,3739.9999999253846,-28118.751625884335,13497.121452698706,-14621.63017318563,289.44113103570885,42.24150696155049,1.1904744082225496,101
1870500,3740.999999925361,-28305.750406136314,13693.126680426081,-14612.623725710233,293.6443957837622,41.55390731513812,1.2101733928679383,101
1871000,3741.9999999253373,-27853.78211346723,13274.193169881379,-14579.588943585852,284.6605106238214,41.830986831934695,1.2021574629477783,101
1871500,3742.9999999253137,-28124.101765775722,13517.393671914851,-14606.70809386087,289.87586180990303,41.788730989757305,1.2033730580334283,101
1872000,3743.99999992529,-28053.580817673097,13548.09823225459,-14505.482585418507,290.53431055423965,41.80255207968212,1.20297518932875,101
1872500,3744.9999999252664,-28166.701956006345,13716.221482718776,-14450.48047328757,294.1396558820039,42.32554762033907,1.1881106289175445,101
1873000,3745.9999999252427,-28156.794473293026,13694.252429791939,-14462.542043501087,293.66853709202996,41.92161085545687,1.1995586995897773,101
1873500,3746.999999925219,-28186.364630684766,13598.738740786872,-14587.625889897894,291.6202788562347,41.776154652511444,1.203735322716147,101
1874000,3747.9999999251954,-28153.355890449722,13491.911592532053,-14661.44429791767,289.3294073748928,41.91977317789841,1.199611285802325,101
1874500,3748.999999925172,-28518.241097882168,13729.424514417675,-14788.816583464493,294.42279035933836,41.72004313406768,1.2053542907633505,101
1875000,3749.999999925148,-28237.10130113968,13490.398483039817,-14746.702818099862,289.29695926183786,42.05784758253957,1.1956730049912847,101
1875500,3750.9999999251245,-28366.208679683517,13676.803389220415,-14689.405290463103,293.2943484136358,41.57413431917548,1.2095846089400393,101
1876000,3751.999999925101,-28130.379177139912,13494.15347038141,-14636.225706758501,289.3774836749125,41.818487427319425,1.2025167837521658,101
1876500,3752.999999925077,-28223.892476672478,13765.490556467616,-14458.401920204862,295.19621423638506,41.87864743066636,1.2007893303081392,101
1877000,3753.9999999250535,-28395.37580907799,13924.936401806188,-14470.4394072718,298.6154755933697,41.629753102889396,1.2079685622490572,101
1877500,3754.99999992503,-28045.5864420164,13538.192832014343,-14507.393610002056,290.3218926502484,41.92730041960426,1.1993959186307943,101
1878000,3755.9999999250063,-28109.595971934694,13567.260800692215,-14542.33517124248,290.945245248839,41.850664255181904,1.2015922303133812,101
1878500,3756.9999999249826,-28360.123059456593,13985.940134838003,-14374.18292461859,299.9236796832572,41.905369907097864,1.2000236035134706,101
1879000,3757.999999924959,-28099.371858935734,13773.843057968108,-14325.528800967626,295.37533076058264,42.10371338576132,1.1943704951090321,101
1879500,3758.9999999249353,-28186.55298822513,13818.69310974879,-14367.859878476338,296.33712470752937,42.81661488325171,1.1744840908044587,101
1880000,3759.9999999249117,-27987.469981703052,13595.53742923779,-14391.932552465263,291.5516278302502,42.692321180987655,1.177903463934288,101
1880500,3760.999999924888,-27931.826765600606,13598.852621549311,-14332.974144051295,291.62272099004804,42.12601842196332,1.1937380955106378,101
1881000,3761.9999999248644,-28079.819405075814,13674.307542416089,-14405.511862659725,293.2408258366577,41.869265184097806,1.2010584083902192,101
1881500,3762.9999999248407,-28171.328618416275,13932.610006796946,-14238.71861161933,298.78003341523043,41.841928797833205,1.201843090108329,101
1882000,3763.999999924817,-27873.816745422017,13543.356939437188,-14330.459805984829,290.4326351591971,41.83368997945803,1.202079783714361,101
1882500,3764.9999999247934,-28175.2010893338,13875.273560776259,-14299.927528557542,297.5504730349705,41.39479274702971,1.2148250943009955,101
1883000,3765.99999992477,-27907.113662557527,13697.535511929138,-14209.57815062839,293.73894166017465,42.156857826839214,1.1928648289926622,101
1883500,3766.999999924746,-28159.92236797294,13763.408065966218,-14396.514302006723,295.1515559432662,42.11732689897364,1.1939844407292144,101
1884000,3767.9999999247225,-28402.324576969877,13951.171396301135,-14451.153180668742,299.1780760342078,41.8770788276965,1.2008343086533921,101
1884500,3768.999999924699,-28235.87628596571,13826.598425410975,-14409.277860554736,296.50665148510757,41.96926548374048,1.1981966427780977,101
1885000,3769.999999924675,-28208.04353252288,13572.928065699718,-14635.115466823161,291.066777799272,41.976792926615595,1.197981777464365,101
1885500,3770.9999999246515,-28092.298534938236,13436.678508031817,-14655.62002690642,288.14495285958265,42.460340258967314,1.1843389076906936,101
1886000,3771.999999924628,-28169.09614987835,13295.277380354673,-14873.818769523677,285.11265427147043,42.50877687762365,1.1829894129217233,101
1886500,3772.9999999246043,-28328.76470605964,13480.416197392527,-14848.348508667112,289.08289257671555,41.96056292602501,1.1984451469618151,101
1887000,3773.9999999245806,-28095.01117006452,13337.506491371088,-14757.504678693433,286.0182430444587,42.050745576869964,1.1958749437760543,101
1887500,3774.999999924557,-28304.889671183282,13451.89026091482,-14852.999410268461,288.47116367237874,42.2828065440657,1.1893116165331332,101
1888000,3775.9999999245333,-28278.52272910949,13436.179039140545,-14842.343689968944,288.13424192086035,42.201248839002076,1.1916100680889157,101
1888500,3776.9999999245097,-28138.755740251145,13501.705638001913,-14637.050102249232,289.5394373141022,41.605653294279804,1.2086682703139853,101
1889000,3777.999999924486,-28328.514571751974,13679.053486448352,-14649.461085303621,293.3426009754044,41.565103367336306,1.209847418351391,101
1889500,3778.9999999244624,-28270.599168048844,13621.222574059908,-14649.376593988936,292.1024369338197,42.2501721009787,1.1902302523713424,101
1890000,3779.9999999244387,-28429.845123037758,13719.501615597352,-14710.343507440406,294.20999720431104,41.6174060310137,1.2083269429383907,101
1890500,3780.999999924415,-28063.79657373942,13348.549651425838,-14715.246922313581,286.2550598166614,41.980720099360504,1.1978697097967732,101
1891000,3781.9999999243914,-28324.48374595412,13556.229679911754,-14768.254066042366,290.70868665473597,41.76217414868436,1.2041382908716391,101
1891500,3782.999999924368,-28521.397655796667,13759.543151034708,-14761.85450476196,295.0686741708043,41.92682096387202,1.1994096343677665,101
1892000,3783.999999924344,-28337.00182217789,13864.616116268196,-14472.385705909692,297.32192780010877,41.98123583748707,1.197854994006071,101
1892500,3784.9999999243205,-28447.237939084167,13920.401725576816,-14526.836213507351,298.5182310200501,41.82040184801992,1.2024617359065741,101
1893000,3785.999999924297,-28171.834810668664,13698.120628862145,-14473.71418180652,293.7514892917175,41.9526104353047,1.1986723229065566,101
1893500,3786.999999924273,-28036.0744518391,13783.502625490924,-14252.571826348176,295.5824768664333,41.805012345132724,1.2029043930741812,101
1894000,3787.9999999242496,-28239.509635526312,14103.411187903872,-14136.09844762244,302.44280604531144,42.26431570724689,1.189831945956668,101
1894500,3788.999999924226,-27832.519118209435,13748.476106706194,-14084.043011503241,294.831345208559,42.480574745467955,1.1837747795030822,101
1895000,3789.9999999242023,-27772.56416737827,13799.680171361115,-13972.883996017155,295.9293987779282,42.25326002197288,1.1901432688585367,101
1895500,3790.9999999241786,-27833.214466626974,13772.544084546156,-14060.670382080818,295.34747472196335,42.02235501154148,1.1966828843521276,101
1896000,3791.999999924155,-27629.641907669567,13425.202700048034,-14204.439207621534,287.8988581012287,42.38254102183458,1.1865129317417171,101
1896500,3792.9999999241313,-28288.76697612256,13901.836563837265,-14386.930412285294,298.12010750678184,42.01778580106807,1.1968130172438132,101
1897000,3793.9999999241077,-28249.642794013973,13711.678400498462,-14537.96439351551,294.0422310450974,41.87268421928553,1.2009603382273588,101
1897500,3794.999999924084,-28176.307633864722,13646.874293655746,-14529.433340208976,292.6525292448988,41.88401425160328,1.2006354668011694,101
1898000,3795.9999999240604,-28018.11472302908,13575.351223917001,-14442.76349911208,291.11874159448183,41.66832387930826,1.2068503918741105,101
1898500,3796.9999999240367,-27993.95213880656,13649.600575584573,-14344.351563221986,292.7109934239289,42.16480411972461,1.1926400241227773,101
1899000,3797.999999924013,-28150.703470897086,13865.847164273106,-14284.85630662398,297.3483272015033,41.636975553742175,1.207759025089921,101
1899500,3798.9999999239894,-27826.527103124587,13584.274690209375,-14242.252412915212,291.31010226241943,41.84975925218515,1.2016182148014345,101
1900000,3799.999999923966,-28157.290781519052,13861.749051362343,-14295.541730156709,297.2604445785188,42.06623192582216,1.1954346919200014,101
1900500,3800.999999923942,-28127.170823525437,13788.764930142443,-14338.405893382995,295.69532518120377,41.92459580029999,1.1994732934818348,101
1901000,3801.9999999239185,-28369.712836598806,13866.889241257133,-14502.823595341673,297.3706741842981,42.01821897719525,1.1968006790048211,101
1901500,3802.999999923895,-28164.045625893654,13583.944444318997,-14580.101181574657,291.3030202527949,41.98862374225612,1.19764423123668,101
1902000,3803.999999923871,-28238.500846514387,13492.068642781747,-14746.43220373264,289.3327752635245,42.3773811995404,1.1866574002224073,101
1902500,3804.9999999238476,-28275.950380390823,13451.509603060964,-14824.440777329859,288.4630005955224,42.32358484552296,1.1881657280692282,101
1903000,3805.999999923824,-28091.659440207415,13284.598215312897,-14807.061224894518,284.8836432472279,42.32854227115158,1.1880265727164723,101
1903500,3806.9999999238003,-28252.38209484861,13487.890847371013,-14764.491247477597,289.2431838767124,41.764801674941594,1.2040625355741226,101
1904000,3807.9999999237766,-28370.313414378506,13504.76397453196,-14865.549439846547,289.6050222899392,41.970958129581014,1.1981483207322374,101
1904500,3808.999999923753,-27970.898560658658,13240.918120325705,-14729.980440332953,283.9469386216418,42.33778386682331,1.1877672473519976,101
1905000,3809.9999999237293,-28008.05770438806,13389.564767687893,-14618.492936700166,287.1346148893525,41.68248718070975,1.2064403159164905,101
1905500,3810.9999999237057,-28028.863075256097,13491.879696464563,-14536.983378791534,289.3287233746871,42.06719056084118,1.195407450130299,101
1906000,3811.999999923682,-27990.771600245782,13509.735603832329,-14481.035996413453,289.7116371716999,42.02410525127343,1.196633044339634,101
1906500,3812.9999999236584,-28240.82826567211,13741.735367324552,-14499.092898347557,294.6867923690905,42.083994609612795,1.1949301264997767,101
1907000,3813.9999999236347,-28159.494257797825,13601.842217103991,-14557.652040693834,291.6868318392923,41.90842675948948,1.199936072310177,101
1907500,3814.999999923611,-28081.36843897852,13630.816236186512,-14450.552202792007,292.3081697210981,42.02791063658146,1.1965246961077793,101
1908000,3815.9999999235874,-28189.083617749056,13677.992206851573,-14511.091410897483,293.3198421991784,42.2703302814592,1.1896626467699456,101
1908500,3816.999999923564,-28247.376989614324,13672.264406253747,-14575.112583360577,293.19701148381506,41.9464574217607,1.1988481529406287,101
1909000,3817.99999992354,-27955.574433905338,13504.452505648487,-14451.12192825685,289.5983429467748,41.58515316449169,1.209264104512652,101
1909500,3818.9999999235165,-28228.83333867748,13791.725779610497,-14437.107559066983,295.7588195804995,41.87486565719522,1.2008977751511856,101
1910000,3819.999999923493,-27977.48729208791,13619.331593293045,-14358.155698794864,292.0618855011424,42.2952999725221,1.1889603108418823,101
1910500,3820.999999923469,-27790.572735152105,13663.169206771232,-14127.403528380873,293.00196805663387,42.466387839497685,1.1841702475977613,101
1911000,3821.9999999234456,-28090.726420947543,14017.245490252588,-14073.480930694956,300.59501227150037,42.92465663695412,1.171527903596269,101
1911500,3822.999999923422,-27647.556693787683,13435.42021887251,-14212.136474915173,288.117969280994,42.29164334017658,1.1890631110734837,101
1912000,3823.9999999233983,-27799.1958189447,13645.209490564645,-14153.986328380055,292.61682811474833,42.60546193069438,1.1803048417661164,101
1912500,3824.9999999233746,-27762.559221017393,13645.259226401631,-14117.299994615762,292.6178946826799,42.745194397949426,1.176446468679364,101
1913000,3825.999999923351,-27770.9302623215,13505.435196206268,-14265.495066115232,289.6194164080679,42.19116097063757,1.1918949809766426,101
1913500,3826.9999999233273,-28030.944500784397,13786.121460782568,-14244.82304000183,295.6386368892549,42.111357059904364,1.1941537037371062,101
1914000,3827.9999999233037,-27742.701416382868,13464.007622510857,-14278.693793872011,288.7310163274665,42.05230127177293,1.195830703235148,101
1914500,3828.99999992328,-27760.954094235974,13558.067808526319,-14202.886285709656,290.7481046911709,42.23800821967134,1.190573019943217,101
1915000,3829.9999999232564,-28304.15827320428,13903.463827731975,-14400.694445472305,298.15500362176675,42.09641034385039,1.1945776989468824,101
1915500,3830.9999999232327,-27960.77236042322,13502.587848404113,-14458.184512019106,289.5583560129906,42.42306568216073,1.1853795145131822,101
1916000,3831.999999923209,-28055.644468225397,13613.691341297705,-14441.953126927692,291.9409322354717,41.99524213798071,1.197455484058284,101
1916500,3832.9999999231854,-28204.381281533122,13825.105728656425,-14379.275552876697,296.47464111619706,41.93399384450748,1.1992044733193759,101
1917000,3833.999999923162,-28250.078623896414,13908.100890479784,-14341.97773341663,298.2544438387874,42.17872547351798,1.192246385776963,101
1917500,3834.999999923138,-27817.377550139638,13566.506814116992,-14250.870736022645,290.9290762658538,42.40695525666287,1.1858298408391275,101
1918000,3835.9999999231145,-28019.618273469936,13582.137034122385,-14437.481239347551,291.26426096227607,41.84155959357568,1.2018536950090557,101
1918500,3836.999999923091,-28033.10960037981,13433.249486116998,-14599.86011426281,288.0714186630616,42.322155030232075,1.1882058691614026,101
1919000,3837.999999923067,-28269.90819886956,13631.141505570988,-14638.766693298574,292.31514501126384,42.12286044729386,1.1938275907307525,101
1919500,3838.9999999230436,-28045.93496483961,13380.615238027018,-14665.319726812591,286.9426953014346,41.95169612322632,1.1986984472515565,101
1920000,3839.99999992302,-28252.383898795757,13681.384778408004,-14570.999120387753,293.3925947302907,42.20805411019904,1.191417942916473,101
1920500,3840.9999999229963,-28151.47375624748,13725.012658661528,-14426.461097585952,294.3281796288577,41.89913239669408,1.2002022506425052,101
1921000,3841.9999999229726,-27893.26425305037,13707.253798019268,-14186.0104550311,293.9473469655217,42.111673086392756,1.1941447422265812,101
1921500,3842.999999922949,-28113.57462753622,13712.744600830325,-14400.830026705897,294.0650953447962,41.76956613394752,1.2039251937934363,101
1922000,3843.9999999229253,-28019.088848581792,13540.028595567775,-14479.060253014017,290.36125996876007,42.087609713325435,1.1948274883037355,101
1922500,3844.9999999229017,-28021.737629613755,13637.035808979206,-14384.70182063455,292.44154632217453,41.65668973881543,1.2071874485893928,101
1923000,3845.999999922878,-27873.92625247261,13379.280606568445,-14494.645645904166,286.9140745884745,42.267659371916785,1.1897378220070591,101
1923500,3846.9999999228544,-27945.883578176392,13414.613445782517,-14531.270132393875,287.67177518268375,42.1849228437468,1.1920712333348453,101
1924000,3847.9999999228307,-28103.865376825863,13685.444062280369,-14418.421314545494,293.479644677891,41.48673553981317,1.212132802163277,101
1924500,3848.999999922807,-28154.068954654584,13734.555544215465,-14419.513410439118,294.53282352998554,41.695208521120136,1.2060722271483095,101
1925000,3849.9999999227834,-28062.784403701502,13629.381339215839,-14433.403064485663,292.277398848689,41.50606557542988,1.2115682926171858,101
1925500,3850.99999992276,-27883.944816080417,13387.463961236765,-14496.480854843652,287.0895638169863,41.9404749897462,1.1990191578606357,101
1926000,3851.999999922736,-28089.821689039734,13522.299427946964,-14567.52226109277,289.9810640620645,42.65969014921423,1.178804459821113,101
1926500,3852.9999999227125,-28277.500266203566,13742.169294102823,-14535.330972100743,294.6960977797241,41.88172354755889,1.2007011350756975,101
1927000,3853.999999922689,-28241.7908176219,13690.45401683897,-14551.336800782929,293.5870814316433,41.97893448080897,1.1979206624567822,101
1927500,3854.999999922665,-28158.58248791628,13489.36659033128,-14669.215897585,289.2748306773309,42.41472764314227,1.1856125406621856,101
1928000,3855.9999999226416,-28607.731045513246,13788.565428160648,-14819.165617352599,295.6910469297665,41.420979985399825,1.2140570556323385,101
1928500,3856.999999922618,-28121.13717294139,13458.114737331596,-14663.022435609795,288.6046454299883,41.61998603067489,1.2082520394268643,101
1929000,3857.9999999225943,-28368.692415655205,13523.45142833843,-14845.240987316774,290.00576831455476,41.99241944339854,1.1975359759935438,101
1929500,3858.9999999225706,-28397.82293446332,13635.148293283772,-14762.674641179547,292.4010691967631,42.04970044264158,1.195904666932782,101
1930000,3859.999999922547,-27946.708735127853,13377.73921366361,-14568.969521464243,286.88101994735644,42.2360370595948,1.19062858410521,101
1930500,3860.9999999225233,-28010.724701567233,13307.808851784906,-14702.915849782326,285.38138736963657,42.26258713903991,1.1898806108826143,101
1931000,3861.9999999224997,-28129.50863638932,13333.634134220618,-14795.874502168703,285.93520167616884,42.12176759931748,1.1938585645512028,101
1931500,3862.999999922476,-28228.883441504873,13435.789441519177,-14793.093999985696,288.12588713376203,42.10116566405447,1.1944427715790162,101
1932000,3863.9999999224524,-28181.88006246462,13467.722572472736,-14714.157489991885,288.8106821526926,42.28630586245738,1.1892131974367313,101
1932500,3864.9999999224287,-28013.46223204721,13414.014758145251,-14599.44747390196,287.6589365320518,41.753178109210374,1.2043977316157302,101
1933000,3865.999999922405,-28218.76320720105,13811.419294162513,-14407.343913038536,296.1811402320532,42.20586222134395,1.1914798171579504,101
1933500,3866.9999999223814,-27960.32332546929,13660.614787835279,-14299.708537634011,292.94718942042226,42.52391648398528,1.1825682383093532,101
1934000,3867.999999922358,-28060.593924938956,13773.298551210837,-14287.295373728119,295.36365400030206,42.4260544141796,1.1852960096537637,101
1934500,3868.999999922334,-28107.9679097555,13737.13787800341,-14370.830031752092,294.58820079060473,42.515831206144796,1.1827931284855724,101
1935000,3869.9999999223105,-27980.423054250652,13556.729654824972,-14423.69339942568,290.719408444925,41.993935613575815,1.1974927395522224,101
1935500,3870.999999922287,-28030.972781802717,13680.6464369641,-14350.326344838617,293.3767612517699,42.46386377038067,1.1842406351528696,101
1936000,3871.999999922263,-27904.82317894971,13751.81767359977,-14153.005505349942,294.90300396220493,42.30216849942592,1.188767261497788,101
1936500,3872.9999999222396,-27766.89358265854,13749.08118318572,-14017.81239947282,294.8443208657175,42.40467420745196,1.1858936294726514,101
1937000,3873.999999922216,-27614.52826369916,13594.378169163108,-14020.150094536053,291.5267678963483,42.586703743633166,1.1808247312401738,101
1937500,3874.9999999221923,-27821.964913057764,13646.450145026974,-14175.51476803079,292.64343352332077,42.35651655494833,1.187241942742,101
1938000,3875.9999999221686,-27952.40359657364,13721.57321025605,-14230.83038631759,294.2544218398277,42.05307689922236,1.195808647319465,101
1938500,3876.999999922145,-27902.217470693922,13599.300173365358,-14302.917297328564,291.6323185849343,42.26316747850207,1.189864271958796,101
1939000,3877.9999999221213,-27931.485809964823,13672.584638573455,-14258.901171391368,293.20387875585783,42.05629652543474,1.1957171020055886,101
1939500,3878.9999999220977,-28205.615448848966,13984.044818097505,-14221.570630751461,299.88303526711536,42.19242051952049,1.1918593999416283,101
1940000,3879.999999922074,-28090.76022965856,13901.403711780196,-14189.356517878365,298.11082514317513,42.38979850108203,1.1863097910502431,101
1940500,3880.9999999220504,-27884.63610038714,13476.405154835233,-14408.230945551906,288.996877147538,41.91244104040234,1.199821145086848,101
1941000,3881.9999999220267,-28196.466369252346,13675.905296761752,-14520.561072490595,293.2750891295047,42.295891244437556,1.1889436898694967,101
1941500,3882.999999922003,-27918.87367034385,13292.287415027306,-14626.586255316546,285.0485354925779,41.91217201357544,1.1998288465267877,101
1942000,3883.9999999219795,-28388.556957236433,13707.854499343004,-14680.702457893429,293.9602287989679,41.95922265993019,1.198483427828217,101
1942500,3884.999999921956,-28200.44783280033,13655.319069990124,-14545.128762810207,292.8336245711973,42.24237671084217,1.190449896953205,101
1943000,3885.999999921932,-28069.605086594325,13451.279802423473,-14618.325284170853,288.4580725998263,42.10237803001706,1.1944083768054123,101
1943500,3886.9999999219085,-27914.068133899356,13270.705401742034,-14643.362732157322,284.5857166347045,41.799038526283404,1.2030763092997843,101
1944000,3887.999999921885,-28113.99888525743,13715.621027060397,-14398.377858197035,294.12677931676683,42.0667115733789,1.1954210614909095,101
1944500,3888.999999921861,-28175.94112215271,13871.140671181123,-14304.800450971588,297.4618446379412,41.841011359451954,1.2018694426496102,101
1945000,3889.9999999218376,-28176.46571043854,13949.718130414883,-14226.747580023657,299.14691124671685,42.15482253473584,1.1929224221272279,101
1945500,3890.999999921814,-27920.809544432326,13665.287476211375,-14255.522068220951,293.0473936167981,42.68808564773539,1.178020336106318,101
1946000,3891.9999999217903,-28044.121953928665,13739.6565032756,-14304.465450653064,294.64221184399804,42.01499561390391,1.1968924967789132,101
1946500,3892.9999999217666,-28071.68607513346,13878.2974529747,-14193.38862215876,297.6153193639536,42.38251212612083,1.1865137406871125,101
1947000,3893.999999921743,-28074.417062753982,14004.97131800502,-14069.445744748962,300.3317968658812,42.13181131683846,1.1935739630159834,101
1947500,3894.9999999217193,-28048.79070603745,13893.964607342754,-14154.826098694695,297.95129610509,42.35476319488412,1.1872910909948038,101
1948000,3895.9999999216957,-28246.74782493179,13833.243193791717,-14413.504631140073,296.6491462594439,41.72271100686017,1.2052772168666634,101
1948500,3896.999999921672,-27909.9166203158,13446.752568549038,-14463.16405176676,288.36098762525063,41.62981866828034,1.2079666597442285,101
1949000,3897.9999999216484,-28114.51978509387,13692.831141856124,-14421.688643237747,293.6380580606964,41.783761070340624,1.2035161918005526,101
1949500,3898.9999999216247,-28354.28187793672,13956.90024539673,-14397.38163253999,299.3009292342455,41.83658415043639,1.201996626245979,101
1950000,3899.999999921601,-28012.378401585782,13539.627640712482,-14472.7507608733,290.3526616296833,41.9380813689934,1.1990875920151216,101
1950500,3900.9999999215775,-28074.67168089914,13605.479460092294,-14469.192220806846,291.76483126517553,41.77784210299,1.2036867025949507,101
1951000,3901.999999921554,-28146.09302737589,13599.828056106155,-14546.264971269735,291.6436388488948,42.04565416359363,1.196019755259826,101
1951500,3902.99999992153,-28348.812209737775,13671.221519883053,-14677.590689854722,293.1746471440013,41.88128550287251,1.2007136934474343,101
1952000,3903.9999999215065,-28319.121383825335,13622.465921813877,-14696.655462011458,292.1291000991058,41.74553348632659,1.2046182861443553,101
1952500,3904.999999921483,-27979.14305436245,13307.620400346937,-14671.52265401551,285.37734609331386,42.03306209671749,1.1963780532279533,101
1953000,3905.999999921459,-28258.680705627692,13542.019837794114,-14716.660867833578,290.40396147397934,41.46833947766362,1.2126705249330565,101
1953500,3906.9999999214356,-28359.520565448543,13572.778459904152,-14786.742105544392,291.0635695544007,42.22175468459651,1.1910313386579021,101
1954000,3907.999999921412,-28427.331993866766,13524.53928831698,-14902.792705549786,290.029097097933,41.929311896104885,1.1993383799640198,101
1954500,3908.9999999213883,-28360.37245692254,13522.457441871533,-14837.915015051009,289.9844526163726,41.39946073920679,1.2146881168154087,101
1955000,3909.9999999213646,-28265.41869608819,13497.003817006453,-14768.414879081736,289.43860837871597,42.12202503307612,1.1938512681427962,101
1955500,3910.999999921341,-28477.75680787617,13467.804242679918,-15009.95256519625,288.8124335422183,41.424226478499776,1.2139619077396893,101
1956000,3911.9999999213173,-28088.6889438083,13231.832786280886,-14856.856157527416,283.7521067553816,42.312410019681884,1.1884795259615093,101
1956500,3912.9999999212937,-28274.580906057286,13188.07352249244,-15086.507383564847,282.81370438206034,42.05418961520773,1.195777007299541,101
1957000,3913.99999992127,-28334.986066382397,13135.758636075672,-15199.227430306724,281.69182962176126,42.06188240765077,1.1955583089484743,101
1957500,3914.9999999212464,-28426.692837471575,13380.82392841893,-15045.868909052646,286.94717059516904,41.64640330976141,1.2074856171479704,101
1958000,3915.9999999212228,-28312.736653983287,13572.973019934121,-14739.763634049166,291.06774182737956,41.908321890009496,1.199939074975668,101
1958500,3916.999999921199,-28459.67012442268,13667.212795774165,-14792.457328648514,293.08868143315306,41.567708363658554,1.209771598726029,101
1959000,3917.9999999211755,-28239.392573147696,13494.98768890783,-14744.404884239866,289.395373204518,41.526861354673585,1.2109615646842282,101
1959500,3918.999999921152,-28414.21265490159,13696.054775900238,-14718.15787900135,293.7071877849152,41.32378061484782,1.2169126893586313,101
1960000,3919.999999921128,-28364.205597097585,13661.971818217105,-14702.23377888048,292.97629047059377,41.3557106532789,1.2159731318386493,101
1960500,3920.9999999211045,-28303.431930973864,13563.445942346829,-14739.985988627035,290.86343692266377,41.58739030244485,1.2091990537700132,101
1961000,3921.999999921081,-28116.020354966648,13346.407107863775,-14769.613247102872,286.20911370629483,41.881178662971045,1.200716756497157,101
1961500,3922.999999921057,-28416.78364403804,13734.860285375948,-14681.923358662094,294.53935859944255,41.5015229175006,1.2117009079990904,101
1962000,3923.9999999210336,-28199.26238063845,13498.079244641161,-14701.18313599729,289.4616705547532,41.982180791169334,1.1978280321506822,101
1962500,3924.99999992101,-28138.385282079293,13502.894853733691,-14635.490428345602,289.56493963677576,41.91150225781845,1.1998480200766268,101
1963000,3925.9999999209863,-28174.644004440106,13500.383884657318,-14674.260119782788,289.5110927678706,41.57709345307552,1.209498520122279,101
1963500,3926.9999999209626,-28408.2585483717,13718.915578789318,-14689.342969582383,294.19742984636434,41.82150972529692,1.2024298819624573,101
1964000,3927.999999920939,-28146.973950422136,13488.597321336014,-14658.376629086122,289.2583339681,41.94071446206234,1.1990123117232125,101
1964500,3928.9999999209153,-28294.098895080762,13721.888928231974,-14572.209966848788,294.26119230331955,41.7835434437237,1.2035224602291168,101
1965000,3929.9999999208917,-28146.368872840718,13668.2544317147,-14478.114441126017,293.1110189579217,42.23840243694245,1.1905619081487386,101
1965500,3930.999999920868,-28367.504935757686,13734.140503233064,-14633.364432524622,294.52392311875394,41.538456872717646,1.2106235230781814,101
1966000,3931.9999999208444,-28161.405071486173,13546.144831369289,-14615.260240116884,290.4924205435741,41.993399883363765,1.1975080165491092,101
1966500,3932.9999999208208,-28205.918704256765,13568.800147953261,-14637.118556303503,290.9782560218291,41.54134059846191,1.2105394837532626,101
1967000,3933.999999920797,-28238.46930715804,13739.084460579112,-14499.384846578929,294.6299445849641,41.7258432131567,1.2051867411183737,101
1967500,3934.9999999207735,-28541.63082749165,13795.387403148075,-14746.243424343573,295.8373418388831,41.3359633860918,1.216554033899706,101
1968000,3935.99999992075,-28259.10619913637,13420.750186991332,-14838.35601214504,287.8033754889103,42.0399638731598,1.1961816416922824,101
1968500,3936.999999920726,-28314.833328364337,13481.081176081148,-14833.752152283188,289.09715281616167,41.68961640784408,1.2062340058619185,101
1969000,3937.9999999207025,-28247.451872281392,13410.9091261507,-14836.542746130692,287.5923373212324,41.85220645096869,1.2015479533054967,101
1969500,3938.999999920679,-28299.951617674367,13468.78947955891,-14831.162138115456,288.83356160849473,41.82350521752587,1.2023725113649228,101
1970000,3939.9999999206552,-28183.389365975825,13403.399047707655,-14779.99031826817,287.4312862699887,41.53198487147132,1.2108121766418007,101
1970500,3940.9999999206316,-28132.687370154057,13444.538267667629,-14688.149102486428,288.3135027038313,41.84277871311928,1.2018186781346225,101
1971000,3941.999999920608,-28204.557371748175,13828.525540169188,-14376.031831578986,296.54797779881136,42.31079161547402,1.1885249857648439,101
1971500,3942.9999999205843,-27993.58814791864,13462.650322455185,-14530.937825463454,288.70190949423204,41.95735939647908,1.1985366506811315,101
1972000,3943.9999999205606,-28165.385188398483,13668.440921589408,-14496.944266809074,293.11501816919446,41.75718012787506,1.2042823018336695,101
1972500,3944.999999920537,-28191.973155881147,13608.357649990909,-14583.615505890239,291.826553058412,42.190778799129916,1.1919057773713717,101
1973000,3945.9999999205133,-28262.80632704581,13646.88197766855,-14615.924349377261,292.65269402591264,42.17898415374773,1.1922390738282478,101
1973500,3946.9999999204897,-28321.50743287954,13712.573305329528,-14608.934127550014,294.06142197165025,42.23200787423516,1.1907421771712592,101
1974000,3947.999999920466,-28172.07739318128,13581.367626200365,-14590.709766980915,291.24776127380863,42.49505984730878,1.1833712714647522,101
1974500,3948.9999999204424,-28268.275761303572,13678.434674731147,-14589.841086572425,293.32933077079423,41.93919800220111,1.199055666249061,101
1975000,3949.9999999204188,-28232.20372386294,13473.451964154294,-14758.751759708644,288.9335469882999,41.99906828137469,1.1973463950575656,101
1975500,3950.999999920395,-28124.484804264775,13380.680446757207,-14743.804357507568,286.9440936802434,41.45773736943008,1.2129806447073799,101
1976000,3951.9999999203715,-27914.033798563058,13205.467571107622,-14708.566227455436,283.1867137768496,42.06374284668317,1.1955054305502875,101
1976500,3952.999999920348,-28403.158662148933,13655.070305147554,-14748.08835700138,292.82828989464065,41.76521020535059,1.2040507579209585,101
1977000,3953.999999920324,-27915.055684118015,13400.094088402966,-14514.961595715049,287.36041255350557,42.02029333509755,1.196741598195314,101
1977500,3954.9999999203005,-28011.42039354692,13526.795302580336,-14484.625090966583,290.07747654849265,41.99176932514927,1.1975545162933374,101
1978000,3955.999999920277,-27912.682694042396,13542.685338547468,-14369.997355494928,290.41823290892427,41.95369279599476,1.1986413984344515,101
1978500,3956.9999999202532,-28192.5756052297,13752.792156252093,-14439.783448977607,294.92390140778633,41.49842288429109,1.2117914250065744,101
1979000,3957.9999999202296,-28071.504995731215,13621.157858381377,-14450.347137349838,292.1010491283343,42.174011544631114,1.1923796471024177,101
1979500,3958.999999920206,-28299.717275967887,13776.159722653196,-14523.557553314691,295.42501083859275,41.75779490805774,1.204264571757281,101
1980000,3959.9999999201823,-28130.278735962405,13608.752388052802,-14521.526347909603,291.8350180804908,42.08531270995319,1.194892701619098,101
1980500,3960.9999999201586,-28272.66659166663,13620.664285871419,-14652.002305795213,292.0904646354829,41.90854721090146,1.1999326235150312,101
1981000,3961.999999920135,-28004.202167686788,13476.213808208213,-14527.988359478575,288.992773784881,42.07558888708383,1.1951688457037266,101
1981500,3962.9999999201113,-27945.091295227307,13233.367699912698,-14711.723595314608,283.7850224507164,41.81809378396438,1.2025281033198079,101
1982000,3963.9999999200877,-28344.69886478411,13563.769073996213,-14780.929790787897,290.87036636983504,41.89457679279953,1.2003327602804068,101
1982500,3964.999999920064,-28136.213905031163,13464.793844276744,-14671.420060754419,288.7478765830373,42.08130722105135,1.195006436903748,101
1983000,3965.9999999200404,-28332.06410556382,13697.389547000197,-14634.674558563622,293.7358114924369,41.48217261309288,1.2122661334910043,101
1983500,3966.9999999200168,-28164.51738158013,13489.704901839015,-14674.812479741116,289.28208565134776,41.81568323954359,1.2025974253345575,101
1984000,3967.999999919993,-28245.053226909055,13469.92630546843,-14775.126921440624,288.85794044943464,41.81520416668208,1.2026112033801581,101
1984500,3968.9999999199695,-28420.857400553687,13651.02812053425,-14769.829280019436,292.7416066347745,41.500209858594346,1.2117392459900158,101
1985000,3969.999999919946,-28259.26027822129,13538.935011675425,-14720.325266545864,290.3378084380175,41.89483934975892,1.200325237737662,101
1985500,3970.999999919922,-28332.727848022092,13747.576449429396,-14585.151398592696,294.81205236744074,41.291043154596956,1.2178775143606901,101
1986000,3971.9999999198985,-28411.048387843086,13628.857820067438,-14782.190567775648,292.26617216046793,41.4334684354975,1.2136911270357837,101
1986500,3972.999999919875,-28354.58270539076,13450.326923851826,-14904.255781538934,288.4376384463304,41.533446673475936,1.2107695611641849,101
1987000,3973.9999999198512,-28556.536136776762,13635.227956778836,-14921.308179997926,292.402777553037,41.28232603896576,1.218134679596663,101
1987500,3974.9999999198276,-28348.511759435736,13412.929827978005,-14935.581931457731,287.6356705774701,41.452416608499405,1.2131363408175724,101
1988000,3975.999999919804,-28587.745329947527,13613.638558672657,-14974.10677127487,291.9398003302172,41.086363261566795,1.223944613504419,101
1988500,3976.9999999197803,-28183.87589021941,13313.398290001158,-14870.477600218252,285.5012509512777,41.65030663082376,1.2073724558192032,101
1989000,3977.9999999197566,-28278.743158850106,13512.538439513402,-14766.204719336703,289.77174301963794,41.61342691425204,1.2084424843477084,101
1989500,3978.999999919733,-28133.78914051597,13393.753041262738,-14740.036099253233,287.2244309767931,41.75878462491769,1.2042360297160986,101
1990000,3979.9999999197094,-28306.468046726277,13243.475358514417,-15062.99268821186,284.0017777157599,41.76460726768623,1.2040681402836633,101
1990500,3980.9999999196857,-28258.540918726885,13217.422747992696,-15041.11817073419,283.4430884365483,41.532304306418546,1.2108028639939667,101
1991000,3981.999999919662,-28461.849317339227,13684.772336972004,-14777.076980367223,293.465239759503,41.6794733871359,1.206527552193148,101
1991500,3982.9999999196384,-28312.420771529214,13595.947940704362,-14716.472830824852,291.56043110757156,41.89313022334225,1.2003742077611832,101
1992000,3983.9999999196148,-28352.83482335766,13572.103286072397,-14780.731537285264,291.0490906836138,41.91132727651912,1.1998530294852807,101
1992500,3984.999999919591,-28155.34686608128,13449.500704133647,-14705.846161947633,288.4199204484186,41.827451103438165,1.2022590828717021,101
1993000,3985.9999999195675,-28102.444743891785,13548.282942795908,-14554.161801095877,290.5382716083193,42.00339317147948,1.1972231099802184,101
1993500,3986.999999919544,-28338.012739736016,13527.38796883086,-14810.624770905155,290.0901860725552,42.07253990937149,1.1952554590429947,101
1994000,3987.99999991952,-28095.27140133488,13439.60456105975,-14655.666840275131,288.20770106117834,41.52765224140665,1.2109385021371284,101
1994500,3988.9999999194965,-28151.15082532711,13415.981270306622,-14735.169555020488,287.70110770952675,42.060052337151006,1.1956103287599196,101
1995000,3989.999999919473,-28096.62232935091,13479.257917599625,-14617.364411751285,289.0580536646195,42.00459174371053,1.1971889480394775,101
1995500,3990.9999999194492,-28139.986082550065,13509.131930164225,-14630.85415238584,289.6986915973502,41.74166299974474,1.2047299841117507,101
1996000,3991.9999999194256,-27994.063600801666,13450.04693599132,-14544.016664810346,288.4316342028845,42.08496478474669,1.1949025800469901,101
1996500,3992.999999919402,-28175.656095677386,13867.879134817184,-14307.776960860203,297.39190211149946,41.65235240657803,1.2073131551277951,101
1997000,3993.9999999193783,-28082.479965948376,13630.83393379697,-14451.646032151406,292.3085492402723,41.89871412553227,1.200214232155548,101
1997500,3994.9999999193547,-28225.452810252416,13796.500045052675,-14428.952765199741,295.8612020621487,41.65995702296775,1.2070927719574056,101
1998000,3995.999999919331,-28012.443656323052,13415.53126842553,-14596.912387897522,287.69145757383757,42.239245908318914,1.1905381339342649,101
1998500,3996.9999999193074,-27999.180637706737,13520.83586451902,-14478.344773187717,289.9496784473309,42.4527961021592,1.1845493729427838,101
1999000,3997.9999999192837,-28219.182683404633,13651.30048296041,-14567.882200444223,292.74744735340147,42.14088460821803,1.1933169763758071,101
1999500,3998.99999991926,-28236.02269858103,13748.868170368823,-14487.154528212206,294.83975287906475,41.78325126995623,1.2035308759861667,101
2000000,3999.9999999192364,-28115.404793458692,13606.881424521209,-14508.523368937484,291.7948959105445,41.80970558368066,1.202769364204969,101
