{
  "charge": [
    -0.39974668622016907,
    0.6378868222236633,
    -0.3997466564178467,
    -0.5425733923912048,
    0.1173633560538292,
    0.11736344546079636,
    0.11736314743757248,
    0.1173633560538292,
    0.1173633560538292,
    0.11736322939395905
  ],
  "alpha": [
    0.001816313131712377,
    0.0008944866713136435,
    0.001816313131712377,
    0.0013217104133218527,
    0.00040468911174684763,
    0.00040468911174684763,
    0.00040468902443535626,
    0.00040468911174684763,
    0.00040468911174684763,
    0.00040468911174684763
  ],
  "pol_damping": [
    0.001816313131712377,
    0.0008944866713136435,
    0.001816313131712377,
    0.0013217104133218527,
    0.00040468911174684763,
    0.00040468911174684763,
    0.00040468902443535626,
    0.00040468911174684763,
    0.00040468911174684763,
    0.00040468911174684763
  ],
  "lamb": [
    3.662982940673828,
    3.6560845375061035,
    3.662982940673828,
    3.6200671195983887,
    2.649190902709961,
    2.649190902709961,
    2.649190902709961,
    2.649190902709961,
    2.649191379547119,
    2.649190902709961
  ],
  "eps": [
    1099.034423828125,
    502.1094665527344,
    1099.034423828125,
    398.94989013671875,
    27.645204544067383,
    27.645204544067383,
    27.64520263671875,
    27.645204544067383,
    27.645204544067383,
    27.64519691467285
  ],
  "Rvdw": [
    0.10486804693937302,
    0.09477590024471283,
    0.10486804693937302,
    0.10790371149778366,
    0.0829668641090393,
    0.0829668641090393,
    0.0829668641090393,
    0.0829668641090393,
    0.0829668641090393,
    0.0829668641090393
  ],
  "C6": [
    0.002343191532418132,
    0.0008098090765997767,
    0.002343191532418132,
    0.0027946997433900833,
    0.0001447336981073022,
    0.0001447336981073022,
    0.00014473363989964128,
    0.0001447336981073022,
    0.0001447336981073022,
    0.0001447336981073022
  ],
  "ct_eps": [
    1.722033203125,
    0.005831641387939453,
    1.722033203125,
    0.2411059814453125,
    0.0025875062942504884,
    0.0025875062942504884,
    0.0025875057220458987,
    0.0025875062942504884,
    0.002587505912780762,
    0.0025875051498413086
  ],
  "ct_lamb": [
    0.8634587526321411,
    0.25722044706344604,
    0.8634587526321411,
    0.6691338419914246,
    0.3298358917236328,
    0.3298358917236328,
    0.3298358917236328,
    0.3298358917236328,
    0.3298358917236328,
    0.3298358917236328
  ]
}