{
  "ELEC": -17.9223948374761,
  "CLS ELEC": -8.001027724665391,
  "PREPARATION": 0.0,
  "FROZEN": -3.5958413001912044,
  "POLARIZATION": -1.3517447418738051,
  "CHARGE TRANSFER": -1.866682600382409,
  "TOTAL": -6.814268642447418,
  "DISP": -10.00755258126195,
  "ELEC_PAULI": 6.411711281070745,
  "CONF": [
    0.014181714097503573,
    0.030271057039499283,
    0.02764806745108217
  ]
}