{
  "charge": [
    -0.5392943024635315,
    0.6081261038780212,
    -0.34168359637260437,
    0.13195589184761047,
    -0.19102422893047333,
    0.10040637850761414,
    -0.19983571767807007,
    0.06195397675037384,
    0.06195409595966339,
    0.10408541560173035,
    0.1040855199098587,
    0.09927043318748474
  ],
  "alpha": [
    0.0013316182885318995,
    0.0007320783915929496,
    0.0011673015542328358,
    0.0012046843767166138,
    0.0016764613101258874,
    0.0012432656949386,
    0.0008778573828749359,
    0.00040599252679385245,
    0.00040599252679385245,
    0.00038291243254207075,
    0.00038291243254207075,
    0.0003553522692527622
  ],
  "pol_damping": [
    0.0013316182885318995,
    0.0007320783915929496,
    0.0011673015542328358,
    0.0012046843767166138,
    0.0016764613101258874,
    0.0012432656949386,
    0.0008778573828749359,
    0.00040599252679385245,
    0.00040599252679385245,
    0.00038291243254207075,
    0.00038291243254207075,
    0.0003553522692527622
  ],
  "lamb": [
    3.579181671142578,
    3.364685535430908,
    3.84267520904541,
    3.9511141777038574,
    3.9515721797943115,
    4.251341819763184,
    3.649921417236328,
    2.6438241004943848,
    2.6438241004943848,
    2.6364529132843018,
    2.6364529132843018,
    2.636016607284546
  ],
  "eps": [
    381.0122375488281,
    478.9903259277344,
    484.9666442871094,
    1361.84228515625,
    1491.3868408203125,
    1334.496826171875,
    525.275146484375,
    29.18415641784668,
    29.18415641784668,
    28.28046226501465,
    28.28046226501465,
    29.266130447387695
  ],
  "Rvdw": [
    0.1080188974738121,
    0.0921015664935112,
    0.10600560158491135,
    0.09889384359121323,
    0.10367454588413239,
    0.09934020787477493,
    0.09568283706903458,
    0.08300498872995377,
    0.08300498872995377,
    0.08231385797262192,
    0.08231385797262192,
    0.08144015818834305
  ],
  "C6": [
    0.0028261831030249596,
    0.0005995951360091567,
    0.002319558057934046,
    0.0012657026527449489,
    0.0020778398029506207,
    0.0013269900809973478,
    0.0012630373239517212,
    0.00014543349971063435,
    0.00014543349971063435,
    0.00013320993457455188,
    0.00013320993457455188,
    0.00011909018940059468
  ],
  "ct_eps": [
    0.1961280107498169,
    0.015841417014598846,
    0.3405476212501526,
    1.7868750095367432,
    1.8377842903137207,
    1.6949607133865356,
    0.2454514056444168,
    0.0024055277463048697,
    0.0024055277463048697,
    0.0028206121642142534,
    0.0028206121642142534,
    0.0022570835426449776
  ],
  "ct_lamb": [
    0.6891132593154907,
    0.28038862347602844,
    0.8116594552993774,
    0.836980402469635,
    0.83637934923172,
    0.9230101704597473,
    0.7195822596549988,
    0.3209605813026428,
    0.32096055150032043,
    0.3403666913509369,
    0.3403666913509369,
    0.28439587354660034
  ]
}