{
  "ELEC": [
    -63.49569789674952,
    -52.85038240917782,
    -42.82055449330784,
    -31.94299713193116,
    -22.04646271510516,
    -13.296821223709367,
    -6.07538240917782,
    -3.3364722753346077,
    -2.059416826003824,
    -1.377652963671128
  ],
  "CLS ELEC": [
    -56.90396749521988,
    -47.30234225621415,
    -39.59894837476099,
    -30.804493307839387,
    -21.82786806883365,
    -13.283221797323135,
    -6.0754063097514335,
    -3.336448374760994,
    -2.059416826003824,
    -1.377652963671128
  ],
  "PREPARATION": [
    0.0,
    0.0,
    0.0,
    0.0,
    0.0,
    0.0,
    0.0,
    0.0,
    0.0,
    0.0
  ],
  "FROZEN": [
    34.44593690248566,
    -9.61644359464627,
    -23.992662523900574,
    -26.62526290630975,
    -21.26192638623327,
    -13.251410133843212,
    -6.044120458891013,
    -3.3023900573613765,
    -2.024784894837476,
    -1.3428537284894837
  ],
  "POLARIZATION": [
    -35.52731835564053,
    -25.57748565965583,
    -20.25805449330784,
    -14.98032982791587,
    -9.283699808795411,
    -4.116993307839388,
    -1.1663240917782027,
    -0.4643642447418738,
    -0.2222514340344168,
    -0.11969407265774379
  ],
  "CHARGE TRANSFER": [
    -13.348781070745698,
    -7.390726577437858,
    -4.106500956022944,
    -1.6722036328871892,
    -0.4919216061185468,
    -0.11943116634799235,
    -0.009631931166347992,
    -0.0021032504780114725,
    -0.0011233269598470363,
    -0.0001673040152963671
  ],
  "TOTAL": [
    -14.430162523900572,
    -42.58463193116635,
    -48.35721797323136,
    -43.277796367112806,
    -31.037547801147223,
    -17.487834608030592,
    -7.220076481835564,
    -3.7688575525812618,
    -2.2481357552581263,
    -1.4626912045889102
  ],
  "DISP": [
    -3.586161567877629,
    -2.378847992351816,
    -1.5336042065009559,
    -0.7554732313575525,
    -0.24672562141491394,
    -0.04134799235181644,
    -0.0035611854684512428,
    -0.0008126195028680688,
    -0.00026290630975143406,
    -9.560229445506692e-05
  ],
  "ELEC_PAULI": [
    38.03209847036329,
    -7.237595602294455,
    -22.459058317399617,
    -25.869789674952198,
    -21.01522466539197,
    -13.210038240917783,
    -6.040559273422562,
    -3.3015774378585085,
    -2.0245219885277246,
    -1.342734225621415
  ]
}