{
  "PREPARATION": -0.0,
  "FROZEN": -95.0092017208413,
  "POLARIZATION": -30.460564053537283,
  "CHARGE TRANSFER": -7.8591778202676865,
  "TOTAL": -133.32894359464626,
  "DISP": -22.628608986615678,
  "ELEC_PAULI": -72.38059273422562,
  "CONF": [
    0.6418166898947675,
    0.6485624167544302,
    0.9170988209953066,
    0.9921426789660472,
    0.0
  ]
}