{
  "PREPARATION": 0.0,
  "FROZEN": -167.363551625239,
  "POLARIZATION": -27.347323135755257,
  "CHARGE TRANSFER": -7.521845124282982,
  "TOTAL": -202.23271988527725,
  "DISP": -26.502437858508603,
  "ELEC_PAULI": -140.8611137667304,
  "CONF": [
    1.2934225276112556,
    0.9729283389169723,
    1.3319265088939574,
    0.0,
    1.07094531878829
  ]
}