{
  "ELEC": [
    -39.630329827915865,
    -25.54696462715105,
    -16.459942638623325,
    -8.638240917782026,
    -3.5408221797323134,
    -1.0800908221797323,
    -0.24820745697896748,
    -0.09101338432122372,
    -0.03979445506692161
  ],
  "CLS ELEC": [
    -16.33154875717017,
    -10.217638623326959,
    -6.654493307839388,
    -3.7924235181644357,
    -1.9287045889101335,
    -0.8384321223709369,
    -0.24400095602294453,
    -0.09096558317399617,
    -0.03979445506692161
  ],
  "PREPARATION": [
    -0.0,
    0.0,
    0.0,
    0.0,
    0.0,
    0.0,
    0.0,
    0.0,
    0.0
  ],
  "FROZEN": [
    1.353585086042065,
    -3.7852533460803057,
    -5.563193116634799,
    -5.527246653919694,
    -4.023589866156788,
    -1.9790152963671128,
    -0.47122370936902486,
    -0.11044455066921606,
    -0.003011472275334608
  ],
  "POLARIZATION": [
    -2.4133604206500956,
    -1.5111137667304013,
    -0.9637906309751433,
    -0.4954827915869981,
    -0.1864961759082218,
    -0.04314053537284895,
    -0.003919694072657744,
    -0.0005736137667304014,
    -0.00011950286806883365
  ],
  "CHARGE TRANSFER": [
    -2.515344168260038,
    -1.49486137667304,
    -0.9135038240917781,
    -0.4675669216061185,
    -0.20619024856596557,
    -0.079302103250478,
    -0.02076959847036329,
    -0.00497131931166348,
    -0.0005019120458891013
  ],
  "TOTAL": [
    -3.5751434034416825,
    -6.791228489483747,
    -7.440487571701721,
    -6.49029636711281,
    -4.416252390057361,
    -2.1014579349904396,
    -0.49591300191204585,
    -0.11596558317399618,
    -0.0036089866156787764
  ],
  "DISP": [
    -15.291085086042065,
    -11.69474187380497,
    -8.87868068833652,
    -5.817734225621415,
    -3.1994502868068833,
    -1.3154397705544933,
    -0.29765774378585086,
    -0.08938814531548757,
    -0.03315009560229445
  ],
  "ELEC_PAULI": [
    16.64467017208413,
    7.9094885277246645,
    3.3154875717017207,
    0.29048757170172085,
    -0.8241395793499043,
    -0.6635755258126195,
    -0.17356596558317397,
    -0.021056405353728488,
    0.030138623326959844
  ]
}