{
  "charge": [
    2.122206926345825,
    -0.5203676819801331,
    -0.5203676819801331,
    -0.5203679800033569,
    -0.5203676819801331,
    -0.5203676223754883,
    -0.5203683376312256
  ],
  "alpha": [
    0.0015958352014422417,
    0.0009088112274184823,
    0.0009088112274184823,
    0.0009088112274184823,
    0.0009088112274184823,
    0.0009088112274184823,
    0.0009088112274184823
  ],
  "pol_damping": [
    0.0015958352014422417,
    0.0009088112274184823,
    0.0009088112274184823,
    0.0009088112274184823,
    0.0009088112274184823,
    0.0009088112274184823,
    0.0009088112274184823
  ],
  "lamb": [
    3.242154121398926,
    3.585980176925659,
    3.585980176925659,
    3.585980176925659,
    3.585980176925659,
    3.585980176925659,
    3.585980176925659
  ],
  "eps": [
    58.892662048339844,
    514.600341796875,
    514.600341796875,
    514.600341796875,
    514.60009765625,
    514.60009765625,
    514.60009765625
  ],
  "Rvdw": [
    0.12374365329742432,
    0.09615768492221832,
    0.09615768492221832,
    0.09615768492221832,
    0.09615768492221832,
    0.09615768492221832,
    0.09615768492221832
  ],
  "C6": [
    0.0062455120496451855,
    0.0013304261956363916,
    0.0013304261956363916,
    0.0013304261956363916,
    0.0013304261956363916,
    0.0013304261956363916,
    0.0013304261956363916
  ],
  "ct_eps": [
    0.24888597428798676,
    0.1374817192554474,
    0.1374817192554474,
    0.1374817192554474,
    0.1374817192554474,
    0.1374817192554474,
    0.1374817192554474
  ],
  "ct_lamb": [
    0.7047934532165527,
    0.6487587094306946,
    0.6487587094306946,
    0.6487587094306946,
    0.6487587094306946,
    0.6487587690353394,
    0.6487587690353394
  ]
}