{
  "ELEC": -17.266419694072656,
  "CLS ELEC": -5.842375717017209,
  "PREPARATION": 0.0,
  "FROZEN": -3.9729445506692165,
  "POLARIZATION": -1.0124043977055448,
  "CHARGE TRANSFER": -1.9404397705544933,
  "TOTAL": -6.925788718929254,
  "DISP": -15.299545889101339,
  "ELEC_PAULI": 11.326601338432123,
  "CONF": [
    0.054725101217627525,
    0.048368430230766535,
    0.004467867489438504
  ]
}