SMILES,Temperature [K],Exp Density [g/mL],Sim Density [g/mL],Sim Density std [g/mL],Similarity
ClC(C(Cl)(Cl)Cl)C(Cl)(Cl)Cl,307,1.7921,1.589,0.00054,0.9164
ClC(Cl)=C(Cl)C(Cl)(Cl)Cl,293,1.7632,1.5341,0.00077,0.9229
ClC1=C(Cl)C(Cl)(Cl)C(Cl)=C1Cl,298,1.7019,1.6737,0.00077,0.9216
ClSC(Cl)(Cl)Cl,293,1.6947,1.474,0.00084,0.9016
ClC(Cl)C(Cl)(Cl)Cl,293,1.6796,1.5284,0.00039,0.9495
FC(F)(Cl)C(F)(Cl)C(F)(F)Cl,293,1.6631,1.766,0.00049,0.9165
O=[N+]([O-])C(Cl)(Cl)Cl,293,1.6558,1.5172,0.00052,0.9434
FC1(F)C(Cl)=C(Cl)C(F)(F)C1(F)F,293,1.6546,1.7264,0.00094,0.9247
O=C(Cl)OC(Cl)(Cl)Cl,287,1.6525,1.8409,0.00093,0.8973
O=C(O)C(F)(F)C(F)(F)C(F)(F)F,293,1.651,1.6663,0.00136,0.9212
ClC(Cl)=C(Cl)C(Cl)Cl,307,1.6317,1.4682,0.00069,0.9276
O=C=NS(=O)(=O)Cl,298,1.626,1.7868,0.00069,0.8946
ClC(Cl)=C(Cl)Cl,293,1.623,1.5327,0.00065,0.9329
O=C(Cl)C(Cl)(Cl)Cl,293,1.6202,1.5741,0.00062,0.8976
O=[N+]([O-])C(F)(F)C(F)(F)[N+](=O)[O-],298,1.6024,1.5485,0.00095,0.9257
FC1=C(F)C(F)(F)C1(F)F,253,1.602,1.5366,0.00066,0.9184
ClC(Cl)C(Cl)Cl,293,1.5953,1.5348,0.00067,0.9535
FC(Cl)(Cl)C(F)(Cl)Cl,323,1.5951,1.6401,0.00089,0.9318
ClC(Cl)(Cl)Cl,293,1.594,1.3454,0.00083,0.9781
O=[N+]([O-])C(F)([N+](=O)[O-])[N+](=O)[O-],293,1.59,1.5148,0.00049,0.8915
FC(F)(Cl)C(F)(Cl)Cl,298,1.5635,1.6402,0.00076,0.9328
ClC(Cl)=C(Cl)C(Cl)=C(Cl)Cl,298,1.556,1.5866,0.00074,0.919
FC(F)=C(Cl)Cl,253,1.555,1.4184,0.00102,0.9115
FC(F)=C(F)C(F)=C(F)F,253,1.553,1.6838,0.00098,0.9251
ClCC(Cl)=C(Cl)Cl,293,1.55,1.4267,0.00056,0.9274
FC(Cl)C(F)(F)C(F)(F)Cl,298,1.55,1.6717,0.00087,0.9272
FC(Cl)(Cl)C(Cl)Cl,290,1.5497,1.6307,0.00092,0.9333
FC(F)(Cl)C(Cl)Cl,293,1.5447,1.6111,0.00073,0.9415
ClCC(Cl)(Cl)Cl,293,1.5406,1.4108,0.00071,0.968
FC(F)(F)C(F)(F)C(Cl)Cl,298,1.54,1.5804,0.00051,0.933
FC(F)=C(F)Cl,213,1.54,1.6036,0.00043,0.9156
FC(Cl)C(Cl)Cl,293,1.5393,1.5912,0.00047,0.9359
O=C(O)C(F)(F)F,298,1.5351,1.4689,0.00112,0.9642
O=C(Cl)C(Cl)Cl,289,1.5315,1.614,0.00039,0.893
O=C(O)C(F)F,298,1.526,1.5357,0.00113,0.9603
Fc1cc(F)c(F)c(F)c1F,298,1.514,1.5975,0.00077,0.9745
FC(F)OC(F)(F)C(F)Cl,298,1.5121,1.6683,0.00092,0.9412
O=CC(Cl)(Cl)Cl,293,1.512,1.4046,0.00093,0.9413
O=[N+]([O-])c1cc(C(F)(F)F)ccc1Cl,298,1.511,1.5859,0.00065,0.935
S=C(Cl)Cl,288,1.508,1.4045,0.00051,0.9026
Fc1c(F)c(F)c(S)c(F)c1F,298,1.501,1.6622,0.00079,0.9254
ClCC(Cl)(Cl)CCl,291,1.5,1.4713,0.00103,0.9551
Fc1ccc(Cl)cc1,288,1.499,1.2622,0.00065,0.9976
O=[N+]([O-])c1ccc(Cl)c([N+](=O)[O-])c1,348,1.4982,1.5447,0.00071,0.9247
ClC(Cl)(Cl)C1CO1,293,1.495,1.3811,0.00081,0.8915
COc1c(F)c(F)c(F)c(F)c1F,293,1.493,1.545,0.00082,0.9476
FC(Cl)(Cl)CCl,293,1.492,1.5497,0.0005,0.9358
FC(F)Cl,204,1.4909,1.5747,0.00087,0.9398
O=C1OC(=O)c2c(Cl)c(Cl)c(Cl)c(Cl)c21,548,1.49,1.4749,0.00091,0.8937
COC(=O)C(Cl)(Cl)Cl,293,1.4874,1.3696,0.00064,0.967
OCC(F)(F)C(F)F,293,1.4853,1.5335,0.00079,0.9392
COC(=O)C(F)(F)C(F)(F)C(F)(F)F,293,1.483,1.5223,0.00102,0.9209
CS(=O)(=O)O,291,1.4812,1.5429,0.00052,0.9358
CS(=O)(=O)Cl,291,1.4805,1.4884,0.00077,0.8751
O=[N+]([O-])c1ccc(Cl)cc1Cl,353,1.479,1.4345,0.00056,0.934
ClC(Cl)Cl,298,1.4788,1.3627,0.00108,0.9636
O=C(Cl)C(=O)Cl,293,1.4785,1.9059,0.00055,0.889
O=[N+]([O-])c1cc([N+](=O)[O-])cc([N+](=O)[O-])c1,425,1.4775,1.5711,0.00045,0.9206
S=C(S)S,298,1.476,1.3556,0.00045,0.9247
CC(Cl)C(Cl)(Cl)Cl,293,1.473,1.3775,0.00069,0.9591
FC(F)(F)c1ccc(Cl)c(Cl)c1,298,1.4729,1.5216,0.00064,0.9524
O=[N+]([O-])c1ccc(F)c([N+](=O)[O-])c1,327,1.4718,1.5554,0.00076,0.9269
ClC=C(Cl)Cl,293,1.4642,1.4081,0.00078,0.9156
OC(C(F)(F)F)C(F)(F)F,294,1.46,1.6649,0.00071,0.967
O=[N+]([O-])c1ccc(Cl)c(Cl)c1,348,1.4558,1.4651,0.00104,0.9369
ClCCC(Cl)(Cl)Cl,293,1.4509,1.3912,0.00082,0.9515
Clc1ccc(Cl)s1,293,1.4422,1.4354,0.00068,0.9199
N#CC(Cl)(Cl)Cl,298,1.4403,1.2774,0.0008,0.9646
O=S1OCCO1,293,1.4402,1.4467,0.00065,0.8765
Cc1c(F)c(F)c(F)c(F)c1F,293,1.44,1.5186,0.00046,0.9587
ClCC(Cl)Cl,293,1.4397,1.4311,0.00073,0.9632
O=[N+]([O-])c1cc(Cl)ccc1Cl,348,1.439,1.4567,0.00081,0.9258
O=CC(Cl)Cl,298,1.436,1.4496,0.00046,0.9465
COC(F)(F)C(Cl)Cl,293,1.43,1.4762,0.00077,0.9385
O=C(Cl)CCl,293,1.4202,1.5556,0.0005,0.8901
FC(Cl)C(F)Cl,293,1.4163,1.6561,0.00057,0.9418
Cl/C=C(\Cl)CCl,293,1.412,1.3565,0.00054,0.9216
COS(=O)(=O)F,298,1.412,1.4436,0.00053,0.927
COP(Cl)Cl,298,1.406,1.5202,0.00058,0.9197
OCC(Cl)Cl,298,1.404,1.3556,0.00083,0.9571
O=[N+]([O-])c1cc(Cl)cc(Cl)c1,373,1.4,1.4347,0.00054,0.9253
CCOC(=O)C(F)(F)C(F)(F)C(F)(F)F,293,1.394,1.4418,0.00095,0.9209
COC(=O)C(F)(F)C(F)(F)F,298,1.39,1.4138,0.00164,0.9334
O=C(Cl)OCCOCCOC(=O)Cl,293,1.39,1.5299,0.00057,0.892
ClCC(Cl)CCl,293,1.3889,1.3427,0.0009,0.9593
O=C(Cl)OCCCl,293,1.3847,1.5019,0.00065,0.892
OCC(F)(F)F,293,1.3842,1.4634,0.00065,0.9775
CCOC(=O)C(Cl)(Cl)Cl,293,1.3836,1.2992,0.00084,0.9668
O=C(CCl)CCl,319,1.3826,1.4016,0.00088,0.9583
FC(Cl)CCl,293,1.3814,1.4951,0.00064,0.9392
FC(F)(F)c1cccc(C(F)(F)F)c1,298,1.379,1.4867,0.00102,0.9477
COC(=O)C(Cl)Cl,293,1.3774,1.3577,0.00044,0.9417
ClC(Cl)(Cl)c1ccccc1,293,1.3723,1.2881,0.0004,0.9369
CC(Cl)C(Cl)Cl,288,1.372,1.3154,0.00051,0.9594
O=C(O)CF,309,1.3693,1.4476,0.00061,0.9477
N#CC(Cl)Cl,293,1.369,1.3072,0.00069,0.9409
C=CC(Cl)(Cl)Cl,293,1.367,1.2642,0.00063,0.9421
ClCCC(Cl)Cl,293,1.3557,1.3338,0.00044,0.9586
O=[N+]([O-])CCC[N+](=O)[O-],299,1.353,1.3124,0.00081,0.9331
OC(CCl)CCl,290,1.3506,1.332,0.00061,0.9565
CC([N+](=O)[O-])[N+](=O)[O-],297,1.349,1.2971,0.00056,0.8938
C=C(Cl)C(Cl)CCl,293,1.343,1.3035,0.00088,0.9049
Oc1cccc(C(F)(F)F)c1,298,1.3418,1.4073,0.00077,0.9528
CC(Cl)(Cl)Cl,293,1.339,1.2531,0.00058,0.9677
COc1ccc([N+](=O)[O-])cc1[N+](=O)[O-],404,1.3364,1.3754,0.00104,0.9321
FC(F)(F)c1ccc(Cl)cc1,298,1.334,1.3979,0.00083,0.9527
COC(=O)C(=O)Cl,293,1.3316,1.4982,0.00059,0.8986
CP(=O)(F)F,293,1.3314,1.4301,0.00071,0.8921
FC(F)(F)c1cccc(Cl)c1,298,1.3311,1.4004,0.00085,0.9511
O=C(Cl)CCCl,286,1.3307,1.4494,0.00041,0.891
O=[N+]([O-])c1ccccc1F,291,1.3285,1.3615,0.00063,0.9338
O=C(Cl)c1ccccc1F,298,1.328,1.4497,0.00059,0.8966
ClCCl,293,1.3266,1.2659,0.00071,0.9738
FC(F)(F)CCCl,293,1.3253,1.3315,0.00053,0.9558
O=C(Cl)c1ccco1,298,1.324,1.4335,0.00029,0.9013
ClCOCCl,288,1.323,1.2896,0.00068,0.9478
CCCOC(=O)C(Cl)(Cl)Cl,293,1.3221,1.2637,0.00098,0.9668
COP(=S)(Cl)OC,298,1.322,1.3336,0.0004,0.9197
Fc1cc(F)c(F)c(F)c1,298,1.319,1.485,0.00047,0.974
CC(Cl)(Cl)CCl,298,1.318,1.318,0.0008,0.9478
FC(Cl)(Cl)c1ccccc1,284,1.3138,1.323,0.00047,0.9239
CCC(Cl)(Cl)[N+](=O)[O-],293,1.312,1.29,0.00072,0.9299
COc1ccc(C(C)=O)c(O)c1,354,1.3102,1.1856,0.00046,0.9691
Clc1ccccc1Cl,293,1.3059,1.297,0.00036,0.996
CC(=O)C(Cl)Cl,291,1.304,1.3062,0.0005,0.9432
CP(Cl)Cl,293,1.304,1.4903,0.00064,0.9191
O=C(Cl)c1cccc(F)c1,298,1.304,1.4546,0.00076,0.8925
Fc1cccc(C(F)(F)F)c1,290,1.3021,1.3824,0.00096,0.9495
Fc1ccc(C(F)(F)F)cc1,298,1.293,1.3757,0.00117,0.9522
Fc1ccccc1C(F)(F)F,298,1.293,1.3463,0.00086,0.944
O=C(Cl)OCCCCl,298,1.2926,1.4114,0.00047,0.892
Clc1cccc2cccc(Cl)c12,373,1.2924,1.2503,0.00059,0.9085
CC(C)OC(=O)C(Cl)(Cl)Cl,298,1.2911,1.2406,0.00042,0.9666
Clc1cccc(Cl)c1,293,1.2884,1.2919,0.00073,0.9944
Clc1cccs1,293,1.2863,1.2998,0.00054,0.9233
COC(=O)c1ccccc1[N+](=O)[O-],293,1.2855,1.321,0.00064,0.9359
Cl/C=C\Cl,293,1.2837,1.3272,0.00093,0.921
CC(Cl)[N+](=O)[O-],293,1.2837,1.2271,0.0004,0.9091
CCOS(=O)Cl,293,1.2837,1.3347,0.00044,0.8956
Clc1cccc2cccnc12,287,1.2834,1.2927,0.00055,0.8953
Cc1c([N+](=O)[O-])cccc1[N+](=O)[O-],384,1.2833,1.3419,0.00071,0.9313
CCOC(=O)C(Cl)Cl,293,1.2827,1.271,0.00056,0.9414
Cc1cc([N+](=O)[O-])ccc1[N+](=O)[O-],384,1.282,1.3372,0.00125,0.9467
COC(=O)C(F)(F)F,293,1.28,1.2914,0.00154,0.9711
O=C(c1ccccc1)C(F)(F)F,293,1.279,1.301,0.00088,0.9405
Fc1cc(F)cc(F)c1,298,1.277,1.3525,0.00101,0.9862
COC(Cl)Cl,298,1.271,1.268,0.00065,0.9261
Nc1ccc(F)cc1F,298,1.268,1.3502,0.00052,0.9455
c1cnsn1,298,1.268,1.456,0.00068,0.8549
Fc1ccc(F)c(F)c1,298,1.264,1.3571,0.00081,0.9763
CC(O)C(F)(F)F,298,1.2632,1.3169,0.00113,0.9576
S=C=S,293,1.2632,1.3307,0.00048,0.8926
Clc1ccc2cccc(Cl)c2c1,373,1.2611,1.2769,0.00085,0.9325
CCC([N+](=O)[O-])[N+](=O)[O-],298,1.261,1.2144,0.00106,0.8975
ClC(Cl)c1ccccc1,298,1.26,1.2211,0.00054,0.9457
Cc1ccc([N+](=O)[O-])c([N+](=O)[O-])c1,384,1.2594,1.2901,0.00082,0.9266
C1CSCS1,290,1.259,1.2512,0.00046,0.9132
CCOC(=O)CC(=O)C(F)(F)F,288,1.2586,1.2786,0.00081,0.9489
O=C(Cl)CCCCl,293,1.2581,1.38,0.00055,0.8895
ClCC#CCCl,293,1.258,1.1808,0.00053,0.9278
Cl/C=C/Cl,293,1.2565,1.2679,0.00076,0.921
Cc1ccc(Cl)c(Cl)c1,293,1.2564,1.2565,0.0005,0.9902
Cc1ccc(Cl)cc1[N+](=O)[O-],353,1.2559,1.2883,0.00087,0.9371
FC(F)(F)c1ccccc1Cl,303,1.254,1.372,0.00088,0.944
CC(F)(Cl)Cl,283,1.25,1.3562,0.00102,0.9278
Cc1ccc(Cl)cc1Cl,293,1.2476,1.2575,0.00087,0.9945
CC(=O)O[N+](=O)[O-],288,1.24,1.3211,0.00063,0.9516
OC(CF)CF,298,1.24,1.2777,0.00069,0.9656
COC(=O)CCl,293,1.236,1.2606,0.00099,0.9522
SCCS,293,1.234,1.1201,0.00072,0.9223
CCOC(=O)C(F)Cl,293,1.225,1.2895,0.00065,0.9425
Cl/C=C\CCl,293,1.224,1.254,0.00082,0.9238
Fc1ccccc1Cl,303,1.2233,1.2438,0.0006,0.9838
COC(=O)Cl,293,1.2231,1.3949,0.00059,0.8919
C=C[N+](=O)[O-],287,1.2212,1.0727,0.00046,0.9056
Fc1cccc(Cl)c1,298,1.221,1.2451,0.00068,0.9906
ClCCOCCCl,293,1.22,1.2127,0.00072,0.9845
CCOC(=O)CC(=O)CCl,298,1.218,1.2442,0.00057,0.956
Fc1ccccc1CCl,298,1.216,1.2326,0.00069,0.9514
COP(=O)(OC)OC,293,1.2144,1.2443,0.00057,0.9869
Fc1ccc(CCl)cc1,293,1.2143,1.2439,0.00077,0.9494
COS(=O)OC,293,1.2129,1.1465,0.00079,0.8958
O=C(Cl)c1ccccc1,293,1.212,1.3373,0.00055,0.8925
C=C(Cl)CCl,293,1.211,1.1656,0.00059,0.9032
CCSCCSP(=S)(OC)OC,293,1.209,1.2258,0.00077,0.919
CO[N+](=O)[O-],293,1.2075,1.1798,0.00065,0.9569
CCC(Cl)[N+](=O)[O-],293,1.207,1.1553,0.00047,0.9106
CC1COC(=O)O1,293,1.2047,1.2067,0.00056,0.9763
Cl[C@@H]1CCCC[C@@H]1Cl,293,1.2021,1.1503,0.00054,0.9205
OCCCl,293,1.2019,1.201,0.00053,0.982
CC(C)(Cl)[N+](=O)[O-],293,1.2,1.1804,0.00056,0.9207
Clc1ccncc1,298,1.2,1.2102,0.00057,0.9822
O=C1OC(=O)C2=C1CCCC2,378,1.2,1.1852,0.00086,0.886
c1cscn1,290,1.1998,1.2043,0.00043,0.9454
O=P(Cl)(Cl)c1ccccc1,298,1.197,1.4596,0.00038,0.9539
O=Cc1ccc(Cl)cc1,334,1.196,1.2105,0.00069,0.9775
CCSC(=O)Cl,293,1.195,1.2666,0.00069,0.8905
ClCCOCCOCCCl,293,1.195,1.201,0.00054,0.9854
O=C(Cl)OCc1ccccc1,298,1.195,1.3146,0.00062,0.8931
CC(=O)OCCl,293,1.194,1.2145,0.00028,0.9541
CCOC(=O)C(F)(F)F,293,1.194,1.2161,0.00083,0.9708
N#CCCl,293,1.193,1.2174,0.00056,0.9569
COc1ccccc1Cl,293,1.1911,1.201,0.00069,0.9874
Cc1c(F)cccc1Cl,298,1.191,1.2261,0.00072,0.979
O=CCCl,298,1.19,1.3043,0.00055,0.9548
O=[N+]([O-])c1ccccc1CCO,298,1.19,1.2801,0.00059,0.9467
C=C(Cl)C(=O)OC,293,1.189,1.2008,0.00062,0.9202
COc1ccc([N+](=O)[O-])cc1OC,406,1.1888,1.2124,0.00089,0.9473
FC(F)(F)c1ccccc1,293,1.1884,1.2565,0.00087,0.9503
ClC/C=C\CCl,298,1.188,1.2139,0.00066,0.9612
CC1CCS(=O)(=O)C1,298,1.188,1.2128,0.00061,0.9073
Clc1cccc2ccccc12,298,1.188,1.2035,0.00043,0.9349
COCC(=O)Cl,293,1.1871,1.2656,0.0005,0.8867
CC=C(Cl)Cl,298,1.1864,1.1123,0.0009,0.9228
ClC/C=C/CCl,298,1.183,1.2139,0.00036,0.9612
SCCSCCS,298,1.183,1.1809,0.00039,0.9229
C=C(Cl)C(=C)Cl,293,1.1829,1.1399,0.00063,0.8993
CC(Cl)C=O,288,1.182,1.1713,0.00057,0.9507
CCCCOC(=O)C(Cl)Cl,293,1.182,1.1843,0.00084,0.9414
C/C(Cl)=C\Cl,293,1.1818,1.1417,0.00092,0.9099
ClCC1CO1,293,1.1812,1.2187,0.00074,0.8859
OCCOCCCl,298,1.18,1.1749,0.00103,0.9854
CN(C)c1ccccc1[N+](=O)[O-],293,1.1794,1.1803,0.00056,0.9301
OCCSCCO,298,1.1793,1.1933,0.00073,0.9462
ClCCCCl,298,1.1785,1.1682,0.00081,0.9795
ClCc1ccco1,293,1.1783,1.1968,0.00066,0.9362
C=C(CCl)CCl,293,1.1782,1.1698,0.00093,0.9294
COc1ccc(F)cc1,291,1.1781,1.1589,0.00047,0.9934
CC(=O)OCCCl,293,1.178,1.1838,0.00044,0.9858
O=Cc1ccccc1F,298,1.178,1.2027,0.00042,0.9517
C=CS(=O)(=O)C=C,298,1.177,1.2277,0.00048,0.9123
CCOC(=O)C(F)F,293,1.1765,1.2155,0.00099,0.9638
CC(Cl)Cl,293,1.1757,1.1703,0.00079,0.9613
FCCCl,293,1.1747,1.1983,0.00078,0.9546
CCOS(=O)(=O)OCC,298,1.172,1.1597,0.00042,0.9303
Fc1ccc(F)cc1,293,1.1701,1.2126,0.00052,0.9967
Cc1ccc(C(=O)Cl)cc1,293,1.1686,1.2813,0.0007,0.8925
CN(C)C(=O)Cl,298,1.168,1.2396,0.00077,0.8941
COC(=O)CO,291,1.1677,1.224,0.00054,0.9566
COC(=O)c1cc(C)ccc1O,298,1.1673,1.2007,0.00048,0.9722
COc1ccc(OC)c([N+](=O)[O-])c1,405,1.1666,1.1993,0.00067,0.9337
O=C1OCc2ccccc21,372,1.1636,1.1669,0.00076,0.9186
ClC/C=C/c1ccccc1,318,1.1617,1.1208,0.00053,0.9442
Cc1ccccc1[N+](=O)[O-],292,1.1611,1.1938,0.0006,0.9425
COC(=O)/C=C\C(=O)OC,293,1.1606,1.2206,0.00032,0.9391
C/C(Cl)=C/CCl,293,1.1605,1.1569,0.0009,0.9163
C/C(Cl)=C\CCl,293,1.16,1.1496,0.00088,0.9163
CCOP(=S)(OCC)SCSCC,298,1.16,1.1654,0.00073,0.9174
Fc1ccccc1F,291,1.1599,1.2185,0.00048,0.9818
O=Cc1ccco1,293,1.1594,1.2055,0.0006,0.9271
Cc1cc([N+](=O)[O-])ccc1N,413,1.1586,1.1863,0.00068,0.9573
CCOC(=O)CCl,293,1.1585,1.1769,0.00053,0.9519
CC(=O)OCC(COC(C)=O)OC(C)=O,293,1.1583,1.2094,0.0006,0.9479
C=CCOC(=O)C(=O)OCC=C,293,1.1582,1.1337,0.00065,0.9728
N#CCCCl,293,1.1573,1.1842,0.0008,0.9636
Fc1cccc(F)c1,293,1.1572,1.2156,0.00075,0.9882
COC(=O)CCSCCC(=O)OC,293,1.1559,1.1785,0.00064,0.9508
ClC1(Cl)CCCCC1,293,1.1559,1.1742,0.00062,0.9128
C=Cc1cccc([N+](=O)[O-])c1,305,1.1552,1.2019,0.00035,0.9398
CSCCl,298,1.153,1.1351,0.00037,0.9498
COC(=O)c1cccc(O)c1,373,1.1528,1.2092,0.0006,0.9656
O=[N+]([O-])N1CCCCC1,299,1.1519,1.1697,0.00053,0.9484
O=C(Cl)C1CC1,293,1.1516,1.2831,0.00053,0.8945
CC(=O)CCl,293,1.15,1.2011,0.00043,0.9584
CCSCC(=O)O,293,1.1497,1.1646,0.00057,0.9514
O=C1CCO1,293,1.146,1.0998,0.00033,0.8909
[N-]=[N+]=NCCO,297,1.146,1.1845,0.00048,0.943
CCOP(=S)(OCC)SCCSCC,293,1.144,1.1618,0.00053,0.9176
CCOC(=O)C(=O)C(=O)OCC,289,1.1419,1.1977,0.00087,0.9185
O=CC1CO1,293,1.1403,1.1412,0.00044,0.8826
O=C(F)c1ccccc1,293,1.14,1.2311,0.00052,0.9147
CC(=O)c1ccc(F)cc1,298,1.1382,1.1904,0.0007,0.9849
C[N+](=O)[O-],293,1.1371,1.1433,0.0005,0.9437
CCOC(Cl)CCl,293,1.137,1.1849,0.0005,0.9313
CC1CC(C)S(=O)(=O)C1,293,1.1362,1.1768,0.00066,0.9048
C=CCOC(=O)Cl,298,1.136,1.2583,0.00102,0.8934
ClCCCOCCCCl,293,1.136,1.1347,0.00057,0.99
CCOC(=O)Cl,293,1.1352,1.2705,0.00051,0.892
ClCOCc1ccccc1,293,1.135,1.1566,0.00083,0.9519
CCC(CO)[N+](=O)[O-],298,1.1332,1.1026,0.00104,0.9171
ClCCCCCl,298,1.1331,1.1417,0.00051,0.9931
O=C(c1ccccc1)c1ccc(O)cc1,445,1.133,1.1494,0.00091,0.9463
Fc1cccc2ccccc12,293,1.1322,1.172,0.00064,0.9218
CCC(Cl)Cl,293,1.1321,1.1271,0.00106,0.9635
Cc1ccc(C)c([N+](=O)[O-])c1,288,1.132,1.17,0.00068,0.9448
SCc1ccco1,293,1.1319,1.1478,0.00041,0.9253
OCCCCl,293,1.1309,1.1466,0.0004,0.9896
S=C=Nc1ccccc1,293,1.1303,1.1313,0.00066,0.8934
C=CC(=O)OCCOCCOCC,298,1.13,1.0398,0.0006,0.9698
Fc1cccnc1,298,1.13,1.1843,0.00061,0.9749
O=C1CCCO1,293,1.1296,1.142,0.00098,0.9764
OCc1ccco1,293,1.1296,1.181,0.00048,0.9484
COC(=O)CCCCl,293,1.1293,1.1468,0.0008,0.9922
O=C1CCOc2ccccc21,373,1.1291,1.144,0.00044,0.9082
O=Cc1ccc(O)cc1,403,1.129,1.1475,0.00071,0.9775
COc1ccccc1O,294,1.1287,1.1716,0.00047,0.9706
OCCOCCOCCOCCO,288,1.1285,1.1475,0.00055,0.991
Fc1ccccn1,293,1.128,1.1909,0.00083,0.9489
OCCOCCOCCO,288,1.1274,1.1474,0.00069,0.991
C=C(CC(=O)OC)C(=O)OC,291,1.1241,1.1487,0.00065,0.9525
CSCCCl,293,1.123,1.1246,0.00054,0.9534
COC(=O)CC#N,298,1.1225,1.1713,0.00041,0.9548
O=C(Cl)CCCCCCCCC(=O)Cl,293,1.1212,1.2409,0.00063,0.8895
CCc1ccccc1[N+](=O)[O-],293,1.1207,1.1475,0.00067,0.9464
CCOC(=O)OC(=O)OCC,293,1.12,1.1466,0.00108,0.971
N#CC(O)c1ccccc1,298,1.12,1.1835,0.0005,0.9303
Oc1ccccc1F,298,1.12,1.2593,0.00093,0.9678
OCCOCCO,288,1.1197,1.1541,0.00075,0.9907
C(OCC1CO1)C1CO1,293,1.1195,1.1806,0.00068,0.884
CCc1ccc([N+](=O)[O-])cc1,293,1.1192,1.1577,0.00075,0.9492
O=Cc1cccc(O)c1,403,1.1179,1.147,0.00058,0.9654
CCOc1ccc([N+](=O)[O-])cc1,373,1.1176,1.1551,0.001,0.9554
CC(=O)OCc1ccco1,293,1.1175,1.1665,0.00041,0.9476
C1CSCCO1,293,1.1174,1.1598,0.00044,0.9308
C=CC(Cl)CCl,293,1.117,1.1536,0.00062,0.9299
CC(Cl)CCCl,293,1.1158,1.1236,0.00076,0.9648
CN(C)P(=O)(F)N(C)C,293,1.1151,1.157,0.00071,0.8761
C=CCOC(=O)c1ccco1,298,1.115,1.1553,0.00072,0.9193
OCC1CO1,298,1.1143,1.1948,0.0008,0.8833
OCCS,293,1.1143,1.1193,0.00056,0.9204
COCC(O)CO,293,1.114,1.1152,0.00064,0.9728
SCCOCCS,293,1.114,1.1154,0.00067,0.9206
C=CC(=O)Cl,293,1.1136,1.29,0.00062,0.9011
CC(C)(Cl)Cl,293,1.1136,1.1467,0.00061,0.9271
c1ccc(Sc2ccccc2)cc1,293,1.1136,1.1363,0.00053,0.9167
CC(O)CCl,293,1.113,1.1019,0.00039,0.9811
Cc1cscn1,298,1.112,1.1187,0.00087,0.9157
CCC(Cl)CCl,298,1.1116,1.1023,0.00064,0.9657
C=CC(=O)OCCOCCOC(=O)C=C,298,1.111,1.1484,0.00049,0.9698
C=CC(=O)OCC1CO1,293,1.1109,1.1654,0.00044,0.8847
CCOC(=O)CCCl,293,1.1086,1.1126,0.00036,0.9876
CCC(=O)OCc1ccco1,293,1.1085,1.1273,0.00064,0.9473
CCO[N+](=O)[O-],293,1.1084,1.1037,0.00098,0.963
CCSSSCC,293,1.1082,1.1169,0.00086,0.8801
CC(=O)OCCO,288,1.108,1.155,0.00048,0.9923
N#Cc1ccc(F)cc1,328,1.107,1.1515,0.00056,0.9504
CCCOS(=O)(=O)OCCC,293,1.1064,1.1089,0.00053,0.9323
O=CCCCCl,281,1.106,1.114,0.00041,0.9669
Clc1ccccc1,293,1.1058,1.1191,0.00067,0.9984
CC(=O)Cl,293,1.1051,1.2821,0.0006,0.8817
C[C@@H](Cl)[C@@H](C)Cl,298,1.105,1.1304,0.00122,0.9662
C=CC(=O)OCCCCOC(=O)C=C,298,1.105,1.0964,0.00041,0.9698
CCC(C)(Cl)Cl,298,1.1048,1.1105,0.00086,0.9322
CCCOC(=O)CCl,293,1.104,1.1337,0.00065,0.9519
COc1cccc(F)c1,298,1.104,1.1449,0.00078,0.9921
OCCF,293,1.104,1.1475,0.00066,0.9645
Cc1ccc([N+](=O)[O-])cc1,348,1.1038,1.1415,0.00076,0.9492
CCOC(=O)CCSCCC(=O)OCC,293,1.1034,1.1129,0.00092,0.9508
C=Cc1cccc(Cl)c1,293,1.1033,1.1283,0.00038,0.9482
CC(CCl)OC(C)CCl,293,1.103,1.1209,0.00057,0.9766
CC(Cl)CO,293,1.103,1.1102,0.00084,0.9651
CC(O)CC=O,293,1.103,1.0191,0.00062,0.9675
CC1(CCl)CO1,293,1.1011,1.0973,0.00076,0.8835
ClCc1ccccc1,293,1.1004,1.1222,0.00085,0.9494
C(CCOCC1CO1)COCC1CO1,298,1.1,1.1063,0.0004,0.884
C=Cc1ccccc1Cl,293,1.1,1.127,0.00041,0.939
CC(C)OP(C)(=O)F,293,1.1,1.151,0.00107,0.8802
CCOS(=O)OCC,293,1.1,1.0494,0.00044,0.8974
O=CC12CC=CCC1C1CC=CCC1O2,293,1.1,1.1457,0.00063,0.9067
CC(=O)c1cccc(O)c1,382,1.0992,1.1446,0.00058,0.9665
Oc1cccc2ccccc12,372,1.0989,1.1493,0.0005,0.9188
COC(=O)C(C)C(=O)OC,293,1.0977,1.1295,0.00069,0.9392
CCOC(=O)CS,288,1.0964,1.1135,0.00083,0.925
O=C(CO)c1ccccc1,372,1.0963,1.1639,0.00056,0.9476
C=C(Cl)C#N,298,1.096,1.0739,0.00047,0.8965
CCOC(=O)COc1ccccc1,303,1.0958,1.1251,0.00036,0.9534
ClCCCCCCl,298,1.0956,1.1047,0.0006,0.9931
N#CCCCCl,288,1.0934,1.1256,0.00084,0.9755
CCc1ccc(O)c(OC)c1,291,1.0931,1.1007,0.00047,0.9639
CC(C)(Cl)CCl,293,1.093,1.1399,0.001,0.9439
c1ccc2occc2c1,298,1.0913,1.134,0.00056,0.9427
CCOC(=O)CF,293,1.0912,1.1267,0.00088,0.9538
CC(C)OCC(O)CCl,293,1.091,1.0675,0.00056,0.9704
C/C=C/C(=O)Cl,293,1.0905,1.1947,0.00068,0.8991
CCCOC(=O)Cl,293,1.0901,1.2092,0.00054,0.892
C=CC(=O)OCCOc1ccccc1,298,1.09,1.1445,0.00066,0.9698
OC1CCOC1,298,1.09,1.1826,0.00061,0.9582
CN1C2CC3CC1[C@H](O)C2O3,407,1.0891,1.1751,0.0005,0.9004
CC(C)OC(=O)CCl,293,1.0888,1.1228,0.00054,0.9516
CC(=O)OCCc1ccccc1,293,1.0883,1.0766,0.00058,0.9741
OCCCCCl,293,1.0883,1.1069,0.00056,0.9928
OCCN1CC1,298,1.088,0.9852,0.00042,0.8937
C=C1CC(=O)O1,293,1.0877,1.0895,0.00054,0.8966
COC(=O)CCCC(=O)OC,293,1.0876,1.1141,0.00077,0.9835
CCCC(Cl)CCl,293,1.0872,1.0759,0.00046,0.9636
C=C(C)C(=O)Cl,293,1.0871,1.2162,0.0006,0.901
CCCC(Cl)Cl,293,1.0863,1.0945,0.00084,0.963
O=COC/C=C/c1ccccc1,298,1.086,1.1184,0.00097,0.9443
[N-]=[N+]=Nc1ccccc1,293,1.086,1.1266,0.00073,0.8912
CCCCC(Cl)CCl,288,1.085,1.0591,0.00048,0.9634
COC(=O)CCS,298,1.085,1.1214,0.00072,0.9251
C=CCSSSCC=C,288,1.0845,1.1408,0.00063,0.8745
COC(=O)c1ccccc1,298,1.0837,1.1294,0.00073,0.9891
CCOC(=O)CO,296,1.0826,1.1344,0.00075,0.9569
Cc1ccccc1Cl,293,1.0825,1.1005,0.00044,0.9974
CC(=O)OC(C)=O,293,1.082,1.1096,0.00062,0.977
C=CCOP(=O)(OCC=C)OCC=C,293,1.0815,1.1198,0.00037,0.9673
O=COCc1ccccc1,293,1.081,1.1289,0.00072,0.9675
CC(=O)CO,293,1.0805,1.1286,0.00062,0.9519
CC(S)CS,293,1.08,1.0666,0.00059,0.9233
CCOC(=O)C(C)Cl,293,1.0793,1.1024,0.00057,0.9433
C=C(C)C(=O)OCCO,293,1.079,1.11,0.0008,0.992
CCC(Cl)C(C)Cl,293,1.0789,1.0824,0.00065,0.9605
CCOC(=O)C(=O)OCC,293,1.0785,1.1091,0.00061,0.989
CC(=O)Oc1ccccc1,293,1.078,1.1177,0.00072,0.9786
c1cnoc1,293,1.078,1.0816,0.00037,0.9389
O=Cc1ccc2ccccc2c1,372,1.0775,1.1268,0.00073,0.9351
SCCCS,293,1.0772,1.069,0.0006,0.9224
CCOP(=O)(C#N)N(C)C,298,1.077,1.0858,0.0008,0.9131
COC(=O)CCSC,298,1.077,1.0873,0.00068,0.9558
C=CCOC(=O)/C=C/C(=O)OCC=C,293,1.0768,1.1255,0.00058,0.9373
CCOP(=S)(OCC)OCC,293,1.0768,1.0924,0.00072,0.9055
COC(=O)CC(C)=O,293,1.0762,1.0942,0.00062,0.9654
O=C1CCCCCO1,293,1.0761,1.1073,0.00088,0.9167
C=CC(OC(C)=O)OC(C)=O,293,1.076,1.1161,0.00025,0.9159
COC(=O)CC(C)C(=O)OC,298,1.076,1.0923,0.00048,0.9447
CC(=O)COC(C)=O,293,1.0757,1.1025,0.00056,0.9547
CCOC(=O)CCCCl,293,1.0756,1.0974,0.0006,0.9922
C=CCOC(=O)/C=C\C(=O)OCC=C,293,1.075,1.1355,0.00077,0.9373
COC(=O)C(C)Cl,298,1.075,1.1576,0.00045,0.944
Cc1cccc(Cl)c1,293,1.075,1.0946,0.00072,0.9912
O=NOCc1ccccc1,298,1.075,1.136,0.00071,0.86
CCCCOC(=O)Cl,298,1.074,1.1516,0.00065,0.892
CC(O)c1ccco1,298,1.0739,1.1203,0.00065,0.9387
COC1C=CC(OC)O1,298,1.073,1.0787,0.00079,0.9187
CCCCOC(=O)c1ccccc1O,293,1.0728,1.1152,0.00093,0.9736
COc1ccc(N)cc1,330,1.071,1.1086,0.00075,0.962
CCCCOC(=O)CCl,293,1.0704,1.0974,0.00085,0.9519
CC(=O)OCCCOC(C)=O,287,1.07,1.1113,0.00044,0.9805
CC(Cl)C(C)(C)Cl,288,1.0696,1.1271,0.00069,0.9431
CCOP(=O)(OCC)OCC,293,1.0695,1.0914,0.00066,0.9837
ClCCc1ccccc1,298,1.069,1.0887,0.0004,0.9784
Cc1ccc(Cl)cc1C,288,1.0682,1.0941,0.0007,0.989
CCOC(=O)c1cccc(O)c1,404,1.068,1.1217,0.00038,0.9656
COC(CCl)OC,293,1.068,1.1008,0.00057,0.9451
CSC#N,298,1.0678,1.0048,0.0007,0.8899
ClCCCCCCCl,298,1.0676,1.0767,0.0006,0.993
CC(=O)N(C)C(C)=O,298,1.0663,1.0913,0.00048,0.9486
CCSCCCl,298,1.0663,1.0829,0.00069,0.9499
CCOC(=O)/C=C\C(=O)OCC,293,1.0662,1.123,0.00095,0.9376
C/C=C/[N+](=O)[O-],293,1.0661,1.0116,0.00051,0.92
C=C(C)C(=O)OCC(C)O,298,1.066,1.0541,0.0008,0.9851
CCCOC(=O)CCCl,293,1.0656,1.0829,0.00066,0.9876
CC(C)OC(=O)c1ccco1,297,1.0655,1.1106,0.00082,0.9184
CCOC(=O)CC#N,293,1.0654,1.1031,0.00046,0.9537
CC(C)=CC(=O)Cl,298,1.065,1.1563,0.00048,0.897
c1ccsc1,293,1.0649,1.0939,0.00051,0.9401
CCC(=O)Cl,293,1.0646,1.2252,0.00062,0.8899
COc1ccco1,298,1.0646,1.1744,0.00043,0.9142
CC(=O)S,293,1.064,1.1586,0.00047,0.9217
Cc1cccc(CCl)c1,293,1.064,1.0941,0.00041,0.9502
OCCOCc1ccccc1,293,1.064,1.098,0.00051,0.9609
COC(=O)OC,298,1.0636,1.0783,0.00063,0.9988
CCCOC(=O)c1ccc(O)cc1,375,1.063,1.1117,0.00097,0.9798
COCCl,283,1.063,1.0593,0.00071,0.9491
CSCCO,293,1.063,1.0638,0.00041,0.9527
Cc1ccccc1CCl,298,1.063,1.1038,0.00047,0.9513
COC(=O)CCCCCC(=O)OC,293,1.0625,1.0661,0.00045,0.9918
CSSC,293,1.0625,1.0628,0.00069,0.9402
CC(=O)OCC1CCCO1,293,1.0624,1.0996,0.00066,0.9584
COC(=O)Cc1ccccc1,289,1.0622,1.1025,0.00049,0.9595
C=CC(=O)OCCC#N,293,1.062,1.1294,0.00053,0.9672
C#COc1ccccc1,293,1.0614,1.059,0.00037,0.9037
C=CC(=O)OCC1CCCO1,293,1.061,1.1066,0.00057,0.9584
CC1Cc2ccccc2O1,298,1.061,1.1,0.00051,0.9281
O=[N+]([O-])C1CCCCC1,293,1.061,1.1082,0.00048,0.9159
C1COCO1,293,1.06,1.0826,0.00065,0.9539
COC(=O)CCCCC(=O)OC,293,1.06,1.0917,0.00093,0.9908
CC(=O)OCC(C)OC(C)=O,293,1.059,1.1112,0.00066,0.9632
O=C1CCCCCC1=O,295,1.0583,1.1663,0.00046,0.9119
CC1COC(=O)C1,293,1.058,1.0734,0.00046,0.9521
SCc1ccccc1,293,1.058,1.0756,0.00044,0.9272
c1ccc2c(c1)CCO2,298,1.058,1.1569,0.00042,0.9323
CSc1ccccc1,293,1.0579,1.0723,0.00056,0.9529
C=CC(=O)OCc1ccccc1,293,1.0573,1.1054,0.00057,0.9635
NCCOCCO,293,1.0572,1.056,0.00094,0.991
CC1CCOC1=O,293,1.057,1.0908,0.00069,0.9561
CCN(CC)[N+](=O)[O-],288,1.057,1.0126,0.00077,0.9327
C=CCOC(=O)c1ccccc1,288,1.0569,1.1015,0.00026,0.9738
CCc1ccccc1Cl,293,1.0569,1.0733,0.00083,0.9653
ClCCCc1ccccc1,294,1.056,1.075,0.00058,0.9856
C=C(C)[N+](=O)[O-],298,1.0559,1.032,0.00081,0.9331
CC1CC(=O)O1,293,1.0555,1.0285,0.00074,0.8964
CC(=O)C(C)Cl,298,1.0554,1.1101,0.00099,0.9497
CC1CCC(=O)O1,293,1.0551,1.0797,0.00053,0.9723
CCOC(=O)CC(=O)OCC,293,1.0551,1.0793,0.00057,0.9586
CC(=O)OCc1ccccc1,293,1.055,1.1038,0.00025,0.9661
CC(C)OP(=O)(F)OC(C)C,298,1.055,1.0945,0.0006,0.8702
Oc1ccccc1,318,1.0545,1.0953,0.00064,0.9942
Cc1cc2ccccc2o1,293,1.054,1.0931,0.00069,0.9403
CCCO[N+](=O)[O-],293,1.0538,1.0692,0.00075,0.9633
OCCCO,293,1.0538,1.0903,0.00066,0.9842
CC(C)(Cl)C=O,288,1.053,1.1157,0.00088,0.9394
CCSC(SCC)SCC,293,1.053,1.0717,0.00056,0.852
CCc1cccc(Cl)c1,293,1.0529,1.0736,0.00065,0.9826
Cc1ccc(N=[N+]=[N-])cc1,296,1.0527,1.0956,0.00068,0.8912
OCC1CCCO1,293,1.0524,1.0746,0.00084,0.9585
CC(=O)CCCCl,293,1.0523,1.0715,0.00077,0.9927
COc1cccc(OC)c1,298,1.0521,1.1,0.00062,0.9851
COP(OC)OC,293,1.0518,1.1751,0.00059,0.8697
Cc1ccc(CCl)cc1,293,1.0512,1.0912,0.00042,0.9494
COC(=O)CCC(C)=O,293,1.0511,1.078,0.00062,0.9874
COCC(=O)OC,293,1.0511,1.0611,0.00057,0.962
N#CCCOCCC#N,293,1.0504,1.08,0.0006,0.9718
O=C/C=C/c1ccccc1,293,1.0497,1.101,0.00048,0.9101
CCOC(=O)/C=C\CC(=O)OCC,293,1.0496,1.0894,0.00064,0.9243
C=COCCCl,293,1.0495,1.0579,0.00044,0.979
c1ccc(C2CO2)cc1,298,1.049,1.1147,0.00053,0.8823
CN(C)c1ccc(Cl)cc1,373,1.048,1.08,0.00112,0.9598
CN(c1ccccc1)c1ccccc1,293,1.0476,1.0976,0.00077,0.9344
CCc1ccc(Cl)cc1,293,1.0455,1.0708,0.00053,0.9829
COC(=O)CCc1ccccc1,298,1.0455,1.0753,0.00048,0.9788
CC[N+](=O)[O-],298,1.0448,1.0049,0.00055,0.9328
CCC(=O)OCC1CCCO1,293,1.044,1.0689,0.00066,0.9584
Cc1cccc(S)c1,293,1.044,1.0704,0.00037,0.9394
CN(CCO)CCO,298,1.043,1.0207,0.00047,0.9787
CC(C)COC(=O)Cl,291,1.0426,1.1511,0.00068,0.892
C=C(C)C(=O)OCC1CO1,293,1.042,1.1226,0.00069,0.8847
OCc1ccccc1,297,1.0419,1.0943,0.0007,0.9587
CCOC(=O)c1ccccc1,298,1.0415,1.0852,0.00065,0.9886
ClCCCCCCCCl,298,1.0408,1.0557,0.00049,0.993
CCOP(C)(=O)OCC,303,1.0406,1.0846,0.00085,0.9882
CC=C(C(=O)OCC)C(=O)OCC,293,1.0404,1.0709,0.00058,0.8842
N#CCCO,298,1.0404,1.0894,0.00066,0.9741
CCOC(=O)CCC(=O)OCC,293,1.0402,1.0644,0.00048,0.99
O=Cc1ccccc1,298,1.0401,1.0649,0.00053,0.9775
C=C(C)C(=O)OCC1CCCO1,298,1.04,1.0733,0.00058,0.9584
C/C=C/C(=O)OC(=O)/C=C/C,293,1.0397,1.0822,0.00054,0.9469
ClC1C=CCC1,298,1.0388,1.0546,0.00063,0.912
CCCC(=O)Oc1ccccc1,288,1.0382,1.0608,0.00082,0.9779
CCCCOC(=O)CCCl,293,1.037,1.0554,0.00084,0.9876
CCOC(=O)CC(C)=O,283,1.0368,1.0555,0.00061,0.9652
C=CCOC(=O)CC(C)=O,293,1.0366,1.0642,0.00071,0.9663
CC(=O)CCc1ccco1,292,1.0361,1.0742,0.00046,0.9586
ClC1=CCCCC1,292,1.0361,1.0282,0.00061,0.8888
COCCOCCO,293,1.035,1.0299,0.00085,0.991
COCCCl,293,1.0345,1.0344,0.00057,0.9842
CC(C)c1ccccc1Cl,293,1.0341,1.0513,0.0007,0.9564
CC(C)O[N+](=O)[O-],292,1.034,1.0679,0.00057,0.9653
CCC(=O)OCc1ccccc1,293,1.0335,1.0757,0.00089,0.9662
CCOC(=O)Cc1ccccc1,293,1.0333,1.065,0.00038,0.9586
Cc1ccccc1C=O,293,1.0328,1.0732,0.00073,0.9797
Cc1ccccc1O,308,1.0327,1.0729,0.00051,0.9826
CC(C)COC(=O)CCCl,293,1.0323,1.0504,0.00066,0.9788
Cc1cccc(C#N)c1,293,1.0316,1.017,0.00064,0.9493
CC(C)OC(=O)C(C)Cl,293,1.0315,1.06,0.00098,0.9425
c1cnccn1,334,1.0311,1.0784,0.00044,0.9669
c1c[nH]cn1,374,1.0303,1.1023,0.00078,0.9662
C#CCCl,298,1.03,0.9778,0.00055,0.9082
CN(C)P(=O)(N(C)C)N(C)C,293,1.03,1.061,0.00066,0.9522
c1ccc(CNc2ccccc2)cc1,338,1.0298,1.0749,0.00076,0.9425
C=CC(=O)OCC1CC2C=CC1C2,298,1.029,1.0805,0.00068,0.9348
CC(=O)CF,293,1.0288,1.0905,0.00088,0.9551
C1COCOC1,298,1.0286,1.0741,0.00095,0.9558
NCCNCCO,293,1.0286,1.0284,0.00056,0.9876
CCCCC(=O)OCc1ccco1,293,1.0284,1.0643,0.00044,0.9473
CCc1cccc(O)c1,293,1.0283,1.0462,0.00078,0.976
CC(=O)c1ccccc1,293,1.0281,1.0638,0.00045,0.9946
CCCS(=O)(=O)CCC,323,1.0278,1.0541,0.00049,0.9532
COc1ccc(-c2ccccc2)cc1,373,1.0278,1.091,0.00051,0.9495
CCCC(=O)Cl,293,1.0277,1.1439,0.00072,0.8895
C=CC(=O)OC1CCCCC1,293,1.0275,1.0212,0.001,0.9448
CSCc1ccccc1,293,1.0274,1.0467,0.00059,0.951
CCC(=O)CO,293,1.0272,1.0904,0.00055,0.9512
OCC1CCCCO1,298,1.027,1.0514,0.00079,0.9466
CCCCOC(=O)C(F)(F)F,295,1.0268,1.1358,0.0008,0.9708
Cc1cccc(C(=O)Cl)c1,294,1.0265,1.287,0.00051,0.8925
CCC1CCC(=O)O1,293,1.0261,1.051,0.00076,0.9716
CCOP(=O)(CC)OCC,293,1.0259,1.066,0.00071,0.9417
CN(C)c1ccc(C=O)cc1,373,1.0254,1.0341,0.00035,0.9598
CCCCOC(=O)C(C)Cl,293,1.0253,1.0499,0.00047,0.9433
CCCOC(=O)C(Cl)CC,293,1.0252,1.0476,0.00044,0.9381
ClCCCCCCCCCl,298,1.0248,1.0376,0.00058,0.993
C=CCc1ccccc1O,288,1.0246,1.0683,0.0005,0.9421
CCCOC(=O)/C=C\C(=O)OCCC,293,1.0245,1.0788,0.00054,0.9376
OCCCCCCCl,293,1.0241,1.0449,0.00094,0.993
C=CCSSCC=C,288,1.0237,1.038,0.0007,0.9415
CC(=O)CCO,293,1.0233,1.0361,0.00055,0.9902
COc1ccccc1-c1ccccc1,372,1.0233,1.0785,0.00089,0.9142
CCCOC(=O)c1ccccc1,293,1.023,1.067,0.00038,0.9886
CN1CCCC1=O,298,1.023,1.0386,0.00052,0.9708
COC(OC)(OC)OC,298,1.023,1.0153,0.00036,0.9297
Cc1ccno1,293,1.023,1.0446,0.00074,0.9378
CCCCO[N+](=O)[O-],303,1.0228,1.0247,0.00063,0.9634
FCc1ccccc1,298,1.0228,1.0653,0.00045,0.936
CCOC(=O)C(C)C(=O)OCC,293,1.0225,1.0472,0.00094,0.9364
Fc1ccccc1,293,1.0225,1.0627,0.00061,0.9979
C=Cc1ccc(F)cc1,293,1.022,1.0863,0.00037,0.949
CCOC(=O)CCCC(=O)OCC,293,1.022,1.0478,0.0006,0.9835
Cc1ccc(S)cc1,324,1.022,1.0455,0.00084,0.9374
Cc1ccsc1,293,1.0218,1.0399,0.00047,0.9249
COC(=O)C(C)C(C)=O,298,1.0217,1.059,0.00069,0.9454
COC(=O)CCCCCCC(=O)OC,293,1.0217,1.0499,0.00055,0.9919
CCSc1ccccc1,293,1.0211,1.0422,0.00067,0.9455
CCOCCOCCOCCO,293,1.0209,1.0304,0.0007,0.991
CC(C)c1ccc(Cl)cc1,293,1.0208,1.0464,0.00053,0.9664
N#CCc1ccccc1,288,1.0205,1.0611,0.00056,0.9518
Cc1cccc2ccccc12,293,1.0202,1.0655,0.00045,0.9256
OCCc1ccccc1,293,1.0202,1.0604,0.00054,0.978
C1CSC1,293,1.02,0.9798,0.00079,0.8701
CCC(=O)OCCc1ccccc1,298,1.02,1.0489,0.00049,0.9741
CCC(O)OCC(C)OC(O)CC,293,1.02,1.0632,0.00078,0.956
COC1CCC(OC)O1,298,1.02,1.0467,0.00054,0.9502
Cc1cccs1,293,1.0193,1.0349,0.00051,0.9191
O=CCCc1ccccc1,293,1.019,1.0346,0.00073,0.9658
OOC1CCCCC1,293,1.019,1.038,0.00078,0.8964
Cc1cccc(C=O)c1,294,1.0189,1.0433,0.0007,0.9767
CCCOC(=O)C(=O)OCCC,293,1.0188,1.0573,0.00058,0.9886
CCOCCl,288,1.0188,1.0096,0.00087,0.9518
CCOC(CCl)OCC,293,1.018,1.0202,0.00071,0.9447
CC(C)CCOC(=O)CCCl,293,1.0171,1.0321,0.00062,0.986
CCOC(=O)CC(C)O,293,1.017,1.0299,0.00069,0.979
CCSCCO,293,1.0166,1.0252,0.00047,0.9484
CC(C)OC(=O)c1ccccc1,288,1.0163,1.0618,0.0005,0.9757
COCc1ccco1,293,1.0163,1.0509,0.00061,0.9519
CC(C)C(=O)OCc1ccccc1,291,1.0159,1.046,0.0007,0.9558
O=CN1CCCCC1,298,1.0158,1.0465,0.00093,0.965
CC(=O)Cc1ccccc1,293,1.0157,1.0299,0.00045,0.9595
CCCCC(=O)Cl,288,1.0155,1.1078,0.00072,0.8895
CC(C)CO[N+](=O)[O-],293,1.0152,1.027,0.00095,0.963
CC(CO)CO,293,1.015,1.0308,0.00053,0.9636
CCOC(=O)CCc1ccccc1,293,1.0147,1.0506,0.00072,0.9788
CCc1ccccc1O,298,1.0146,1.0504,0.00059,0.9477
Cc1cc(C)c2ccccc2c1,293,1.0144,1.0446,0.00046,0.9265
C(=C\c1ccccc1)\c1ccccc1,293,1.0143,1.0762,0.00042,0.9281
COCCC(=O)OC,288,1.0139,1.0191,0.00057,0.9884
C1CS1,293,1.013,1.0108,0.0008,0.8589
COC(=O)C1CC=CCC1,293,1.013,1.0583,0.0007,0.9152
CCCOC(=O)/C=C/C(=O)OCCC,293,1.0129,1.0644,0.00053,0.9376
C=CCN=C=S,293,1.0126,0.9794,0.00089,0.9013
CCCOP(=O)(OCCC)OCCC,293,1.0121,1.0381,0.00091,0.9838
C=CC(=O)OCCOC,293,1.012,1.0471,0.00053,0.9698
CCOC(=O)CC(=O)CC,293,1.012,1.0341,0.0008,0.9655
Cc1ccc2cccc(C)c2c1,293,1.0115,1.0481,0.00042,0.9249
COCCOCCOCCOCCOC,293,1.0114,1.0308,0.00072,0.991
Cc1ccccc1-c1ccccc1,293,1.0113,1.0613,0.00049,0.9314
CCCC(=O)OCc1ccccc1,293,1.0111,1.0486,0.00059,0.9662
CCOC(=O)CCC(C)=O,293,1.0111,1.0386,0.00054,0.9874
C=CC(=O)OCCO,296,1.011,1.1548,0.00052,0.9698
CC(=O)N1CCCCC1,282,1.011,1.0482,0.00055,0.9662
CCC(=O)OC(=O)CC,293,1.011,1.0558,0.00054,0.9771
CNC=O,292,1.011,1.068,0.00035,0.9379
SCCCc1ccccc1,298,1.01,1.0291,0.00073,0.9217
CCOC(=O)c1ccc(N(C)C)cc1,373,1.0099,1.046,0.00078,0.9598
C=CCC(C(=O)OCC)C(=O)OCC,293,1.0098,1.038,0.00079,0.9241
CN1CCC[C@H]1c1cccnc1,293,1.0097,1.0611,0.00035,0.9217
CCC(=O)c1ccccc1,293,1.0096,1.0519,0.00044,0.9865
CCOCCOCCOC(C)=O,293,1.0096,1.0335,0.00051,0.991
N#Cc1ccccc1,288,1.0093,1.0388,0.00054,0.9465
C=CCC(=O)O,293,1.0091,1.0408,0.00087,0.9701
CC(C=O)c1ccccc1,293,1.0089,1.0323,0.00073,0.9364
CCc1cccc2ccccc12,293,1.0082,1.0452,0.00052,0.9057
CCOC(=O)CCCCC(=O)OCC,293,1.0076,1.0341,0.00064,0.9908
COCCOC(C)=O,292,1.0074,1.0321,0.00032,0.993
CC(=O)CCCO,293,1.0071,1.0218,0.00028,0.9922
CCSC#N,296,1.007,0.9603,0.00048,0.9015
c1ccc(CCCc2ccccc2)cc1,293,1.007,1.0172,0.00063,0.9832
CCOC(=O)C(CC)C(=O)OCC,293,1.006,1.0281,0.00076,0.9297
COC1CCC=CO1,298,1.006,1.0218,0.00073,0.8955
O=COC1CCCCC1,273,1.0057,1.033,0.00042,0.9475
CC(O)CCO,293,1.0053,1.0214,0.00031,0.9782
CCOC=Nc1ccccc1,293,1.0051,1.0492,0.00058,0.8662
ClC1CCCC1,293,1.0051,1.0254,0.00067,0.9384
CC(C)CCOC(=O)C(C)Cl,293,1.005,1.0261,0.00047,0.9433
CC1=NCCO1,298,1.005,1.0522,0.00088,0.9154
COCC=O,298,1.005,0.9413,0.00066,0.9502
Cc1ccccc1F,286,1.0041,1.0496,0.00053,0.986
CC(C)(C)C(=O)Cl,293,1.003,1.1018,0.00075,0.8974
CCOC(=O)C#N,298,1.003,1.0613,0.00077,0.9645
O=CCCCCC=O,292,1.003,0.9917,0.00062,0.9665
CC(C)(O)CO,293,1.0024,1.0098,0.00066,0.9851
CCC(O)CO,293,1.0024,1.015,0.00061,0.9789
Cc1ccc2c(C)cccc2c1,293,1.0021,1.0441,0.00064,0.9271
Cc1ccsc1C,293,1.0021,1.0118,0.00058,0.9081
SCCCCS,273,1.0021,1.0601,0.00063,0.9223
CC(C)OC(=O)C(=O)OC(C)C,293,1.002,1.0459,0.00063,0.9746
CCCOC(=O)CCC(=O)OCCC,293,1.002,1.0292,0.00022,0.99
N#CCCc1ccccc1,293,1.0016,1.0356,0.00068,0.9693
CN1C2CCCC1CC(=O)C2,373,1.001,1.0211,0.00102,0.8968
CCCCOC(=O)c1ccccc1,293,1.0,1.0448,0.00053,0.9886
ClC1CCCCC1,293,1.0,1.0187,0.00066,0.9346
CC(c1ccccc1)c1ccccc1,293,0.9997,1.0384,0.00042,0.9348
CCSc1ccc(C)cc1,293,0.9996,1.0239,0.00062,0.9455
CCCSc1ccccc1,293,0.9995,1.0211,0.00045,0.9439
CC(C)COC(=O)Cc1ccccc1,291,0.999,1.0227,0.00071,0.9586
CC(C)COC(=O)c1ccccc1,293,0.999,1.0381,0.00046,0.9784
CCN=C=S,293,0.999,0.9573,0.0004,0.9035
C1CCSC1,293,0.9987,1.0108,0.00039,0.9174
C=Cc1ccccn1,293,0.9983,1.0123,0.00044,0.9109
CC(C)CC(=O)OCc1ccccc1,288,0.9983,1.0264,0.00053,0.9662
C#CCOC(C)=O,293,0.9982,1.0403,0.00053,0.9018
CC(C)OC(=O)C(C)O,293,0.998,1.043,0.00035,0.9524
CCOC(OCC)c1ccco1,293,0.9976,1.04,0.0007,0.9175
Cc1ccc(Cc2ccccc2)cc1,293,0.9976,1.0301,0.0005,0.9527
Cc1ccc(F)cc1,293,0.9975,1.0397,0.00054,0.9976
C1=Cc2ccccc2CC1,293,0.9974,1.0481,0.00052,0.9033
Cc1cccc(F)c1,293,0.9974,1.0345,0.00051,0.9892
COC(CC(OC)OC)OC,298,0.997,0.9924,0.00061,0.947
CC(=O)c1cc(C)ccc1C,292,0.9963,1.0455,0.00057,0.9816
CCC[N+](=O)[O-],298,0.9961,0.9783,0.00061,0.9358
CCOC(=O)C(C(=O)OCC)C(C)C,293,0.9961,1.014,0.00056,0.923
C1=Cc2ccccc2C1,298,0.996,1.0339,0.00054,0.9118
CC(C)CCO[N+](=O)[O-],295,0.996,1.0036,0.00057,0.9635
CCCCOS(=O)OCCCC,293,0.9957,0.9883,0.00053,0.8986
CC(C)c1cccc2ccccc12,293,0.9956,1.0328,0.00041,0.8958
Cc1ccccc1C#N,293,0.9955,1.0288,0.00033,0.9417
COC(=O)C1CCCCC1,288,0.9954,1.015,0.00058,0.9282
CCOC(CCCl)OCC,292,0.9951,1.006,0.00049,0.95
CC(C)C(=O)OCCc1ccccc1,288,0.995,1.033,0.0006,0.9554
CCC(C(C)=O)C(=O)OC,287,0.995,1.0353,0.0006,0.9395
c1ccc(N2CCCCC2)cc1,298,0.9944,1.0483,0.00052,0.9489
Cc1ccc(C(C)C)cc1N,293,0.9942,0.9692,0.00058,0.9536
CCOC(=O)C(C)C(C)=O,293,0.9941,1.0237,0.00062,0.9443
COc1ccccc1,293,0.994,1.0254,0.00077,0.9981
C1=C(c2ccccc2)CCCC1,293,0.9939,1.0261,0.00075,0.8839
Cc1csc(C)c1,293,0.9938,0.9953,0.00084,0.9152
CCSSCC,293,0.9931,1.0086,0.00075,0.9481
CCc1cccs1,293,0.993,1.0094,0.00049,0.909
Cc1cscc1C,298,0.993,1.0102,0.00059,0.9143
CCc1ccc2ccccc2c1,293,0.9922,1.032,0.00067,0.936
CCC(C)C(=O)Cl,293,0.9917,1.1095,0.00078,0.8946
OCCCCCO,293,0.9914,1.0274,0.00037,0.9928
N#CCCCC#N,288,0.9911,1.0423,0.00055,0.9745
CC1COCO1,293,0.99,1.0145,0.00069,0.9562
Cc1cc(C)on1,298,0.99,0.9992,0.00062,0.9125
C=CCC(C(C)=O)C(=O)OCC,293,0.9898,1.0134,0.00072,0.9346
CCCc1cccc2ccccc12,293,0.9897,1.0269,0.00066,0.9001
CCc1cccc(N)c1,298,0.9896,0.9807,0.00048,0.9649
CCOCCCl,293,0.9895,0.9927,0.00036,0.9842
CO/C=C/c1ccccc1,296,0.9894,1.0319,0.00069,0.9312
C=C=CCCl,293,0.9891,0.9947,0.00059,0.8904
CCCC(C(=O)OCC)C(=O)OCC,293,0.989,1.0139,0.00063,0.9259
CCCCOCCOCCOCCO,293,0.989,1.0001,0.00064,0.991
CCOC(=O)CCCC(C)=O,298,0.989,1.0152,0.00077,0.9842
COCC1CO1,293,0.989,1.0198,0.00067,0.884
O=C1C=CCC1,288,0.989,1.0407,0.00082,0.916
SCCCCCCS,298,0.9886,0.9996,0.00065,0.9223
CCOCCOCCO,293,0.9885,0.9967,0.00069,0.991
CC(O)CCCO,293,0.9883,1.0113,0.00047,0.989
CCC(=O)O,298,0.9882,1.0202,0.00024,0.9884
COCCc1ccccn1,293,0.988,1.0309,0.00054,0.9341
CC(O)C#N,293,0.9877,1.0669,0.00041,0.9574
CCC(=O)Cc1ccccc1,293,0.9877,1.0182,0.00025,0.9573
CCCCOC(=O)C(=O)OCCCC,293,0.9873,1.0184,0.00109,0.9888
COCCOCCOCCOCCO,298,0.987,1.0727,0.00051,0.991
CC(C)OP(=O)(OC(C)C)OC(C)C,293,0.9867,1.0198,0.0006,0.9791
CCCCC(=O)c1ccccc1,293,0.986,1.0086,0.00058,0.9855
COCCOCCOCCOC,293,0.986,1.0018,0.00061,0.991
CC(C)Sc1ccccc1,293,0.9852,1.0167,0.0006,0.9368
CCCCOCCOCCOC(C)=O,293,0.985,1.0039,0.00083,0.991
CCOC(=O)C(OCC)OCC,298,0.985,1.0049,0.00091,0.9252
COc1ccccc1C,298,0.985,1.0127,0.00065,0.9818
Cc1ccc(C)s1,293,0.985,0.9984,0.0005,0.9181
CC(=O)CCc1ccccc1,295,0.9849,1.0209,0.00044,0.9799
COC(=O)C1CC1,293,0.9848,1.013,0.00083,0.9358
CCOC(=O)C(CC)C(C)=O,289,0.9847,1.003,0.00114,0.9382
CC(C)CC(=O)Cl,293,0.9844,1.0809,0.00042,0.8895
CC(=O)CC(=O)OC(C)C,293,0.9835,1.0148,0.00036,0.9652
C=CC(=O)OCCOCC,293,0.983,1.0139,0.00071,0.9698
CCC(CC)C(=O)Cl,293,0.9825,1.0764,0.00053,0.8945
CCCCOC(=O)CC(=O)OCCCC,293,0.9824,1.0093,0.00051,0.9586
NCCCO,299,0.9824,0.9812,0.00089,0.9851
C=COCCO,293,0.9821,1.0085,0.00047,0.9777
CC(C)[N+](=O)[O-],298,0.9821,0.9618,0.00068,0.9207
c1ccncc1,293,0.9819,1.0092,0.00081,0.9932
C=CCOc1ccccc1,293,0.9811,1.0185,0.0006,0.9687
CC1OCCO1,293,0.9811,1.0297,0.0006,0.9463
C=CCCC(=O)O,293,0.9809,1.0099,0.00063,0.9828
CC1(C)C2CCC(=O)C1C2,293,0.9807,0.9687,0.001,0.9074
CCC(C)c1ccccc1O,298,0.9804,1.0116,0.00064,0.9264
CCOC(=O)C(CC(C)C)C(=O)OCC,293,0.9804,0.9998,0.00053,0.924
CCCSSC,298,0.98,1.0003,0.00062,0.9445
CCOC(=O)CC(=O)C(C)C,298,0.98,1.011,0.00053,0.9564
ClCC1CC1,298,0.98,0.9705,0.00081,0.9279
CCC(O)C(C)O,292,0.9798,0.9797,0.0005,0.9736
CCSC(C)=O,293,0.9792,1.0091,0.00037,0.9169
CCc1ccc(C=O)cc1,293,0.979,1.0278,0.0007,0.9775
CCCCCC(=O)Cl,293,0.9784,1.0712,0.00062,0.8895
CC(C)(C)c1ccccc1O,293,0.9783,1.0128,0.00047,0.9294
SC1CCCCC1,293,0.9782,0.9691,0.00056,0.9214
CCCN=C=S,289,0.9781,0.9469,0.00076,0.9023
C=COc1ccccc1,293,0.977,1.0276,0.00059,0.9538
O=C(C1CC1)C1CC1,298,0.977,0.9922,0.0008,0.9351
CCCCC(C(=O)OCC)C(=O)OCC,293,0.9764,0.9987,0.0007,0.9255
CC1CCOCO1,293,0.9758,1.0237,0.00103,0.953
CC(C)c1ccc(C=O)cc1,293,0.9755,1.0106,0.00077,0.9664
CCCCc1ccccc1O,293,0.975,1.0116,0.00054,0.9407
CC(=O)C#N,293,0.9745,0.9885,0.00071,0.966
O=C1CCCC1C1CCCC1,294,0.9745,0.9973,0.00061,0.9415
CCOCCOC(C)=O,293,0.974,0.9963,0.00074,0.9927
CCCCc1cccc2ccccc12,293,0.9738,1.0112,0.00065,0.9001
CCCCOC(=O)CCC(C)=O,293,0.9735,1.0018,0.00078,0.9874
CC(C)CCC(=O)Cl,293,0.9725,1.0669,0.00063,0.8895
CCCC(O)CO,293,0.9723,0.9833,0.00091,0.9776
CC(=O)CC(C)=O,298,0.9721,0.9929,0.00066,0.9562
CCC(=O)F,288,0.972,1.0708,0.00091,0.9131
Cc1cccc2c1CCCC2,293,0.972,1.0184,0.00056,0.9294
O=C1C=C(c2ccccc2)CC1,293,0.9711,1.1586,0.00075,0.8776
CCOCC(=O)OCC,293,0.9702,0.9885,0.00092,0.9619
CC1C=Cc2ccccc21,298,0.97,1.0146,0.00062,0.9151
CCCCC(CC)COC(=O)CS,293,0.97,0.9912,0.00044,0.925
CCCC[N+](=O)[O-],298,0.97,0.9583,0.00063,0.9365
CCOCC1CO1,293,0.97,0.9785,0.00073,0.884
O=CC1=CCCC1,294,0.97,1.0028,0.00074,0.8734
C=CCOCC1CO1,293,0.9698,1.0113,0.00062,0.884
c1cc[nH]c1,293,0.9698,1.0108,0.00029,0.9648
O=C1CCCCC1C1CCCCC1,298,0.9696,0.9944,0.00062,0.9297
CC1=CC(=O)CCC1,293,0.9693,0.9941,0.00058,0.909
CCOC(=O)OCC,298,0.9692,0.9907,0.00073,0.9989
CC(C)(C)CC(=O)Cl,293,0.969,1.044,0.0006,0.8896
COc1ccc(C)cc1,298,0.969,1.002,0.00068,0.9939
COc1cccc(C)c1,298,0.969,0.9988,0.00046,0.9956
CCOC(=O)C1CC=CCC1,293,0.9688,1.0234,0.00064,0.9152
CN(C)C(=O)N(C)C,293,0.9687,0.9792,0.00048,0.9588
CC(=O)N1CCCC(C)C1,298,0.9684,0.9996,0.00041,0.962
CCCCN(CCO)CCO,293,0.9681,0.9674,0.00054,0.9612
CC(=O)OC1CCCCC1,293,0.968,1.0096,0.0006,0.9461
COC(OC)OC,293,0.9676,0.9678,0.00055,0.9191
CCCCc1ccc2ccccc2c1,293,0.9673,1.0056,0.00054,0.936
CCCCOC(=O)CC(C)=O,298,0.9671,1.0011,0.00062,0.9652
CN=Cc1ccccc1,287,0.9671,0.9734,0.00069,0.8823
CCCC(=O)OC(=O)CCC,293,0.9668,0.998,0.0007,0.9759
C1CCC2OC2C1,293,0.9663,1.0035,0.00052,0.8663
CCCC(C(C)=O)C(=O)OCC,293,0.9661,0.9886,0.00055,0.9352
COC(CN)OC,298,0.966,0.9725,0.00059,0.9474
CC(=O)OC(C)(C)C1CC=C(C)CC1,294,0.9659,0.9929,0.0004,0.9101
CCOC1CCC=CO1,298,0.9658,0.99,0.00054,0.8955
C(#Cc1ccccc1)c1ccccc1,373,0.9657,1.0066,0.00078,0.9195
CCOC(C)Cl,293,0.9655,0.997,0.0005,0.9444
CCOc1ccccc1,293,0.9651,0.996,0.00085,0.9868
C=CCc1ccc(OC)cc1,298,0.965,1.0066,0.00048,0.9653
C=COC=O,293,0.965,1.0184,0.00056,0.9695
CCCC#CC(=O)OC,298,0.9648,0.9594,0.00046,0.8979
CCOC(=O)C(C(C)=O)C(C)C,291,0.9648,0.9826,0.00056,0.9289
COCCO,293,0.9647,0.9689,0.00055,0.9977
C#CC(=O)OCC,289,0.9645,1.0113,0.00044,0.9073
C=C(C)C1CC=C(C=O)CC1,293,0.9645,0.995,0.00078,0.909
c1ccc2c(c1)CCCC2,298,0.9645,1.01,0.00059,0.931
CCOC(=O)C(CC)(CC)C(=O)OCC,303,0.9643,0.9956,0.00079,0.9036
CC#CC(=O)OCC,293,0.9641,0.9802,0.00076,0.8978
C1CC2OC2C1,298,0.964,0.9862,0.00038,0.8669
c1ccc2c(c1)CCC2,293,0.9639,1.0048,0.00071,0.9513
CC(O)CC(C)O,293,0.9635,0.9804,0.00026,0.9658
COCc1ccccc1,293,0.9634,0.992,0.00052,0.963
CC(C)CN=C=S,287,0.9631,0.9243,0.00071,0.9015
CCOP(OCC)OCC,293,0.9629,1.0399,0.00063,0.8738
COc1cc(C)cc(C)c1,288,0.9627,0.9909,0.00044,0.991
C=C(C)C(=O)OC1CCCCC1,293,0.9626,0.9945,0.00095,0.9445
CCc1ccc(OC)cc1,288,0.9624,0.9966,0.00065,0.9815
C=CC(=O)N(C)C,298,0.962,0.9904,0.00065,0.953
CCC#CC(=O)OCC,298,0.962,0.9595,0.00089,0.8963
COCC(C)O,293,0.962,0.9211,0.00032,0.9886
O=C1C=CCCC1,298,0.962,1.0205,0.00068,0.9181
C=CCCCC(=O)O,293,0.961,0.991,0.00031,0.9885
CCOC(=O)C1CC1,288,0.9608,0.9907,0.00051,0.9363
C=C/C=C/Cl,293,0.9606,0.9801,0.00063,0.9241
CCCSSCCC,293,0.9599,0.9756,0.0008,0.9464
CCCCCCC(=O)Cl,293,0.959,1.0484,0.00067,0.8895
CC(C)CCOC(=O)C(C)O,298,0.9589,1.0009,0.00059,0.9521
C=CC1CCC2OC2C1,293,0.9581,1.016,0.00078,0.8671
C=CCOCCO,293,0.958,0.9694,0.00048,0.9707
CCCC(=O)OC1CCCCC1,273,0.9572,0.9873,0.0005,0.9463
COCC(C)=O,298,0.957,0.9481,0.0009,0.952
Cc1cccnc1,293,0.9566,0.9934,0.00059,0.9811
CCCCSC#N,288,0.9563,0.9376,0.00026,0.9023
C=CC(=C)Cl,293,0.956,0.9774,0.00078,0.8981
CCCCOCCOCCO,293,0.9553,0.9642,0.00053,0.991
SC1CCCC1,293,0.955,0.9815,0.00061,0.9068
Cc1ccncc1,293,0.9548,0.9793,0.00066,0.989
O=C1CCC1,273,0.9547,0.9712,0.00053,0.8857
CCCCN=C=S,293,0.9546,0.9323,0.00057,0.9029
CCCN(CCC)C(=O)SCC,303,0.9546,0.9832,0.00043,0.9194
CCc1cccnc1,298,0.9539,0.9684,0.00067,0.9717
CCCCc1cccs1,293,0.9537,0.9802,0.00077,0.9044
CCOC(=O)CC1CCCCC1,287,0.9537,0.9725,0.00083,0.9545
Cc1ccc2c(c1)CCCC2,293,0.9537,0.9968,0.00056,0.9261
C=CC(=O)OC,293,0.9535,0.9986,0.001,0.9699
CC(C)C(=O)OC(=O)C(C)C,293,0.9535,1.0085,0.00058,0.9536
CCCCCCCC(=O)Cl,288,0.9535,1.032,0.00049,0.8895
CCCSC(C)=O,298,0.9535,0.9864,0.00049,0.9182
CCCC(=O)O,298,0.9528,0.9797,0.0007,0.9885
CCCCC[N+](=O)[O-],293,0.9525,0.9496,0.00043,0.9366
CCCCC(C(C)=O)C(=O)OCC,293,0.9523,0.9749,0.00071,0.9346
C=CCCCCC(=O)O,287,0.9515,0.9823,0.00069,0.9885
CCOc1ccc(C)cc1,291,0.9509,0.9872,0.00055,0.9868
C/C=C/C=C/C(=O)OCC,293,0.9506,0.9737,0.00057,0.9215
CC(C)OCCc1ccccn1,298,0.9502,0.9814,0.00068,0.9341
CCc1ccccn1,298,0.9502,0.9545,0.00042,0.9505
CC(C#N)CCC#N,298,0.95,0.9918,0.00026,0.9567
COC(C)COC(C)CO,298,0.95,0.9744,0.00074,0.983
COCC#N,293,0.9492,0.9465,0.00049,0.9583
CCOCCC(=O)OCC,293,0.949,0.9602,0.00086,0.9878
CCOc1cccc(C)c1,293,0.949,0.9788,0.00063,0.9871
N#CCCCCCC#N,291,0.949,0.9797,0.00071,0.9765
CC(C)C(=O)OC1CCCCC1,273,0.9489,0.9788,0.00068,0.9463
OC1CCCC1,293,0.9488,1.0081,0.00053,0.9575
O=C1CCCC1,293,0.9487,0.9629,0.00074,0.9624
C#CCO,293,0.9478,1.0291,0.00051,0.9007
CCOCc1ccccc1,293,0.9478,0.9687,0.00044,0.9607
O=C1CCCCC1,293,0.9478,0.965,0.00064,0.9586
CCCOc1ccccc1,293,0.9474,0.9798,0.00061,0.9845
CCCc1ccc(OC)cc1,293,0.9472,0.9791,0.00053,0.983
c1ccc(C2CCCC2)cc1,293,0.9462,0.9921,0.00066,0.9378
C=CCOC=O,293,0.946,0.9742,0.00031,0.9687
CC(C)c1ccc(C(C)CC=O)cc1,293,0.9459,0.9824,0.00066,0.9583
C=C/C=C/OC(C)=O,298,0.945,0.9687,0.00061,0.9474
Cc1ccc[nH]1,288,0.9446,0.9748,0.00058,0.9583
C=Cc1ccco1,292,0.9445,1.0213,0.00059,0.934
CN(C)C=O,298,0.9445,0.9431,0.00075,0.9642
C/C=C/C(=O)OC,293,0.9444,0.9736,0.00089,0.9481
Cc1ccccn1,293,0.9443,0.971,0.00037,0.9932
C=CCOC(=O)C=C,293,0.9441,0.9877,0.00043,0.9698
C1CCC2C(C1)CCC1CCCCC12,293,0.944,0.9773,0.00045,0.9094
COC(C)(OC)OC,298,0.9438,0.9759,0.00073,0.9197
CC(C)SSC(C)C,293,0.9435,0.9802,0.00067,0.9404
CCCOC(=O)OCCC,293,0.9435,0.9732,0.00078,0.998
CCCCNC(=O)OCC,299,0.9434,0.9643,0.00065,0.9447
COCCOCCOC,293,0.9434,0.9598,0.00067,0.991
C/C=C\CCl,293,0.9426,0.9605,0.00066,0.9625
CCN(CC)N=O,293,0.9422,0.9279,0.00026,0.8779
CCN(CC)CCOCCO,298,0.9421,0.9265,0.0006,0.9662
CC#Cc1ccccc1,288,0.942,0.9682,0.00079,0.913
Cc1cncc(C)c1,293,0.9419,0.9797,0.00054,0.9791
CCCOP(OCCC)OCCC,293,0.9417,0.9916,0.0008,0.8729
CCc1ccncc1,293,0.9417,0.969,0.00061,0.9752
CC1CS1,293,0.941,0.963,0.00056,0.8606
CCC(=O)C(=O)CC,294,0.941,0.9576,0.00074,0.9625
CC(C)Oc1ccccc1,298,0.9408,0.9716,0.00056,0.9732
CCSC(=O)N(CC(C)C)CC(C)C,298,0.9402,0.9593,0.00066,0.9194
C1=CCOCC1,292,0.94,0.9675,0.00068,0.9128
CC(C)c1cccc(C(C)C)c1N,298,0.94,0.9516,0.00075,0.9039
CC1=CC(=O)CC(C)C1,293,0.94,0.9589,0.00065,0.9078
CCCCC(CC)C(=O)Cl,298,0.939,1.0276,0.00084,0.8945
CC(=O)CC(C)(C)O,293,0.9387,0.9565,0.00068,0.9758
CC(C)c1ccncc1,298,0.9382,0.9509,0.00071,0.9637
CCCc1ccncc1,288,0.9381,0.9591,0.00072,0.9747
C=CC(=O)OCCN(C)C,293,0.938,0.976,0.00066,0.9698
CC1CCc2ccccc21,298,0.938,0.9839,0.00052,0.9251
CCCCSSCCCC,293,0.938,0.9549,0.00044,0.9458
COC(C)CO,293,0.938,0.9417,0.00055,0.9846
O=CC1CC1,298,0.938,0.9261,0.00035,0.9399
COCCC#N,293,0.9379,0.9593,0.00054,0.9722
C=C(C)C(=O)OC,298,0.9377,0.971,0.00039,0.9955
C=CCCl,293,0.9376,0.9682,0.00067,0.9676
CC(=O)N(C)C,298,0.9372,0.9397,0.0007,0.972
O=CC1CCCC1,293,0.9371,0.9681,0.00047,0.9502
C=CC(=O)OCCN(CC)CC,293,0.937,0.9497,0.00086,0.9664
CC#CCO,293,0.937,0.9841,0.00056,0.9147
CCN=Cc1ccccc1,293,0.937,0.9564,0.00051,0.8825
CNCCO,293,0.937,0.9421,0.00079,0.9936
CCOC(=O)C1CCCCC1,293,0.9362,0.9804,0.00076,0.9273
CCC1(C)OCCO1,293,0.936,0.9742,0.00046,0.9289
CCC(=O)OC1CCCCC1,293,0.9359,0.9844,0.00061,0.9463
CCCCOc1ccccc1,293,0.9351,0.9658,0.00046,0.9841
C/C=C(/C)C(=O)OC,285,0.9349,0.9859,0.00076,0.9378
CNc1ccc(C)cc1,328,0.9348,0.978,0.00059,0.9514
CC(C)=C1CC[C@@H](C)CC1=O,318,0.9346,0.932,0.00059,0.9084
COC(C)=O,293,0.9342,0.9603,0.00055,0.9974
CC1=CC(=O)CC(C(C)C)C1,294,0.934,0.9521,0.00065,0.9077
CCC(C)C(=O)O,293,0.934,0.968,0.00081,0.9498
CCCCC(=O)O,298,0.9339,0.9598,0.00066,0.9885
C=CCOC(=O)C(=C)C,293,0.9335,0.9715,0.00085,0.9756
CCOO,293,0.9332,0.9112,0.00076,0.8933
OCC1CCCC1,293,0.9332,0.967,0.00083,0.9435
CC1=CC(=O)C(C(C)C)CC1,293,0.9331,0.946,0.00044,0.9084
CC(C)CC(=O)OC(=O)CC(C)C,293,0.9327,0.9613,0.00062,0.9749
C=Cc1ccccc1C=C,295,0.9325,0.9756,0.00021,0.9119
CCCC(O)C(CC)CO,295,0.9325,0.9576,0.00043,0.948
CC(C)(O)C#N,292,0.932,0.9828,0.00052,0.9668
c1ccc(C2CC2)cc1,293,0.9317,0.9775,0.00058,0.9073
CCCCOCCOCC(C)O,293,0.931,0.9437,0.00079,0.9885
CCC(=O)NC,298,0.9305,0.9571,0.00042,0.9491
C#Cc1ccccc1,293,0.93,0.9604,0.0004,0.8894
Cc1ccc(C)nc1,293,0.9297,0.9657,0.00048,0.9791
OCC1CCCCC1,293,0.9297,0.9655,0.00056,0.9504
C/C=C/CCl,293,0.9295,0.9548,0.00069,0.9625
C=Cc1cccc(C=C)c1,293,0.9294,0.9793,0.00054,0.9492
CCOCCC#N,288,0.9285,0.9349,0.00047,0.9718
C=C(C)[C@@H]1CC[C@@H](C)C(=O)C1,292,0.928,0.9546,0.00104,0.9383
CNCC(OC)OC,298,0.928,0.9389,0.00075,0.9477
NC1CCCCCCC1,298,0.928,0.8876,0.00051,0.9433
C=CCOC(C)=O,293,0.9275,0.9652,0.00072,0.9785
CC(C)=CCCl,293,0.9273,0.9436,0.00037,0.9598
C1=COCC1,298,0.927,0.9781,0.0005,0.8553
CCCC1CCCCC1=O,293,0.927,0.929,0.00049,0.9348
CCC(=O)N(C)C,293,0.9269,0.9407,0.00055,0.97
CCC(C)CC(=O)O,293,0.9262,0.9478,0.00039,0.977
CCC(N)=O,383,0.9262,0.9493,0.00062,0.9558
CCCCCC#CC(=O)OC,293,0.926,0.9439,0.0005,0.8979
C#CCCc1ccccc1,293,0.9258,0.9616,0.00058,0.8961
C#CCCO,293,0.9257,0.9534,0.00079,0.8974
C=COC(C)=O,298,0.9256,0.957,0.00058,0.9869
CC1=CC(=O)CC(C)(C)C1,293,0.9255,0.9334,0.00057,0.9061
CCOCCO,298,0.9253,0.9272,0.00066,0.9942
CCCCOC(=O)OCCCC,293,0.9251,0.9494,0.00072,0.9949
C=C(C)c1cccc(C(=C)C)c1,298,0.925,0.9683,0.0005,0.9218
C=CC(=C)c1ccccc1,293,0.925,0.968,0.00037,0.9053
C=CCS,296,0.925,0.8973,0.0006,0.9227
CC1CCCC(C)C1=O,298,0.925,0.9361,0.00073,0.9377
CC1CCCCC1=O,293,0.925,0.9487,0.00046,0.9391
Cc1ccc(O)c(C(C)(C)C)c1,348,0.9247,0.9597,0.00097,0.9313
CC(=O)O[C@@H]1C[C@H](C)CC[C@H]1C(C)C,293,0.9244,0.948,0.00053,0.9295
CCCCC(=O)OC(=O)CCCC,293,0.924,0.9763,0.00056,0.9759
CCCCCC(=O)OC(=O)CCCCC,288,0.924,0.9639,0.00079,0.9759
Cc1cccc(C(C)(C)C)c1O,353,0.924,0.9625,0.00071,0.9296
C/C=C(\C)Cl,293,0.9239,0.9077,0.00074,0.9229
C=CC(=O)OCC,293,0.9234,0.9607,0.00038,0.9698
CC/C(C)=N/O,293,0.9232,0.9027,0.0007,0.8742
CCC/C=N\O,293,0.923,0.8923,0.00088,0.8794
CC(O)CC(C)(C)O,288,0.923,0.9575,0.00061,0.9604
COC(C)CCO,296,0.923,0.9282,0.00103,0.9789
Cc1ccoc1,291,0.923,0.963,0.00062,0.9358
C1CCC(OC2CCCCC2)CC1,293,0.9227,0.9428,0.00081,0.9513
CC(C)(C)SSC(C)(C)C,293,0.9226,0.9592,0.00062,0.9348
Cc1cccc(C)n1,293,0.9226,0.9541,0.00094,0.9915
OC1CCC1,288,0.9218,0.9979,0.00066,0.8913
CC1CCC[C@@H](O)C1,303,0.9214,0.9371,0.0005,0.9653
CC(C)(C)Oc1ccccc1,293,0.9214,0.9547,0.00059,0.9624
C=CCCCl,293,0.9211,0.9407,0.00073,0.9805
C1=COCCC1,292,0.921,0.9601,0.00085,0.8959
CCOC=O,293,0.9208,0.931,0.00058,0.9687
C1=C\C=C/C=C\C=C/1,293,0.9206,0.9615,0.00071,0.8953
CCCCOc1ccc(C)cc1,298,0.9205,0.9555,0.00077,0.9841
CCc1ccc(C)nc1,293,0.9202,0.9493,0.0005,0.9687
C/C=C(\C)C(=O)OCC,293,0.92,0.9438,0.00075,0.9378
CCN(C)c1ccccc1,328,0.92,0.9451,0.00075,0.9621
NC1CCC(CC2CCC(N)CC2)CC1,348,0.92,0.9629,0.00095,0.9555
CCOC(=O)C=C(C)C,294,0.9199,0.9545,0.00068,0.9332
C=C(C)C1CCC(C)CC1=O,293,0.9198,0.9438,0.00064,0.9256
C/C=C(/C)c1ccccc1,298,0.9191,0.936,0.00075,0.9086
CCCCCCCCCC(=O)Cl,298,0.919,0.999,0.0004,0.8895
CCN(CC)C(=O)N(CC)CC,293,0.919,0.9419,0.00056,0.947
CC(C)=CCl,293,0.9186,0.9183,0.00048,0.9277
CC(C)OCC1CO1,293,0.9186,0.9576,0.0005,0.884
CCOC(OCC)(OCC)OCC,293,0.9186,0.9284,0.00064,0.9187
CCCCOCC1CO1,293,0.918,0.9467,0.00081,0.884
CC(=O)C1CCCCC1,293,0.9176,0.9599,0.0005,0.9339
C/C=C/C(=O)OCC,293,0.9175,0.9426,0.00085,0.9481
C=Cc1ccc(C)cc1,298,0.9173,0.9406,0.00035,0.949
Cc1cc(C)c(O)c(C(C)(C)C)c1,353,0.917,0.9529,0.00069,0.9296
C=C(C)CCl,293,0.9165,0.9433,0.00078,0.9525
CCOCCC=O,293,0.9165,0.9106,0.00073,0.9663
CC(=O)OC/C=C(\C)CCC=C(C)C,288,0.9163,0.9453,0.00059,0.9471
CCCN(CCC)N=O,293,0.9163,0.9134,0.0005,0.8795
CCOC(CN)OCC,298,0.9159,0.922,0.00072,0.9465
C[C@@H]1CCC[C@H](O)C1,293,0.9155,0.9448,0.00055,0.9653
C#CC=O,293,0.9152,0.939,0.00085,0.8999
CCC(=O)OC,293,0.915,0.9422,0.00058,0.9967
CC1(C)CCCCC1=O,293,0.9145,0.9306,0.00066,0.9372
Cn1cccc1,288,0.9145,0.9454,0.00033,0.9634
C=CCOC(=O)CC,293,0.914,0.9478,0.00055,0.9786
CCNCCO,293,0.914,0.9132,0.00056,0.9904
CC1CCCC1=O,293,0.9139,0.9463,0.00055,0.9528
C/C=C(\C)c1ccccc1,298,0.9138,0.9433,0.00056,0.9086
CC(C)COC(=O)OCC(C)C,293,0.9138,0.942,0.0008,0.9782
CC1CCC(=O)CC1,293,0.9138,0.9378,0.00077,0.9586
CC1CCCC(=O)C1,293,0.9136,0.9336,0.00049,0.9585
C=C(C)C(=O)OCC,293,0.9135,0.9425,0.00081,0.9976
CC/C=C/CC(=O)OC,298,0.9132,0.9393,0.00053,0.9718
Cc1ccco1,293,0.9132,0.9471,0.00064,0.9913
C#CCCCO,293,0.913,0.9398,0.0009,0.8965
C=Cc1ccc(C=C)cc1,313,0.913,0.9818,0.00054,0.949
CCN(CC)C(C)=O,290,0.913,0.9297,0.00037,0.9608
CCc1ccnc(C)c1,298,0.913,0.9506,0.00073,0.9739
CCCCC/C=C\C=C\C(=O)OC,295,0.9128,0.9534,0.00058,0.9219
C1CCC(NC2CCCCC2)CC1,293,0.9123,0.9432,0.0006,0.9541
C=CCC(=O)OCC,293,0.9122,0.9422,0.00054,0.9714
CC1=CCOCC1,298,0.912,0.9322,0.00033,0.9008
N#CC1CCCC1,298,0.912,0.954,0.00037,0.9359
CCCc1ccccn1,293,0.9119,0.9455,0.00066,0.9417
CCCCON=O,298,0.9114,0.9316,0.00114,0.8608
CCCOCCO,293,0.9112,0.918,0.00041,0.992
C1=CCNCC1,298,0.911,0.9315,0.00073,0.9169
OCC1CC1,298,0.911,0.9522,0.00075,0.9222
CC(C)[C@]12CC(=O)[C@H](C)[C@H]1C2,298,0.9109,0.9508,0.00049,0.9293
C=C(Cl)CC,288,0.9107,0.9005,0.00069,0.9137
CCCC(=O)C(O)CCC,289,0.9107,0.9578,0.00064,0.9436
C=C(C)c1ccccc1,293,0.9106,0.9506,0.00055,0.9217
CC(C)C1CCC(=O)CC1,303,0.9099,0.9239,0.00069,0.949
C1=CCNC1,293,0.9097,0.9514,0.0006,0.9138
C=C(C)OC(C)=O,293,0.909,0.9535,0.00057,0.9358
CC(C)CCOCc1ccccc1,293,0.909,0.9365,0.00088,0.9609
CC1(C)CCCC(=O)C1,288,0.909,0.918,0.00065,0.9548
CCC#CCO,293,0.909,0.9515,0.00059,0.9117
C/C=C\c1ccccc1,293,0.9088,0.9508,0.00074,0.9457
CC(C)=CCC/C(C)=C/COC=O,298,0.9086,0.9391,0.00041,0.9478
CCCCC/C=C/C=C/C(=O)OC,295,0.9082,0.9553,0.00048,0.9219
CCCN=C=O,298,0.908,0.9137,0.00055,0.9129
CCN(C=O)CC,292,0.908,0.9215,0.00075,0.9606
C=Cc1ccccc1C,298,0.9077,0.9508,0.00039,0.9398
C=Cc1cccc(C)c1,298,0.9076,0.9357,0.00056,0.9493
CCCOC=O,293,0.9073,0.9249,0.00067,0.9689
CCCCN1CCOCC1,293,0.9068,0.924,0.00067,0.9919
C#CCCC(C)=O,293,0.9065,0.9308,0.00055,0.8958
C1=CC2C=CC1C2,293,0.9064,0.9707,0.00045,0.941
CCCC(=O)N(C)C,298,0.9064,0.9218,0.0005,0.9692
CC(C)OP(OC(C)C)OC(C)C,293,0.9063,0.9902,0.00091,0.8706
CCOCCOCCOCC,293,0.9063,0.9229,0.00074,0.991
C#CC(C)(C)Cl,293,0.9061,0.9521,0.00092,0.9058
C#C/C=C\OC,293,0.906,0.9765,0.00075,0.8975
CCc1cccc(CC)c1N,298,0.906,0.9706,0.00059,0.9196
Cc1ccc(C)c(C)c1C,293,0.9052,0.9363,0.00041,0.9919
CN1CCOCC1,293,0.9051,0.9565,0.0007,0.9952
CC(=O)OC/C=C(/C)CCC=C(C)C,288,0.905,0.9441,0.00089,0.9471
CC1CCCC(C)(C)C1=O,291,0.9043,0.9303,0.00052,0.9344
CCCC1(O)CCCC1,298,0.904,0.925,0.00092,0.9423
O=CC1CCCCC1,293,0.9035,0.9682,0.00088,0.9329
CCN=C=O,293,0.9031,0.9427,0.00073,0.9159
CC(C)OCCO,293,0.903,0.9132,0.00055,0.9847
C=CSC,293,0.9026,0.8537,0.00048,0.928
C/C=C/c1ccccc1,298,0.9023,0.939,0.00038,0.9457
C=C(C)C(=O)OCCC,293,0.9022,0.9361,0.00058,0.9976
CC1CC(C)(C)CCC1=O,293,0.902,0.9201,0.00036,0.9362
CC/C=C/c1ccccc1,293,0.9019,0.9337,0.00049,0.9435
CCc1ccco1,293,0.9018,0.9342,0.00056,0.9606
C=CCOC(=O)CCC,293,0.9017,0.9284,0.00048,0.9786
C=Cc1ccccc1CC,298,0.9017,0.9394,0.00041,0.9255
CC(C)=CCCc1ccoc1,293,0.9017,0.9464,0.00056,0.9191
C=Cc1ccccc1,298,0.9016,0.9463,0.00052,0.949
CCCCOCCO,293,0.9015,0.9084,0.00083,0.992
CCn1cccc1,293,0.9009,0.9149,0.00061,0.9618
C=CC1CO1,298,0.9006,0.9384,0.00088,0.8888
C=COC(=O)CCC,293,0.9006,0.9256,0.00046,0.983
CCCNCCO,293,0.9005,0.9032,0.00067,0.9887
CCOC(C)=O,293,0.9003,0.928,0.00064,0.9991
CC#CCCO,293,0.9002,0.9375,0.00059,0.9134
CC(C)=Cc1ccccc1,293,0.9,0.9393,0.00086,0.9305
CCCN(CCC)C(C)=O,290,0.8992,0.9172,0.00064,0.9577
CC(=O)C1CC1,293,0.8984,0.9254,0.00061,0.9424
CCCC(=O)OC,293,0.8984,0.9204,0.00074,0.999
CCC#CCCO,293,0.8982,0.9163,0.00079,0.9089
CCC(CC)c1ccccn1,293,0.8981,0.9287,0.00045,0.9053
C/C=C/C=C/C=O,293,0.898,0.9273,0.00054,0.9248
CCC/C=C\COC(C)=O,298,0.898,0.9325,0.00051,0.9719
CC(C)(C)OCC1CO1,293,0.898,0.9523,0.00082,0.884
COC(C)(C)CC(C)=O,298,0.898,0.9216,0.00064,0.9776
C=CC(C)Cl,293,0.8978,0.9338,0.00045,0.9369
CCC(=O)N(CC)CC,293,0.8972,0.9267,0.00056,0.9606
C1=C\C=C/CC\C=C/1,298,0.8971,0.8822,0.00059,0.9046
CCCCC(=O)N(C)C,298,0.8962,0.916,0.00066,0.969
CCCCOC=O,293,0.8958,0.9137,0.00062,0.9689
CC/C=C/CC(=O)OCC,293,0.8957,0.9254,0.00049,0.9716
CC(C)[C@@H]1CC[C@@H](C)CC1=O,293,0.8954,0.9089,0.00068,0.9367
C=CC(C)(CCC=C(C)C)OC(C)=O,293,0.895,0.9398,0.0005,0.9593
CCCCC(=O)OC,293,0.8947,0.9151,0.00061,0.9927
N#CC1CC1,293,0.8946,0.922,0.00054,0.9229
C=Cc1cccc(CC)c1,293,0.8945,0.9345,0.00068,0.9493
Cc1cccc(C)c1C,293,0.8944,0.9237,0.00095,0.9833
C#CC(OCC)OCC,295,0.8942,0.9103,0.00042,0.9058
C=C(C)C(=O)OCCCC,293,0.8936,0.9261,0.00075,0.9949
C=C(C)c1ccc(C(C)C)cc1,293,0.8936,0.9348,0.00064,0.9217
C=C(C)c1ccc(C)cc1,296,0.8936,0.9433,0.00039,0.9217
C=CC(=O)OCC(C)CC,293,0.8936,0.9244,0.00037,0.9692
C/C=C1\CC2C=CC1C2,298,0.893,0.9404,0.00086,0.8869
C1COC1,298,0.893,0.7764,0.00104,0.8867
CCN(CC)CCO,293,0.8921,0.861,0.0005,0.9664
C=CCc1ccccc1,293,0.892,0.9242,0.00038,0.9653
CC1CC(=O)CC(C)(C)C1,292,0.8919,0.8994,0.00055,0.9531
CCC(CC)CCl,293,0.8914,0.9004,0.0008,0.9636
COC(=O)C(C)(C)C,273,0.891,0.9179,0.00041,0.9579
CCOC(OCC)OCC,293,0.8909,0.9079,0.00067,0.915
CCCCNCCO,293,0.8907,0.8952,0.00067,0.9881
COC(=O)C(C)C,293,0.8906,0.9147,0.00049,0.9559
Cc1cc(C)c(C)c(C)c1,293,0.8903,0.9197,0.00087,0.9829
C1CCCOCC1,298,0.89,0.9179,0.00064,0.9342
C=Cc1ccc(C(C)(C)C)cc1,293,0.89,0.9323,0.00095,0.949
CC(C)COCCO,293,0.89,0.8996,0.00054,0.9802
CCCCl,293,0.8899,0.9,0.00051,0.9907
C=CC(=O)OCCCC,293,0.8898,0.9349,0.00046,0.9698
Cc1ccccc1C(C)(C)C,293,0.8897,0.9174,0.00041,0.9423
C=CC(=O)OCC(C)C,293,0.8896,0.9295,0.00064,0.9698
CC(C)=CCC/C(C)=C/CO,293,0.8894,0.9121,0.00045,0.9481
C=CCCCCCCCCC(=O)OC,288,0.889,0.9193,0.00074,0.9907
CCCOCC(C)O,293,0.8886,0.8917,0.00058,0.9885
C=Cc1ccc(CC)cc1,298,0.8884,0.9367,0.00037,0.949
CCCC(=O)N(CC)CC,293,0.8884,0.9155,0.00071,0.9601
Cc1ccc(C)o1,293,0.8883,0.9245,0.00045,0.991
CCc1cccc(C)c1C,298,0.8881,0.919,0.0007,0.9618
CC(=O)CCC(C)C,293,0.888,0.8341,0.00078,0.9861
CCC(=O)OCC(C)C,273,0.888,0.9147,0.00064,0.9788
CCCCCCOCCO,293,0.8878,0.898,0.00064,0.9925
CCCOC(C)=O,293,0.8878,0.9192,0.00061,0.9992
C=CCSCC=C,300,0.8877,0.9133,0.00057,0.9469
C1=CC=CCC=C1,292,0.8875,0.9554,0.00033,0.898
C=C(CC)c1ccccc1,298,0.887,0.9386,0.00053,0.9096
COC1=NCCCCC1,298,0.887,1.0094,0.00056,0.891
CC(C)=CCC/C(C)=C\C=O,293,0.8869,0.9084,0.00081,0.9309
C=CCOC(=O)CCCCC,293,0.8869,0.916,0.00068,0.9786
CN(C)CCO,293,0.8866,0.8729,0.0004,0.9888
CCc1c(C)cccc1C,298,0.8864,0.9175,0.00047,0.9485
CCCON=O,293,0.886,0.9505,0.00087,0.8608
C=C(C)C(=O)OCC(C)C,293,0.8858,0.9177,0.00081,0.9785
CCCCCl,293,0.8857,0.8961,0.0004,0.9934
CCCCCOC=O,293,0.8853,0.9079,0.00033,0.9689
C=CC(=O)OCCCCCCCC(C)C,293,0.885,0.9028,0.0004,0.9698
C=Cc1ccc(C(C)C)cc1,293,0.885,0.9355,0.00056,0.949
CCCCOCCOCCOCCCC,298,0.885,0.9004,0.00045,0.991
C=C(C)C(=O)OC(C)C,293,0.8847,0.9216,0.00102,0.9777
CCOC(C)(OCC)OCC,298,0.8847,0.9103,0.00047,0.9191
CCC(C)OC=O,293,0.8846,0.9182,0.00075,0.9686
CCCCCC(=O)OC,293,0.8846,0.9067,0.00034,0.992
CCCOC(=O)C(C)C,273,0.8843,0.9122,0.00062,0.9554
CCOC(=O)CC,298,0.8843,0.9114,0.00045,0.9966
NCCCN,298,0.884,0.8729,0.00038,0.9804
C1CCOC1,298,0.8833,0.9044,0.00066,0.9656
C/C=C/Cc1ccccc1,293,0.8831,0.9215,0.00065,0.9659
C=CCCc1ccccc1,293,0.8831,0.9171,0.00066,0.9812
C1=C\CC/C=C\CC/1,293,0.883,0.8625,0.00068,0.9176
CCc1cc(C)c(C)cc1C,293,0.883,0.9183,0.00078,0.9593
CC(C)CCON=O,293,0.8828,0.9185,0.00034,0.8608
C=CCCCCCCCCC(=O)OCC,288,0.8827,0.9078,0.00038,0.9907
CCCCOC(C)=O,293,0.8825,0.9092,0.00057,0.995
CC(CO)N(C)C,299,0.882,0.8682,0.00057,0.9598
CCCCCCl,293,0.882,0.8934,0.00099,0.993
CCCCOCC(C)O,293,0.882,0.887,0.00076,0.9885
CCCCCCC(=O)OCC,293,0.8817,0.8919,0.00051,0.9919
CCCCCON=O,293,0.8817,0.9288,0.00086,0.8608
CCCCCCC(=O)OC,293,0.8815,0.9035,0.00054,0.9919
C1CCOCC1,293,0.8814,0.9103,0.00055,0.994
CCCCCCOC=O,293,0.8813,0.9037,0.00068,0.9689
C=CC(=O)OCCCCCCCC,293,0.881,0.9119,0.0004,0.9698
CCCOC(=O)CC,293,0.8809,0.9102,0.00058,0.9966
COC(=O)CC(C)C,293,0.8808,0.9,0.00042,0.9854
CCc1ccccc1C,293,0.8807,0.9113,0.00058,0.9629
CC(=O)OC(C)CC(C)C,298,0.8805,0.8857,0.00069,0.972
CC(C)=CCCC(C)c1ccc(C)cc1,293,0.8805,0.9046,0.00086,0.9587
CC(O)C1CC1,293,0.8805,0.9264,0.0007,0.9168
CCCCCC#CCO,293,0.8805,0.9129,0.00063,0.9126
Cc1ccccc1C,283,0.8802,0.9177,0.00068,0.9973
C=C(C)C(=O)OCC(CC)CCCC,298,0.88,0.9053,0.00066,0.958
C=C(C)C(=O)OCCCCCC,298,0.88,0.9136,0.00055,0.9937
C=CC(=O)OCC(CC)CCCC,298,0.88,0.9101,0.00058,0.958
CCCCN=C=O,293,0.88,0.9097,0.00101,0.9122
CCc1ccccc1CC,293,0.88,0.9087,0.00074,0.9527
CCCCCCCCC(=O)OC,288,0.8799,0.9034,0.00059,0.9919
C#CC(C)=O,293,0.8793,0.924,0.00084,0.9099
C=CC(=O)OC(C)(C)C,298,0.879,0.9213,0.00093,0.9691
CC(O)COC(C)C,293,0.879,0.8868,0.0007,0.9846
CCC(CC)COC(C)=O,293,0.879,0.9043,0.0007,0.9605
CN(C)CC(O)CN(C)C,293,0.8788,0.8874,0.0009,0.9683
CC1CC(C)(C)CC1=O,291,0.8785,0.9101,0.0007,0.9326
CCCCCCCOC=O,293,0.8784,0.9001,0.0008,0.9689
CCCCCCCl,293,0.8781,0.8934,0.00063,0.993
C=CC(=O)OCCCCCC,293,0.878,0.9212,0.00068,0.9698
CC(N)CN,288,0.878,0.8514,0.00074,0.9771
CCCCCCOC(C)=O,288,0.8779,0.9053,0.00051,0.9938
CC(C)COC=O,293,0.8776,0.9074,0.00071,0.969
CCCCCCCC(=O)OC,293,0.8775,0.8998,0.00061,0.9919
CC(C)CCl,293,0.8773,0.8848,0.00067,0.9796
C[C@@H]1CC(=O)C(C)(C)C1,298,0.877,0.9037,0.00083,0.9422
CC(C)CCOC=O,293,0.877,0.8997,0.00083,0.9689
CCCCC(=O)OCC,293,0.877,0.8983,0.00073,0.9927
CCCCC(CC)CCl,293,0.8769,0.895,0.00061,0.9617
C=CCSC,293,0.8767,0.8982,0.00075,0.95
Cc1ccccc1C(C)C,293,0.8766,0.9086,0.00067,0.9523
CCN(CC)C(=O)CC(C)C,293,0.8764,0.9013,0.00043,0.9598
CCc1ccc(C)cc1C,293,0.8763,0.9076,0.00054,0.9605
CCCCCCCCl,293,0.8762,0.8912,0.00069,0.993
CCCCCOC(=O)CC,298,0.8761,0.896,0.00066,0.9942
C1CCC2CCCC2C1,298,0.876,0.8999,0.00063,0.9552
C=CCCCCCCCCO,298,0.876,0.8684,0.00057,0.9907
CC(=O)OCCC(C)C,288,0.876,0.9023,0.0007,0.986
Cc1ccc(C)c(C)c1,293,0.8758,0.9089,0.00044,0.9951
CC(C)=CCC/C(C)=C\CO,293,0.8756,0.9112,0.00066,0.9481
CCCCCOC(C)=O,293,0.8756,0.9047,0.00077,0.9942
COC1CCCCC1,293,0.8756,0.8882,0.00078,0.9637
C1=C\CCC/C=C\C/1,293,0.8754,0.8574,0.00047,0.9123
CCCCOC(=O)CC,293,0.8754,0.9019,0.00046,0.995
CCCC1=NCCCC1,288,0.8753,0.916,0.00033,0.872
CC(C)CCCl,293,0.875,0.8849,0.00101,0.986
CCCCCCCOC(C)=O,288,0.875,0.9025,0.00072,0.9937
C=CC1(C)CCC(C(=C)C)CC1C(=C)C,293,0.8749,0.8985,0.00056,0.9204
CCC(C)(C)c1ccccc1,293,0.8748,0.8993,0.0005,0.9684
CCC(C)OC(C)=O,293,0.8748,0.9097,0.00065,0.9741
CCc1cc(C)cc(CC)c1,293,0.8748,0.8943,0.00069,0.9767
CCCCCCCCOC=O,293,0.8744,0.8987,0.00056,0.9689
CCC(C)COC(C)=O,293,0.874,0.902,0.00028,0.9695
CCc1ccc(CC)c(CC)c1,293,0.8738,0.9024,0.00044,0.9473
CCCC(=O)OCC,298,0.8735,0.8966,0.00088,0.9993
CCCCCCCCCl,293,0.8734,0.8899,0.00069,0.993
CCC(C)Cl,293,0.8732,0.8928,0.0005,0.9641
CCc1cc(C)ccc1C,298,0.8732,0.905,0.00054,0.9624
CCC(Cl)CC,293,0.8731,0.894,0.00068,0.9642
CCCCCC(=O)OCC,293,0.873,0.8937,0.00088,0.992
CCCCCCCCCC(=O)OC,293,0.873,0.8976,0.00055,0.9919
CCCOC(=O)CCC,293,0.873,0.899,0.00057,0.9992
CC(C)OC=O,293,0.8728,0.9193,0.00072,0.9685
COCCCN,293,0.8727,0.8685,0.00068,0.9865
CCC(C)ON=O,293,0.8726,0.9302,0.00083,0.8575
CC(C)=CC=O,293,0.8722,0.8922,0.00058,0.9337
CC(C)(C)OC=O,298,0.872,0.9169,0.00048,0.9671
CN(C)CCCO,298,0.872,0.8868,0.00035,0.9871
CC(=O)OC(C)C,293,0.8718,0.9114,0.00056,0.9789
CCCCC(CC)COC(C)=O,293,0.8718,0.8963,0.00068,0.9582
CCCCCOC(=O)CCC,288,0.8713,0.896,0.00068,0.9942
CC(=O)OCC(C)C,293,0.8712,0.9022,0.00064,0.9788
C/C=C(\C)C=O,293,0.871,0.8925,0.0006,0.9416
CCCC(Cl)CCC,293,0.871,0.8891,0.00076,0.9603
CCCCOC(=O)CCCC,288,0.871,0.8968,0.00057,0.9927
CCOC(=O)CCC(C)CC,293,0.8708,0.8936,0.0006,0.977
CCCCCCCCCCl,293,0.8706,0.8889,0.00045,0.993
CCc1ccc(C)c(C)c1,298,0.8706,0.9032,0.00069,0.983
CCCCCCCCOC(C)=O,293,0.8705,0.895,0.00046,0.9937
CCOC(=O)CCC(C)C,293,0.8705,0.8907,0.00059,0.986
CN(C)CCC#N,293,0.8705,0.8937,0.00063,0.9721
C#CC(O)CCC,293,0.8704,0.9133,0.00084,0.9011
CC(C)c1ccccc1C(C)C,293,0.8701,0.8983,0.00094,0.9357
C=C(C)/C=C/[C@@H](CCC(C)=O)C(C)C,293,0.87,0.8929,0.00051,0.9452
C[C@H](CO)OC(C)(C)C,298,0.87,0.8912,0.00056,0.9683
C=CC(C)(O)CCC=C(C)C,288,0.87,0.8957,0.00053,0.9593
CCCC(C)COC(C)=O,298,0.87,0.8938,0.00067,0.968
CCCCOC(=O)CCC,293,0.87,0.8924,0.00046,0.995
CC(C)CON=O,295,0.8699,0.927,0.00087,0.8621
CCCCC(=O)OCCC,293,0.8699,0.8958,0.00059,0.9927
CCCCCCOC(=O)CC,293,0.8698,0.8952,0.00097,0.9938
CCC(=O)OCCC(C)C,293,0.8697,0.8931,0.0005,0.986
CCCc1ccccc1C,298,0.8697,0.9026,0.00059,0.9631
CCCCCCCCCCCl,293,0.8696,0.8868,0.00075,0.993
CCC(C)(O)CCC=C(C)C,288,0.8695,0.8671,0.00061,0.9593
CCCCC(C)Cl,294,0.8694,0.8904,0.00066,0.9624
CCCCC(Cl)CC,293,0.869,0.8919,0.00065,0.9623
CN=[N+]=[N-],288,0.869,0.9321,0.0007,0.9574
C#CC(C)(O)CC,293,0.8688,0.9083,0.0005,0.9026
CC(C)ON=O,288,0.8684,0.9402,0.00078,0.8559
CCCC(Cl)CC,293,0.8684,0.892,0.00049,0.9625
C1=CCCCC=C1,298,0.868,0.9028,0.00072,0.908
CCOC(=O)C(C)C,293,0.868,0.8938,0.00066,0.9554
C=C(CCC=C(C)C)[C@H]1CC=C(C)CC1,293,0.8673,0.8938,0.00062,0.9115
CCCCCCCCCCCCCl,293,0.8673,0.8876,0.0004,0.993
CCCCCC(=O)OCCC,293,0.8672,0.893,0.00042,0.992
CCCCCC(C)Cl,293,0.8672,0.8893,0.00069,0.9624
CCCCCCCCCCOC(C)=O,293,0.8671,0.8918,0.0005,0.9937
CC(C)(C)N=C=O,280,0.867,0.9026,0.00084,0.91
CC(C)(C)ON=O,293,0.867,0.9121,0.00087,0.8552
CCN(O)CC,293,0.8669,0.9002,0.00075,0.9293
Cc1cc(C)cc(C(C)(C)C)c1,293,0.8668,0.8975,0.0006,0.9695
Cc1ccccc1,293,0.8668,0.8963,0.00055,0.9982
CC(=O)OC(C)(C)C,293,0.8665,0.905,0.00105,0.9812
CC(C)(C)c1ccccc1,293,0.8665,0.8967,0.00046,0.9729
CCCCCCCCOC(=O)CC,293,0.8663,0.8924,0.00054,0.9937
C/C=C\CO,293,0.8662,0.914,0.00064,0.9668
CC(C)(C)CCl,293,0.866,0.8852,0.00062,0.9832
CC(C)N=C=O,298,0.866,0.9088,0.00088,0.9131
CCC(=O)OC(C)C,293,0.866,0.9014,0.00094,0.9791
CCCCCCCC(=O)OCC,291,0.866,0.8908,0.00043,0.9919
CCN(CC)CC#N,293,0.866,0.8838,0.0007,0.9393
CCCCCCCC(=O)OCCC,293,0.8659,0.8883,0.00051,0.9919
CCCCCCC(C)Cl,290,0.8658,0.8893,0.00062,0.9624
CCC(=O)OC(C)CC,293,0.8657,0.9014,0.00086,0.9743
CCC=O,298,0.8657,0.7949,0.00063,0.965
CCCCCCCCC(=O)OCC,293,0.8657,0.8894,0.00064,0.9919
Cc1cccc(C(C)(C)C)c1,293,0.8657,0.8978,0.00054,0.9726
CCOC(=O)CC(C)C,293,0.8656,0.887,0.00055,0.9854
CC(=O)C=C(C)C,293,0.8653,0.8926,0.00085,0.9247
CCC(C)(C)Cl,293,0.8653,0.9071,0.0005,0.9454
CCCCCC(=O)OCCCC,293,0.8653,0.8888,0.0003,0.992
CCCCCCOC(=O)CCC,293,0.8652,0.8877,0.00058,0.9938
CCCC(=O)OCCC(C)C,292,0.865,0.8853,0.00066,0.986
CCCCCCCCCC(=O)OCC,293,0.865,0.8875,0.00048,0.9919
CCCCCCOC(=O)CCCCC,291,0.865,0.8875,0.00068,0.992
CN(C)CC#N,293,0.8649,0.892,0.00068,0.9402
CCC(OC)OC,293,0.8648,0.8587,0.00082,0.9533
CCc1cccc(C)c1,293,0.8645,0.8952,0.00061,0.983
CCc1ccc(C(C)(C)C)cc1,293,0.8641,0.8959,0.00057,0.9729
CCCC/C=C/C=O,290,0.864,0.8718,0.00054,0.9409
C=CC(C)=O,293,0.864,0.8791,0.00051,0.9541
CC(C)c1ccccc1,298,0.864,0.8874,0.00055,0.9664
CCCCCCC(=O)OCCCC,293,0.8638,0.8879,0.0004,0.9919
CCCCCOC(=O)CCCC,293,0.8638,0.8901,0.00055,0.9927
CCCCCCCOC(=O)CCC,293,0.8637,0.888,0.00049,0.9937
COCCOC,298,0.8637,0.8723,0.00065,0.9997
CCCCCCOC(=O)CCCC,293,0.8635,0.8859,0.00039,0.9927
CCCCCCCCCCC(=O)OCC,293,0.8633,0.8877,0.0007,0.9919
CC1=CCC(=C(C)C)CC1,288,0.8632,0.89,0.00053,0.8862
CCc1cc(CC)cc(CC)c1,293,0.8631,0.8951,0.00044,0.9723
CCCCCCCCOC(=O)CCC,293,0.8629,0.8861,0.00053,0.9937
CCCCCCCC(=O)OCCCC,293,0.8628,0.8848,0.00063,0.9919
CC(C)CCOC(=O)C(C)C,293,0.8627,0.8807,0.00058,0.9554
CCCCCCC(C)OC(C)=O,287,0.8626,0.8968,0.0008,0.9727
CCc1ccccc1,298,0.8626,0.8917,0.00041,0.9829
CCCCC(=O)OCC(C)C,298,0.8625,0.8834,0.00054,0.9788
C/C=C/C(C)=O,293,0.8624,0.8734,0.00068,0.946
C=CC1=CCCCC1,288,0.8623,0.8848,0.00053,0.898
CCCCCCC(=O)OCCCCC,293,0.8623,0.8862,0.0006,0.9919
CCCCCCCOC(=O)CCCC,293,0.8623,0.8866,0.00056,0.9927
CC(C)OC(OC(C)C)OC(C)C,293,0.8621,0.8858,0.00053,0.9115
CCC(C)c1ccccc1,293,0.8621,0.89,0.00072,0.961
C=CC(OC)OC,298,0.862,0.892,0.00063,0.9332
CCCCCCCCON=O,290,0.862,0.9159,0.00075,0.8608
CCCCOC(=O)C(C)CC,293,0.862,0.887,0.0008,0.9506
CCc1ccc(CC)cc1,293,0.862,0.895,0.00051,0.9829
C#CC(C)O,293,0.8618,0.967,0.00056,0.9007
CCCOC(=O)CC(C)C,293,0.8617,0.8856,0.00081,0.9854
Cc1cc(C)cc(C)c1,298,0.8615,0.8917,0.00062,0.9988
CCc1ccc(C)cc1,293,0.8614,0.8948,0.00051,0.9829
CCCCCCCC(=O)OCCCCC,293,0.8613,0.8851,0.00037,0.9919
CCCCCOC(=O)CCCCC,298,0.8612,0.8833,0.00049,0.992
Cc1ccc(C(C)(C)C)cc1,293,0.8612,0.8937,0.00045,0.9729
CC(C)CC(C)Cl,293,0.861,0.88,0.00047,0.9614
CCCCCC(=O)OCCC(C)C,293,0.861,0.8817,0.00065,0.986
Cc1cccc(C(C)C)c1,293,0.861,0.8949,0.00069,0.9667
CCc1cc(C)cc(C)c1,298,0.8608,0.8899,0.00068,0.9776
CCc1cccc(CC)c1,293,0.8602,0.8951,0.00056,0.9793
CCCCc1ccccc1,293,0.8601,0.8902,0.00077,0.9845
C=C1CCC2CC1C2(C)C,298,0.86,0.8835,0.00056,0.8965
C=CC(O)C=C,296,0.86,0.9362,0.00043,0.9404
CCC1CC2C=CC1C2,298,0.86,0.9079,0.00099,0.9349
CCCCCCCCCOC=O,298,0.86,0.8913,0.00081,0.9689
CCN(CC)CCCO,293,0.86,0.8782,0.00051,0.967
CN1CCN(C)CC1,293,0.86,0.8945,0.00074,0.9952
Cc1cccc(C)c1,298,0.8596,0.8913,0.00059,0.9976
CCCCCCC(=O)OCC(C)C,293,0.8593,0.8828,0.00099,0.9788
CCCc1ccccc1,298,0.8593,0.8897,0.00092,0.9855
COCOC,293,0.8593,0.8327,0.00072,0.9553
CC(C)=CCC[C@H](C)CCO,291,0.859,0.8786,0.00042,0.9593
CC1CO1,273,0.859,0.8898,0.00069,0.8847
CCOC(OCC)N(C)C,298,0.859,0.8763,0.00045,0.9131
CCCC(=O)OC(C)C,293,0.8588,0.8895,0.00082,0.9791
CCCCC(CC)C(=O)OCC,298,0.8586,0.881,0.00057,0.9421
CCCCCc1ccccc1,293,0.8585,0.8894,0.00044,0.9845
CCCCCCCCCc1ccccc1,293,0.8584,0.8839,0.00083,0.9845
CC(C)CCOC(=O)CC(C)C,292,0.8583,0.8765,0.00068,0.9854
CC/C=C(\C)C=O,293,0.8581,0.8877,0.00042,0.9298
CC(C)(C)Cc1ccccc1,291,0.8581,0.8797,0.0005,0.9752
CCCCC(=O)OC(C)C,293,0.8579,0.8868,0.00053,0.9791
CCCCCCc1ccccc1,293,0.8575,0.8864,0.0004,0.9845
CC(C)c1ccc(C(C)C)c(C(C)C)c1,298,0.8574,0.8884,0.00048,0.9301
Cc1ccc(C(C)C)cc1,293,0.8573,0.89,0.00082,0.9664
CCC1CCCO1,292,0.857,0.8835,0.0006,0.9594
CCCc1cccc(C)c1,298,0.8569,0.8887,0.00068,0.9847
CC(C)c1ccc(C(C)C)cc1,293,0.8568,0.8917,0.00094,0.9664
CCCCCCCc1ccccc1,293,0.8567,0.8853,0.00057,0.9845
CCCCCCCCc1ccccc1,293,0.8562,0.886,0.00084,0.9845
CC(C)CCc1ccccc1,293,0.856,0.8849,0.00042,0.9836
CCOC(=O)C(C)(C)C,293,0.856,0.8802,0.00061,0.9567
C/C=C\C(=O)CC,293,0.8559,0.9028,0.00046,0.9458
CC(C)c1cccc(C(C)C)c1,293,0.8559,0.8922,0.00064,0.9667
CCC/C=C(/C=O)CC,293,0.8554,0.8847,0.0007,0.9225
CC1CCCO1,293,0.8552,0.8839,0.00059,0.9612
CC(C)=CCC[C@@H](C)CCO,293,0.855,0.8774,0.00053,0.9593
C=C(C)CCC[C@H](C)CCO,293,0.8549,0.8739,0.0004,0.9607
CC(=O)/C=C/C(C)C,301,0.8549,0.8663,0.00073,0.9311
CC1=CC[C@@H]2[C@H](C1)C2(C)C,303,0.8549,0.8797,0.00035,0.8735
CC(=O)CCC=C(C)C,289,0.8546,0.8785,0.00045,0.9594
CC(C)=CCCC(C)O,293,0.8545,0.8667,0.00054,0.9593
CC(C)c1cc(C(C)C)cc(C(C)C)c1,293,0.8545,0.8927,0.00054,0.9667
CCCc1ccc(C)cc1,298,0.8544,0.8881,0.00039,0.9855
C=CC(OCC)OCC,288,0.8543,0.8799,0.00075,0.9346
CC(C)COC(=O)C(C)C,293,0.8542,0.8837,0.00076,0.9554
C=CCO,293,0.854,0.9183,0.00059,0.9692
CCCCC(C=O)CC,293,0.854,0.8406,0.00047,0.9441
CC(C)CC(=O)OC(C)C,290,0.8538,0.8807,0.00065,0.9791
CC/C=C\CC=O,295,0.8533,0.8607,0.00047,0.9592
CC(C)Cc1ccccc1,293,0.8532,0.8819,0.00061,0.9807
C=C(C)C(C)O,290,0.8531,0.8907,0.00056,0.9517
CC(C)=CCC[C@@H](C)CC=O,293,0.853,0.8682,0.00064,0.9593
C1CCC2CC2C1,298,0.853,0.8896,0.00072,0.9183
CC(C)COC(=O)CC(C)C,293,0.853,0.8779,0.00053,0.9788
CC/C=C\CO,293,0.8529,0.8998,0.0006,0.9666
C=C(C)C(C)=O,293,0.8527,0.8856,0.00058,0.9751
C/C=C/CO,293,0.8521,0.9056,0.00049,0.9668
C=C1C=C[C@H](C(C)C)CC1,293,0.852,0.8726,0.0006,0.9096
C=CCCC=O,293,0.852,0.8583,0.00068,0.9663
CCCCCCCCC(=O)OCCCC,298,0.852,0.8816,0.00082,0.9919
C/C=C/C=O,293,0.8516,0.8654,0.00077,0.9496
CCCC/C=C/CO,293,0.8516,0.8892,0.00052,0.9666
C=C(C)CO,293,0.8515,0.8951,0.00038,0.9584
C/C=C/CCCO,293,0.8513,0.8801,0.00034,0.9892
COC(C)OC,293,0.8501,0.859,0.00087,0.9593
CCCCC/C=C/CO,293,0.85,0.8854,0.00079,0.9666
CCCCCS,293,0.85,0.8558,0.00072,0.9223
CCC/C=C/C=O,293,0.8491,0.8708,0.00075,0.9415
CCC/C=C/CO,289,0.849,0.8936,0.0005,0.9666
CC1=CCC(C(C)C)=CC1,293,0.849,0.8592,0.00044,0.8932
CC(C)=CCO,298,0.848,0.8959,0.0007,0.951
CC/C=C\CCO,295,0.8478,0.8818,0.0008,0.9841
CC(=O)OC(C)CCCC(C)C,293,0.8474,0.8899,0.00059,0.9727
CCCCCC/C=C/C(C)=O,293,0.8473,0.8736,0.00063,0.9426
CCC/C=C\CO,293,0.8472,0.8951,0.00066,0.9666
CC/C=C/CO,293,0.8471,0.8964,0.00054,0.9666
C1=CCC=CC1,293,0.8471,0.8553,0.0008,0.9183
CC(C)OC(=O)C(C)C,294,0.8471,0.8816,0.0004,0.9552
COC(C)(C)OC,298,0.847,0.8692,0.00084,0.9639
C=CC(=O)CC,293,0.8468,0.8954,0.00061,0.9547
CC1CCC2CC1C2(C)C,294,0.8467,0.8576,0.00052,0.912
CCCCC/C=C/C=O,298,0.846,0.8669,0.00048,0.9409
C=C(C)CCC(C)=O,293,0.846,0.8739,0.00062,0.9599
CCOCCOC,298,0.846,0.8578,0.00082,0.9943
CCCCCCCCCCCCC(=O)O,353,0.8458,0.8736,0.00056,0.9885
C=CCCCO,293,0.8457,0.8786,0.00049,0.9906
CC1=CCC(C(C)C)CC1,288,0.8457,0.8473,0.00047,0.9105
CCCCCCCCCCCS,293,0.8448,0.8644,0.00066,0.9223
CC1CCCNC1,299,0.8446,0.8639,0.00075,0.9636
CCCCCCCCCCS,293,0.8443,0.8654,0.0005,0.9223
CCC[C@H]1CCCCN1,293,0.844,0.8651,0.00038,0.9525
CC(C)(C)CCO,288,0.844,0.8379,0.00044,0.9855
CCCCCCCCCCCCS,293,0.844,0.8667,0.00077,0.9223
C1CNC1,293,0.8436,0.8529,0.00071,0.8933
CC1CCCCN1,297,0.8436,0.858,0.00055,0.9592
CCCCCCCCS,293,0.8433,0.8605,0.00095,0.9223
CCCCCSC,293,0.8431,0.8607,0.00044,0.9542
C=C(C)[C@@H]1CC=C(C)CC1,293,0.843,0.8747,0.00044,0.9115
CCCCCCCS,293,0.8427,0.8604,0.00055,0.9223
CCCCSC,293,0.8426,0.8586,0.00044,0.9542
CCC(C)CC(O)CC,298,0.8425,0.8255,0.00048,0.9769
C=CCCO,293,0.8424,0.8848,0.0004,0.9837
CCCCCCS,293,0.8424,0.8597,0.00062,0.9223
CCCSC,293,0.8424,0.8582,0.00043,0.9538
CCSC,293,0.8422,0.8591,0.00063,0.9529
C=CCCC(C)O,289,0.842,0.8684,0.00053,0.9889
CC(C)(C)Cl,293,0.842,0.8976,0.00087,0.9446
CCCCS,293,0.8416,0.854,0.00072,0.9223
C=C(C)[C@H]1CC=C(C)CC1,293,0.8411,0.874,0.00044,0.9115
C=C(C)CC(C)=O,293,0.8411,0.8651,0.00065,0.9592
CCCCCCSCCCCCC,293,0.8411,0.863,0.00061,0.9499
CCCS,293,0.8411,0.853,0.00052,0.9216
C=C/C(C)=C/C/C=C(\C)CCC=C(C)C,293,0.841,0.8599,0.00048,0.9371
C=CC1CC2C=CC1C2,298,0.841,0.9444,0.00066,0.9353
CC(C)(N)CN,298,0.841,0.835,0.00052,0.9829
CC1CCO1,298,0.841,0.7867,0.00102,0.8939
CCC(S)CC,293,0.841,0.855,0.00075,0.9236
CCC(O)(CC)CC,295,0.8407,0.8319,0.00066,0.9713
CCCCCSCCCCC,293,0.8407,0.862,0.0004,0.9499
C1=CCCC=C1,293,0.8405,0.8838,0.00065,0.9188
C1=C\CC/C=C/CC/C=C\CC/1,373,0.84,0.8967,0.00073,0.9866
C=C(C)C=O,298,0.84,0.8681,0.00072,0.9665
C=CC=O,293,0.84,0.8517,0.00059,0.9561
CC(C)=CC(C)O,288,0.84,0.8838,0.00047,0.9369
C=CC(O)CCCCC,286,0.8395,0.875,0.00076,0.9662
C=CC(O)CC,293,0.839,0.8771,0.00076,0.967
CC(C)=NN=C(C)C,293,0.839,0.8278,0.00057,0.8551
CCCCSCCCC,293,0.8386,0.8605,0.00105,0.9499
C=CCC(O)CCC,295,0.8384,0.85,0.00052,0.9802
C=CC(C)(O)CC(C)C,293,0.8382,0.8601,0.00073,0.9677
C=C1CC=C(C(C)C)CC1,295,0.838,0.8684,0.0006,0.8912
CCCCSCC,293,0.8376,0.8611,0.00064,0.9499
CC1=CC=C(C(C)C)CC1,292,0.8375,0.8618,0.00083,0.893
CC/C=C/C#N,298,0.837,0.8324,0.00042,0.9419
CC(O)CN(C)C,298,0.837,0.8483,0.00094,0.9832
CCCSCC,293,0.837,0.8605,0.00065,0.9498
C=CCC(C)O,293,0.8367,0.8636,0.00099,0.9808
CC1(C)CCCC(C)(C)N1,289,0.8367,0.8538,0.00084,0.9467
CCCC(=O)OCC(C)C,291,0.8364,0.8904,0.0004,0.9788
C=CC(=C)CC/C=C(\C)CCC=C(C)C,293,0.8363,0.855,0.00055,0.9357
CC(C)CSCC(C)C,283,0.8363,0.8594,0.00069,0.9506
CCSCC,293,0.8362,0.859,0.00067,0.9486
C=C1CCCCC1=C,293,0.8361,0.8989,0.0008,0.8979
CCC(C)C(O)C(C)CC,291,0.836,0.8406,0.00056,0.9646
CC(C)CS,293,0.8357,0.8498,0.00053,0.9226
CCOCCOCC,298,0.8351,0.8493,0.00076,0.9943
CC(C)CCS,293,0.835,0.8492,0.00068,0.9228
CCCC(C)(C)O,289,0.835,0.8243,0.00058,0.9877
CCCC(O)(CC)CCC,293,0.835,0.8365,0.00041,0.9707
CCC(C)SC(C)CC,293,0.8348,0.8649,0.00052,0.9348
CCC(C)CCC(C)(O)CC,295,0.8347,0.8383,0.00036,0.9765
CCCOCOCCC,293,0.8345,0.8451,0.0006,0.9586
C=CCC#N,293,0.8341,0.8858,0.00069,0.9568
C=CC(O)CCC,295,0.834,0.8665,0.00082,0.9665
CC1(C)COC1,298,0.834,0.7984,0.00063,0.8786
CCCCOCOCCCC,293,0.8339,0.8481,0.00088,0.9586
CCCCCC=O,293,0.8335,0.8265,0.00046,0.9665
C=CCCC(C)=O,300,0.833,0.8613,0.00046,0.9845
CCC(C)(O)C(C)C,293,0.833,0.8351,0.0008,0.9683
CCCC(O)C(C)CC,298,0.8329,0.8255,0.00067,0.9648
C/C=C/C(C)O,298,0.8328,0.8783,0.00052,0.9651
NC1CCC1,293,0.8328,0.8861,0.00073,0.8921
CCCC(C)S,293,0.8327,0.8493,0.00067,0.9238
CCC(CC)CO,293,0.8326,0.8486,0.00079,0.9628
CC(C)CCSCCC(C)C,293,0.8323,0.8533,0.00048,0.9499
C1CN1,298,0.832,0.9184,0.00058,0.9103
CC(C)CCCC(C)CCO,298,0.832,0.8435,0.00055,0.9763
CCCCC(CC)CO,298,0.8319,0.845,0.00074,0.9612
CCCCOCCOCCCC,298,0.8319,0.8516,0.00075,0.992
CCOCOCC,293,0.8319,0.827,0.00093,0.9577
CCCOCCOCCC,298,0.8312,0.8516,0.00043,0.992
CCC(C)C(C)O,293,0.8307,0.8361,0.00065,0.9667
CCC(=O)CCC(C)C,293,0.8304,0.8465,0.00066,0.9821
CC1=CCC2(C(C)C)CC12,293,0.8301,0.8623,0.00061,0.8564
C#CCOC,285,0.83,0.8496,0.00056,0.9019
CCCCCCCCCC=O,288,0.83,0.8472,0.00047,0.9665
C=CC1CC=CCC1,293,0.8299,0.8706,0.00067,0.9168
CCC1CO1,293,0.8297,0.8706,0.00046,0.8861
C=C/C=C\OC,293,0.8296,0.868,0.0007,0.9427
CCC(C)S,293,0.8295,0.8488,0.00037,0.9236
CSC(C)C,293,0.8291,0.8574,0.00079,0.952
CCCCC(OCC)OCC,295,0.829,0.8476,0.00044,0.9512
CC(C)C(O)C(C)C,293,0.8288,0.8221,0.00045,0.9683
CCC(C)(O)CC,293,0.8286,0.8272,0.00044,0.9837
CCC(C)(C)CO,293,0.8283,0.8407,0.00065,0.9776
CCCCC(C)(O)CC,293,0.8282,0.8343,0.00077,0.9833
CCN(CC)CCN,293,0.828,0.8136,0.00064,0.9662
CCNCCNCC,293,0.828,0.8302,0.00056,0.9899
CNCCNC,288,0.828,0.8404,0.001,0.9938
CNNC,293,0.8274,0.8377,0.00034,0.9465
C=CC(=C)OC,293,0.8272,0.8799,0.00086,0.914
CN(C)CCCN,293,0.8272,0.8237,0.00048,0.9849
CCCC(C)C(O)CC,298,0.827,0.8276,0.00063,0.9637
CCCCCCCC(O)CC,293,0.827,0.8389,0.00043,0.9824
CCCSC(C)C,293,0.8269,0.8593,0.00074,0.9444
CCCC(C)CO,293,0.8263,0.8419,0.00072,0.9706
CCCCCCCCO,298,0.8262,0.8455,0.00057,0.9937
CCCCCCC(O)CCC,293,0.8261,0.835,0.00058,0.9816
C=CCOCC=C,293,0.826,0.8327,0.00051,0.9695
CC(C)N(CCO)C(C)C,298,0.826,0.8549,0.00046,0.952
CC1=CCCC=C1,291,0.826,0.8712,0.00058,0.9109
CCC(C)(O)CCCC(C)C,298,0.826,0.8302,0.00039,0.9833
CCCCCC(O)CC,293,0.8258,0.8305,0.0008,0.9824
CCOC(C)OCC,293,0.8254,0.846,0.00063,0.9591
CCC(O)C(C)(C)C,293,0.8253,0.8268,0.00059,0.9715
CCCCCCCC(=O)CC,293,0.8251,0.8531,0.00048,0.9827
CCOC(CC)OCC,293,0.825,0.8457,0.0008,0.9532
CCCC(C)(O)CCC,293,0.8248,0.8285,0.00053,0.9828
CCSC(C)C,293,0.8246,0.8583,0.00078,0.9422
CCC(O)C(C)C,293,0.8243,0.8203,0.00053,0.9724
CCC(C)CCO,293,0.8242,0.844,0.00048,0.9776
C=C1C=CC=C1,293,0.8241,0.9017,0.00053,0.8601
CC(C)(C)C(=O)C(C)(C)C,291,0.824,0.8602,0.00073,0.9387
CCCCC(C)CCO,297,0.824,0.8453,0.00064,0.9763
CCCCCCC(=O)CCC,293,0.824,0.8466,0.00056,0.9807
CCOOCC,292,0.824,0.8476,0.00064,0.903
NC1CC1,293,0.824,0.9224,0.00037,0.8602
C/C=C/C#N,293,0.8239,0.8213,0.00043,0.942
C=CCCC#N,297,0.8239,0.8621,0.00066,0.9721
CC(C)C(C)(C)O,293,0.8236,0.8314,0.00051,0.9695
CC(CCO)CC(C)(C)C,298,0.8236,0.8443,0.00058,0.9762
CCCCCCCCCC(C)O,298,0.8234,0.8414,0.00067,0.9889
CCCC(C)(O)CC,293,0.8233,0.8261,0.00061,0.9835
C1=CCCCCC1,293,0.8228,0.864,0.00069,0.9179
C[C@@H]1O[C@@H]1C,298,0.8226,0.8418,0.00076,0.8897
CC(C)(C)CC(C)(C)O,293,0.8225,0.8324,0.0006,0.966
CC1=C(C)CCCC1,298,0.822,0.8452,0.0004,0.8983
CC=C1CCCCC1,298,0.822,0.8494,0.00087,0.8995
CCCC(C)C(C)O,298,0.822,0.8288,0.00061,0.9655
CCCCCC(=O)CC,298,0.822,0.8442,0.00061,0.9827
CCN(CC)CCCN,293,0.822,0.8275,0.0008,0.9669
CC1CCC(C)C(C)C1C,293,0.8219,0.8148,0.00056,0.9493
CCCCCCCO,293,0.8219,0.8464,0.00075,0.9937
CC(C)CCCC(C)O,293,0.8218,0.8322,0.00076,0.9858
CCCCCCCC=O,293,0.8211,0.8368,0.00055,0.9665
CCCCCCC(C)(C)O,293,0.821,0.8348,0.0008,0.9874
CCCC(O)CC(C)C,293,0.8207,0.8221,0.00056,0.9807
CCC(O)CC,293,0.8203,0.8192,0.00058,0.9828
CCCC(C)CC=O,293,0.8203,0.8284,0.00043,0.9664
C#COCCCC,293,0.82,0.8357,0.00068,0.901
C=CC(C)(C)O,293,0.82,0.8654,0.00058,0.9698
CCCCCCC(C)=O,293,0.82,0.8404,0.00076,0.9919
CCOC(C)(C)OCC,294,0.82,0.8525,0.00073,0.9634
CCCCCCCCCCF,293,0.8194,0.8419,0.00047,0.9636
CCCCCCC(C)O,293,0.8193,0.8382,0.00048,0.9889
CC(C)CCCCO,297,0.8192,0.8372,0.00049,0.9858
C#CCNC,298,0.819,0.8211,0.00055,0.9008
CN1CCCC1,293,0.8188,0.8299,0.0011,0.9503
CC(C)CCCC(C)(C)O,293,0.8186,0.8271,0.00043,0.9858
CCCC(O)CCC,293,0.8183,0.8219,0.00056,0.9819
CCCCC(=O)CC,293,0.8183,0.8455,0.00062,0.9827
C#CCCCCCCCC#C,294,0.8182,0.8395,0.00051,0.8965
CCCC(O)CC,293,0.8182,0.8213,0.00067,0.9827
CC(C)C(C)O,293,0.818,0.8275,0.00031,0.974
CC(C)CC(C)CC(O)CC(C)C,293,0.8178,0.83,0.00075,0.9748
CCCCC(C)C(C)O,298,0.8177,0.8356,0.00038,0.9651
CC(C)CCCCCO,298,0.8176,0.8415,0.00045,0.9858
CCC1=CCCCC1,298,0.8176,0.8394,0.00089,0.8988
CCC(C)CCC(C)O,294,0.8174,0.8368,0.00075,0.9766
CCCC(=O)CCC,293,0.8174,0.8356,0.00048,0.9816
C#CCCCCC#C,294,0.8169,0.832,0.00046,0.8965
CCCCCC(C)O,293,0.8167,0.8344,0.00073,0.9889
C=CC1CCCCC1,292,0.8166,0.8378,0.00057,0.9481
C#CCCCC#C,290,0.8164,0.828,0.00058,0.8965
CCCCCCCCCC1CCCCC1,293,0.8163,0.8386,0.00059,0.959
CCCCC(C)O,293,0.8159,0.8286,0.00071,0.9889
CC1(C)OC1(C)C,289,0.8156,0.826,0.00092,0.8715
CCC(C)CO,298,0.8152,0.8358,0.00051,0.9716
CC(=O)CCCC(C)C,293,0.8151,0.8344,0.00073,0.9858
CC(C)(C)SC(C)(C)C,298,0.815,0.8722,0.00036,0.9138
CCCCC(=O)CCC,298,0.8146,0.8376,0.00054,0.9807
CCCCCO,293,0.8144,0.8401,0.00078,0.994
CC(C)S,293,0.8143,0.8379,0.00048,0.9232
CC(C)SC(C)C,293,0.8142,0.8564,0.00032,0.9323
CCCCCC(C)(C)O,293,0.8142,0.8293,0.00064,0.9874
CC(C)CCC(C)O,293,0.814,0.8304,0.00063,0.9858
CCC(=O)C(C)C,291,0.814,0.8501,0.00062,0.9597
CCCSCCC,290,0.814,0.8622,0.00062,0.9499
CCCCCCCCC1CCCCC1,293,0.8138,0.8364,0.00071,0.959
CCCCCCCC#N,293,0.8136,0.8387,0.00046,0.9765
CCCCCCO,293,0.8136,0.8428,0.00059,0.9937
CCCCCCC=O,298,0.8132,0.8281,0.00063,0.9665
CC(C)CCCO,293,0.8131,0.8392,0.0006,0.9858
CCC(C)C1CCCCC1,293,0.8131,0.8272,0.00068,0.9512
CCCC(=O)CC(C)C,295,0.813,0.828,0.00091,0.9805
CC(C)(C)C1CCCCC1,293,0.8127,0.8273,0.0008,0.9459
CCC(=O)C(C)(C)C,293,0.8125,0.849,0.00051,0.9648
C=COCCCCCCCCCC,293,0.812,0.8361,0.00035,0.9798
CC1CN1,289,0.812,0.8799,0.00068,0.8981
CCC(C)(C)S,293,0.812,0.8538,0.00053,0.9177
CCCCP(CCCC)CCCC,298,0.812,0.877,0.00052,0.8807
CCCCC(C)(C)O,293,0.8119,0.8269,0.00046,0.9877
C/C=C(C)/C=C/C=C(C)C,293,0.8118,0.8332,0.00041,0.9307
CCCC(=O)CC,293,0.8118,0.8393,0.00069,0.9836
CCCCCCCCF,293,0.8116,0.8345,0.00071,0.9636
CC(C)CC(O)CC(C)C,293,0.8114,0.8211,0.00045,0.9804
CCCCC(C)=O,293,0.8113,0.8324,0.00057,0.9926
CC1(C)CO1,293,0.8112,0.8151,0.00068,0.8755
CCCCCC(C)=O,293,0.8111,0.8351,0.0008,0.9921
C1=CCCCC1,293,0.811,0.8411,0.00037,0.9189
CCC(C=O)CC,293,0.811,0.832,0.00053,0.9457
CCCCCCCCCCC1CCCC1,293,0.811,0.8354,0.00035,0.9427
CCCCCCCC1CCCCC1,293,0.8109,0.8321,0.00041,0.959
CC(C)C(=O)C(C)C,293,0.8108,0.8412,0.00066,0.9526
CCCCCC(C)(O)CC,298,0.8108,0.8321,0.00042,0.9833
CCCCCCC#N,293,0.8106,0.8353,0.00054,0.9765
CC(C)CCO,293,0.8104,0.8311,0.00084,0.9861
CC(C)CC(C)(C)O,293,0.8103,0.8196,0.00037,0.9753
CC1=CCCCC1,293,0.8102,0.8369,0.0007,0.9078
CC1=CC=CC1,293,0.81,0.82,0.00054,0.8971
COC1CC1,293,0.81,0.8575,0.00072,0.8739
C1CCCCCC1,293,0.8098,0.8262,0.0004,0.9935
CCC(=O)CC,298,0.8098,0.8429,0.00096,0.9842
CCC(C)(C)O,293,0.8096,0.8217,0.00055,0.9896
CCCCC=O,293,0.8095,0.8199,0.00057,0.9665
CCCCO,293,0.8095,0.8338,0.00072,0.9935
CCCC(C)O,293,0.8094,0.8238,0.00072,0.9889
CCCC(=O)C(C)C,293,0.8091,0.8421,0.00056,0.9594
C=CCN(CC=C)CC=C,293,0.809,0.8395,0.00076,0.9579
CC(=O)CC(C)(C)C,298,0.809,0.8161,0.00052,0.9825
CCCC(C)=O,293,0.809,0.8238,0.00044,0.9926
CCCCCCCCCC1CCCC1,293,0.8081,0.8332,0.00059,0.9427
CCC(C)(C)OOC(C)(C)CC,293,0.808,0.8528,0.00071,0.9009
CCCCCCC1CCCCC1,293,0.8076,0.829,0.00054,0.959
CC(C)CC(C)O,293,0.8075,0.8233,0.00065,0.981
C=C1CCCCC1,293,0.8074,0.8461,0.0006,0.9032
CC(C)C(=O)C(C)(C)C,293,0.8065,0.8409,0.00078,0.9467
CCCC(C)CCCO,298,0.8065,0.8467,0.0007,0.9759
CC(C)CC(=O)CC(C)C,293,0.8062,0.8271,0.00057,0.9788
CCCCCCCF,293,0.8062,0.8291,0.00067,0.9636
CC(C)N=C=NC(C)C,298,0.806,0.844,0.00062,0.9019
CN(C)CCCCCCN(C)C,298,0.806,0.8185,0.00074,0.99
CC(=O)C(C)C,293,0.8051,0.833,0.00047,0.9585
CCCCCC#N,293,0.8051,0.8305,0.00052,0.9765
C#CCCC#C,293,0.8049,0.8234,0.00062,0.8964
CCCCCCCCC1CCCC1,293,0.8048,0.8292,0.0005,0.9427
CCC(C)C(C)(C)O,293,0.804,0.8325,0.0005,0.9636
CCCCCC1CCCCC1,293,0.8037,0.8333,0.00076,0.959
CC(C)CCC#N,293,0.803,0.8238,0.00041,0.9756
CN(C)CCN,298,0.803,0.8056,0.0007,0.9873
CCCC(C)CC(C)O,293,0.8027,0.8363,0.0005,0.976
CC(C)C1CCCCC1,293,0.8023,0.8188,0.00075,0.9513
CCC(C)CCCC(C)(C)O,298,0.8023,0.834,0.00045,0.9768
C1=CCC=C1,293,0.8021,0.8184,0.00063,0.9287
CC(C)CO,293,0.8018,0.8331,0.00046,0.9798
CCCC=O,293,0.8016,0.8062,0.00069,0.967
C=CC(=C)CCC=C(C)C,288,0.8013,0.8237,0.0006,0.9357
C[C@@H]1O[C@H]1C,298,0.801,0.8226,0.00047,0.8897
CCCCCCCC1CCCC1,293,0.801,0.8247,0.00087,0.9427
CCCCC#N,293,0.8008,0.825,0.00079,0.9765
CCCCCCCOCCCCCCC,293,0.8008,0.8221,0.00051,0.9924
C=CC#N,298,0.8007,0.8068,0.00071,0.9413
CCP(CC)CC,292,0.8006,0.8919,0.00074,0.8788
C=C(C)C#N,293,0.8001,0.8165,0.00061,0.9326
C=C/C(C)=C/CCC(=C)C,293,0.8,0.8224,0.00051,0.9359
C#COCC,293,0.8,0.8203,0.00098,0.901
CCN(CC)CN(CC)CC,293,0.8,0.8049,0.0009,0.9514
CCC(C)=O,298,0.7999,0.824,0.0005,0.9907
CCCO,298,0.7997,0.8298,0.00064,0.995
CCCCCCF,293,0.7995,0.8208,0.0009,0.9636
CC1CC=CCC1,293,0.7991,0.8245,0.00059,0.9181
C=C/C(C)=C/CC=C(C)C,293,0.799,0.8278,0.00044,0.9371
C=C/C(C)=C\CC=C(C)C,293,0.799,0.8296,0.00053,0.9371
CC1=CC(C)CCC1,298,0.799,0.825,0.00066,0.9112
CC1C=CCCC1,293,0.799,0.833,0.00056,0.9154
CC1CCCN1C,293,0.799,0.8289,0.00075,0.9421
CC(C)CC=O,293,0.7977,0.8066,0.00048,0.967
CCNNCC,299,0.797,0.8168,0.00075,0.9462
CC(=O)CC(C)C,298,0.7965,0.8126,0.00065,0.986
CCCCCCC1CCCC1,293,0.7965,0.8207,0.00057,0.9427
C[C@@H]1CCCC[C@@H]1C,293,0.7963,0.8084,0.00078,0.9586
CC1CCCCC1(C)C,298,0.7963,0.8067,0.00074,0.9515
CC(C)CC1CCCCC1,293,0.7952,0.8158,0.0005,0.959
CC(C)(C)S,298,0.7943,0.8328,0.00061,0.917
CCC1=CCCC1,298,0.7936,0.8069,0.00065,0.8812
CCCC#N,293,0.7936,0.8167,0.00062,0.977
CCCC1CCCCC1,293,0.7936,0.8129,0.00037,0.9594
CCCCCCOCCCCCC,293,0.7936,0.8139,0.00054,0.9924
C=C(OCC)OCC,293,0.7932,0.9025,0.00067,0.9163
C=CCC1CCCC1,298,0.793,0.8191,0.00039,0.943
CC1=C(C)CCC1,298,0.7928,0.8047,0.00042,0.888
CC(C)CC#N,293,0.7914,0.8074,0.00071,0.9739
CCC(C)C#N,288,0.7913,0.8152,0.00045,0.9605
CCCCCC1CCCC1,293,0.7912,0.8142,0.00063,0.9427
CN(C)N,295,0.791,0.8103,0.00061,0.945
C#CC#CC,293,0.7909,0.8335,0.00045,0.8975
CCCCCF,293,0.7907,0.8135,0.00065,0.9636
CCCCC1CCCCC1,293,0.7902,0.8215,0.00036,0.959
C[C@H]1CCC[C@H](C)C1,288,0.79,0.7984,0.00063,0.9674
C#CC(C)(C)N,298,0.79,0.8051,0.00072,0.902
C=CCOC=C,293,0.79,0.8304,0.00082,0.9725
CCO,293,0.7893,0.8389,0.00038,0.9888
CC(C)C=O,293,0.7891,0.8107,0.00079,0.9599
C=COCCCC,293,0.7888,0.8019,0.00077,0.9798
CC(C)(C)O,293,0.7887,0.8064,0.00046,0.9881
CCC1CCCCC1,293,0.788,0.8079,0.00097,0.9596
C[C@H]1CC[C@H](C)[C@@H](C)C1,298,0.787,0.7912,0.00097,0.9572
CCPCC,293,0.786,0.8652,0.00041,0.8798
CC#N,293,0.7857,0.8086,0.00038,0.9723
C=CC#CC=C,293,0.7851,0.8088,0.00045,0.9122
CCCCCC#CCCCCC,293,0.785,0.7973,0.00069,0.9137
CCCCC1CCCC1,293,0.7846,0.809,0.00049,0.9427
CC(C)=O,298,0.7845,0.7899,0.00094,0.9932
C#CCCCCCCCCCCC,293,0.7842,0.8075,0.00055,0.8965
C=CC1CCCC1,293,0.7834,0.8237,0.0007,0.9346
CCCCCOCCCCC,293,0.7833,0.8025,0.00107,0.9924
CC#CCCCCCCCC,293,0.7827,0.7992,0.00042,0.9163
CCC#N,293,0.7818,0.8144,0.00081,0.9744
CC(C)O,298,0.7809,0.82,0.00065,0.9846
CC1(C)CCCCC1,293,0.7809,0.7943,0.00082,0.968
CC1=CCCC1C,293,0.78,0.8078,0.00044,0.884
[C-]#[N+]CCCC,293,0.78,0.7782,0.00058,0.8765
CCC1CCC(C)CC1,293,0.7798,0.8119,0.00049,0.9583
CC1CC(C)CC(C)C1,293,0.7794,0.7957,0.00074,0.967
C#CCN(C)C,293,0.7792,0.7888,0.00067,0.9017
CCC(C)(C)C(C)(C)CC,298,0.7789,0.7785,0.0007,0.9723
C#CCCCCCCCCCC,293,0.7788,0.8004,0.00057,0.8965
C=C1CCCC1,293,0.7787,0.8213,0.00057,0.8726
CC(C)CCOCCC(C)C,293,0.7777,0.7936,0.00077,0.986
CCCCOCCC,273,0.7772,0.7936,0.00066,0.9917
CC(C)CC1CCCC1,298,0.7769,0.8013,0.00075,0.9422
CCC1(C)CCCC1,298,0.7767,0.7985,0.00032,0.9317
CC(C)C1CCCC1,293,0.7765,0.7977,0.00069,0.9422
C=CCCCCCCCCCCCCC,293,0.7764,0.8009,0.00068,0.9907
C=CCOCCC,293,0.7764,0.7963,0.00075,0.9708
CCCC1CCCC1,293,0.7763,0.7996,0.00074,0.9425
C[C@H]1CCCC[C@@H]1C,293,0.776,0.7966,0.00066,0.9586
C=CC#CCCCC,293,0.7749,0.7919,0.00051,0.9035
CC1CCCC(C)(C)C1,298,0.7749,0.7919,0.00059,0.9672
CC1=CCCC1,298,0.7748,0.792,0.00051,0.8871
C=CCCCCCCCCCCCC,298,0.7745,0.7933,0.0007,0.9907
C#CCCCCCCCCC,293,0.7728,0.7941,0.00053,0.8965
CCC1CCC(C)C1,293,0.7724,0.7918,0.00057,0.9433
CCCCCCOCC,293,0.7722,0.7875,0.00056,0.9921
C1=CCCC1,293,0.772,0.7849,0.00058,0.912
CC(C)C#N,293,0.7704,0.7989,0.00058,0.9632
C=CCOC,284,0.77,0.7877,0.00056,0.9705
CN(C)CCN(C)C,298,0.77,0.7873,0.00076,0.987
CC1CCCCC1,293,0.7694,0.7919,0.00084,0.9669
C=COC(C)(C)C,293,0.7691,0.8065,0.00066,0.9647
CCCCC#CCCCC,293,0.769,0.7858,0.0008,0.9137
CCOCCC(C)C,294,0.7688,0.771,0.00083,0.986
CC(C)CN(CC(C)C)CC(C)C,293,0.7684,0.7898,0.00082,0.963
CCCCOCCCC,293,0.7684,0.7865,0.00074,0.9919
C[C@@H]1CCC[C@@H]1C,298,0.768,0.7913,0.00114,0.9397
C=COCCC,293,0.7674,0.7903,0.00051,0.9799
CCC1CCCC1,293,0.7665,0.7891,0.00046,0.944
C[C@@H]1CCC[C@H](C)C1,293,0.766,0.7881,0.00039,0.9674
CC1CCCC1(C)C,293,0.766,0.7962,0.00058,0.931
CCC(C)(C)OC,298,0.766,0.7835,0.00059,0.9875
CCCCCCN,293,0.766,0.7728,0.00065,0.9913
C#CCCCCCCC,293,0.7658,0.7772,0.00102,0.8965
C=CCCCCCCCCCCC,293,0.7658,0.79,0.00044,0.9907
CC(C)(C)OC(C)(C)C,293,0.7658,0.7888,0.0008,0.9565
C#CCCCCCCCC,293,0.7655,0.7877,0.00054,0.8965
C=CCOCC,293,0.7651,0.7838,0.00083,0.971
CC[C@@H]1CCC[C@H]1C,298,0.7649,0.7909,0.0004,0.9394
C=C(C)CCC=C(C)C,298,0.7648,0.7761,0.00055,0.9594
C=COCC(C)C,293,0.7645,0.7932,0.00071,0.9789
CCCCC(CCCC)CCCC,291,0.7635,0.7814,0.00026,0.9603
CC1CC=CC1,298,0.7634,0.7802,0.00081,0.9118
CCCCOCC(C)C,288,0.763,0.7847,0.00076,0.9802
CCCCCOCC,293,0.7622,0.7782,0.0007,0.9921
CC(C)COCC(C)C,288,0.761,0.7775,0.00037,0.9802
CCCC(C)(C)C(C)(C)C,298,0.7609,0.7708,0.0006,0.973
C=CC(C)CCC=C(C)C,293,0.7601,0.7848,0.00063,0.9593
CC#CCCCCC,293,0.7596,0.773,0.0008,0.9163
[C-]#[N+]C(C)C,298,0.7596,0.7318,0.00065,0.8707
CCCCOC(C)C,288,0.7594,0.777,0.00058,0.9847
CC1C[C@@H](C)[C@@H](C)C1,298,0.7592,0.7872,0.00041,0.9387
CCCCCOC,295,0.759,0.7702,0.00072,0.9931
C=CCCCCCCCCCC,293,0.7584,0.7823,0.00051,0.9907
C=CCN,293,0.758,0.7706,0.00091,0.9708
C/C=C\CCCCCCCC,293,0.7576,0.7791,0.00073,0.9895
CC(C)C(C)N,292,0.7574,0.7436,0.00062,0.9746
CC1C=CCC1,298,0.7572,0.7894,0.00083,0.9092
CCCCCCCCCCCCC,293,0.7564,0.7774,0.00083,0.9939
CCC(C)OC(C)CC,298,0.756,0.7811,0.00052,0.9764
[C-]#[N+]C,277,0.756,0.7213,0.00066,0.882
CCCN(CCC)CCC,293,0.7558,0.7723,0.00048,0.9649
CC(C)C(C)(C)C(C)C,293,0.7547,0.761,0.00066,0.9689
CCCCCN,293,0.7544,0.757,0.0006,0.9912
CCC(CC)(CC)CC,293,0.7536,0.7585,0.00038,0.9581
C=COC(C)C,293,0.7534,0.7927,0.0005,0.974
CCC(C)NC(C)CC,293,0.7534,0.7622,0.00048,0.9613
C=C(C)CNCC,298,0.753,0.7828,0.00061,0.952
CCC(C)(C)C(C)(C)C,298,0.753,0.7595,0.00073,0.9723
CCC#CCCCC,293,0.7529,0.7684,0.00031,0.9123
C/C=C/CCCCCCCC,293,0.7528,0.7772,0.00064,0.9895
CCC(C)C(C)C(C)CC,298,0.7519,0.7598,0.00055,0.9618
C=C(C)C1CC1,293,0.751,0.7787,0.00068,0.8967
CCOC(C)(C)CC,291,0.751,0.7863,0.00028,0.9848
CCCC#CCCC,293,0.7509,0.7654,0.0008,0.914
CCC/C=C/CCCCCC,293,0.7508,0.7759,0.00048,0.9865
CCC(C)(CC)C(C)C,298,0.7508,0.7541,0.00054,0.965
CC(C)CCN,293,0.7505,0.7492,0.00068,0.9857
C=CCCCCCCCCC,293,0.7503,0.7744,0.00056,0.9907
CCOC(C)CC,293,0.7503,0.7621,0.00095,0.9846
C=CCCCCCCC=C,298,0.75,0.7772,0.00057,0.9907
CC1(C)CCCC1,298,0.7499,0.7805,0.00042,0.9311
CCCC/C=C/CCCCC,293,0.7497,0.7752,0.00068,0.9865
CCCCCCCCCCCC,293,0.7495,0.7698,0.00039,0.9939
CCCCOCC,293,0.7495,0.7638,0.00048,0.9915
CN(C)CN(C)C,291,0.7491,0.7838,0.00074,0.9561
CCC(N)CC,293,0.7487,0.7422,0.00072,0.9751
CC1CCCC1,293,0.7486,0.7775,0.00055,0.9433
CCCCCCCCC(C)CC,298,0.7485,0.7658,0.00065,0.9768
C=CCN(CC)CC,298,0.7477,0.7707,0.0006,0.9652
CCC(CC)C(CC)CC,298,0.7472,0.758,0.00077,0.9585
CC1(C)CCC(C)(C)C1,298,0.7469,0.7817,0.00084,0.933
C[C@@H]1CCC[C@H]1C,298,0.7468,0.7784,0.0008,0.9397
CCCOCCC,293,0.7466,0.767,0.00064,0.9917
CC(CC(C)(C)C)CC(C)(C)C,293,0.7463,0.7691,0.00054,0.9755
C#CCCCCCC,293,0.7461,0.7655,0.00062,0.8965
C1CCCC1,293,0.7457,0.7709,0.0005,0.9942
CC(C)(C)CN,293,0.7455,0.7416,0.00096,0.9858
C[C@@H]1CC[C@@H](C)C1,298,0.7443,0.7756,0.00048,0.9431
CC(C)(C)/C=C\C(C)(C)C,293,0.744,0.7824,0.00066,0.9617
CC#CCCCC,298,0.744,0.7541,0.00059,0.9163
CC1CCC(C)(C)C1,298,0.7439,0.7781,0.00049,0.9322
CCC(CC)C(C)(C)C,293,0.7438,0.7488,0.00083,0.9573
CC(C)=C(C)C(C)C,293,0.7434,0.7548,0.00065,0.9101
C=C(C)CCC(=C)C,293,0.743,0.7667,0.00099,0.9592
CCCCCCCC(C)CC,293,0.7422,0.7604,0.00051,0.9768
CCC(C)C(CC)CC,293,0.742,0.7461,0.00064,0.9598
CCN(C(C)C)C(C)C,298,0.742,0.748,0.00057,0.9537
CCC(C)C(C)(C)CC,298,0.7414,0.7504,0.0005,0.9648
CCCCN,293,0.7414,0.7379,0.00076,0.9908
C=C(C)CCCCCCC,298,0.7412,0.7642,0.00072,0.9607
CCCCC(C)C(C)CC,298,0.741,0.753,0.00074,0.9671
C=CCCCCCCCC,293,0.7408,0.7627,0.00076,0.9907
C[C@@H]1CC[C@H](C)C1,298,0.7402,0.7739,0.00044,0.9431
CCCCCCCCCCC,293,0.7402,0.7621,0.00055,0.9939
[C-]#[N+]CC,293,0.7402,0.729,0.00052,0.8752
C=C1CCC1,293,0.7401,0.7441,0.00064,0.883
C=CC#CC,293,0.7401,0.7612,0.00059,0.9054
CCCNCCC,293,0.74,0.7525,0.00055,0.9895
CCCCNCC,293,0.7398,0.7505,0.00061,0.9904
C=CC(C)CCCC(C)C,293,0.7396,0.7581,0.00049,0.9659
CCCCOC,298,0.7392,0.751,0.00069,0.9925
C#C/C(C)=C\C,293,0.739,0.7942,0.00066,0.9019
CC(C)C(C)C(C)(C)C,293,0.7389,0.747,0.00065,0.9591
CCCOCC,293,0.7386,0.7474,0.00051,0.9915
CC#CCC(C)C,293,0.7378,0.7452,0.00043,0.9154
CCCCCC(C)C(C)C,293,0.7377,0.7524,0.00059,0.9685
CCCC(C)(CC)CC,298,0.7371,0.7424,0.00045,0.9731
CCCOC(C)C,293,0.737,0.7608,0.00077,0.9847
C=C/C=C/C=C,288,0.7369,0.7746,0.00052,0.9601
CCCCCCCCC(C)C,293,0.7368,0.7562,0.00067,0.9858
CCCC(C)=C(C)C,298,0.7366,0.7524,0.00086,0.9152
CC(C)OC(C)(C)C,298,0.7365,0.7642,0.00057,0.9692
CCC(C(C)C)C(C)C,293,0.7365,0.7463,0.00063,0.9543
CCC(C)(C)CCC(C)C,298,0.7362,0.7448,0.00094,0.9828
CCOC(C)(C)C,298,0.736,0.7594,0.00047,0.9853
CCCCCC(CC)CC,298,0.7359,0.7512,0.00064,0.9643
CCCOC,286,0.7356,0.7435,0.00055,0.9922
CCC(C)C(C)C(C)C,298,0.7354,0.7422,0.0004,0.9631
CCCC(CCC)C(C)C,298,0.7354,0.751,0.00041,0.9585
CCCCCCC(C)CC,293,0.7354,0.7493,0.00063,0.9768
COC(C)(C)C,298,0.7353,0.7548,0.0007,0.9901
CCCC(C)(C)C(C)C,298,0.7345,0.7432,0.00056,0.9739
C=C(C)C=C(C)C,296,0.7343,0.7634,0.00076,0.9286
C=C(C)CCCCCC,293,0.7343,0.7565,0.00056,0.9607
CCCCC(CC)CCC,298,0.7343,0.7497,0.00062,0.9627
C=CCCCCC=C,293,0.734,0.7592,0.00057,0.9907
CCC#CCCC,298,0.7336,0.751,0.00044,0.9126
C#CCCCCC,293,0.7328,0.7506,0.00064,0.8965
CCCCC(C)CCCC,293,0.7326,0.7512,0.00065,0.9758
CCC(C)CCC(C)CC,298,0.7324,0.7478,0.00065,0.9767
CCCCCC(C)CCC,293,0.7323,0.7496,0.0006,0.9761
CCCC(CCC)CCC,298,0.7321,0.7486,0.00086,0.961
CC#CCCC,293,0.7315,0.7416,0.00103,0.9166
CCCC(C)C(C)CC,293,0.7314,0.7432,0.00042,0.9674
CCC(C)CCCC(C)C,293,0.7313,0.7475,0.00045,0.9768
COCC(C)C,293,0.7311,0.7477,0.00059,0.9803
CCCC(CC)C(C)C,293,0.731,0.744,0.00031,0.96
C=C(C)C(C)(C)CC,298,0.7308,0.7477,0.0006,0.9429
C=C/C(C)=C/C,298,0.73,0.7509,0.00042,0.9384
C/C=C\C=C/C,298,0.7298,0.7498,0.0005,0.9636
CCC1CCC1,293,0.7284,0.7375,0.00065,0.9294
CCCCCCCC(C)C,293,0.7281,0.7463,0.00079,0.9858
CCC(C)=C(C)C,293,0.7277,0.7402,0.00073,0.9162
CCN(CC)CC,293,0.7275,0.7325,0.00045,0.9673
C#CCCC(C)C,293,0.7274,0.746,0.00052,0.8965
CCC(C)(CC)CC,293,0.7274,0.7332,0.00053,0.9732
C=C(CC)CCCC,293,0.727,0.743,0.00072,0.9433
CCCCCCCCCC,298,0.7266,0.7463,0.00064,0.9939
CCCC(C)CCC(C)C,298,0.7264,0.7436,0.00074,0.976
C=C(C)C(CC)CC,293,0.7262,0.7415,0.00067,0.9511
CCC(C)(C)C(C)C,293,0.7262,0.7313,0.00045,0.9741
CCCCC(C)C(C)C,293,0.726,0.7397,0.00041,0.9685
CCCC(C)C(C)(C)C,298,0.7257,0.7404,0.00066,0.9648
CCCCC(C)(C)CC,293,0.7254,0.7399,0.00064,0.983
C=C(CC)C(C)CC,298,0.725,0.7383,0.00088,0.9272
CCC(C)CC(C)(C)CC,293,0.7248,0.7548,0.00058,0.9775
CCC(C)N,293,0.7246,0.7214,0.00056,0.9783
CCCC(CC)CCC,298,0.7241,0.7378,0.00065,0.9629
CC(C)CN,298,0.724,0.7253,0.00049,0.9802
CCC#CCC,293,0.7231,0.744,0.00074,0.9172
CC(=O)C(C)(C)C,298,0.7229,0.8348,0.00089,0.964
CCCCC(C)CC(C)C,298,0.7226,0.7421,0.00066,0.9759
CCC(C)CC(C)CC,293,0.7225,0.7373,0.00057,0.9769
CCCCC(CC)CC,298,0.7225,0.7379,0.00044,0.9643
C=C(C)C(=C)C,298,0.7222,0.7425,0.00052,0.9395
CCCC(C)(C)CCC,293,0.7221,0.736,0.00067,0.9827
CC(C)=CC(C)(C)C,293,0.7218,0.7474,0.00055,0.9397
CC(C)CC(C)C(C)C,293,0.7218,0.7331,0.00055,0.9686
CCC/C=C\CCC,293,0.7212,0.7446,0.00049,0.9872
CCCCCCC(C)(C)C,298,0.7208,0.7406,0.00055,0.987
CC=C(CC)CC,293,0.7204,0.7322,0.00051,0.9225
CCCNC,290,0.7204,0.7268,0.00047,0.9939
CC(C)CCCCC(C)C,298,0.7202,0.7377,0.00074,0.9858
CCC(C)(C)CC(C)C,298,0.7201,0.7342,0.00068,0.9814
CCCCC=C(C)C,298,0.72,0.7421,0.00067,0.9593
CCOC(C)C,298,0.72,0.7363,0.00082,0.9845
CCC(C)CCC(C)C,293,0.7198,0.734,0.00066,0.9767
CC(C)(C)CC(C)(C)C,293,0.7195,0.7389,0.00052,0.973
CCC(CC)CC(C)C,298,0.7195,0.7332,0.00052,0.9641
CCC(CC)C(C)C,293,0.7193,0.7283,0.00052,0.9611
CC(C)OC(C)C,298,0.7192,0.7461,0.00087,0.9783
CC(C)C(C)C(C)C,293,0.7191,0.7259,0.00048,0.9641
C/C=C\C=C\C,298,0.7185,0.7422,0.00067,0.9636
CC(C)=CCC(C)C,293,0.7182,0.7385,0.00056,0.9597
C=CC=C(C)C,293,0.7181,0.7426,0.00042,0.9468
CC#CC(C)(C)C,293,0.7176,0.7322,0.00065,0.9197
C=C/C=C\C=C,293,0.7175,0.7795,0.00041,0.9601
CCCN,293,0.7173,0.7117,0.00053,0.9947
C=C(C)C(C)CCC,298,0.7172,0.7355,0.00086,0.9517
CCCCCC(C)CC,298,0.717,0.7327,0.00038,0.9768
CCC(C)C(C)(C)C,293,0.7161,0.7283,0.00058,0.9655
CCCCC(C)CCC,298,0.716,0.7324,0.00065,0.9761
CC/C=C\CCCC,293,0.7159,0.7435,0.00053,0.9869
C#CCCCC,298,0.7155,0.7269,0.00067,0.8965
C=CCCC(=C)C,298,0.7153,0.7415,0.00088,0.9595
CC(C)NC(C)C,293,0.7153,0.7293,0.0007,0.9655
CC/C=C/CCCC,293,0.7152,0.7402,0.00049,0.9869
CCCN(C)C,293,0.7152,0.7191,0.00051,0.9905
CCC(C)C(C)CC,298,0.7151,0.7248,0.00069,0.9687
C=C(C)CC(C)(C)C,293,0.715,0.7325,0.00098,0.9614
C=C(CC)C(C)C,293,0.715,0.7228,0.00057,0.9295
C=C=CCCC,293,0.7149,0.7325,0.0007,0.8823
C=CCCCCCC,293,0.7149,0.737,0.00046,0.9907
CC(C)(C)CCC(C)(C)C,298,0.7148,0.7361,0.00062,0.9868
CCC/C=C/CCC,293,0.7141,0.7412,0.00066,0.9872
C=C/C(C)=C\C,298,0.714,0.7542,0.00069,0.9384
CCCC(CC)CC,293,0.7136,0.7257,0.0005,0.9645
C/C=C(\C)C(C)C,298,0.7124,0.7227,0.00055,0.9374
C/C=C(/C)CCC,293,0.712,0.7285,0.00096,0.9486
CCCC(C)CC(C)C,298,0.7115,0.7261,0.00051,0.9762
CC#CC(C)C,298,0.7112,0.7242,0.00043,0.9207
CCC(C)CC(C)(C)C,293,0.711,0.7345,0.00088,0.9777
CCCCCC(C)(C)C,293,0.7105,0.7332,0.00061,0.987
C=C(C)CCCCC,298,0.7104,0.7374,0.00064,0.9607
C/C=C/C=C/C,298,0.7101,0.7338,0.00044,0.9636
CCCC(C)(C)CC,293,0.71,0.7219,0.0006,0.9833
CCCCCCC(C)C,298,0.7095,0.7293,0.00064,0.9858
C=CCN(C)C,298,0.7094,0.7423,0.00043,0.9666
C/C=C(/C)C(C)C,298,0.7092,0.7205,0.00071,0.9374
CC(C)CCCC(C)C,293,0.7089,0.7275,0.00073,0.9858
CC/C=C\C(C)(C)C,298,0.7086,0.7413,0.00039,0.9667
C/C=C\CCCC,293,0.708,0.7265,0.00065,0.9895
CC(C)=C(C)C,293,0.708,0.7213,0.0006,0.925
CC/C=C(/C)CC,298,0.7079,0.7239,0.0004,0.9495
C=CCCCC(C)C,298,0.7079,0.7299,0.00039,0.9858
CC(C)CCC(C)(C)C,293,0.7072,0.7274,0.00034,0.9859
CC#CCC,298,0.7058,0.7202,0.00055,0.9204
CCNCC,293,0.7056,0.7131,0.00063,0.9914
C=C(C)C(C)CC,293,0.7051,0.722,0.00031,0.9523
CC/C=C(\C)CC,298,0.705,0.7246,0.00071,0.9495
C=C(C)C(C)(C)C,293,0.705,0.7265,0.00067,0.9431
C=CCCC(C)(C)C,298,0.705,0.7263,0.00073,0.9867
CCCC(C)CCC,293,0.7046,0.7195,0.0009,0.9764
CC(C)(C)OOC(C)(C)C,293,0.704,0.8446,0.00083,0.9024
CCCC=C(C)C,298,0.7038,0.7266,0.00083,0.9593
C=C/C=C\CC,298,0.7033,0.7352,0.00056,0.9654
CC/C=C\CCC,293,0.703,0.726,0.00064,0.9875
CCCCC(C)CC,298,0.7017,0.717,0.00061,0.9768
C/C=C/CCCC,293,0.7012,0.7226,0.00077,0.9895
C#CCC(C)C,298,0.7,0.7112,0.00085,0.8972
C=C(C)CCCC,293,0.7,0.7231,0.0006,0.9607
C=C/C=C/CC,298,0.6995,0.7323,0.00059,0.9654
CC/C=C/C(C)(C)C,298,0.6995,0.7294,0.0008,0.9667
CCCCCCCC,298,0.6986,0.7157,0.00039,0.9939
CCC(CC)CC,293,0.6982,0.7075,0.00073,0.9657
CC/C=C/CCC,293,0.6981,0.724,0.00075,0.9875
CCCCCC(C)C,293,0.698,0.717,0.00063,0.9858
C=CC(C)(C)CC,293,0.6974,0.7213,0.00059,0.9734
C/C=C\CC(C)C,298,0.697,0.7154,0.00083,0.9854
C=CCCCCC,293,0.697,0.7204,0.00063,0.9907
CCC1(C)CC1,298,0.6968,0.7068,0.00059,0.8584
CCC(C)CC(C)C,298,0.6962,0.7119,0.00053,0.9772
CC(C)(C)N,293,0.6958,0.7067,0.00087,0.9846
CC(C)=CC(C)C,293,0.6954,0.7173,0.00075,0.9501
CCCCC(C)(C)C,293,0.6953,0.716,0.00038,0.987
C/C=C\C(C)CC,298,0.6952,0.7159,0.00069,0.9647
C/C=C\C(C)(C)C,298,0.6951,0.723,0.00041,0.9689
CC=C=CC,293,0.695,0.7043,0.00032,0.8884
C=C(C)CC(C)C,293,0.6943,0.7118,0.00053,0.9613
C=CCC(C)CC,298,0.6942,0.7121,0.00077,0.9763
CC(C)C1CC1,298,0.6936,0.7133,0.00065,0.9139
CCC(C)(C)CC,293,0.6936,0.7032,0.00065,0.9837
C=CC(C)C(C)C,298,0.6934,0.712,0.00076,0.9618
C/C=C(\C)CC,298,0.693,0.7043,0.0006,0.9486
C=C=CCC,293,0.6926,0.7069,0.00049,0.8813
C/C=C/C(C)CC,298,0.6925,0.7163,0.00057,0.9647
CC1CC1,253,0.6912,0.7059,0.00056,0.9302
CCCC(C)C(C)C,298,0.6912,0.7186,0.00109,0.9688
C=C/C=C\C,293,0.691,0.7177,0.00047,0.9657
CCC(C)C(C)C,298,0.6908,0.6991,0.00074,0.9697
C#CCCC,293,0.6901,0.7051,0.00072,0.8965
CC(C)C(C)(C)C,293,0.6901,0.7019,0.00067,0.9739
CC(C)CCC(C)C,298,0.6901,0.7074,0.00037,0.9859
CC/C=C\C(C)C,298,0.69,0.71,0.00085,0.9712
CC1CC1(C)C,298,0.6897,0.6961,0.00071,0.8586
C=C(CC)CC,293,0.6894,0.7032,0.00059,0.9462
C/C=C/C(C)(C)C,293,0.6889,0.716,0.00073,0.9689
C/C=C(/C)CC,298,0.6886,0.702,0.00043,0.9486
C/C=C/CC(C)C,298,0.6883,0.7107,0.00052,0.9854
C=CCCC=C,298,0.6878,0.7144,0.00069,0.9898
CC(C)CC(C)(C)C,298,0.6878,0.7085,0.00065,0.9813
C=CCCC(C)C,298,0.6877,0.7109,0.00068,0.9859
C=CC(C)CCC,298,0.6871,0.7128,0.00055,0.9662
CCC=C(C)C,293,0.6863,0.7066,0.00088,0.9591
CC/C=C/C(C)C,298,0.6853,0.7114,0.00082,0.9712
C=CCC(C)(C)C,293,0.6827,0.7015,0.0005,0.9831
C/C=C\CCC,298,0.6824,0.7004,0.00065,0.99
C=C(C)C(C)C,293,0.6803,0.6973,0.00078,0.9527
C#CC(=C)C,284,0.6801,0.7777,0.00058,0.9032
C=C(C)CCC,293,0.6799,0.6995,0.00046,0.9612
CCCCCCC,298,0.6795,0.6978,0.00054,0.9939
CCCCC(C)C,293,0.6787,0.6978,0.00061,0.9858
CC/C=C\CC,293,0.6778,0.7028,0.00048,0.9896
CC/C=C/CC,293,0.6772,0.7031,0.00048,0.9896
CCCC(C)(C)C,293,0.6739,0.6921,0.00038,0.9872
C/C=C/CCC,298,0.6733,0.6965,0.00054,0.99
CC(C)CC(C)C,293,0.6727,0.6886,0.00071,0.9858
C/C=C\C(C)C,293,0.669,0.6932,0.00054,0.9715
C/C=C/C(C)C,293,0.6686,0.6939,0.00052,0.9715
C=CCCCC,298,0.6685,0.6908,0.00052,0.9907
C=CC(C)CC,293,0.6675,0.6933,0.00048,0.9671
C=CCC(C)C,293,0.6642,0.6835,0.00082,0.9852
CC(C)C(C)C,293,0.6616,0.6728,0.00055,0.9803
CCCCCC,298,0.6606,0.6707,0.00061,0.9943
CCC(C)CC,298,0.6598,0.6725,0.00078,0.9773
C=CC(C)(C)C,293,0.6529,0.6874,0.00046,0.9779
CCCC(C)C,298,0.65,0.665,0.00054,0.9858
CCC(C)(C)C,298,0.6444,0.6613,0.0007,0.9875
CCCCC,293,0.6262,0.6407,0.00062,0.9939
