{
  "charge": [
    0.10863816738128662,
    -0.42232203483581543,
    0.901029109954834,
    -0.6473930478096008,
    -0.42232176661491394,
    0.10863853991031647,
    0.06228850409388542,
    0.06228850409388542,
    0.062288668006658554,
    0.06228846311569214,
    0.06228846684098244,
    0.062288422137498856
  ],
  "alpha": [
    0.001168023911304772,
    0.0011675485875457525,
    0.0004476702306419611,
    0.0012919700238853693,
    0.0011675485875457525,
    0.001168023911304772,
    0.0004343687614891678,
    0.0004343687614891678,
    0.0004343687614891678,
    0.0004343687614891678,
    0.0004343687614891678,
    0.0004343687614891678
  ],
  "pol_damping": [
    0.001168023911304772,
    0.0011675485875457525,
    0.0004476702306419611,
    0.0012919700238853693,
    0.0011675485875457525,
    0.001168023911304772,
    0.0004343687614891678,
    0.0004343687614891678,
    0.0004343687614891678,
    0.0004343687614891678,
    0.0004343687614891678,
    0.0004343687614891678
  ],
  "lamb": [
    3.7538132667541504,
    3.8703556060791016,
    3.185365676879883,
    3.764476776123047,
    3.8703556060791016,
    3.7538132667541504,
    2.677213668823242,
    2.677213668823242,
    2.677213668823242,
    2.677213668823242,
    2.677213668823242,
    2.677213668823242
  ],
  "eps": [
    1336.149658203125,
    485.8559265136719,
    493.6637878417969,
    468.0574645996094,
    485.8559265136719,
    1336.1484375,
    28.017988204956055,
    28.017988204956055,
    28.017988204956055,
    28.017988204956055,
    28.017988204956055,
    28.017988204956055
  ],
  "Rvdw": [
    0.0984582006931305,
    0.10600880533456802,
    0.0858524814248085,
    0.10755345970392227,
    0.10600880533456802,
    0.0984582006931305,
    0.08380997180938721,
    0.08380997180938721,
    0.08380997180938721,
    0.08380997180938721,
    0.08380997180938721,
    0.08380997180938721
  ],
  "C6": [
    0.0012083683395758271,
    0.0023202947340905666,
    0.00028672072221525013,
    0.002700905315577984,
    0.0023202947340905666,
    0.0012083683395758271,
    0.00016094415332190692,
    0.00016094415332190692,
    0.00016094415332190692,
    0.00016094415332190692,
    0.00016094415332190692,
    0.00016094415332190692
  ],
  "ct_eps": [
    2.4800400733947754,
    0.2767573893070221,
    0.017989030107855797,
    0.21327799558639526,
    0.2767573893070221,
    2.4800400733947754,
    0.002386825392022729,
    0.002386825392022729,
    0.002386825392022729,
    0.002386825392022729,
    0.002386825392022729,
    0.002386825392022729
  ],
  "ct_lamb": [
    0.9019127488136292,
    0.783269464969635,
    0.2532484531402588,
    0.6802959442138672,
    0.783269464969635,
    0.9019127488136292,
    0.32262060046195984,
    0.32262060046195984,
    0.3226206302642822,
    0.32262060046195984,
    0.32262060046195984,
    0.3226206302642822
  ]
}